-2.205381541914408603e-04
-1.597198039823585867e-04
-1.739035395266274133e-04
5.830465507078859107e-04
-5.288440092376931780e-04
6.178032525788369625e-04
-3.521321635887977365e-04
-3.761965492991131135e-04
-4.899957986927390213e-04
-3.788153818167753649e-04
1.306283059564466520e-03
3.302376755470991850e-03
5.858897807983157006e-03
9.388864502465418468e-03
1.431471752059027859e-02
2.110086579297499113e-02
3.020511634687036637e-02
4.208700786048189674e-02
5.713430857895474696e-02
7.585157980718051918e-02
9.911632198263349569e-02
1.294816292624566267e-01
1.747835344734240404e-01
2.642583003037533018e-01
3.856904639156203407e-01
4.043510152322022377e-01
3.633660788022036181e-01
2.832909516064621158e-01
1.902732585746334804e-01
1.106054530193672086e-01
5.471356427753550772e-02
1.837843291581562483e-02
-6.995422529785982717e-03
-3.059926694454719043e-02
-5.761183691793243800e-02
-8.248441203937748045e-02
-8.180831294057387681e-02
-7.105197720481641610e-02
-6.284161094962009697e-02
-5.410769733401111364e-02
-4.480740320156105516e-02
-3.565483996036100667e-02
-2.723623317975892508e-02
-2.002021229342938399e-02
-1.416355307097195114e-02
-9.658848437535770895e-03
-6.337055087672779918e-03
-3.973838752352524401e-03
-2.313744462392674887e-03
-1.117447786093048439e-03
-2.394561039609263806e-04
4.129383779080995171e-04
-5.294721475909433886e-04
4.621496592643770541e-04
-7.120197552770231482e-04
5.759200257490569141e-04
-4.541605457723780852e-04
2.880479213662119923e-04
-6.827350562151174827e-04
4.292435818822689817e-04
-1.884826208044863382e-04
-4.172903717191052690e-04
1.289511302861754468e-03
3.300906283973503285e-03
5.859019412800641792e-03
9.388987288480357338e-03
1.431476417324747258e-02
2.110087638897353846e-02
3.020512069560853108e-02
4.208701344827748408e-02
5.713430554443163500e-02
7.585156372300727590e-02
9.911630474745045105e-02
1.294816277789271053e-01
1.747835380685811291e-01
2.642582923209151891e-01
3.856904622804360194e-01
4.043510257716368406e-01
3.633660793897096064e-01
2.832909457669831044e-01
1.902732481069390746e-01
1.106054413427028926e-01
5.471355800352315640e-02
1.837843600195319255e-02
-6.995402796517356803e-03
-3.059926130480459389e-02
-5.761185066324794879e-02
-8.248439698009485399e-02
-8.180829512506791745e-02
-7.105198586987017395e-02
-6.284161325619683214e-02
-5.410769064278758700e-02
-4.480739994004179216e-02
-3.565484060674979638e-02
-2.723623818876425018e-02
-2.002021572654164028e-02
-1.416356353680220045e-02
-9.658898031069935650e-03
-6.337234975409516795e-03
-3.974391246463452806e-03
-2.314499032389381785e-03
-1.108819162420514358e-03
-1.182190288266275551e-04
-1.051838092235407959e-04
4.610370070697729057e-04
-5.001934137629824402e-04
-3.093827943616817120e-04
-4.562271680950347663e-04
-5.738572959546641957e-04
1.993897742361582968e-04
-6.051214706734971615e-04
-3.820257608983395367e-04
-6.900101380727341428e-04
9.237735978440577268e-05
1.349664197070546716e-03
3.296611659519598728e-03
5.855533554824814135e-03
9.387744904749738620e-03
1.431439255195317978e-02
2.110077084052860638e-02
3.020509487114127201e-02
4.208700730260682421e-02
5.713430185298864344e-02
7.585156439011299379e-02
9.911629669297054857e-02
1.294816131686066796e-01
1.747835367617762425e-01
2.642582835730624136e-01
3.856904324185049249e-01
4.043510105730498960e-01
3.633660908905217979e-01
2.832909600596310029e-01
1.902732497069627993e-01
1.106054388828087431e-01
5.471355536159236421e-02
1.837843217952979044e-02
-6.995404565348979642e-03
-3.059926112367346296e-02
-5.761185314751784969e-02
-8.248437807334635385e-02
-8.180825575810367345e-02
-7.105196541345923378e-02
-6.284161367741404602e-02
-5.410769115554627667e-02
-4.480739549654715048e-02
-3.565484245469624502e-02
-2.723624433566546044e-02
-2.002021800544686453e-02
-1.416356396663790568e-02
-9.658892156217849939e-03
-6.337180735815899080e-03
-3.974064662332657712e-03
-2.312700544460725201e-03
-1.100326906854665575e-03
-9.273936446967284729e-05
-9.494389831933387275e-06
2.474117665992636760e-04
1.386694719099127685e-04
-2.125440868822556521e-04
-8.672748196633714554e-05
-4.452082145201439957e-04
1.200827463426415041e-04
-7.528527831920133395e-04
8.409350698232575931e-05
-5.247982673563989951e-04
2.579411411998644389e-04
1.044876537830692013e-03
2.516702928319891879e-03
4.487890049133549247e-03
7.242580922900261620e-03
1.114401729985441646e-02
1.661981106552221782e-02
2.414748359665142702e-02
3.424694763649734769e-02
4.745722098820553958e-02
6.441272897231740957e-02
8.608454168179081878e-02
1.147205553006297868e-01
1.567688706419848588e-01
2.357914898091022227e-01
3.337174032507377319e-01
3.310415903902286239e-01
2.737889920587921466e-01
1.952449330679476847e-01
1.232670561079105276e-01
7.111712029021906301e-02
3.940277510638949543e-02
2.262266927572287659e-02
1.526620219116321328e-02
1.207243584434078594e-02
8.421163575475941812e-03
1.018676653241075642e-03
-1.054104683994336496e-02
-1.800855543815662804e-02
-2.211498091316910913e-02
-2.307841748842756266e-02
-2.162087530528887871e-02
-1.870671902593990660e-02
-1.515124342159814529e-02
-1.161387282202232599e-02
-8.466784333936980267e-03
-5.898830082822729449e-03
-3.928254941728178025e-03
-2.491232463666249401e-03
-1.470764170152996349e-03
-7.398351788329823788e-04
-2.201262459301409568e-04
-2.504023654609979297e-05
-1.705120673136828631e-04
6.548144000916095641e-04
-6.466247092746619466e-04
1.871798603325065347e-04
3.887837820337353709e-04
5.371603894257294702e-04
-3.561927652615850788e-04
-5.302975213334666258e-04
4.761610768910130441e-04
2.499441006784792162e-04
1.052461435223135721e-03
2.515050120567250639e-03
4.487234431634823037e-03
7.242387448428773584e-03
1.114396330563001587e-02
1.661979773686688561e-02
2.414748444625579304e-02
3.424695058335877618e-02
4.745722035369110553e-02
6.441272658901028847e-02
8.608454230688523945e-02
1.147205609982222818e-01
1.567688789900812119e-01
2.357914906839112257e-01
3.337173984740247068e-01
3.310415944566649227e-01
2.737889999571657129e-01
1.952449357111681327e-01
1.232670525374280762e-01
7.111711929145636546e-02
3.940277789293385874e-02
2.262266873373134854e-02
1.526620402372649496e-02
1.207243599598897821e-02
8.421159002289969539e-03
1.018681583770650106e-03
-1.054104083137017561e-02
-1.800855974770087381e-02
-2.211498253640200445e-02
-2.307841038762525540e-02
-2.162086805065220954e-02
-1.870671538238907750e-02
-1.515124470857033383e-02
-1.161387931706908336e-02
-8.466802915955742512e-03
-5.898901850555070617e-03
-3.928556766308483397e-03
-2.492443401076831037e-03
-1.474886549262260579e-03
-7.467673901105935288e-04
-1.514161313489022697e-04
5.890301467316879334e-04
3.213605006560894481e-05
2.942365976836630256e-05
3.633813193140577485e-04
-1.706533425860363019e-04
1.351444039234107972e-04
-5.536321785296036179e-04
-3.195717535870895337e-04
4.001656149698940880e-04
4.643489138702413155e-04
-5.992138512825334216e-04
9.347788603486716866e-04
2.497026161446610701e-03
4.483967474670983236e-03
7.241693529320488917e-03
1.114379777605152555e-02
1.661975738107973957e-02
2.414747624773717211e-02
3.424695007365510108e-02
4.745722542967522467e-02
6.441273438605586710e-02
8.608454161473792776e-02
1.147205562233565429e-01
1.567688813449583107e-01
2.357914895752678541e-01
3.337173944810160608e-01
3.310415906247393680e-01
2.737889967574904659e-01
1.952449385313023145e-01
1.232670543372450245e-01
7.111712053457576455e-02
3.940278098037713894e-02
2.262267053826836488e-02
1.526620907194524424e-02
1.207244708662639013e-02
8.421157399326860069e-03
1.018682156034587949e-03
-1.054102137220466577e-02
-1.800854284023476956e-02
-2.211497185092790863e-02
-2.307840513572934765e-02
-2.162086693927268641e-02
-1.870671424002161298e-02
-1.515124641687407535e-02
-1.161388506254626245e-02
-8.466807718836734734e-03
-5.898910516548651339e-03
-3.928616056297409669e-03
-2.492798903312216756e-03
-1.476874812668748467e-03
-7.571032501725874714e-04
-1.961450412656567444e-04
-3.278405972541009175e-04
-4.811901166083472109e-04
2.265235647637560109e-04
-2.398660481877744463e-04
1.502701029740656719e-04
7.129648738374623094e-04
6.814419865748211564e-04
-1.246511421832335940e-04
6.287695672907476314e-04
-3.793534433177308575e-04
-5.260947670519405817e-04
5.637126928996140547e-04
1.622192108689441943e-03
2.948557998444806087e-03
4.811496644888749348e-03
7.508108595436097446e-03
1.140273032353351056e-02
1.695303767905118400e-02
2.470293417153026846e-02
3.530412294227981695e-02
4.950151526905980509e-02
6.833576796646435858e-02
9.363955094431465620e-02
1.301771911376895519e-01
1.946213879146797276e-01
2.655549281408142170e-01
2.481532209767547681e-01
1.913749415101612950e-01
1.292133997477351304e-01
8.033206869755700474e-02
4.918588521364652966e-02
3.414400804577922416e-02
3.194709290586510847e-02
4.009423548207466381e-02
5.575936217945162698e-02
7.369784652296111627e-02
8.195737437886914389e-02
5.836615991415618210e-02
3.392840251549987529e-02
1.840873935220310037e-02
8.307355769830503806e-03
2.166033910872183169e-03
-1.102549130858767375e-03
-2.465468876113451491e-03
-2.701321293896784530e-03
-2.371601126524593844e-03
-1.839696211656765938e-03
-1.305678591373312736e-03
-8.603480159663008013e-04
-5.185597825964540376e-04
-2.194002080554124912e-04
4.016679470373126946e-04
3.999527891673448844e-04
-2.194632411363510764e-04
5.854530529432406052e-04
6.120018387125035660e-04
1.896948182473543300e-04
-2.350316575805527742e-04
5.280934164230689743e-04
6.044731367386936213e-04
-1.748800472726951233e-04
7.321760387704375622e-04
3.725214353468943236e-05
6.458686505834968688e-04
1.634466606956529091e-03
2.950197212040331363e-03
4.811637190798493877e-03
7.508090994117406700e-03
1.140271651634018960e-02
1.695303321870781504e-02
2.470293376368293617e-02
3.530412336253742345e-02
4.950151948188478979e-02
6.833577344193556002e-02
9.363954844239973097e-02
1.301771904242005340e-01
1.946213957182432452e-01
2.655549286023270450e-01
2.481532182413756782e-01
1.913749420909129084e-01
1.292134011212841826e-01
8.033207172328533929e-02
4.918588294436942315e-02
3.414400757291752991e-02
3.194709418920219784e-02
4.009422871894990914e-02
5.575936609033060182e-02
7.369785702539539962e-02
8.195735762217246090e-02
5.836614303981411955e-02
3.392840830440379402e-02
1.840874040717094609e-02
8.307352655436271716e-03
2.166035092846289433e-03
-1.102548011942815296e-03
-2.465471315159383295e-03
-2.701330685996565593e-03
-2.371625555143927824e-03
-1.839813782292117408e-03
-1.306312177119688719e-03
-8.638403413567665801e-04
-5.387116285572657922e-04
-3.420060393229612332e-04
-3.867904758575026821e-04
4.314076358505337092e-04
-4.483517157756229535e-04
6.140443544211680914e-04
-4.863523477763080313e-04
5.181829411938607566e-04
1.241318383587887029e-04
6.032047575275387239e-04
3.623902416574945030e-04
-5.181008857225667587e-04
-5.574040713579145366e-04
-2.286954503632940261e-04
5.883470693975384122e-04
1.626887323202204838e-03
2.949404472669606234e-03
4.811648583940315339e-03
7.508133249382847874e-03
1.140273553542945663e-02
1.695303913362744899e-02
2.470293480846961348e-02
3.530412408501931720e-02
4.950152335792742248e-02
6.833577926930246849e-02
9.363955317472641426e-02
1.301771921150183808e-01
1.946213937601500577e-01
2.655549275865422554e-01
2.481532157245349424e-01
1.913749308471265620e-01
1.292133974467888913e-01
8.033207752644494493e-02
4.918588528747020600e-02
3.414401650546713268e-02
3.194709910104907152e-02
4.009421809523526503e-02
5.575935840216321437e-02
7.369785482793873854e-02
8.195735063441224322e-02
5.836613524457610891e-02
3.392840825799568055e-02
1.840874556377536733e-02
8.307355430863779325e-03
2.166034991931207587e-03
-1.102544994335618840e-03
-2.465472550990869920e-03
-2.701334634959395072e-03
-2.371625915826249507e-03
-1.839829505316878258e-03
-1.306435258621254725e-03
-8.646378641075342470e-04
-5.439583584580148833e-04
-3.774096406687162575e-04
-6.346590956078666584e-04
-3.813734613756629443e-04
-2.476125237057706717e-04
-1.810857248509571617e-05
-1.598098334307706462e-04
-5.498206912864521444e-04
3.374347007317089406e-04
-4.607438868522765150e-04
2.747855186547993309e-04
6.453430993731504870e-04
3.079579968339629008e-04
-3.830592693611766398e-04
2.016028555991654359e-04
6.976725134859544783e-04
1.309231779725172993e-03
2.195459556631224485e-03
3.546822963759212882e-03
5.628964940210911053e-03
8.824068409597570287e-03
1.364125873921286265e-02
2.076096049433701421e-02
3.098802141767382015e-02
4.537504778004181755e-02
6.533501231727595338e-02
9.394712573139814282e-02
1.411593506698990141e-01
1.874872225271676518e-01
1.673591905244681266e-01
1.239592384365772321e-01
8.259521109840253783e-02
5.352039249746732424e-02
3.828659092803992497e-02
3.638031181238998713e-02
4.730825900258932293e-02
7.107092336604832472e-02
1.060634795441404987e-01
1.439569267042574985e-01
1.625915775133363050e-01
1.226859546612731194e-01
8.092146914380926592e-02
5.515540016815009133e-02
3.723521966209841771e-02
2.456075821352970631e-02
1.581500374533229003e-02
9.955714589298520628e-03
6.166826637757653364e-03
3.778585002797158442e-03
2.304998844786731397e-03
1.399418538786567807e-03
8.358164197348871144e-04
4.712358805175475705e-04
2.323064667713838549e-04
1.119351296273825633e-04
2.343329202582051076e-04
-5.491563364412324025e-05
-6.322296830389496133e-04
-5.830088518707215452e-05
-5.036443442000814461e-04
-3.835129384348138766e-04
-2.978143250409347382e-04
7.898504011758574351e-05
-5.814318775024885158e-04
1.428126469861833517e-04
-3.382041904320353645e-04
2.218035235275183921e-04
7.002147582112557174e-04
1.309258033893110316e-03
2.195292108373198166e-03
3.546736985111704436e-03
5.628933471547564911e-03
8.824059954343762419e-03
1.364125810547603228e-02
2.076096041248598478e-02
3.098801850962604534e-02
4.537504578880561384e-02
6.533501233828163668e-02
9.394712153138218280e-02
1.411593492203397082e-01
1.874872255221274042e-01
1.673591944820147781e-01
1.239592471769495469e-01
8.259521615783545212e-02
5.352038652029456056e-02
3.828658188842261334e-02
3.638030744891741081e-02
4.730826201399685599e-02
7.107092863812181083e-02
1.060634809112235566e-01
1.439569295298924745e-01
1.625915745117942623e-01
1.226859493960725106e-01
8.092147330357540858e-02
5.515539898124816043e-02
3.723521230662169001e-02
2.456075997800210090e-02
1.581500839506558981e-02
9.955712584555504938e-03
6.166819454561702114e-03
3.778562421259093213e-03
2.304880903629350636e-03
1.398828484582460927e-03
8.329590796239280887e-04
4.578905584523790349e-04
1.743327022212366956e-04
-1.010455151331944888e-04
4.259422466401830039e-04
-5.336782687257263453e-04
1.390937330672866606e-04
5.193682076030856336e-04
3.420681997602138011e-04
5.181580375255552626e-04
-1.324360753862006360e-04
4.952072590025393631e-04
7.357320863276661620e-04
-7.261546389349733026e-04
-3.671246045922871271e-04
1.905478486130593029e-04
6.956439993456936749e-04
1.309134752155169737e-03
2.195537411679153884e-03
3.546864514079205253e-03
5.628980264021504754e-03
8.824072487667406969e-03
1.364125787468345452e-02
2.076095995186457224e-02
3.098802092974430392e-02
4.537504622094827578e-02
6.533501028913281383e-02
9.394712062296228794e-02
1.411593563900678527e-01
1.874872294631844127e-01
1.673591919801909744e-01
1.239592418888033065e-01
8.259521288608104306e-02
5.352039274223049925e-02
3.828659139830563329e-02
3.638031392830854555e-02
4.730825930933936496e-02
7.107092449514602894e-02
1.060634827425836618e-01
1.439569324165995146e-01
1.625915646001205306e-01
1.226859358807639300e-01
8.092147454839070109e-02
5.515540233104557211e-02
3.723521492107328967e-02
2.456076306884457522e-02
1.581500746055901352e-02
9.955709732514238589e-03
6.166821309364258451e-03
3.778566676089797991e-03
2.304883112522917391e-03
1.398838434519598158e-03
8.330334301547360001e-04
4.587440640018887743e-04
1.855461689097855473e-04
3.546496053849479673e-05
-4.656195425460042865e-04
-2.219831490757663854e-04
6.855685454476746635e-04
-3.099797808309086604e-04
6.543426471323930595e-04
7.529520890191714663e-04
5.292307505700963094e-04
-4.357040236097331747e-04
2.339501811334342282e-04
5.336926785912358279e-04
6.346020035656360202e-04
-1.171065621651009081e-05
-2.324989087068805307e-04
-3.656082423370790200e-04
-4.962571806219921375e-04
-5.756858371894796756e-04
-4.683239748909320149e-04
7.528015377456229510e-05
1.462973201130587887e-03
4.296706295630800185e-03
9.371905187276591623e-03
1.768265554971375567e-02
3.036349297178120646e-02
4.918228290065700808e-02
7.888082921408852421e-02
1.069042784946223346e-01
9.464970767695302101e-02
7.030541088246945736e-02
4.873885081945679432e-02
3.593642095931263297e-02
3.405533501436714544e-02
4.486016800645233754e-02
7.064226678069708554e-02
1.130295562458878689e-01
1.688185809227313594e-01
2.225366565843617528e-01
2.421319110272088238e-01
1.793457300450963243e-01
1.200214119396361689e-01
8.567442329927181521e-02
6.177864177827632752e-02
4.413479998294018991e-02
3.103258714699850054e-02
2.142459465091800519e-02
1.453299995548940245e-02
9.686366994959845489e-03
6.343221834167075274e-03
4.064604327083982602e-03
2.518179221749902458e-03
1.452886023509965046e-03
6.991500908672942114e-04
2.375640903692255619e-04
-5.460467063463801587e-04
-2.890458652095726421e-04
-1.329307067295012177e-04
-6.089685672714248085e-04
-1.836910982535078013e-04
6.065084401318264528e-04
-1.906753518710709765e-04
-3.756733252155573170e-04
-6.588714073974246614e-05
3.629111274254297951e-04
6.011239294543087221e-04
7.064401775912771017e-06
-2.306816346360519583e-04
-3.659314156356750238e-04
-4.965454522873461764e-04
-5.758088027686610348e-04
-4.683669815015949591e-04
7.526555388430122254e-05
1.462967044039867369e-03
4.296705072549500751e-03
9.371901209987605619e-03
1.768264771987398953e-02
3.036349308827081955e-02
4.918228595959039245e-02
7.888082846927453595e-02
1.069042792640950562e-01
9.464970990159177200e-02
7.030541822961845766e-02
4.873885787033079703e-02
3.593641934708167313e-02
3.405533367572535081e-02
4.486016637504881138e-02
7.064226436942784570e-02
1.130295622600667321e-01
1.688185834445277977e-01
2.225366481595821566e-01
2.421319060836319703e-01
1.793457345728827201e-01
1.200214182411954850e-01
8.567442387601224840e-02
6.177863933100304766e-02
4.413480233636221661e-02
3.103259050190812149e-02
2.142459531678679585e-02
1.453299738746325655e-02
9.686344743872293134e-03
6.343101306841811803e-03
4.064001881958687751e-03
2.515209434813840336e-03
1.438694120020416909e-03
6.350286367180880227e-04
-2.022346915746609029e-05
5.075194072171986589e-04
6.455759597523839152e-04
5.775658336391799753e-04
5.503041970031152591e-04
6.490842661347585125e-04
-6.302778779579390391e-04
-3.685018101743056554e-04
-4.439558862971242342e-04
-5.077233764196191794e-04
6.565728017627692550e-04
-2.295750232125623620e-04
-1.314499032347807056e-04
-2.471531781726213611e-04
-3.673660486730611252e-04
-4.964368877263243638e-04
-5.756943115396485379e-04
-4.683206491182484530e-04
7.528018236209605676e-05
1.462969562293133874e-03
4.296706581084561508e-03
9.371903540264117302e-03
1.768264982057603588e-02
3.036349463306349528e-02
4.918227917821699213e-02
7.888082712513082295e-02
1.069042894050511866e-01
9.464971575306888041e-02
7.030541778756024818e-02
4.873885830768247274e-02
3.593642161562195930e-02
3.405533534864429307e-02
4.486016446198549945e-02
7.064225941144237908e-02
1.130295625998009312e-01
1.688185858837996378e-01
2.225366560018122442e-01
2.421319135218758245e-01
1.793457280310301882e-01
1.200214113035000807e-01
8.567442438435500518e-02
6.177864259133662717e-02
4.413480095917247242e-02
3.103258598306541868e-02
2.142459553926717719e-02
1.453300187616204074e-02
9.686351881001769096e-03
6.343133333179031171e-03
4.064153893977245566e-03
2.515728497843991354e-03
1.438831974566931286e-03
6.129598945461921635e-04
-3.348642096261295899e-04
-2.885341729520675023e-04
-1.008414102790301158e-04
-7.312213809199409327e-05
4.886613066339728136e-04
3.605589565062306380e-05
5.868901635684561295e-05
1.241397325681187409e-04
-3.169400704692582884e-04
-3.076697734354685550e-04
-5.667922043030595948e-04
-6.110147120830505124e-04
-5.536131268039839797e-04
-1.164496160208222664e-03
-1.996024523017629962e-03
-3.140142421480081585e-03
-4.672997383103486349e-03
-6.607978824839471493e-03
-8.872301184980871738e-03
-1.121673764664476644e-02
-1.321297676400563781e-02
-1.415469144078927884e-02
-1.318519759223911805e-02
-9.300407607146394043e-03
-1.586758600366507555e-03
1.111743799799654736e-02
2.611678348258367546e-02
2.828344039817436845e-02
2.510488692778893929e-02
2.243802601523866777e-02
2.492341147789191649e-02
3.686405718393934161e-02
6.285664781034727699e-02
1.077499524778679219e-01
1.724434738377189635e-01
2.469000053035798892e-01
3.058585291513173932e-01
3.142194872471674727e-01
2.245283080903334727e-01
1.495734177689364564e-01
1.089517895735110375e-01
8.112767046346552879e-02
6.017820487885119918e-02
4.395704288230986578e-02
3.147491045766612899e-02
2.205010250208547934e-02
1.510452914557922771e-02
1.010439101506337839e-02
6.576003454689052438e-03
4.112417416888805750e-03
2.376454549835868308e-03
1.111943562634965313e-03
2.806483894207081778e-04
2.590825437014319639e-04
-1.397500749416214394e-04
-2.360106296337688544e-04
-6.024718417055345207e-04
-5.922590808772619552e-04
4.840524989588414814e-04
-4.377810800373755870e-04
-1.629169512935273330e-04
3.599305325898173049e-04
3.602257901031706479e-04
5.470157677262581968e-04
-4.042900987387977574e-04
-1.146317593588282039e-03
-1.994181144295332879e-03
-3.140103554748460268e-03
-4.673063509917744184e-03
-6.608012333894554280e-03
-8.872315843353410086e-03
-1.121674577508011833e-02
-1.321297852997047224e-02
-1.415468893395700929e-02
-1.318519814737335524e-02
-9.300409188788544626e-03
-1.586756211079711799e-03
1.111743993622350823e-02
2.611678378039477069e-02
2.828344152340120377e-02
2.510489211414885374e-02
2.243803172128593787e-02
2.492341481664183539e-02
3.686405979935013927e-02
6.285664846874784717e-02
1.077499479267558513e-01
1.724434676237211750e-01
2.469000073799984818e-01
3.058585328329459507e-01
3.142194851285520230e-01
2.245283077235230851e-01
1.495734206118569942e-01
1.089517915676712634e-01
8.112766945078299374e-02
6.017820242497892713e-02
4.395704376264203406e-02
3.147491365990245232e-02
2.205009980520576673e-02
1.510450629236734753e-02
1.010427316313083392e-02
6.575360863009946204e-03
4.108820874771364727e-03
2.355625269734799247e-03
9.850031324626453734e-04
-5.436255042535271175e-04
-2.131474243999098659e-04
-4.012923328054059341e-04
4.085833557809969633e-04
-5.201970005538395468e-04
-1.910811025389295590e-04
-1.862094294164587773e-04
-6.925234485918138790e-04
4.190780498504824403e-04
1.263481019546975367e-04
6.515282541706340436e-04
-3.839178580740582633e-04
-5.429555758605638998e-04
-1.166984273766677330e-03
-1.997311577007877120e-03
-3.140552943692373825e-03
-4.673114149699871336e-03
-6.608011720530669424e-03
-8.872312718530906903e-03
-1.121674239867448755e-02
-1.321297397763115077e-02
-1.415468976581074102e-02
-1.318520105863543734e-02
-9.300408329168736998e-03
-1.586758815599926100e-03
1.111743548468341683e-02
2.611678909423279307e-02
2.828344660711186107e-02
2.510488813324532678e-02
2.243802952495640643e-02
2.492341504471259211e-02
3.686405853811420413e-02
6.285664430076105813e-02
1.077499459948201982e-01
1.724434719095710444e-01
2.469000112938474767e-01
3.058585381384158475e-01
3.142194905022616114e-01
2.245283053839257636e-01
1.495734138391989210e-01
1.089517910143441015e-01
8.112767073792968853e-02
6.017819951493413866e-02
4.395704174903885403e-02
3.147491438157787313e-02
2.205010233754978177e-02
1.510452174293153670e-02
1.010436581939600995e-02
6.575919626265370674e-03
4.112251505632736996e-03
2.377494337732809562e-03
1.131037973805736887e-03
4.814001252170687479e-04
-3.359553895910755237e-04
3.480959538350719413e-04
4.132730306105049335e-04
-1.989793678802546679e-04
4.816545543482237714e-04
4.555476232457986055e-04
-5.044874380044523385e-04
-4.963690179326753953e-04
5.049859585269468381e-04
-9.308180558440530057e-06
3.942471456710331464e-04
-7.774207894235638655e-04
-1.971650907655156902e-03
-3.495138572832347159e-03
-5.608713443084899046e-03
-8.539057904953434308e-03
-1.246047657510412389e-02
-1.749380133421559597e-02
-2.357867863620983703e-02
-3.050677207955684866e-02
-3.773332178388173058e-02
-4.461870656830430049e-02
-5.032666265145119278e-02
-5.466588237747373874e-02
-5.954912450650141215e-02
-5.618975949086949667e-02
-3.673930771770844705e-02
-1.727587712227772465e-02
-3.864118800804561813e-04
1.888121911427125682e-02
4.833827883450459578e-02
9.584283454163219917e-02
1.664455641476475789e-01
2.540262531022229875e-01
3.359289767041450658e-01
3.835430001253771204e-01
3.717011496158163508e-01
2.567942932973087955e-01
1.700381723656301802e-01
1.255216807004241042e-01
9.553825231622989356e-02
7.266448392569627157e-02
5.440473953227172726e-02
3.986363389854905015e-02
2.848515751889113892e-02
1.983817555944892425e-02
1.344047060688449702e-02
8.828592839678532991e-03
5.548888579981018157e-03
3.190014753203701797e-03
1.340455600457111712e-03
-6.333346944865776663e-04
2.168024401158749533e-05
-2.983132921067604667e-05
-3.578627246584967529e-04
2.777173550686009565e-04
5.464850011577938958e-04
-5.887524404561382541e-04
-5.543433252807542649e-04
-5.833127307991142047e-05
-7.945018656752657121e-05
5.453994215988050348e-04
-5.536530662420631379e-04
-8.758797642527394161e-04
-1.981718729798676720e-03
-3.496241053610706778e-03
-5.608890799120407056e-03
-8.539109005867861341e-03
-1.246049677530166634e-02
-1.749381025055961325e-02
-2.357868136889760755e-02
-3.050677350052756476e-02
-3.773332351755501191e-02
-4.461870780691932353e-02
-5.032666249666648689e-02
-5.466588018711827229e-02
-5.954912150640890439e-02
-5.618975780261020736e-02
-3.673930649340778620e-02
-1.727587229166768421e-02
-3.864083913432145930e-04
1.888122123838139807e-02
4.833827789918312967e-02
9.584283259217092621e-02
1.664455676060957456e-01
2.540262575671705658e-01
3.359289811450243413e-01
3.835430020582973332e-01
3.717011467778081890e-01
2.567942901485338880e-01
1.700381734349738772e-01
1.255216802969046364e-01
9.553824700504560952e-02
7.266447959670070678e-02
5.440473980307806295e-02
3.986363476579934950e-02
2.848515379810398832e-02
1.983816051353946494e-02
1.344040281602669300e-02
8.828277935880448485e-03
5.547576548923622945e-03
3.186080012329669392e-03
1.345003173802308263e-03
-3.938170944100724525e-04
6.929125850874020935e-04
-9.724362985581362737e-05
2.805115247835308651e-04
3.918143313415572049e-04
4.897201169904972801e-04
2.373644762202005616e-04
-2.185239299838864573e-04
-3.096254195985464509e-04
5.300164200156120414e-04
-4.172965051652812937e-04
2.197956266264439087e-04
-8.040079980347981719e-04
-1.983924591250365264e-03
-3.498746404385643521e-03
-5.609695939698882555e-03
-8.539317046730674279e-03
-1.246054572690873802e-02
-1.749382452827009243e-02
-2.357868613632384952e-02
-3.050677301020443197e-02
-3.773332585305583936e-02
-4.461870959983822021e-02
-5.032666388666576229e-02
-5.466588162607221441e-02
-5.954912258015623849e-02
-5.618975570679141107e-02
-3.673930401849465760e-02
-1.727587787715084353e-02
-3.864142709844457834e-04
1.888122516348866853e-02
4.833828675383233103e-02
9.584283431138011788e-02
1.664455703744418258e-01
2.540262636455788980e-01
3.359289817153285895e-01
3.835429996563770039e-01
3.717011441300172025e-01
2.567942910492214126e-01
1.700381717774187285e-01
1.255216789761867957e-01
9.553825061350493253e-02
7.266448324700273964e-02
5.440474171688364224e-02
3.986363603794716715e-02
2.848515670261953653e-02
1.983817496686019616e-02
1.344047381554666631e-02
8.828631855273130075e-03
5.549214487772131943e-03
3.192612239741071233e-03
1.360942921871072719e-03
-4.696876901796685072e-04
2.312901818061812104e-04
6.164497574194138969e-04
-1.516388418563358910e-04
4.663338117001456645e-04
5.819023226833967399e-04
6.274797923935760075e-04
-4.163250016823703305e-04
-1.047968038372224702e-04
-4.418470251769935058e-04
5.906238339912085310e-04
-1.939627268591184099e-04
-1.121817616306395454e-03
-2.688652252797172661e-03
-4.801902337457210866e-03
-7.772173410991875357e-03
-1.194969880886178303e-02
-1.765758299974328274e-02
-2.519451753427733379e-02
-3.468501299969046353e-02
-4.612843719417581562e-02
-5.919523564647907049e-02
-7.353133556282187566e-02
-8.876392940771209161e-02
-1.058288294862245321e-01
-1.310298331189448107e-01
-1.437751832018880904e-01
-1.083280628640455739e-01
-6.393032027491701852e-02
-2.287099931633828492e-02
1.985994101297025929e-02
7.576014389572349739e-02
1.542268627539955805e-01
2.537777774709777945e-01
3.522292210668914181e-01
4.200861418310082862e-01
4.434834594384913231e-01
4.108870823322519628e-01
2.774671749666738352e-01
1.832317820946481324e-01
1.366934784475584974e-01
1.057610378316514305e-01
8.190237216601684023e-02
6.240967831050522191e-02
4.647823402019437417e-02
3.367640247140883669e-02
2.372751549845573266e-02
1.621938093373720413e-02
1.072583669373641281e-02
6.774464483428718070e-03
3.932249687746275368e-03
1.839915250637999197e-03
5.334030364311650530e-04
-6.024143193782330709e-04
-4.718975824812808042e-04
1.479138645126557494e-04
5.033248438388808043e-04
5.299466997048107994e-04
3.270794476661034365e-04
-2.797194354577393622e-04
1.334965323727507389e-04
4.962987675795385014e-04
5.136841912597669589e-04
4.316942199866458064e-04
-1.036372341753989288e-03
-2.675771408017865120e-03
-4.799849265751368090e-03
-7.771843982591003855e-03
-1.194964812594273909e-02
-1.765757853126481355e-02
-2.519452097011014649e-02
-3.468501306092523079e-02
-4.612843574715307093e-02
-5.919523696586906358e-02
-7.353133855946708541e-02
-8.876392905706435854e-02
-1.058288272713163031e-01
-1.310298327419507636e-01
-1.437751832894408888e-01
-1.083280620861379745e-01
-6.393032003402800145e-02
-2.287099870195102164e-02
1.985994842013227499e-02
7.576014816498044535e-02
1.542268601210665668e-01
2.537777783446570345e-01
3.522292262671257723e-01
4.200861448429612510e-01
4.434834566980319082e-01
4.108870806788102459e-01
2.774671746728538113e-01
1.832317804732044586e-01
1.366934747620893731e-01
1.057610337772412895e-01
8.190237000243273668e-02
6.240967833740827114e-02
4.647823420841279418e-02
3.367639977006551405e-02
2.372750573640603974e-02
1.621933346428269113e-02
1.072556816693685279e-02
6.772834202616839251e-03
3.921560182087601223e-03
1.763695180864737486e-03
-5.300573537710826568e-05
-5.523182254270625350e-04
6.645597660446285330e-05
-3.651138613891327916e-04
4.985044437442714537e-04
-2.907594409210175509e-04
3.768399991149730616e-04
2.274606855475809638e-04
4.188338643104204005e-04
4.069150980488292447e-04
-4.952217774829468459e-04
-3.882635762352118556e-04
-1.141031469251201514e-03
-2.694220088498604053e-03
-4.803507574799335128e-03
-7.772656003022349915e-03
-1.194984091803158455e-02
-1.765762542063566837e-02
-2.519453511916811342e-02
-3.468501793527502264e-02
-4.612843842553974311e-02
-5.919524091818386541e-02
-7.353133693662194936e-02
-8.876392662015657187e-02
-1.058288267037312130e-01
-1.310298297840755688e-01
-1.437751772497639635e-01
-1.083280575469210416e-01
-6.393032200816016475e-02
-2.287100360608015220e-02
1.985994908696850705e-02
7.576015185872195246e-02
1.542268593411374455e-01
2.537777785514299667e-01
3.522292262072813651e-01
4.200861402264774447e-01
4.434834524826073987e-01
4.108870812587098742e-01
2.774671781210606980e-01
1.832317801555404246e-01
1.366934748356990748e-01
1.057610397605448366e-01
8.190237560913363191e-02
6.240968073263529481e-02
4.647823524869620915e-02
3.367640237543892412e-02
2.372751788519068122e-02
1.621939022832915092e-02
1.072585647270976952e-02
6.774292651893205550e-03
3.928888146529455408e-03
1.800617920508303278e-03
1.385871916240636963e-04
3.632154378928790324e-04
-1.552747475190764280e-04
3.365633054636369792e-04
2.324465260825049281e-04
-4.230209252529084957e-04
2.957108848355027191e-05
4.432890452084547951e-04
1.038647429440706240e-04
4.548730078790608005e-04
4.343292662747067737e-04
9.742821359698631970e-05
-1.282342943695837520e-03
-3.234295981258257253e-03
-5.832132385247332587e-03
-9.490934896685537803e-03
-1.467096784156473113e-02
-2.182065403914939389e-02
-3.137652555730034015e-02
-4.362060616072661184e-02
-5.870486694179269382e-02
-7.654672664271112981e-02
-9.708952755717910332e-02
-1.208105841561866595e-01
-1.503981616666164034e-01
-1.993798841140020928e-01
-2.389485045377818528e-01
-1.952288390159336307e-01
-1.231344652801059508e-01
-4.840914289750370553e-02
3.126226349732728199e-02
1.294933612645021159e-01
2.487434820923052625e-01
3.651995859772459441e-01
4.461913273192064100e-01
4.826053811860116505e-01
4.809030450470934137e-01
4.332480043942345538e-01
2.892075859380295322e-01
1.910875934385437847e-01
1.437596328663874601e-01
1.125665670883504582e-01
8.827748840419100129e-02
6.809698972959767060e-02
5.128708653117949878e-02
3.752139405364571245e-02
2.665100422658357726e-02
1.833156242043372866e-02
1.217926520905213139e-02
7.712436391584198692e-03
4.459309816264890591e-03
1.907539779068766509e-03
-7.606481414043836983e-04
4.656873835806479324e-04
-2.369387185552206013e-04
-2.716566082018922264e-04
-1.628506998159163989e-04
-3.144295477295877810e-04
4.199456233463862999e-04
5.483263550040872380e-04
-5.954858732712932584e-04
7.494279695507703905e-04
-5.310237608945742776e-04
5.827620879941258899e-04
-1.194752880025186717e-03
-3.219716037291438671e-03
-5.829442489221105250e-03
-9.490399768685060106e-03
-1.467085183560365783e-02
-2.182062908083095762e-02
-3.137652191259305418e-02
-4.362060385641673699e-02
-5.870486355065199224e-02
-7.654672488270915232e-02
-9.708952830457694139e-02
-1.208105834099662268e-01
-1.503981595206921040e-01
-1.993798839901824993e-01
-2.389485060679951978e-01
-1.952288389770939214e-01
-1.231344663247632282e-01
-4.840914346091796522e-02
3.126226858890638477e-02
1.294933626727975129e-01
2.487434769036172000e-01
3.651995821213322446e-01
4.461913282681114201e-01
4.826053822565937734e-01
4.809030443034629787e-01
4.332480058353674890e-01
2.892075879375646807e-01
1.910875935352121247e-01
1.437596318266489981e-01
1.125665669131018787e-01
8.827748914205602038e-02
6.809699108788745681e-02
5.128708814017197970e-02
3.752139407094928769e-02
2.665100375704611974e-02
1.833156563353544044e-02
1.217932006501192509e-02
7.713018450060136165e-03
4.464755575242077869e-03
1.956666312429973086e-03
-3.208551259556098102e-04
4.708465804265488087e-04
-1.345526144751296553e-04
-1.971865736143562828e-04
-4.412830711796240945e-04
8.264618743748019061e-05
-2.117840116960808075e-04
-5.387006211513433894e-04
-1.840153381043508783e-04
3.185900411837864674e-04
1.388569224820001842e-04
5.749351139953147579e-04
-1.197086565277532448e-03
-3.217400720001569684e-03
-5.828903659863515253e-03
-9.490343982846640922e-03
-1.467086595365638298e-02
-2.182064134711179243e-02
-3.137652916696578864e-02
-4.362060630288278062e-02
-5.870486622402692339e-02
-7.654672725576686099e-02
-9.708952583879452980e-02
-1.208105806617063294e-01
-1.503981576729942204e-01
-1.993798795608127117e-01
-2.389484982957830739e-01
-1.952288330189736187e-01
-1.231344649764340160e-01
-4.840914421601238971e-02
3.126226856752189337e-02
1.294933605546881861e-01
2.487434729529988953e-01
3.651995779558875888e-01
4.461913249116618574e-01
4.826053831636248348e-01
4.809030458868205904e-01
4.332480078417166314e-01
2.892075902293531620e-01
1.910875923654322406e-01
1.437596305806083108e-01
1.125665699948506654e-01
8.827749156411453246e-02
6.809699122117544856e-02
5.128708772311952463e-02
3.752139583007437634e-02
2.665101180171674036e-02
1.833159932480616858e-02
1.217951181905931046e-02
7.714184523240071728e-03
4.472136574736424071e-03
2.005052642370654288e-03
4.619397308149278712e-06
-2.533110446307739990e-04
-4.879881148572842915e-04
-3.472021141459558308e-04
2.967826479804220241e-04
-7.011752157882076772e-04
-4.593205557200530234e-04
1.097486549796012836e-04
2.547429514028020487e-04
-1.310464817478118409e-05
1.137565376526383120e-04
-1.735733365963627883e-04
-1.491150929987063384e-03
-3.616880384001938155e-03
-6.524462906869215109e-03
-1.064183098800560931e-02
-1.649423653200186857e-02
-2.461388703074974746e-02
-3.552372266052226946e-02
-4.961435551014611173e-02
-6.712324421261699203e-02
-8.818210086102468148e-02
-1.129623791755498680e-01
-1.428670417901480305e-01
-1.824621107443690216e-01
-2.537241355625885486e-01
-3.284558345927570677e-01
-2.955822918153607759e-01
-2.031236722828366204e-01
-8.206930074136703501e-02
5.830572367098833114e-02
2.177700185899529295e-01
3.672604939418209757e-01
4.659340590956954076e-01
5.103423746337005795e-01
5.181165064799638786e-01
5.000931450148793367e-01
4.444477165393124207e-01
2.954400806204907082e-01
1.955078800022057584e-01
1.478754821032203515e-01
1.166300486065039860e-01
9.214890350325964652e-02
7.160590598715613209e-02
5.429463586239990924e-02
3.995452397837578190e-02
2.851913380084246732e-02
1.969164036055149128e-02
1.312189436894991255e-02
8.329524045811371666e-03
4.841773690768041462e-03
2.194144559922610316e-03
1.160004476295863930e-04
-1.172011349685104397e-04
2.047778501244159667e-04
9.163429826380437178e-05
-3.450609587527176314e-04
-5.643573873124642501e-04
-6.294207984275053186e-04
1.398334787522372501e-04
1.846795683831834671e-04
1.107739517967637775e-04
-3.742993366747812364e-04
1.283630922236134479e-04
-1.432834790077431013e-03
-3.601580365732204563e-03
-6.520720365391996856e-03
-1.064090244033351167e-02
-1.649400031031070940e-02
-2.461382797885357937e-02
-3.552370822263532790e-02
-4.961435067225865997e-02
-6.712324189690746512e-02
-8.818210052045628855e-02
-1.129623802284319412e-01
-1.428670412378470200e-01
-1.824621090190697570e-01
-2.537241346788016161e-01
-3.284558352471962372e-01
-2.955822932259334901e-01
-2.031236765173836667e-01
-8.206930375789933674e-02
5.830572507485704686e-02
2.177700179834011207e-01
3.672604905369425410e-01
4.659340582390654184e-01
5.103423788454033438e-01
5.181165089841287541e-01
5.000931450221142160e-01
4.444477177572551119e-01
2.954400823879105853e-01
1.955078802219522849e-01
1.478754810480048254e-01
1.166300487096101762e-01
9.214890447912299498e-02
7.160590751818363131e-02
5.429463884192055334e-02
3.995452717057301761e-02
2.851913960904958398e-02
1.969166233264805013e-02
1.312199542362919163e-02
8.329885014637392407e-03
4.841761712197977657e-03
2.175423521623464154e-03
-1.563999581471256506e-04
-7.559133070450386842e-04
-7.007170875487579633e-04
-2.998727461436554516e-04
8.446075047205590610e-05
2.274119641716040830e-04
1.113258214013213319e-04
5.987054739771436066e-04
-3.776324092166468750e-04
-3.241080467915711410e-04
-7.140815396368654488e-04
7.130655208668259387e-04
-1.339830647249485316e-03
-3.587245024846695204e-03
-6.518604513284498997e-03
-1.064065332495853569e-02
-1.649399505760865137e-02
-2.461384028688530859e-02
-3.552371527344425073e-02
-4.961435354412806892e-02
-6.712324656524683297e-02
-8.818210203467780062e-02
-1.129623756238587046e-01
-1.428670374054276937e-01
-1.824621071036217346e-01
-2.537241320218215357e-01
-3.284558312575273087e-01
-2.955822924499665882e-01
-2.031236796429360947e-01
-8.206930481188082216e-02
5.830572572081993421e-02
2.177700183495478725e-01
3.672604941650511323e-01
4.659340602458946767e-01
5.103423762360483895e-01
5.181165074945613958e-01
5.000931433618707178e-01
4.444477154760574922e-01
2.954400818375866322e-01
1.955078784915328938e-01
1.478754795374191411e-01
1.166300504607517968e-01
9.214890560667775288e-02
7.160590720655872488e-02
5.429463875450161320e-02
3.995452862988526505e-02
2.851913850346903673e-02
1.969163883278890470e-02
1.312185652858609448e-02
8.329099989837874390e-03
4.837361013233487314e-03
2.150678745705339543e-03
-2.996146056759484903e-04
4.592146476555996129e-04
-4.508809742390801085e-04
3.666660016331218359e-04
-3.967013306415345599e-04
4.168505615904077714e-04
-4.995222711893432992e-04
3.652135216887050675e-04
-6.038762918648368132e-04
-4.084667027080065996e-04
1.497549203810892029e-04
-3.615156238504923939e-04
-1.623721557110831921e-03
-3.800505775579206356e-03
-6.825417134460314700e-03
-1.112488143826281979e-02
-1.724972528946827621e-02
-2.576583776569160364e-02
-3.722794274255757097e-02
-5.207059020204928002e-02
-7.055992965057686361e-02
-9.292739183839621164e-02
-1.194500851645228096e-01
-1.520138957093964960e-01
-1.962382801847472324e-01
-2.789826975076988291e-01
-3.766039457557325276e-01
-3.637059820043846425e-01
-2.728261036041137455e-01
-1.155327118118056051e-01
8.938455291121150115e-02
2.956483643653667337e-01
4.416661457815323488e-01
5.118253920710351679e-01
5.332819861572454245e-01
5.285875026410610245e-01
5.049334868828905254e-01
4.471196235384991002e-01
2.972399965912743691e-01
1.969834436139007716e-01
1.493651618939204340e-01
1.181657698686064684e-01
9.364435464375078788e-02
7.298330919868432909e-02
5.548794622506266622e-02
4.092849227275884710e-02
2.927166322784657826e-02
2.024248074847357151e-02
1.350613624072687959e-02
8.585128077708678931e-03
5.004603066819113440e-03
2.262103661381180842e-03
-3.006788046072367097e-04
-5.488883613617960843e-05
-5.759478808966505929e-04
-6.085499081396166790e-04
-1.451140822012830865e-04
-4.976926040862408732e-04
2.704754910890441060e-04
-8.236596684676863653e-05
-1.714865600208449010e-04
-6.749882257699647446e-04
-5.911405055684255385e-04
-2.012075717513231660e-04
-1.599940120634316988e-03
-3.790044772193672511e-03
-6.822205111814634397e-03
-1.112395405482330402e-02
-1.724946456895817479e-02
-2.576576729509505795e-02
-3.722792328046239246e-02
-5.207058404339213326e-02
-7.055992798408766697e-02
-9.292739187530582590e-02
-1.194500863977517591e-01
-1.520138968434285032e-01
-1.962382808366385512e-01
-2.789826977537227526e-01
-3.766039463597113945e-01
-3.637059844257870544e-01
-2.728261086329289986e-01
-1.155327136377671676e-01
8.938455524333795144e-02
2.956483656776252023e-01
4.416661459030206127e-01
5.118253928434781663e-01
5.332819883090810231e-01
5.285875027534376880e-01
5.049334862334239338e-01
4.471196243022154682e-01
2.972399978901529849e-01
1.969834432430487281e-01
1.493651599358110094e-01
1.181657693406816950e-01
9.364435427937947698e-02
7.298330855872135758e-02
5.548794800254490400e-02
4.092849632811193517e-02
2.927167510577440360e-02
2.024253985350008000e-02
1.350647560404370957e-02
8.587180399926489308e-03
5.017732396116751821e-03
2.351882497443319626e-03
3.553873655467089821e-04
-4.781592874209234065e-04
5.026162329387612706e-04
7.127041142604753068e-04
3.016197464489075609e-05
-1.153644419485063170e-04
6.767068408978924509e-04
6.323246385245287959e-04
3.297189179368354921e-07
-6.690269488440322900e-04
-5.731539300945052854e-04
2.382807944265565232e-04
-1.513037270747186452e-03
-3.777551764421873542e-03
-6.820639145891802847e-03
-1.112386884920615188e-02
-1.724950437401655615e-02
-2.576579046719632352e-02
-3.722793091566319740e-02
-5.207058668647283894e-02
-7.055993329982369888e-02
-9.292739313752794439e-02
-1.194500807292197819e-01
-1.520138917129381373e-01
-1.962382779673369215e-01
-2.789826956926176882e-01
-3.766039445168556932e-01
-3.637059853977504531e-01
-2.728261141854796956e-01
-1.155327183842988215e-01
8.938455188800285833e-02
2.956483635791874454e-01
4.416661496385254071e-01
5.118253965647833192e-01
5.332819869506510990e-01
5.285875013918528431e-01
5.049334860139259584e-01
4.471196233511690044e-01
2.972399976564220059e-01
1.969834421800868429e-01
1.493651591220306329e-01
1.181657707526047041e-01
9.364435432418390104e-02
7.298330696395671779e-02
5.548794691282090547e-02
4.092849561427698568e-02
2.927166428343082327e-02
2.024246779863376686e-02
1.350606286215970571e-02
8.584816930981151867e-03
5.004221515895024286e-03
2.274648962921301497e-03
-8.691852420528403569e-05
4.750035738217597402e-04
3.073091736474635092e-04
-3.152505636810870961e-04
7.928902172213791555e-05
-3.924903072962969202e-04
-3.929272409824028159e-04
6.610947915755111762e-04
3.730748256808598244e-04
-3.075554932365506615e-04
-2.794528591921953300e-04
1.124046383827805434e-05
-1.546980038604516819e-03
-3.764080374946891620e-03
-6.713750277903482444e-03
-1.090374875623873960e-02
-1.688015601279437700e-02
-2.519016558683701695e-02
-3.637074201397501316e-02
-5.083282437971989309e-02
-6.882803253756872297e-02
-9.053646449762409176e-02
-1.161801783017452350e-01
-1.473932151735135587e-01
-1.892289445098795098e-01
-2.659290713850969157e-01
-3.509935820805735185e-01
-3.256620291125060240e-01
-2.317420805543528861e-01
-9.507552183624086439e-02
7.035989307484510902e-02
2.501689772077941853e-01
4.011476089132452461e-01
4.884107421949714367e-01
5.222670576193918501e-01
5.239190584307543697e-01
5.029738443923545965e-01
4.461025121969528495e-01
2.964662321075788309e-01
1.962959573935258162e-01
1.486408532669936666e-01
1.174033460164749937e-01
9.289472382206977186e-02
7.228858351891156997e-02
5.488375393513478945e-02
4.043371763426732018e-02
2.888834609796870137e-02
1.996149103980511541e-02
1.331143174352986472e-02
8.462414832503664663e-03
4.951948777488689168e-03
2.346110125217070429e-03
4.617739528277756762e-04
3.383866785448982027e-04
1.780139242954928772e-04
-6.140880888496478467e-04
-5.290372625390760879e-04
7.314422303916029390e-04
-5.756954017844955222e-04
1.314236046082228675e-04
-3.967479205864841876e-04
5.436918431269046736e-04
1.791607241144246301e-04
-4.084248472997191611e-04
-1.601237216480849452e-03
-3.767773870261997751e-03
-6.713195879138668040e-03
-1.090335722368937499e-02
-1.688001128255480279e-02
-2.519012012233163428e-02
-3.637072622281521672e-02
-5.083281754841569716e-02
-6.882802997416019586e-02
-9.053646312667121276e-02
-1.161801776347375637e-01
-1.473932156246925418e-01
-1.892289452387402038e-01
-2.659290712249002819e-01
-3.509935818885276393e-01
-3.256620309824485582e-01
-2.317420841729286862e-01
-9.507552157602680576e-02
7.035989577947578122e-02
2.501689768557453508e-01
4.011476077231524995e-01
4.884107418561164926e-01
5.222670561943397738e-01
5.239190562203429602e-01
5.029738441145261696e-01
4.461025135363300143e-01
2.964662336565326850e-01
1.962959573537216007e-01
1.486408519700016528e-01
1.174033464159674744e-01
9.289472278117531789e-02
7.228858060878574909e-02
5.488375391911139156e-02
4.043372087212588478e-02
2.888835841944186605e-02
1.996154976891648461e-02
1.331168633075473749e-02
8.463358230735757576e-03
4.954057758999998694e-03
2.335926578422627825e-03
2.450491301738032734e-04
3.694257930915612227e-04
3.231904074240744048e-04
3.943777457315893902e-04
3.503301757296193751e-04
-5.298707123812713710e-04
-5.834523422006713742e-04
-6.820853556486106313e-04
-4.884760573583354784e-04
-5.669011024297997484e-04
-5.579655173159697940e-04
1.450682450198380379e-04
-1.507361795997579513e-03
-3.754368842598196192e-03
-6.711450995422459619e-03
-1.090321046843374837e-02
-1.688002872247853017e-02
-2.519013529340359894e-02
-3.637072980090521462e-02
-5.083281808064452761e-02
-6.882803422606814658e-02
-9.053646435401713211e-02
-1.161801724759494725e-01
-1.473932107080797582e-01
-1.892289425797948899e-01
-2.659290705829915336e-01
-3.509935819152874559e-01
-3.256620297972853684e-01
-2.317420852733171333e-01
-9.507552615698681986e-02
7.035988807493410990e-02
2.501689672511134277e-01
4.011476045207425511e-01
4.884107446788544249e-01
5.222670578662793606e-01
5.239190582829171827e-01
5.029738477361427318e-01
4.461025159280307406e-01
2.964662348395138425e-01
1.962959572251835871e-01
1.486408520152563695e-01
1.174033480027785320e-01
9.289472266399394218e-02
7.228857896388540816e-02
5.488375307710943729e-02
4.043371910445284212e-02
2.888834422606589847e-02
1.996147118586807587e-02
1.331126080597039643e-02
8.461035503764815016e-03
4.941360621953017410e-03
2.265663894903808401e-03
-1.547471623368002261e-04
5.219968055609974051e-04
-5.674666058621150120e-04
1.138783404435753858e-04
3.219471952439636824e-04
3.778064077216046956e-04
5.152055573417200010e-04
7.137691909491850149e-05
-3.701676028560688526e-04
-4.067045590477759280e-04
6.421281107924473215e-04
5.373711849454054822e-04
-1.339167991194031414e-03
-3.477757405141400620e-03
-6.172137483425448393e-03
-9.980258290664260554e-03
-1.540286585276648239e-02
-2.291868878782263655e-02
-3.299492687854550105e-02
-4.595308713687306507e-02
-6.197892737627805348e-02
-8.106742260313132276e-02
-1.032473551988237620e-01
-1.293156217904759264e-01
-1.626003544070102336e-01
-2.194429506385421891e-01
-2.701546631056553349e-01
-2.272934346900138125e-01
-1.465470941228126933e-01
-5.798581214372394016e-02
3.805228120873842962e-02
1.544888773004509108e-01
2.867956422466276245e-01
4.017516188210191741e-01
4.714475434190365521e-01
4.972355411451975238e-01
4.889734498988989597e-01
4.379451624819180044e-01
2.917486596830368151e-01
1.928558742981001661e-01
1.453949355792492903e-01
1.141753823816994556e-01
8.980632367509866487e-02
6.947832706571285821e-02
5.246690370584307372e-02
3.847241668871578119e-02
2.737831256918369163e-02
1.885938126338852078e-02
1.254563354701419657e-02
7.959239951394884646e-03
4.636645965365094289e-03
2.108324321881019630e-03
-1.467376369856708085e-04
-2.359872624177652544e-04
-1.162478809650218525e-04
-3.562535291631290109e-04
-4.406614822651308398e-04
-5.024522106161570219e-04
-2.931738548718277389e-05
3.566435972551250974e-04
5.006624834911554489e-04
7.232468702213242341e-04
5.304033935650578733e-05
5.214786939603027662e-04
-1.338408052733339312e-03
-3.476174341979248149e-03
-6.171564953988338889e-03
-9.980084656676010621e-03
-1.540281652067263668e-02
-2.291867428222897976e-02
-3.299491996695318868e-02
-4.595308293370779784e-02
-6.197892493200181374e-02
-8.106741976938565408e-02
-1.032473521468253025e-01
-1.293156207386669532e-01
-1.626003549139343196e-01
-2.194429505834904204e-01
-2.701546637080664559e-01
-2.272934384469281199e-01
-1.465471012553009045e-01
-5.798581635210493107e-02
3.805228172288714628e-02
1.544888781101803055e-01
2.867956445969947477e-01
4.017516223521521712e-01
4.714475426434870942e-01
4.972355381773192473e-01
4.889734489151777441e-01
4.379451621760797608e-01
2.917486592400786449e-01
1.928558727517587223e-01
1.453949341180326704e-01
1.141753837290589713e-01
8.980632257074827596e-02
6.947832332579369219e-02
5.246690432483122613e-02
3.847242205013445826e-02
2.737833138008411230e-02
1.885947650437375112e-02
1.254610546322051760e-02
7.961547689324959334e-03
4.647766604024185060e-03
2.160521162229742543e-03
8.914314801521210356e-05
3.481464578730075993e-04
-5.447146028925742593e-04
-4.636554258437848141e-04
2.982280882426874540e-04
4.735470303573218517e-04
4.445139001148947877e-04
4.671613485717110545e-04
3.006147713479763147e-04
4.293018582684402472e-04
-4.383927783554711810e-04
7.533228000943883746e-04
-1.302174853641249394e-03
-3.469755431074098007e-03
-6.170426285187624073e-03
-9.979878712125305959e-03
-1.540277934206161874e-02
-2.291866843959476999e-02
-3.299491715590183866e-02
-4.595308148493175426e-02
-6.197892749073743990e-02
-8.106742004022302051e-02
-1.032473475385649042e-01
-1.293156170798079041e-01
-1.626003541811631425e-01
-2.194429538176065619e-01
-2.701546694529124992e-01
-2.272934405042844053e-01
-1.465471010993336654e-01
-5.798581719352219332e-02
3.805227938019287853e-02
1.544888744672681946e-01
2.867956437212904608e-01
4.017516250047919457e-01
4.714475426001311087e-01
4.972355369484550702e-01
4.889734496826594889e-01
4.379451631705454928e-01
2.917486596005959276e-01
1.928558725037113619e-01
1.453949343104979641e-01
1.141753848463060994e-01
8.980632211885704319e-02
6.947832247338869838e-02
5.246690583344020692e-02
3.847242246253070735e-02
2.737832100329073287e-02
1.885942236954704643e-02
1.254584124445623679e-02
7.960348401067542795e-03
4.643086741564829770e-03
2.149140892215825431e-03
1.358231159902673079e-04
-5.930964790398055323e-04
-5.968187875025624456e-04
-2.935154575962953803e-04
5.916652113040222474e-04
-2.942880938165042871e-04
-6.916754601992632394e-04
-4.308752910606126205e-04
-4.712238739761550081e-04
7.059157365205965661e-04
3.494037610687179504e-04
-6.505804412203664445e-04
-1.375217787233740628e-03
-2.998313168317496072e-03
-5.241962744969671205e-03
-8.433547973546250132e-03
-1.295652483759815975e-02
-1.917416619865754818e-02
-2.743256100198953815e-02
-3.790921978960694327e-02
-5.065937376864253217e-02
-6.543075832057412833e-02
-8.196788505800084446e-02
-1.001350163430121953e-01
-1.213738836573659274e-01
-1.540054629533777752e-01
-1.740400179360301613e-01
-1.345106242569284738e-01
-8.131907406358585000e-02
-3.062996092667231302e-02
2.226169588829408907e-02
8.982179208120197322e-02
1.807709464198107852e-01
2.884474166063527023e-01
3.847246292194919093e-01
4.434207046036290900e-01
4.581222532337277387e-01
4.198314765229665402e-01
2.821325850723839235e-01
1.862944318968856316e-01
1.393972670162599015e-01
1.083279434078347619e-01
8.428358578733748108e-02
6.451664931525055713e-02
4.824734244727645061e-02
3.508199826065551419e-02
2.478973348338906618e-02
1.698219261388924164e-02
1.124728323726282078e-02
7.108061580708738628e-03
4.109095774157110054e-03
1.780336199985960719e-03
-5.073032595957837438e-04
-2.061256269413935577e-04
-5.530307225045453775e-04
5.039500563880147796e-04
2.139562554458330069e-04
-1.166773006825710872e-05
-4.184325832932231782e-04
-3.646874706787694921e-04
-1.679488324922441794e-04
-3.893488619749955310e-04
3.647730310867885648e-04
-1.706100148064356402e-04
-1.301063273568048946e-03
-2.988847301257004357e-03
-5.240933472718786561e-03
-8.433518819912092304e-03
-1.295655912698717716e-02
-1.917418027944321757e-02
-2.743256210706902787e-02
-3.790921814174740001e-02
-5.065937189003338198e-02
-6.543075545941072491e-02
-8.196788236686090856e-02
-1.001350174630135370e-01
-1.213738879854179969e-01
-1.540054667497189334e-01
-1.740400207745236849e-01
-1.345106267183954762e-01
-8.131907864920411011e-02
-3.062996455328774459e-02
2.226169597496219232e-02
8.982179326106785877e-02
1.807709491395587953e-01
2.884474196987253936e-01
3.847246276089255068e-01
4.434207018793102084e-01
4.581222539218580692e-01
4.198314775557714373e-01
2.821325847256926367e-01
1.862944300505243733e-01
1.393972659362597843e-01
1.083279452944088117e-01
8.428358351208684041e-02
6.451664335123528937e-02
4.824734225962810236e-02
3.508200419519320878e-02
2.478975650596824259e-02
1.698231824898518982e-02
1.124796784963024918e-02
7.111920508940539759e-03
4.131587607399674761e-03
1.915719670192940179e-03
3.360566733034774209e-04
-2.003374499904786118e-04
-7.049194350247374018e-04
1.598353816002927503e-04
3.255700684606315475e-04
5.666273530471139987e-04
2.290424621582665111e-04
-2.780058161872165593e-04
-7.076612041859448986e-04
1.785680277345494274e-04
2.444222683873344907e-04
-6.423355431249501337e-04
-1.366899494713453341e-03
-2.995735765670447422e-03
-5.241316895893415213e-03
-8.433390636760598053e-03
-1.295648735407474786e-02
-1.917415639150229015e-02
-2.743255398022134001e-02
-3.790921588352644256e-02
-5.065937432085434317e-02
-6.543075577961744715e-02
-8.196787934667768005e-02
-1.001350150670791000e-01
-1.213738868543989824e-01
-1.540054696832102998e-01
-1.740400275984721190e-01
-1.345106292273957060e-01
-8.131907594880148638e-02
-3.062996187596983555e-02
2.226169800665861107e-02
8.982179542318367849e-02
1.807709522066518748e-01
2.884474234145418259e-01
3.847246273150992102e-01
4.434206993634509653e-01
4.581222532083355503e-01
4.198314773473462158e-01
2.821325839366425892e-01
1.862944294109431242e-01
1.393972656802574817e-01
1.083279446127334289e-01
8.428358100049407331e-02
6.451664127725927067e-02
4.824734400688378971e-02
3.508200535854647667e-02
2.478974936061175902e-02
1.698228008057521554e-02
1.124774242861900989e-02
7.110588839421461312e-03
4.123393371981018407e-03
1.862837154655547049e-03
-2.109930111365166804e-05
5.237964056823051157e-04
6.250595396741327140e-04
8.298530925737626456e-05
3.712604835712088390e-04
5.652866473498841145e-04
-5.345118929548970830e-04
6.965944174852142920e-04
-3.995240995234943231e-04
3.683041058619102102e-05
-3.202604578910173659e-04
-3.549561432454513294e-04
-1.072869853533530912e-03
-2.288655366116401201e-03
-3.990120055712515976e-03
-6.388261915173439748e-03
-9.742914923906683886e-03
-1.427656206866562139e-02
-2.016999932703100393e-02
-2.742392234246900443e-02
-3.590072446979482995e-02
-4.511976996339295276e-02
-5.452751023002713748e-02
-6.339439668749094481e-02
-7.182717765839190249e-02
-8.292139235801987418e-02
-8.394487435069449000e-02
-5.881922821162167969e-02
-3.147654308205585089e-02
-7.479632170901348576e-03
1.825575511984445926e-02
5.499268382904825420e-02
1.114597277448752255e-01
1.916272646621998421e-01
2.850320136490049339e-01
3.649803380732123959e-01
4.055720758320550678e-01
3.865896599032569436e-01
2.647279679577333455e-01
1.750599756448414090e-01
1.297053083067960522e-01
9.930568831215869086e-02
7.602616783029776670e-02
5.728665281333793907e-02
4.222283499926372807e-02
3.032165421865657545e-02
2.120334575755413592e-02
1.440795597452908944e-02
9.481376784057880813e-03
5.959938977724264092e-03
3.415687906220892748e-03
1.424834477395221701e-03
-5.185325993787825430e-04
4.857355562757417213e-04
1.765150366484657832e-04
2.190804180228073919e-04
-5.624022916299873778e-06
4.494114653837512135e-04
-5.000780588191909917e-04
4.298920320291302940e-04
1.801213886107984536e-04
-6.094498926191646440e-04
4.568662162589848404e-04
-1.453431379536629863e-04
-1.018220891730358410e-03
-2.279659264453353599e-03
-3.989086950994645206e-03
-6.388293243738996617e-03
-9.742987325793203007e-03
-1.427659089608358974e-02
-2.017000540849921836e-02
-2.742392310523425469e-02
-3.590072399793343277e-02
-4.511976797258065303e-02
-5.452750810276393856e-02
-6.339439884028490180e-02
-7.182718203641148824e-02
-8.292139427013837938e-02
-8.394487398257705069e-02
-5.881922586429692151e-02
-3.147654246214887097e-02
-7.479633157016773136e-03
1.825575487604583561e-02
5.499268324972985539e-02
1.114597271235888143e-01
1.916272637832078796e-01
2.850320103631166502e-01
3.649803365022538659e-01
4.055720793404353763e-01
3.865896633043117148e-01
2.647279686182712477e-01
1.750599747857083666e-01
1.297053090392104591e-01
9.930569152153825851e-02
7.602616482330745717e-02
5.728664498775341146e-02
4.222283330381591121e-02
3.032165758363183222e-02
2.120336075753711386e-02
1.440804067169701615e-02
9.481793367046789309e-03
5.961992020747875799e-03
3.425716392802004989e-03
1.472067892254394798e-03
-3.144408287741373492e-04
-6.136628590041340531e-04
-4.605491830007094056e-04
-4.430191666151756034e-04
-3.274264551703351986e-04
5.064869664294003758e-04
5.991233020543836919e-04
5.789266944225398767e-04
2.456370891179155682e-04
-3.622662854988384687e-04
-3.077332169253873509e-04
-2.605147052383092045e-04
-1.059554787544082126e-03
-2.286404371414339082e-03
-3.989676209596971883e-03
-6.388161712516110188e-03
-9.742891262910790412e-03
-1.427655455471953452e-02
-2.016999225434265575e-02
-2.742391829035547429e-02
-3.590072447320223625e-02
-4.511976683707130675e-02
-5.452750691894942686e-02
-6.339439935521742897e-02
-7.182718133731022525e-02
-8.292139592190123087e-02
-8.394488073579253751e-02
-5.881922957585208195e-02
-3.147654003430517405e-02
-7.479631492789027940e-03
1.825575460169116815e-02
5.499268340483007972e-02
1.114597297306867824e-01
1.916272691618894353e-01
2.850320139247662365e-01
3.649803379014081028e-01
4.055720809071507449e-01
3.865896631153466489e-01
2.647279668720927681e-01
1.750599746804630819e-01
1.297053101980495671e-01
9.930569152449190973e-02
7.602616316030422206e-02
5.728664380026318725e-02
4.222283519814259978e-02
3.032165768384673804e-02
2.120335727009040397e-02
1.440804148090978759e-02
9.481805243676002387e-03
5.962076721919039486e-03
3.426049905083754926e-03
1.471760208038185328e-03
-3.371455146295761619e-04
-2.052534329717370441e-04
-1.770898022531676907e-04
4.958985415900223287e-04
-5.701115200224807553e-05
1.064541953141966949e-04
1.986523424145978777e-04
-6.398960731800214371e-04
1.873467241952945443e-04
7.000058649007847439e-04
-6.352723169581840764e-04
-3.397372504115695759e-04
-7.111165801670575430e-04
-1.462597895157636543e-03
-2.522397648393002925e-03
-3.993922337683812780e-03
-5.997478765873838838e-03
-8.598234550793072348e-03
-1.178642189235783698e-02
-1.537195024691770558e-02
-1.899526812610538226e-02
-2.199320985301141118e-02
-2.356910945092318549e-02
-2.275195530441295397e-02
-1.884918994745692078e-02
-1.167355226139654700e-02
-3.278028085726456637e-04
7.346181499093363231e-03
1.132927551496819459e-02
1.481951347168708466e-02
2.243827310494235158e-02
3.947393728322693557e-02
7.157232428674770164e-02
1.241245436963817061e-01
1.966259908438656723e-01
2.753813892722940526e-01
3.325632077583809409e-01
3.349435379163209769e-01
2.365054885508957594e-01
1.572054672406048292e-01
1.150618498387791649e-01
8.635953229019788235e-02
6.464665410203714047e-02
4.764920411345981155e-02
3.440665899320831389e-02
2.427764590931060645e-02
1.672826033562613973e-02
1.123771581004701266e-02
7.329843313743775700e-03
4.576988794660082245e-03
2.610239316982110574e-03
1.110904021146199823e-03
-1.950665109029946936e-04
-7.099185236939107484e-04
-6.097529375280240447e-04
4.622515155730608639e-04
3.100688698968760357e-04
7.090663252350874008e-04
3.436365515287971616e-04
-5.298401709115506007e-04
4.403160303912642161e-04
7.103434616957191982e-04
-6.523015112087554362e-04
2.892708628105989548e-04
-6.024306151686660516e-04
-1.448493295716909860e-03
-2.520945088913136099e-03
-3.993940650298228104e-03
-5.997557288961936559e-03
-8.598266833433934955e-03
-1.178643135369022814e-02
-1.537195394373914135e-02
-1.899526852366577312e-02
-2.199320542380064913e-02
-2.356910173705006190e-02
-2.275195198651110487e-02
-1.884918996753543602e-02
-1.167355107676930348e-02
-3.278016045368109250e-04
7.346183585821995134e-03
1.132927651988832607e-02
1.481951293339199040e-02
2.243827310536871886e-02
3.947393775938332766e-02
7.157232447464650926e-02
1.241245425145908743e-01
1.966259870387572217e-01
2.753813868891231698e-01
3.325632097491042494e-01
3.349435389360175819e-01
2.365054872442819700e-01
1.572054662713281148e-01
1.150618524037694684e-01
8.635953736357884769e-02
6.464665195379709628e-02
4.764919714561272751e-02
3.440665816824244050e-02
2.427764848392203675e-02
1.672826788483732299e-02
1.123775429644273752e-02
7.329976573165181315e-03
4.577314832055742744e-03
2.609901745534124427e-03
1.098095372342752871e-03
-3.168868279417049968e-04
2.538481705961228262e-04
-3.437975771072202089e-04
-6.941861485757089842e-04
-2.564273017968798484e-04
-3.358414954532316899e-04
-6.793825568761737224e-05
5.585290200658949008e-04
-8.450401747436917660e-05
-3.517855571198152541e-04
-6.968369769875293373e-04
-5.358270684211876656e-04
-7.182973491142624666e-04
-1.461640762396365385e-03
-2.521791318216180192e-03
-3.993719288878884964e-03
-5.997420208086697013e-03
-8.598217135590660240e-03
-1.178641305101854261e-02
-1.537194589150341767e-02
-1.899526590374158580e-02
-2.199320169381370829e-02
-2.356910103693698327e-02
-2.275195493218728007e-02
-1.884919101833945967e-02
-1.167355313446187884e-02
-3.278098015903690380e-04
7.346176891522912186e-03
1.132927721980414061e-02
1.481951373500500421e-02
2.243827112286137307e-02
3.947393593201308643e-02
7.157232609840821769e-02
1.241245473490695805e-01
1.966259901432004242e-01
2.753813877658994325e-01
3.325632108569876455e-01
3.349435381393801037e-01
2.365054854417578123e-01
1.572054674727983159e-01
1.150618541502871628e-01
8.635953616722889803e-02
6.464664982974176188e-02
4.764919667921439783e-02
3.440666086932939183e-02
2.427764879271519793e-02
1.672826904510033019e-02
1.123779045898376690e-02
7.330220689397906088e-03
4.578943352461485594e-03
2.620723198750612038e-03
1.171167958212052758e-03
1.899909997068182385e-04
5.906009147342917206e-04
-3.323209166962728077e-04
-3.492581313853595376e-04
5.524136225226087367e-04
-5.583654039287072254e-04
-5.690657221312164782e-04
3.466155512030025536e-04
-1.065918441719953240e-04
5.735919385656487344e-04
2.863299851888999044e-04
-3.424499514009697121e-04
-3.151741048132561526e-04
-5.610583495476402028e-04
-9.198492433201930227e-04
-1.390463357062012321e-03
-1.953018011584029467e-03
-2.517665174564052977e-03
-2.889065712089767916e-03
-2.705386411872223555e-03
-1.411686125627460795e-03
1.769179588413275417e-03
7.797437933139538674e-03
1.775736657474653521e-02
3.309852602861027698e-02
5.725850896279837537e-02
8.066836205916368130e-02
7.263760425746811078e-02
5.504284066508964568e-02
3.964080515118995063e-02
3.173284462409104584e-02
3.412003295923050211e-02
4.942498052901129341e-02
8.085485560298345808e-02
1.301836987608884777e-01
1.926861492894320904e-01
2.497016376550437455e-01
2.669822013486625734e-01
1.955706998640139027e-01
1.307898622415990808e-01
9.411088027250656685e-02
6.870369554474499429e-02
4.979662184421657090e-02
3.553484855155954886e-02
2.488403617280818270e-02
1.709378852673617763e-02
1.151381186242741474e-02
7.598195537398674468e-03
4.887876093828451285e-03
3.017758745072875084e-03
1.695331889208640539e-03
6.976165356394496480e-04
-4.514970944696723503e-05
1.413891869278291024e-04
1.944035492856114363e-04
4.622338880233505367e-04
4.883859050271660909e-04
3.423073502766166049e-04
4.764521016101383650e-04
-5.454681927914670518e-04
2.594565141128599541e-04
9.316106379498552751e-05
-2.898518505248455805e-04
2.519458527125110082e-04
-2.147519376955496300e-04
-5.475980839149726786e-04
-9.179824711209801395e-04
-1.390232171716536532e-03
-1.953000520378271598e-03
-2.517666109407554198e-03
-2.889066713651809119e-03
-2.705388156092831346e-03
-1.411685974805792490e-03
1.769184539242873912e-03
7.797446258319830348e-03
1.775736891636885487e-02
3.309852430031540865e-02
5.725850924876684650e-02
8.066836297916582521e-02
7.263760627222307087e-02
5.504284239502939269e-02
3.964080521081458919e-02
3.173284506739063732e-02
3.412003532220775348e-02
4.942498286509747207e-02
8.085485476515531789e-02
1.301836937391488425e-01
1.926861449566669715e-01
2.497016375880424244e-01
2.669822006454916630e-01
1.955706980012698604e-01
1.307898624306536306e-01
9.411088493803249078e-02
6.870370197867380069e-02
4.979662103280745739e-02
3.553484396136284001e-02
2.488403671664584163e-02
1.709379162266176991e-02
1.151382049480160173e-02
7.598235822381223942e-03
4.888023385315554657e-03
3.018164988649622935e-03
1.695149734797048256e-03
6.812426950230434384e-04
-2.397325887799145135e-04
3.396262052898669647e-04
2.457773705597860641e-04
4.130505745266398968e-04
2.609396638405071583e-04
-6.072182378720601562e-05
-6.528608442190919929e-04
1.706488037871413345e-04
6.383661306033362173e-04
-5.801755547111115113e-04
4.205759132855207407e-04
5.517883777361770777e-04
-1.860780541020587192e-04
-5.391256844007859348e-04
-9.155753998844857284e-04
-1.389530107638000875e-03
-1.952799066418091367e-03
-2.517610759632450679e-03
-2.889049590211433850e-03
-2.705381192886281358e-03
-1.411683104587793669e-03
1.769187858936925031e-03
7.797445373524693017e-03
1.775736436159240997e-02
3.309852193143579535e-02
5.725850786325365621e-02
8.066835633993428567e-02
7.263759949290880813e-02
5.504284291348823799e-02
3.964080700140026892e-02
3.173284439519422767e-02
3.412003442698460787e-02
4.942498415235613285e-02
8.085485701981354190e-02
1.301836927977127190e-01
1.926861421752289472e-01
2.497016371169487881e-01
2.669822001002791767e-01
1.955706972763102403e-01
1.307898650054212797e-01
9.411088618744981038e-02
6.870369855149159599e-02
4.979661831755655133e-02
3.553484461950569967e-02
2.488404025385414914e-02
1.709379157030586904e-02
1.151382031718984830e-02
7.598257693545854181e-03
4.888143050477652615e-03
3.018765112602075310e-03
1.697519188442225564e-03
6.846599126792795968e-04
-3.092894979723659517e-04
-5.705859979272244432e-04
-4.869567378768209281e-04
3.087352654462483469e-04
-1.444591998028908330e-04
6.679230149567466244e-04
-3.839370334483588223e-04
-5.321445815344818305e-04
2.205500450253616612e-04
2.586885067904545732e-04
2.704784344508215583e-05
-5.542202556150479164e-04
1.644795521128505640e-05
3.561236513736662870e-04
7.382315188340297755e-04
1.292893525686029683e-03
2.178010391890172846e-03
3.622466900131659714e-03
5.971969180495179282e-03
9.710931004865204497e-03
1.550758688655904695e-02
2.417422815223742652e-02
3.675451144548342458e-02
5.455269461992241081e-02
8.016718177003240298e-02
1.216439073448635916e-01
1.613046932101784847e-01
1.428031272602133528e-01
1.052531095888821350e-01
7.052538508250492943e-02
4.703414299451467301e-02
3.628492746281117287e-02
3.841165969932357899e-02
5.386273346046722282e-02
8.328980421490116137e-02
1.249991531724454485e-01
1.687841854818440679e-01
1.889940013383375750e-01
1.423019751868085103e-01
9.473066161085855197e-02
6.593519221787698392e-02
4.583316543371919460e-02
3.133972558819860671e-02
2.102516808079349028e-02
1.383910795386815266e-02
8.971457368242521935e-03
5.739638794292988185e-03
3.630830172037813504e-03
2.258458582537533916e-03
1.350923828748417949e-03
7.069085118810307421e-04
1.465471509624394263e-04
-6.803689528069677530e-04
6.235496494276936315e-04
3.554983030580878924e-04
2.562919835742915285e-04
5.164806971844695949e-04
4.800688800061609848e-04
1.286429708712126269e-04
-6.307893552767992800e-04
-4.506777020391519316e-04
-1.482774345965867896e-04
-7.121997647415040118e-04
-4.282123935532630298e-04
3.729752506687399825e-05
3.662923432247596985e-04
7.413161549026769503e-04
1.293743712285554300e-03
2.178235625494644081e-03
3.622527517115209546e-03
5.971984242960182848e-03
9.710932390654016325e-03
1.550758591751268296e-02
2.417422984109214926e-02
3.675451556785800517e-02
5.455269269672409493e-02
8.016717701351752656e-02
1.216439063649772528e-01
1.613046939240610489e-01
1.428031288744538163e-01
1.052531112728149476e-01
7.052538528161343689e-02
4.703414335470197660e-02
3.628492973385403358e-02
3.841166131424902930e-02
5.386273129986120234e-02
8.328979882480624930e-02
1.249991501083429907e-01
1.687841879706376558e-01
1.889940033935434693e-01
1.423019758853746042e-01
9.473066508990278523e-02
6.593520013194634211e-02
4.583317287041117211e-02
3.133972513979580571e-02
2.102516462900504146e-02
1.383910768429273859e-02
8.971460534875172477e-03
5.739655461734293786e-03
3.630920724992939101e-03
2.258939620695693800e-03
1.353559319758763793e-03
7.219410486705351909e-04
2.374396421261035521e-04
-9.023258613440800365e-05
-7.467862752097764517e-04
-4.997817651490289118e-04
1.402059708704069538e-04
-5.600646404240086206e-04
-3.696150921559438504e-04
-4.705585845041911314e-04
4.873717360625168249e-04
5.196279678023191240e-04
-5.141959341061450332e-04
1.424425187002030177e-04
-4.397437558877563936e-04
5.539525663174401385e-05
3.737899305348795875e-04
7.431689084412142860e-04
1.294166517815059083e-03
2.178330046514996739e-03
3.622547577613292099e-03
5.971989390615834413e-03
9.710935093921204547e-03
1.550758823226064571e-02
2.417423043809616492e-02
3.675451061415040827e-02
5.455268529650719733e-02
8.016717223910801993e-02
1.216439050534747074e-01
1.613046905616540017e-01
1.428031253164694092e-01
1.052531147757525681e-01
7.052539079246518405e-02
4.703414549132196865e-02
3.628492921475180016e-02
3.841166084856732083e-02
5.386273121987320694e-02
8.328979585086930537e-02
1.249991451842545204e-01
1.687841851485899491e-01
1.889940007679216383e-01
1.423019741360249113e-01
9.473066875628628758e-02
6.593520357859325443e-02
4.583317203548226831e-02
3.133972589017380850e-02
2.102516788886771640e-02
1.383911081766720647e-02
8.971457986389090589e-03
5.739651151358063363e-03
3.630924838123130143e-03
2.258975508257341034e-03
1.353854201846888851e-03
7.242618449386530304e-04
2.559071987973009286e-04
6.259597772192826003e-05
3.464574649828706140e-04
3.966179237625349317e-04
6.006677256658317192e-04
6.634232475856449186e-05
3.591805350954535830e-04
-6.946286890210874500e-04
7.473476518372713191e-04
1.758078607752117141e-05
5.663369724329466327e-04
5.126614834203150391e-04
1.366771720342222147e-04
5.251176797193828506e-04
1.303350746421504678e-03
2.389635656958212419e-03
3.938624290478804149e-03
6.205317232586556910e-03
9.525120690842417762e-03
1.433866187653652299e-02
2.118725675302823505e-02
3.074466739619195407e-02
4.378427596082796330e-02
6.135962256833640827e-02
8.516159317728418110e-02
1.193864265951996712e-01
1.784227632518842477e-01
2.408525364615953235e-01
2.212406649734119934e-01
1.677974302066818080e-01
1.122921619484930633e-01
7.025563898128757423e-02
4.469079988881543425e-02
3.411817674631230368e-02
3.619725533065681206e-02
4.928720391644571958e-02
7.117796592154035373e-02
9.593506140387089709e-02
1.084167949265349984e-01
8.013569897192594771e-02
5.008952573857301110e-02
3.105502625776034378e-02
1.820305973308940228e-02
9.758084731356655994e-03
4.578762061064113945e-03
1.666440783345457229e-03
2.220200760056758389e-04
-3.629084195257686191e-04
-5.000569346838655950e-04
-4.454985498134825662e-04
-3.441343121383903391e-04
-2.771291137950243838e-04
-3.199615461379216245e-04
-6.342400929779587731e-04
-2.205543202561970054e-05
-4.729010644945036684e-04
1.139451508633205281e-04
-1.085880785860374555e-04
4.805963345991812793e-04
7.381165457388117043e-05
-1.614722372202878349e-04
9.756740655351875163e-06
-4.771953007376139306e-04
-3.536039224098706216e-04
-4.677178861916953109e-04
4.416051702006144235e-04
1.298876043628322333e-03
2.390796876046023204e-03
3.939290367127582480e-03
6.205549816678813425e-03
9.525192408027731428e-03
1.433867972799040928e-02
2.118725806975612844e-02
3.074466675042327249e-02
4.378427879565123526e-02
6.135962796988436718e-02
8.516159263633266141e-02
1.193864223830777421e-01
1.784227609332595665e-01
2.408525344994018047e-01
2.212406636217386646e-01
1.677974299549875870e-01
1.122921611007289960e-01
7.025563815751478813e-02
4.469080089089005892e-02
3.411817775500960992e-02
3.619725384569584536e-02
4.928720051603186630e-02
7.117796525302420851e-02
9.593506637458419639e-02
1.084167988468674737e-01
8.013570044123768943e-02
5.008952994144989790e-02
3.105503442812801440e-02
1.820306571569920567e-02
9.758083986692013545e-03
4.578760068680121781e-03
1.666439833843595328e-03
2.220236434480460776e-04
-3.628858126837433999e-04
-4.999392955666035528e-04
-4.448955242969512879e-04
-3.411345921498051999e-04
-2.630586478720838765e-04
-2.611376601762657496e-04
-4.556472725786449816e-04
6.115984537799446993e-04
-6.282884985456298676e-04
4.326094002758706404e-04
1.315079745432942617e-04
2.476320775103778532e-04
5.833735776853861670e-04
-6.780178759540731077e-04
5.412148299252031447e-04
5.635824251087154403e-05
2.698884397497961765e-04
3.633592509896492592e-04
5.498759446346704154e-04
1.309919766635298964e-03
2.391410254471771409e-03
3.939121769151235179e-03
6.205453772539817371e-03
9.525158179382606574e-03
1.433866879139467088e-02
2.118725583306473037e-02
3.074466936849309939e-02
4.378427871163628748e-02
6.135962277800011133e-02
8.516158752601632465e-02
1.193864194840557336e-01
1.784227613188932027e-01
2.408525346998356409e-01
2.212406641804415264e-01
1.677974367876738648e-01
1.122921688294500897e-01
7.025564059153406593e-02
4.469079909728122801e-02
3.411817578593512312e-02
3.619725331640478994e-02
4.928719804780720692e-02
7.117796033332234040e-02
9.593506302798253393e-02
1.084167963067826645e-01
8.013569876190244912e-02
5.008953323376804517e-02
3.105503614632173712e-02
1.820306218915769200e-02
9.758082678914398178e-03
4.578762099494755426e-03
1.666441164990427413e-03
2.220195332763045474e-04
-3.628942095738518694e-04
-4.999671242329440605e-04
-4.450502155152140761e-04
-3.419668940954128582e-04
-2.676279262060071717e-04
-2.881180928403687157e-04
-6.351272518261780534e-04
4.002339276935129933e-04
3.194309890375548674e-04
3.803458804562538350e-04
-6.989256881806997978e-04
-4.049179508684031393e-04
-1.855476199581987886e-05
3.134727672333847579e-04
3.720136900797130219e-04
-2.978937900312010243e-04
-2.686857260865446284e-04
-4.072599239805232627e-05
8.837332173040157550e-04
2.188314922441505356e-03
3.958825507125154387e-03
6.435893304880938894e-03
9.960209591593893047e-03
1.494307865532997631e-02
2.186266274949039481e-02
3.125356908530598637e-02
4.370015962485762628e-02
5.987804761767431816e-02
8.078721532877516931e-02
1.085493811227464939e-01
1.490861623249726542e-01
2.237869525008361615e-01
3.130453491297691682e-01
3.044952556629122453e-01
2.455962108660743048e-01
1.713688072438160903e-01
1.071160518498322778e-01
6.252655313675731241e-02
3.684624329167617007e-02
2.513903920160621280e-02
2.293945063515490795e-02
2.594598979118821827e-02
2.953054494661995141e-02
2.767080111515398191e-02
1.243142559737979262e-02
-6.211564423196923616e-04
-8.578771303689213326e-03
-1.264973154200281155e-02
-1.376857721475962908e-02
-1.293589192639059589e-02
-1.102284502509457732e-02
-8.735717340348732318e-03
-6.514583894860826938e-03
-4.610677859469896819e-03
-3.105065699473706555e-03
-1.988060222946846575e-03
-1.191941869474094032e-03
-6.457250521313543431e-04
-4.178444612814604634e-04
-8.308271069610982350e-06
3.894760582448630708e-04
2.970810507316657052e-04
-5.033654225642488671e-04
6.532060317431287759e-04
-5.019439533239086672e-04
-3.958701350601508779e-04
2.775350472534429441e-04
3.335046745045766874e-04
-3.867692111712509734e-04
1.222255545155194144e-07
8.584521745677020903e-04
2.184310502229523231e-03
3.958707680070921130e-03
6.436099645112336627e-03
9.960313876372276984e-03
1.494311705970774277e-02
2.186267253621039866e-02
3.125356936019582643e-02
4.370016009217710801e-02
5.987805121193463115e-02
8.078721969866729802e-02
1.085493799141575566e-01
1.490861587333635607e-01
2.237869511076072682e-01
3.130453480548968659e-01
3.044952542153152031e-01
2.455962094113499916e-01
1.713688047131544934e-01
1.071160494702362853e-01
6.252655351240406223e-02
3.684624470221677106e-02
2.513903853502547081e-02
2.293944755690080148e-02
2.594598849530273948e-02
2.953054942330522389e-02
2.767080490086217329e-02
1.243142623632274152e-02
-6.211532559351707825e-04
-8.578764664901466358e-03
-1.264972822554102753e-02
-1.376857854086755914e-02
-1.293589274142916377e-02
-1.102284654487242256e-02
-8.735713513060327715e-03
-6.514558159353444657e-03
-4.610542875199045640e-03
-3.104319991516136471e-03
-1.983887947696605369e-03
-1.168343718227755337e-03
-5.101770779023417001e-04
3.751869628542964653e-04
5.435449445973468191e-04
-3.471420999435272949e-04
4.209128268892613385e-04
3.358156112263541940e-04
1.814618325112072998e-04
4.035734609846526382e-04
-2.133352437420152489e-04
-3.753919199841111742e-04
1.703639766909930374e-04
1.244892803014299247e-05
-6.380337078919156397e-04
7.933875966691875808e-04
2.172130281865971083e-03
3.955821061758013624e-03
6.435303021065241422e-03
9.960084246125443935e-03
1.494305165953280050e-02
2.186265341091314651e-02
3.125356593101553254e-02
4.370016509298163543e-02
5.987805242601221961e-02
8.078721563065995037e-02
1.085493776918725062e-01
1.490861582931847507e-01
2.237869523007496586e-01
3.130453483378036750e-01
3.044952541199452134e-01
2.455962145705314625e-01
1.713688108774903129e-01
1.071160517042702293e-01
6.252655308076032759e-02
3.684624410043016440e-02
2.513903862372993125e-02
2.293944600197994968e-02
2.594598445814403145e-02
2.953054719203642223e-02
2.767080473798674486e-02
1.243142582608530201e-02
-6.211517749322945656e-04
-8.578767567158104498e-03
-1.264973683263593586e-02
-1.376858330859430726e-02
-1.293589215362595662e-02
-1.102284648551173432e-02
-8.735718451175862251e-03
-6.514569529402059085e-03
-4.610597376002165300e-03
-3.104622107159437164e-03
-1.985434728939863228e-03
-1.175503593321438906e-03
-5.368204821462195693e-04
3.429966789596681988e-04
2.308876337372366659e-04
-6.213224090844267052e-04
-6.840401704912321516e-04
-3.103825555127915801e-04
-3.484923196071777426e-04
4.147042420966408631e-04
-4.250750709932404935e-04
-1.079878250799678297e-04
7.146286508336610827e-04
3.022121476814939320e-04
4.662875304251358510e-04
1.284073756794482709e-03
3.021714691959867007e-03
5.393990187875558409e-03
8.686653339217059733e-03
1.329746782089181317e-02
1.968208894099042136e-02
2.830964300922012011e-02
3.966329195428884569e-02
5.418302451625706118e-02
7.241709864670645147e-02
9.527417108832261783e-02
1.252234663521355207e-01
1.696900602089603527e-01
2.562523268598899673e-01
3.707448150213465965e-01
3.823129495578720949e-01
3.344478345902364147e-01
2.525546137668222557e-01
1.654009206084652572e-01
9.522038147955341758e-02
4.818882922972207716e-02
1.906723217876825360e-02
1.411634468139659569e-04
-1.634201436882215530e-02
-3.539753161081399258e-02
-5.452336562121756769e-02
-5.821853679263040010e-02
-5.372217678545897906e-02
-4.965195098423058617e-02
-4.412666315207693091e-02
-3.738836930826068550e-02
-3.026088089509244849e-02
-2.341132728688737411e-02
-1.737756464223372613e-02
-1.238611823601375693e-02
-8.495375855016293332e-03
-5.596387506440691877e-03
-3.516859353888164650e-03
-2.044377739309849451e-03
-9.784256101946441596e-04
-2.283738525741385703e-04
-4.207881574124348770e-04
-6.658761812772528987e-04
4.836781858215596637e-04
-3.273715625890735465e-04
-4.822169303475757176e-04
5.595435235318935293e-04
-1.189125480218108493e-04
-5.489724233617589275e-05
4.774811102829844365e-04
5.541604132829144218e-05
-6.062652307884012310e-04
1.145035167806276013e-03
3.003197273245085831e-03
5.391341085904424214e-03
8.686247801525643839e-03
1.329740070253371612e-02
1.968207808151610158e-02
2.830963931739585021e-02
3.966328868874788305e-02
5.418302357892937349e-02
7.241710048390206933e-02
9.527417282371081209e-02
1.252234643264949210e-01
1.696900577972031976e-01
2.562523267880102429e-01
3.707448149473366317e-01
3.823129481353933490e-01
3.344478322969379747e-01
2.525546106360130882e-01
1.654009182602059758e-01
9.522038192332796247e-02
4.818882972572471890e-02
1.906722988392578824e-02
1.411585096197660438e-04
-1.634201782702772443e-02
-3.539752905374510955e-02
-5.452336316389525678e-02
-5.821853823752583951e-02
-5.372217640502546104e-02
-4.965194767343063947e-02
-4.412666322497230120e-02
-3.738837116129200416e-02
-3.026088049093614632e-02
-2.341132811375786285e-02
-1.737756064029575762e-02
-1.238609909794931990e-02
-8.495293287136074581e-03
-5.595948995733946579e-03
-3.514393208204243547e-03
-2.029861161778224489e-03
-8.881142885887888944e-04
3.683038881628140199e-04
4.254630528282830914e-04
1.008972119981044619e-04
3.413511544481176983e-04
4.756586744376688040e-04
-4.280966959154893945e-04
6.636686322969204046e-04
6.822862011196511450e-04
-4.013344079602763903e-05
-4.639854235422150096e-04
4.070212763414312153e-04
-4.846933368354535343e-05
1.209126275648451151e-03
3.006240137390493814e-03
5.390444163914543708e-03
8.685765603484109712e-03
1.329723392231474573e-02
1.968202858336376426e-02
2.830962446653597156e-02
3.966328690472636920e-02
5.418302983419399227e-02
7.241710191446236455e-02
9.527416846350846014e-02
1.252234623408088332e-01
1.696900573786376820e-01
2.562523266567358071e-01
3.707448130785867546e-01
3.823129458855388241e-01
3.344478353128148562e-01
2.525546150588796612e-01
1.654009196864757725e-01
9.522038184381008408e-02
4.818882925341459733e-02
1.906722973262900411e-02
1.411582214640753560e-04
-1.634202108650807672e-02
-3.539753250919651373e-02
-5.452336395828269455e-02
-5.821853720461860060e-02
-5.372217178291898571e-02
-4.965194611356825438e-02
-4.412666713887560682e-02
-3.738837282912385596e-02
-3.026087901813839451e-02
-2.341132964975807529e-02
-1.737756744641471424e-02
-1.238611191391782856e-02
-8.495359360042328487e-03
-5.596377709321045078e-03
-3.517179887890995588e-03
-2.048217735667728304e-03
-1.011612815912303056e-03
-4.829065084460714471e-04
-4.818497453592881390e-05
6.270677208471075147e-04
-3.776461353543625202e-04
1.727553947463941503e-04
-3.795076680943382176e-04
-9.961705559415566773e-05
6.436269827042444833e-04
2.748109991241918615e-04
4.187334364437225970e-04
-2.379348454828167630e-04
-6.266250269968625481e-04
1.425873290368148824e-03
3.727946660931435226e-03
6.622232108076449297e-03
1.059003235924967264e-02
1.608343202416708320e-02
2.358074368709365404e-02
3.351587360168843677e-02
4.630058384544476907e-02
6.222323105743086252e-02
8.170425106509446311e-02
1.055650628698393545e-01
1.364841756818145624e-01
1.830020139177826466e-01
2.771079917593353148e-01
4.102056595150288532e-01
4.425772352346387106e-01
4.187382972421064831e-01
3.505534593963233747e-01
2.522003061861352591e-01
1.530825203363868903e-01
7.531603533626626823e-02
1.996707453036949964e-02
-2.223971617516587451e-02
-6.274371278681768749e-02
-1.067391996424312539e-01
-1.419548692634369502e-01
-1.297586456554173096e-01
-1.050043698810838450e-01
-8.821542149606775851e-02
-7.313855649661750447e-02
-5.892924666312330390e-02
-4.593718834689995700e-02
-3.455918325934499019e-02
-2.510694523270466313e-02
-1.760715113791996508e-02
-1.192653483325688962e-02
-7.782702692319347533e-03
-4.848568772538082265e-03
-2.772161429639616401e-03
-1.175503066158290703e-03
6.043909181243249445e-04
4.524177750637941122e-04
-2.075611674476916585e-04
-4.057059180580549983e-04
4.088060441000847516e-04
8.564403917022565197e-05
3.292354544971869438e-04
-3.825616165355408401e-04
-1.102668776884723064e-04
4.528790005808560541e-04
-3.273828055139198115e-04
9.854496044039683382e-05
1.520605963898373188e-03
3.734757412730604475e-03
6.621713698168179077e-03
1.058956014116493698e-02
1.608325585287496279e-02
2.358068964714931867e-02
3.351585636042806599e-02
4.630057671606242070e-02
6.222322910614710295e-02
8.170425280172771698e-02
1.055650646423762773e-01
1.364841749608468879e-01
1.830020130220885999e-01
2.771079921145236935e-01
4.102056595971412811e-01
4.425772343337457948e-01
4.187382961185791563e-01
3.505534580937385569e-01
2.522003056851635505e-01
1.530825216403097766e-01
7.531603534249078913e-02
1.996707150430448996e-02
-2.223972212603453000e-02
-6.274371858601850149e-02
-1.067391998855737600e-01
-1.419548681373801469e-01
-1.297586483164239191e-01
-1.050043717119623216e-01
-8.821542078047742153e-02
-7.313855786721576435e-02
-5.892924669891267536e-02
-4.593718537548464875e-02
-3.455918269261509107e-02
-2.510694314980148334e-02
-1.760714679408724101e-02
-1.192654670418555850e-02
-7.782870709381418083e-03
-4.850109000885186039e-03
-2.785027605036776571e-03
-1.278707755281164888e-03
-2.082239362226381266e-04
-2.960351526970544846e-04
3.001727018573830557e-04
3.707338088721528948e-04
-5.554573077275698576e-04
3.741953094135965960e-04
6.540511627925850793e-04
6.170297240072892923e-04
2.713540295081477336e-04
-1.159695585345630827e-04
6.981292382709270740e-06
-1.549121114453833276e-04
1.495726812023675904e-03
3.731600905267002267e-03
6.621264346014963179e-03
1.058946910623333008e-02
1.608323011293300714e-02
2.358068271660668236e-02
3.351585283387260861e-02
4.630057670864574926e-02
6.222323429229963815e-02
8.170425386292719250e-02
1.055650614988871139e-01
1.364841748493740015e-01
1.830020140573126175e-01
2.771079927881837657e-01
4.102056591746890413e-01
4.425772342565529316e-01
4.187383006626060888e-01
3.505534618782554235e-01
2.522003037146761106e-01
1.530825175090767543e-01
7.531603131257864903e-02
1.996706899127679777e-02
-2.223972104409644920e-02
-6.274371835834798017e-02
-1.067391999768876609e-01
-1.419548650172012261e-01
-1.297586435986947118e-01
-1.050043649633214671e-01
-8.821541803855567632e-02
-7.313856085045072897e-02
-5.892924796647828339e-02
-4.593718372128248462e-02
-3.455918418827373662e-02
-2.510694743314597840e-02
-1.760714649976512572e-02
-1.192653407018898562e-02
-7.782802576514747522e-03
-4.849717549209905769e-03
-2.782588119623563994e-03
-1.262507534376246764e-03
-9.547927294149053366e-05
-2.240996790401916805e-04
-6.413669873862819877e-04
-6.115209687172119693e-04
-3.340671143233385140e-04
4.012176949007151944e-04
-2.329923982252552156e-04
3.866343842100809444e-05
5.886150458482110933e-04
-6.647350058771303366e-04
-4.156451751218587687e-04
-5.572029328091593651e-04
1.653627247582260644e-03
4.285998699522100032e-03
7.573891084238834788e-03
1.205397730244738529e-02
1.820612746591061815e-02
2.651646383697004936e-02
3.737783638467125774e-02
5.113260569844840092e-02
6.794317158483771657e-02
8.812179717293602832e-02
1.124251449441839856e-01
1.436174464403363327e-01
1.909433373978788873e-01
2.889819817305424032e-01
4.328029177613891831e-01
4.803413655871349719e-01
4.816362931983272921e-01
4.447665885581400524e-01
3.633274369396087278e-01
2.469640724991133129e-01
1.285718316733209521e-01
3.124833125467259970e-02
-4.757744536279524122e-02
-1.215257093443966041e-01
-1.932839343688342593e-01
-2.370785452109329394e-01
-1.983116655977260889e-01
-1.497882587728743831e-01
-1.204452531701266649e-01
-9.683193646013178724e-02
-7.638286425483618858e-02
-5.858344093621711129e-02
-4.354612042650320147e-02
-3.132332767453793743e-02
-2.179676752569902759e-02
-1.466834717589051741e-02
-9.523180801924355926e-03
-5.907602864423464745e-03
-3.373779815658793039e-03
-1.514624953912640940e-03
-8.302637812126097410e-05
-2.718985251730433464e-06
-4.175660115760403850e-04
3.679686617449829051e-04
-4.041951130249571119e-04
-5.343252719328451562e-04
-7.122272982918677244e-04
7.605023567711713666e-05
-2.001088924910510635e-04
-3.715453886474343113e-04
2.813066298678335562e-04
6.697201107151968624e-05
1.756988440913726662e-03
4.295425069137082628e-03
7.573854002549944286e-03
1.205354416701587966e-02
1.820593839441365241e-02
2.651640062583633661e-02
3.737781624631310307e-02
5.113259797659632649e-02
6.794316882253154111e-02
8.812179741625966733e-02
1.124251452339826290e-01
1.436174459255368796e-01
1.909433373787382815e-01
2.889819825132458608e-01
4.328029182799619790e-01
4.803413649059838919e-01
4.816362921845081524e-01
4.447665874948020237e-01
3.633274373542448865e-01
2.469640756262949655e-01
1.285718339798192777e-01
3.124833137112021861e-02
-4.757744788726193247e-02
-1.215257132563863224e-01
-1.932839338025698905e-01
-2.370785419558930351e-01
-1.983116660459269265e-01
-1.497882600397419939e-01
-1.204452531568411394e-01
-9.683193807556636501e-02
-7.638286376512047615e-02
-5.858343860096481420e-02
-4.354612183926925839e-02
-3.132332983172858576e-02
-2.179677104939365534e-02
-1.466837272850588653e-02
-9.523308859906952362e-03
-5.908151834525270443e-03
-3.375565329750680396e-03
-1.514945586707958005e-03
-1.337179841152692128e-05
-5.630767105380686364e-05
-3.572491015226115737e-04
3.386638369538449403e-04
-2.411665423451401667e-04
-6.836460195200280568e-04
2.582375321937271581e-04
2.655437843851751680e-04
-5.537262984268942435e-04
1.031912535305544929e-05
-3.421270054719072282e-04
1.001853718612966555e-04
1.766612068740086409e-03
4.301835107174551733e-03
7.575996456010537262e-03
1.205417053195386411e-02
1.820611082280905457e-02
2.651644801856342312e-02
3.737782772644741847e-02
5.113260117258983800e-02
6.794317298481239442e-02
8.812179742405637506e-02
1.124251422025090569e-01
1.436174463892120334e-01
1.909433390784003315e-01
2.889819839989858918e-01
4.328029193857955148e-01
4.803413667295001743e-01
4.816362984192955055e-01
4.447665924864996900e-01
3.633274354738775802e-01
2.469640711980111980e-01
1.285718288696310885e-01
3.124832668020699825e-02
-4.757744620523873813e-02
-1.215257095352437339e-01
-1.932839303796579922e-01
-2.370785364056892941e-01
-1.983116611077515856e-01
-1.497882562752423097e-01
-1.204452549591503996e-01
-9.683194505257815277e-02
-7.638286775952114749e-02
-5.858343802651978793e-02
-4.354612284947455281e-02
-3.132332958710087184e-02
-2.179675488556812035e-02
-1.466828206201911157e-02
-9.522786897517702617e-03
-5.905038290764148476e-03
-3.356310816779700234e-03
-1.391190070330299792e-03
8.141357691332440838e-04
-6.990954853354176346e-04
-5.274787680299405966e-04
2.786405736211702865e-04
9.802517333734577637e-05
-1.437768940305964081e-04
3.082652928389835348e-04
5.186506951773695029e-04
-9.418750708448872251e-05
-6.496179361430647710e-04
5.152893789092377998e-04
-4.852865798150813930e-04
1.826346124628497151e-03
4.662899915572119719e-03
8.199668978976611816e-03
1.300696749359780274e-02
1.957746464005846385e-02
2.839763862605263964e-02
3.982803809349352159e-02
5.416198276341774309e-02
7.148089096587170732e-02
9.202828341906008069e-02
1.165313181067062359e-01
1.477824002309207074e-01
1.954230758654139366e-01
2.953039275848126644e-01
4.441681214597802407e-01
4.998050058598383916e-01
5.175760143698785454e-01
5.095263841210349032e-01
4.645194926905419908e-01
3.654065410405200609e-01
2.163531341279966158e-01
5.811931714858557807e-02
-8.088155662478227481e-02
-2.010399795471774498e-01
-2.935911788407041811e-01
-3.270113820254162418e-01
-2.530903450238387031e-01
-1.821485698001061304e-01
-1.427175777800931133e-01
-1.128540640776053289e-01
-8.812757595246217823e-02
-6.707557453667672975e-02
-4.959274321328429463e-02
-3.550468342276116851e-02
-2.461416748648008468e-02
-1.650756846988496798e-02
-1.068804480629906642e-02
-6.615835780946450334e-03
-3.781089432759996306e-03
-1.743438104277403485e-03
-3.132087088606153209e-04
2.590629445909875214e-04
-7.143142394614155049e-04
-1.622009420806360346e-04
-7.053600457733085469e-05
3.514146409802080726e-04
-5.277615912445753977e-04
5.977294386418559064e-05
-8.017134689480133827e-05
-7.109117092177124958e-04
-9.754983417466437236e-05
-2.920923790448698540e-04
1.857942689558313458e-03
4.667550506391280815e-03
8.199922953995426173e-03
1.300680758308228775e-02
1.957737061654986691e-02
2.839760264898732664e-02
3.982802660057068594e-02
5.416197850933140295e-02
7.148088904247569542e-02
9.202828267190814315e-02
1.165313169511891928e-01
1.477823996183108002e-01
1.954230762381891084e-01
2.953039282744073790e-01
4.441681215515877468e-01
4.998050041607612348e-01
5.175760121017883852e-01
5.095263817118840244e-01
4.645194923035111390e-01
3.654065450641129642e-01
2.163531386136025580e-01
5.811932073087439088e-02
-8.088155434113246389e-02
-2.010399797754885143e-01
-2.935911772424248389e-01
-3.270113790515980501e-01
-2.530903461279078726e-01
-1.821485735053452459e-01
-1.427175816231582017e-01
-1.128540681062882856e-01
-8.812757602051113359e-02
-6.707557250472598320e-02
-4.959274516378879560e-02
-3.550468741174478415e-02
-2.461417688955532673e-02
-1.650761498505418437e-02
-1.068823370578830985e-02
-6.616358695386023205e-03
-3.780174080328271673e-03
-1.710390405309557618e-03
7.701249443505683531e-05
-1.421668157722716949e-04
3.801999249136847679e-04
-3.461168337021541244e-04
7.276262069594958623e-04
5.545626391447088183e-04
2.492414006453282549e-04
-7.317961340698990068e-04
-1.033312717847027049e-05
-4.980980668528500657e-04
-3.946260811698503270e-04
8.216048375172703687e-06
1.913915964313629790e-03
4.684151760174565769e-03
8.204378769491298823e-03
1.300798396810825056e-02
1.957767922698328347e-02
2.839768531495794751e-02
3.982804850625313448e-02
5.416198442645954458e-02
7.148089272050076048e-02
9.202828218224151646e-02
1.165313138910349378e-01
1.477823993582440265e-01
1.954230764563894829e-01
2.953039278370016563e-01
4.441681205412571498e-01
4.998050040018908735e-01
5.175760165472766960e-01
5.095263866097293759e-01
4.645194933245597735e-01
3.654065455508347382e-01
2.163531381410070953e-01
5.811931834410214576e-02
-8.088155209948533209e-02
-2.010399774884265300e-01
-2.935911780891661271e-01
-3.270113788946970579e-01
-2.530903446494352504e-01
-1.821485712293270109e-01
-1.427175827142940778e-01
-1.128540735409536977e-01
-8.812757932690477858e-02
-6.707557225348816099e-02
-4.959274643028705604e-02
-3.550468474303641181e-02
-2.461415363282555904e-02
-1.650750869268565596e-02
-1.068773718220812630e-02
-6.614171723532979476e-03
-3.771849715841996218e-03
-1.691212098457792147e-03
-1.689750275791145843e-05
4.640854324354367559e-05
-4.576462206759067766e-04
6.970806638460911491e-04
6.998547275050973678e-04
-5.212737901886860172e-04
4.272137360953680535e-04
-4.833332669486492907e-04
-1.031137861039025267e-04
4.687071803447601321e-04
-4.350264151699960707e-04
2.669825791784564690e-04
2.001271540111875143e-03
4.831358943877421541e-03
8.458408784402262487e-03
1.339829170874881278e-02
2.013873897248577224e-02
2.916367918834707890e-02
4.081928913785816404e-02
5.537643879683861597e-02
7.288367735962120175e-02
9.355259050740506732e-02
1.180991453281207137e-01
1.493064637789421889e-01
1.969375484883241489e-01
2.971574957775532932e-01
4.469354353023602400e-01
5.047953732806000904e-01
5.283380805733322028e-01
5.330011499328441982e-01
5.113096117536326535e-01
4.409888931324308925e-01
2.950964065881895304e-01
8.959685695553949725e-02
-1.144618340371584553e-01
-2.715101380652003571e-01
-3.627812644821706844e-01
-3.761137955950219491e-01
-2.788954269241046280e-01
-1.962251971387136140e-01
-1.520645817540734468e-01
-1.194782425424527617e-01
-9.297202547879325485e-02
-7.058077408553989351e-02
-5.209734315551895617e-02
-3.723999644820864124e-02
-2.578543324307792581e-02
-1.727180534883851482e-02
-1.117104298191928802e-02
-6.904998314453110984e-03
-3.923274622428358886e-03
-1.674756473639415133e-03
6.401157870091876570e-04
5.329989045670660217e-04
-3.512267262803567117e-04
6.901043929346019346e-04
-6.190204217174252689e-04
2.543105582164386183e-04
-2.218348787940072541e-04
-5.151351460393903316e-04
1.616512830663090683e-04
-3.091264979634490207e-04
-6.007717813335765447e-05
-2.665281774780774073e-04
1.932402257588684055e-03
4.821733473179562295e-03
8.456771339279349486e-03
1.339794508422508662e-02
2.013865102223494005e-02
2.916365500506457736e-02
4.081928367196226842e-02
5.537643769368866264e-02
7.288367675382706468e-02
9.355258966335186499e-02
1.180991438085008949e-01
1.493064639680754258e-01
1.969375500659601708e-01
2.971574976458460360e-01
4.469354371950018945e-01
5.047953736683613579e-01
5.283380805697260874e-01
5.330011490253353523e-01
5.113096108762902325e-01
4.409888951866742790e-01
2.950964094756680645e-01
8.959685876351952682e-02
-1.144618332365505142e-01
-2.715101381458664420e-01
-3.627812644399791009e-01
-3.761137952719419975e-01
-2.788954284293073127e-01
-1.962252011252907935e-01
-1.520645868066332063e-01
-1.194782467883562654e-01
-9.297202462493296682e-02
-7.058077129580589415e-02
-5.209734484821672285e-02
-3.724000160461521380e-02
-2.578545218874083583e-02
-1.727191887331053569e-02
-1.117170473741512654e-02
-6.908932686143922502e-03
-3.947471807860790556e-03
-1.829971964528442257e-03
-4.033347923499759255e-04
-3.628979294297311948e-04
4.459598114580754337e-04
-6.091483466735028414e-04
6.627318598603323041e-04
-4.954106022746615143e-04
-1.811893267846995093e-04
4.292307667345659290e-04
5.970029441011983837e-04
2.128565887054330991e-04
-6.000848525382452637e-04
1.094974132284603325e-04
2.017474990465471796e-03
4.844519328094706173e-03
8.462377773329022440e-03
1.339931172990620548e-02
2.013898618902397811e-02
2.916373932773923261e-02
4.081930476505130773e-02
5.537644221847883019e-02
7.288367855636734838e-02
9.355258859088227963e-02
1.180991414654589122e-01
1.493064644148471287e-01
1.969375508914522066e-01
2.971574978745462614e-01
4.469354369160733476e-01
5.047953731993906068e-01
5.283380824582774027e-01
5.330011510983119205e-01
5.113096114389076297e-01
4.409888963125588313e-01
2.950964097426095889e-01
8.959685860829631754e-02
-1.144618289825665991e-01
-2.715101349056812108e-01
-3.627812658779355215e-01
-3.761137971879562336e-01
-2.788954285585945603e-01
-1.962251996604902071e-01
-1.520645865623410364e-01
-1.194782494074063395e-01
-9.297202550731376025e-02
-7.058076989379320765e-02
-5.209734488482054005e-02
-3.723999562895669718e-02
-2.578541941933023413e-02
-1.727176649813393083e-02
-1.117095058648223845e-02
-6.905177968064607832e-03
-3.928531955879279239e-03
-1.731414233799461475e-03
1.409689644060174436e-04
-5.853088631863647123e-04
1.531787187977375747e-04
-2.108406746754769789e-04
4.471231308478802280e-04
-4.349655173798703308e-04
4.695861814958701718e-04
5.293023029703904699e-04
-7.690511567015434577e-05
-5.193675760861790483e-04
-1.813415223952443624e-05
-7.326803675378472554e-04
1.842115296012419726e-03
4.733574150347643998e-03
8.327742701447865895e-03
1.320672992908716349e-02
1.986626903502224095e-02
2.879298400325041446e-02
4.034050299801468509e-02
5.479129573217046689e-02
7.221004763231571311e-02
9.282513820252610848e-02
1.173587034823310171e-01
1.486028267918304002e-01
1.962699668920157847e-01
2.964079182577293858e-01
4.459507440968525915e-01
5.029077258644745196e-01
5.238257836966675463e-01
5.223591982245494592e-01
4.886740245292374718e-01
4.017920480736691946e-01
2.510872995986132006e-01
7.108889394356211755e-02
-9.476585062653020142e-02
-2.317343286949698489e-01
-3.259322891343859885e-01
-3.512932171292691974e-01
-2.662458910386733546e-01
-1.894371935217070424e-01
-1.475898757740159439e-01
-1.163124591266197355e-01
-9.065517880041783216e-02
-6.890132167686972842e-02
-5.089432442980711124e-02
-3.640416662550770288e-02
-2.521933010696553526e-02
-1.690081712701393957e-02
-1.093503555115621535e-02
-6.761451660569726442e-03
-3.845430057461308223e-03
-1.677701160990259293e-03
2.428513224992797867e-04
-3.202735004293658485e-04
-1.891964136737491549e-04
4.348030174125861748e-04
4.387964323034533750e-04
-7.374227910849145366e-04
2.570375915906247940e-04
-2.944225634718690321e-05
2.099820884921094969e-04
-5.471736528291247167e-04
4.018233889172408515e-04
-5.160131183764850001e-04
1.847177732551348551e-03
4.727646175407009509e-03
8.325970860642614713e-03
1.320633446142859685e-02
1.986619041002094313e-02
2.879296920134530660e-02
4.034050108334905071e-02
5.479129518075624705e-02
7.221004620320613243e-02
9.282513599896229095e-02
1.173587013395619577e-01
1.486028281983939325e-01
1.962699702938577317e-01
2.964079216874334621e-01
4.459507476606516252e-01
5.029077277961599979e-01
5.238257852487234745e-01
5.223591988008704501e-01
4.886740234967388297e-01
4.017920484404934878e-01
2.510873017461536238e-01
7.108889399264620157e-02
-9.476585257365816028e-02
-2.317343288858166594e-01
-3.259322904719292868e-01
-3.512932188565865976e-01
-2.662458910919176525e-01
-1.894371945726155693e-01
-1.475898785875330022e-01
-1.163124613667451956e-01
-9.065517598676842148e-02
-6.890131784104222556e-02
-5.089432580048140059e-02
-3.640417202911793576e-02
-2.521934890537771978e-02
-1.690091903698235157e-02
-1.093557851753924025e-02
-6.764310300471481838e-03
-3.860119128426487724e-03
-1.749723572873238767e-03
-7.681628970415347983e-05
-4.925595427402474366e-04
-4.316779803870604820e-04
3.408556600353137189e-04
-3.317629339680848769e-04
3.931720357821016833e-04
3.001399755856053501e-04
1.959339469906133636e-04
3.390886725989849474e-04
4.898011114381886416e-04
2.756347014076085053e-04
5.480979530151532239e-04
2.018032830542695281e-03
4.760026916193407266e-03
8.332229442626059093e-03
1.320759221750367890e-02
1.986645371117699843e-02
2.879302727771796550e-02
4.034051323299479158e-02
5.479129541293514816e-02
7.221004483860568590e-02
9.282513370535569464e-02
1.173586994617938362e-01
1.486028293550537283e-01
1.962699716242556625e-01
2.964079222355352483e-01
4.459507482457213401e-01
5.029077279028094649e-01
5.238257855362677962e-01
5.223591990683018604e-01
4.886740239668324604e-01
4.017920484236666145e-01
2.510872986824393416e-01
7.108889255622101444e-02
-9.476584709669207129e-02
-2.317343217820890255e-01
-3.259322870324755095e-01
-3.512932178270772865e-01
-2.662458912796569210e-01
-1.894371952250143709e-01
-1.475898795080505810e-01
-1.163124634298754317e-01
-9.065517599092322298e-02
-6.890131593434677126e-02
-5.089432413443816666e-02
-3.640416227964698298e-02
-2.521930705806885858e-02
-1.690072351132522813e-02
-1.093459814049434209e-02
-6.759405613668345754e-03
-3.835707081080161947e-03
-1.629462265820646452e-03
5.020046489638941385e-04
-7.554508151245428000e-04
6.187914972972147519e-06
2.681207393640157592e-04
-4.593252138709538355e-04
-3.134579493913049967e-04
-3.286113242495628840e-04
3.156336479569280267e-04
6.369108978186305021e-04
-6.452422557705752649e-04
1.429680009190635354e-04
8.802502367422266900e-05
1.837684013938984534e-03
4.452271658000804717e-03
7.832445926516905244e-03
1.244753442560386607e-02
1.877354711910415169e-02
2.729603982244471067e-02
3.839498187513902538e-02
5.239270293000886092e-02
6.941804708482066100e-02
8.975451509945264750e-02
1.141453842934584961e-01
1.453690045273348386e-01
1.928413276748157101e-01
2.917119598973439420e-01
4.378496404195628688e-01
4.890168440219198054e-01
4.973515088854822963e-01
4.718888738046741471e-01
4.025140851794049568e-01
2.877462318220054271e-01
1.553574139073126137e-01
3.855027449438439696e-02
-5.782331285765669043e-02
-1.466157910965221745e-01
-2.277259320753271532e-01
-2.706539377002652458e-01
-2.199160391612918763e-01
-1.629237735033395307e-01
-1.295959896204722794e-01
-1.034478781886442322e-01
-8.123370272007918169e-02
-6.208807529761303790e-02
-4.603617327265561304e-02
-3.304156039876054302e-02
-2.295107351924635317e-02
-1.541902239244482935e-02
-9.996425163528230642e-03
-6.195270068147920584e-03
-3.544645913544171648e-03
-1.626250752642593739e-03
-1.760992868002813955e-04
5.150581065590056386e-04
8.782571341087507335e-05
3.906155898131822624e-04
6.922724822466516442e-04
-3.440696193395568147e-04
4.676461750884580563e-04
-2.556650400008527542e-04
-3.966699437081373987e-05
2.638010140274839039e-04
-2.051093833979840192e-04
-6.632098923150238443e-04
1.733057533098282402e-03
4.440819590390072263e-03
7.831542206767296357e-03
1.244761090759924360e-02
1.877361737477174775e-02
2.729606657396334984e-02
3.839499076492131069e-02
5.239270487404412702e-02
6.941804592243785987e-02
8.975451226187711185e-02
1.141453815322602816e-01
1.453690059084873643e-01
1.928413304397420258e-01
2.917119613667530365e-01
4.378496412886198064e-01
4.890168434728055513e-01
4.973515086910845207e-01
4.718888741240825357e-01
4.025140841827474780e-01
2.877462332064956163e-01
1.553574190904518926e-01
3.855027795832347004e-02
-5.782331201447837160e-02
-1.466157901756552639e-01
-2.277259357669007833e-01
-2.706539433632487168e-01
-2.199160411515014013e-01
-1.629237748612546721e-01
-1.295959924059722768e-01
-1.034478799924989090e-01
-8.123369865289614689e-02
-6.208806982387521378e-02
-4.603617254282010851e-02
-3.304156350286450300e-02
-2.295108645657937749e-02
-1.541908644221718153e-02
-9.996725726400609510e-03
-6.196641937247062207e-03
-3.550600772203287535e-03
-1.650126278767185791e-03
-2.605397805953923139e-04
-2.663864063295473951e-04
4.354757858590561069e-04
4.338470632758168323e-04
5.227480100656030446e-04
6.695272767536315697e-04
-1.652787322569519452e-04
-3.807458305618347362e-04
-5.066822401577996239e-04
2.136391643724024406e-04
-4.136595483189126044e-04
-2.824624555954776653e-04
1.807951178268649975e-03
4.452709814829946579e-03
7.833395426956941965e-03
1.244787060879146666e-02
1.877364571820980613e-02
2.729606830295751643e-02
3.839498974571647905e-02
5.239270236691979249e-02
6.941804416818402046e-02
8.975451068379554365e-02
1.141453803561733593e-01
1.453690065594494540e-01
1.928413301380722811e-01
2.917119597612005677e-01
4.378496405660322055e-01
4.890168430733962124e-01
4.973515076360475740e-01
4.718888745612710434e-01
4.025140878192314808e-01
2.877462364176476273e-01
1.553574169503643132e-01
3.855027475343730109e-02
-5.782331044063170056e-02
-1.466157870777219929e-01
-2.277259347447605775e-01
-2.706539426867866638e-01
-2.199160419349688034e-01
-1.629237773008084533e-01
-1.295959944641109085e-01
-1.034478823610474330e-01
-8.123369953467872440e-02
-6.208806917384232515e-02
-4.603617058721373029e-02
-3.304155171765420923e-02
-2.295103881656032282e-02
-1.541886120770909370e-02
-9.995580012756031044e-03
-6.190801018195845988e-03
-3.520636201804785287e-03
-1.494569885020329870e-03
5.628813070825606536e-04
2.665977680032449119e-04
-4.406666385131257670e-04
2.535095237436009669e-04
3.334773836048946405e-04
3.950241058533306626e-04
4.038868885011368155e-04
6.007184264499471635e-04
-3.469689365455009438e-04
-6.186321711747289412e-04
6.166834613778491517e-04
4.873316395872978103e-04
1.751220634710101264e-03
3.988885040419634827e-03
7.003367957535409395e-03
1.116136958560827799e-02
1.690750916641560811e-02
2.472072662083921873e-02
3.501946195578681253e-02
4.818969913472413713e-02
6.447176269156537631e-02
8.424542974088258807e-02
1.083069275796854219e-01
1.393762737271948271e-01
1.862835977716367220e-01
2.821102632850300829e-01
4.197923494554404722e-01
4.582748567467623269e-01
4.437361837428238087e-01
3.853653049775959682e-01
2.893090771166642594e-01
1.815166713299740386e-01
9.040062683613907246e-02
2.257092576541809559e-02
-3.054972385539527630e-02
-8.138670222500456186e-02
-1.348704315039082613e-01
-1.744932676488401557e-01
-1.544820483973829706e-01
-1.217271957407805305e-01
-1.004413180020229390e-01
-8.219596042575190442e-02
-6.561373685024170233e-02
-5.078206896224437411e-02
-3.799704464853415065e-02
-2.748114233777900969e-02
-1.920282949381576371e-02
-1.296680533660189705e-02
-8.439715045923862347e-03
-5.249538713766784166e-03
-3.020274441076794755e-03
-1.423247704087965112e-03
-2.837537985501484565e-04
-1.880241448979357325e-04
-4.693778206056743296e-04
6.458732856604149607e-04
5.228235638757268780e-04
-2.929499800685233840e-04
-6.443524309118877150e-04
-3.969235081853417159e-04
5.513965439228352703e-04
4.276032424571950328e-04
-1.855061539836460607e-04
3.812770715758278541e-04
1.739585394721752986e-03
3.992779387332394576e-03
7.005207921809697424e-03
1.116198320449024103e-02
1.690769502466573163e-02
2.472078058209574089e-02
3.501947756231305053e-02
4.818970244648502349e-02
6.447176098564583180e-02
8.424542469067368422e-02
1.083069217529602501e-01
1.393762722187385505e-01
1.862835978512981105e-01
2.821102625595671154e-01
4.197923496635213025e-01
4.582748571089840239e-01
4.437361855879496386e-01
3.853653081292217064e-01
2.893090770358465180e-01
1.815166714771183909e-01
9.040063062817065009e-02
2.257092945749759882e-02
-3.054972062289848175e-02
-8.138669909517209922e-02
-1.348704350268435104e-01
-1.744932734935968344e-01
-1.544820504530602656e-01
-1.217271968625704553e-01
-1.004413206958176819e-01
-8.219596277752265479e-02
-6.561373353693766841e-02
-5.078206399163474882e-02
-3.799704355987448129e-02
-2.748114467589323970e-02
-1.920283969467517782e-02
-1.296684983785302732e-02
-8.439898696800323535e-03
-5.250264740374808482e-03
-3.022881176983954667e-03
-1.431021587855211760e-03
-2.977700908839741104e-04
-4.267477309860671399e-04
-4.340533119081477469e-04
-3.700412351549209702e-04
6.004997437978288818e-04
2.588733440668167175e-04
-3.636071759614523894e-04
2.642668168037931478e-04
6.493227529611332507e-04
-4.211774473769384561e-04
5.089304859495019867e-04
2.047376675388409915e-04
1.726736711246285808e-03
3.987423105556438946e-03
7.003733565785335950e-03
1.116156737503834137e-02
1.690757669924218901e-02
2.472074858086957885e-02
3.501946891921477178e-02
4.818969910771168930e-02
6.447176044002217443e-02
8.424542527216505317e-02
1.083069227035543119e-01
1.393762745485514487e-01
1.862835992549517206e-01
2.821102630309121340e-01
4.197923516112014863e-01
4.582748581699953028e-01
4.437361832078302593e-01
3.853653069885984439e-01
2.893090806863168329e-01
1.815166759711161759e-01
9.040062968185048897e-02
2.257092510353653561e-02
-3.054972298105383677e-02
-8.138670182856685975e-02
-1.348704393538227297e-01
-1.744932760663285565e-01
-1.544820531993092438e-01
-1.217272003978308870e-01
-1.004413218080902337e-01
-8.219596309020105185e-02
-6.561373387924947231e-02
-5.078206450244061171e-02
-3.799704256645792394e-02
-2.748113360308607547e-02
-1.920279258267712161e-02
-1.296662325919555915e-02
-8.438758015395664974e-03
-5.244591939207172808e-03
-2.994976096334777717e-03
-1.295799945257889146e-03
3.418841584573482982e-04
-7.050588467001362705e-04
4.680219918490250547e-04
-9.875903329794142465e-05
-2.129897330762558030e-04
4.452143769737063029e-04
-6.772760115070121248e-04
-2.166884969808665717e-04
-5.126668328478207115e-04
5.388483011488622238e-04
-6.584024652918848172e-05
-4.455896950285873960e-04
1.342367057766938061e-03
3.326518874467648129e-03
5.880252161406604103e-03
9.412401330851260378e-03
1.434717325160797703e-02
2.114883125630328750e-02
3.027428861180717079e-02
4.218161343098116717e-02
5.725637030140535294e-02
7.600108703146093991e-02
9.929302500515399532e-02
1.296909466519178267e-01
1.750593864133685174e-01
2.647390605064520730e-01
3.866604081374242496e-01
4.058722319496264608e-01
3.654906455167787338e-01
2.857066780181654053e-01
1.923420794975231329e-01
1.119632906086332341e-01
5.534522876698855925e-02
1.842133398562921173e-02
-7.477176017007042784e-03
-3.159728532879216983e-02
-5.915979626090551308e-02
-8.438161964907138490e-02
-8.337039253822775553e-02
-7.217608879749488893e-02
-6.369165012448005370e-02
-5.475408143161739766e-02
-4.529603057843623048e-02
-3.601969217015899699e-02
-2.750404319641082743e-02
-2.021230339712512189e-02
-1.429652825797029202e-02
-9.745559549487798137e-03
-6.386649743585736706e-03
-3.992319954804753740e-03
-2.302404727679746837e-03
-1.063254600876124487e-03
-4.698484211516469952e-05
-1.386893885108230135e-04
5.070871920870919248e-04
-1.174421001279337811e-04
5.677831298426333441e-05
3.947517023413248441e-04
-4.386073914786882627e-04
-8.636549783836228113e-05
5.426299707553639906e-04
1.877926468105483660e-04
-1.330078630374980026e-04
4.038408166634603093e-04
1.463625254796323012e-03
3.345818364273788186e-03
5.883866250951726162e-03
9.413203653198129461e-03
1.434737785540881466e-02
2.114888750140035342e-02
3.027430472098985303e-02
4.218161717102964642e-02
5.725636900076126051e-02
7.600108176182204800e-02
9.929301889308274343e-02
1.296909454831783048e-01
1.750593872629070402e-01
2.647390610761519714e-01
3.866604107632241050e-01
4.058722345588774982e-01
3.654906484407999812e-01
2.857066809038073529e-01
1.923420764222732726e-01
1.119632853241331327e-01
5.534522686679964332e-02
1.842133398037451922e-02
-7.477173064619696899e-03
-3.159728066321550871e-02
-5.915979746999392580e-02
-8.438162157150248810e-02
-8.337039072454062449e-02
-7.217608621172182104e-02
-6.369164961985065987e-02
-5.475408194226603215e-02
-4.529602672950201747e-02
-3.601968741997427226e-02
-2.750404234586391675e-02
-2.021230676499692971e-02
-1.429654155509358857e-02
-9.745614660099989959e-03
-6.386886791206209529e-03
-3.993334709940461746e-03
-2.306516762176536069e-03
-1.078152306232616712e-03
-8.718713008413777439e-05
-6.493768481844798025e-04
3.968917834420210202e-04
-3.918349389576690793e-04
6.067340725872330401e-04
5.907008565038667381e-04
-1.523715235835719744e-04
4.114397773862861919e-04
-7.268583294478515259e-05
-6.356099885212095285e-04
-3.848264061562943657e-04
4.572254983219037209e-04
1.476186387652717860e-03
3.349647450413285096e-03
5.884519889218429306e-03
9.413234013855933252e-03
1.434734603932207031e-02
2.114887075949072048e-02
3.027429836384566350e-02
4.218161424381915159e-02
5.725636907143948767e-02
7.600108351008803831e-02
9.929302085664946931e-02
1.296909482922711521e-01
1.750593892779913341e-01
2.647390627184837975e-01
3.866604143542516914e-01
4.058722364842943797e-01
3.654906445187001141e-01
2.857066765710840062e-01
1.923420769224235549e-01
1.119632885357386698e-01
5.534522669234805126e-02
1.842133078231079218e-02
-7.477174334514451355e-03
-3.159728262337417604e-02
-5.915980131982946644e-02
-8.438162474624016918e-02
-8.337039470649447448e-02
-7.217609049099731056e-02
-6.369164912444300053e-02
-5.475407810074628401e-02
-4.529602341238669894e-02
-3.601968631644553859e-02
-2.750404080755435715e-02
-2.021229637357627520e-02
-1.429649736408159649e-02
-9.745397068963095044e-03
-6.385779068817351405e-03
-3.987743357741647260e-03
-2.278396608254401514e-03
-9.375308621832385446e-04
6.072565050303929679e-04
-5.352314990913562952e-04
4.442739453004774554e-04
-5.801840452627680077e-04
-4.623235723515301552e-04
-3.758421595696937053e-04
5.099490799693441817e-04
-1.252828446190070019e-04
-3.607201869801985521e-04
-5.744572136797559020e-05
-4.460124320126271943e-04
-4.961024922503258971e-04
9.507483794067354789e-04
2.532675622409071188e-03
4.517902500753871384e-03
7.277723153151365552e-03
1.119131565413130150e-02
1.668822286238767078e-02
2.424541459434127050e-02
3.438170243871464804e-02
4.763431298467422914e-02
6.463640583083378466e-02
8.635952631705950955e-02
1.150614471349149237e-01
1.572282735505775852e-01
2.365698718195007322e-01
3.351509049842767429e-01
3.329948584154474589e-01
2.759891982728441828e-01
1.972195368530447468e-01
1.246637022380726323e-01
7.191192818093330996e-02
3.968829977630784073e-02
2.250598864040530625e-02
1.474833641592636878e-02
1.111809836829801001e-02
6.957096052214181182e-03
-8.124738804476274280e-04
-1.210789798708168663e-02
-1.918013080600042275e-02
-2.301846890928025205e-02
-2.377148436970673642e-02
-2.214450880258699017e-02
-1.909568892434787557e-02
-1.543415424762928714e-02
-1.181463549697785859e-02
-8.603962597136541324e-03
-5.987002165397338135e-03
-3.977980439624021966e-03
-2.510311169228045518e-03
-1.465603964997403384e-03
-7.251020133139555535e-04
-2.687642052943831680e-04
-4.419298830343908104e-04
3.664180181944971522e-04
-4.056302281647403336e-04
-3.008553339557921839e-05
-1.546249114575665282e-04
-5.493350163882463081e-04
3.859040960772439495e-05
-3.275853500810891467e-04
3.688074096236556546e-04
3.671859448754075865e-04
-4.720709417914914713e-04
9.847652251701243756e-04
2.544096306127645833e-03
4.521103574270200244e-03
7.278593494274190889e-03
1.119155615441996300e-02
1.668829096558714295e-02
2.424543513088339014e-02
3.438170968185690068e-02
4.763431564496877629e-02
6.463640469849568637e-02
8.635952447635578122e-02
1.150614498590963597e-01
1.572282766336434434e-01
2.365698721278701733e-01
3.351509048095340781e-01
3.329948566089811490e-01
2.759891969658116451e-01
1.972195372091514742e-01
1.246636977809702090e-01
7.191192204787544284e-02
3.968829767477651677e-02
2.250598942115560053e-02
1.474834122684955465e-02
1.111810390387299279e-02
6.957094776585478688e-03
-8.124754804712512211e-04
-1.210789558907016290e-02
-1.918012701830778058e-02
-2.301846732044506363e-02
-2.377148471511992753e-02
-2.214450589048795950e-02
-1.909568527808764432e-02
-1.543415371202705617e-02
-1.181463979130855518e-02
-8.603981320529998505e-03
-5.987087956020668324e-03
-3.978400939962102069e-03
-2.512423132865752428e-03
-1.476267985099638004e-03
-7.791637744367041441e-04
-5.432362728522007952e-04
-4.940218510739799321e-04
6.885944813245991562e-04
7.077353747888090636e-04
-5.441102767051698378e-04
-5.610318092301452711e-04
-1.736564355545108394e-05
-9.929497818609843451e-05
6.230730911035263367e-04
-2.796237815065659525e-04
-5.177110911353903760e-04
-1.608381949481378539e-04
1.032753130209045555e-03
2.551438688982311364e-03
4.521877401446663773e-03
7.278542808466140213e-03
1.119148761514547966e-02
1.668826199063221799e-02
2.424542466953370085e-02
3.438170494161862933e-02
4.763431444033197626e-02
6.463640538046708239e-02
8.635952501606611320e-02
1.150614502166397296e-01
1.572282759207691838e-01
2.365698712884028443e-01
3.351509058829015286e-01
3.329948561853653954e-01
2.759891904297832599e-01
1.972195302133299688e-01
1.246636967182985362e-01
7.191192527882171726e-02
3.968829908953164232e-02
2.250598771833312028e-02
1.474834133911752908e-02
1.111810480166637409e-02
6.957095165549083936e-03
-8.124746087228961865e-04
-1.210789609817253948e-02
-1.918012956790659737e-02
-2.301846626232063528e-02
-2.377147983997703398e-02
-2.214450222310841709e-02
-1.909568491701962856e-02
-1.543415294064234312e-02
-1.181463095724350279e-02
-8.603943086077512487e-03
-5.986898747773859372e-03
-3.977430714489263441e-03
-2.507413540315090415e-03
-1.449834032830965265e-03
-6.348860818765455615e-04
2.820123929191649197e-04
2.860001710911354127e-04
-3.897926645774948398e-04
4.964938061015906207e-04
-9.228707227385853475e-05
-6.090703520775002594e-04
6.449368760443396431e-04
-6.025479712912130839e-04
-7.311657210748628887e-04
-1.389390985026458516e-04
-4.754317034497329889e-04
-2.665119064726863382e-04
6.379180519329429857e-04
1.661574986801161264e-03
2.982010868649982022e-03
4.851665352286261591e-03
7.565656253623763081e-03
1.148821744326717492e-02
1.707709824613697080e-02
2.487636903212602640e-02
3.553734507851492169e-02
4.980516669186290518e-02
6.872252130442821350e-02
9.413475637731334722e-02
1.308490291859387700e-01
1.957009371710088652e-01
2.673102427249249846e-01
2.501858901234083055e-01
1.932562646647957294e-01
1.306442710737118207e-01
8.123027340929955820e-02
4.964334280088673890e-02
3.422991511201341208e-02
3.170550540902337955e-02
3.947482561295312387e-02
5.470186341306142175e-02
7.214957605322118439e-02
8.010968668352792810e-02
5.683880369604538824e-02
3.280213490231576740e-02
1.753927304972802137e-02
7.635753710525100893e-03
1.654834580410772171e-03
-1.484239580127834270e-03
-2.743755046988123527e-03
-2.898509615576286193e-03
-2.505630532786555335e-03
-1.924834254625906130e-03
-1.352935060006371171e-03
-8.789701365630986883e-04
-5.192917562518894114e-04
-2.295668739989700704e-04
2.429193063632660782e-04
4.520448569341210181e-04
7.328621760314517081e-04
3.928003652285882107e-04
-3.087486390758091646e-04
-3.196909495820214776e-05
-4.463021667032206555e-04
-6.327326649740285316e-04
5.339124587149635765e-04
3.569275218806308258e-04
6.348047704673094073e-04
3.111060952023100238e-04
7.311354334073995407e-04
1.683986725549737424e-03
2.987338772819160635e-03
4.852978584789040956e-03
7.565992525329534764e-03
1.148830644041385490e-02
1.707712307201563959e-02
2.487637755548913546e-02
3.553734845815795240e-02
4.980516582308987944e-02
6.872251938254650416e-02
9.413475867613189940e-02
1.308490316105761220e-01
1.957009369119849518e-01
2.673102428331717295e-01
2.501858899526317459e-01
1.932562662230219164e-01
1.306442747559574957e-01
8.123027225770297621e-02
4.964333898261497069e-02
3.422991445069094307e-02
3.170550798027945566e-02
3.947483239966965984e-02
5.470186858858551437e-02
7.214957275695432770e-02
8.010968209047260313e-02
5.683880242006932731e-02
3.280213558140953473e-02
1.753927246396500342e-02
7.635751727286827634e-03
1.654835120128175536e-03
-1.484238374306541628e-03
-2.743755876861605093e-03
-2.898515178010140862e-03
-2.505653279819699576e-03
-1.924942310620627109e-03
-1.353490068182726987e-03
-8.818940389213800451e-04
-5.349109517005820429e-04
-3.147223285317488702e-04
-2.362313784982809982e-04
3.499690017219636053e-04
6.547421181532854550e-05
-5.601548347902812709e-04
7.094335085150075366e-05
6.168812853743887298e-04
-4.903499012062049892e-04
4.492271772385157615e-04
5.072843494269776857e-04
3.888932929801488950e-04
-5.093046745393329470e-04
4.981489940913525448e-04
7.524964270541023266e-04
1.678995196807198543e-03
2.984796539326170159e-03
4.852134112810588262e-03
7.565744258205096308e-03
1.148823711167213518e-02
1.707710263907309331e-02
2.487636956060582452e-02
3.553734525227709301e-02
4.980516481382465943e-02
6.872251852953899232e-02
9.413475733493027742e-02
1.308490297352945253e-01
1.957009357022786999e-01
2.673102436864928100e-01
2.501858893230888281e-01
1.932562594857100413e-01
1.306442682380146714e-01
8.123027273570306017e-02
4.964334367283451677e-02
3.422991754329031411e-02
3.170550652716083023e-02
3.947483056703775250e-02
5.470186879690870640e-02
7.214957412444124307e-02
8.010968428409728781e-02
5.683880360062726345e-02
3.280213350375532633e-02
1.753927261468911022e-02
7.635755906468220944e-03
1.654837506863325548e-03
-1.484239907784102924e-03
-2.743756687805603677e-03
-2.898508778171081119e-03
-2.505624532773777051e-03
-1.924809544097508566e-03
-1.352875140271665938e-03
-8.791828776149813920e-04
-5.239339845398740788e-04
-2.790454746850784171e-04
-2.082094597869025871e-04
2.553130907316704542e-04
-4.857229987273885600e-04
-8.344807710034294690e-05
5.745383707973929872e-04
-3.544001705922795011e-04
-5.235946972976908897e-04
-4.511786067879750050e-04
-3.915473873572620535e-04
-3.188514526631254284e-06
-5.219396552579901385e-04
-4.317230701815745410e-04
2.179787009417386446e-04
7.130929346388709860e-04
1.334131933042119163e-03
2.235794934340877820e-03
3.611436163926892880e-03
5.728646744452702173e-03
8.971385537980602898e-03
1.385066241873780628e-02
2.104881284394860899e-02
3.137287667683370807e-02
4.587949541949414012e-02
6.599420562140659308e-02
9.483544281410555277e-02
1.424945018289486554e-01
1.893868327563947018e-01
1.692470828191278143e-01
1.254715422913325329e-01
8.363400087407608929e-02
5.411974099660904480e-02
3.853910110864828403e-02
3.630850732629238575e-02
4.690594816531296063e-02
7.025069832585997820e-02
1.047686844378148963e-01
1.422190963173735057e-01
1.607172217464910291e-01
1.212743943216225834e-01
7.993249991525702702e-02
5.439789860387478360e-02
3.664375807075880009e-02
2.410254577520474020e-02
1.546726907899512692e-02
9.698876077457615347e-03
5.983618511937284674e-03
3.654134056261618916e-03
2.227061088968652555e-03
1.357783059391986982e-03
8.202668653746234646e-04
4.650714660386584629e-04
1.893493564304781288e-04
-1.448549826959831869e-04
-4.202140836567715859e-04
7.055980926897960403e-04
3.794855041783499783e-05
-5.566494361041863896e-04
3.052202565975518900e-04
5.974277405330280033e-04
-2.426154974466656808e-05
-2.085481752310688278e-04
-6.841107247901134867e-04
-3.960243037090596121e-04
-1.157959017544589307e-04
2.685921435120952800e-04
7.269771846929326759e-04
1.337738958482902847e-03
2.236747486571901561e-03
3.611692255037248379e-03
5.728715721538430242e-03
8.971403812463443067e-03
1.385066803495511693e-02
2.104881410202852701e-02
3.137287359291471983e-02
4.587949132782422751e-02
6.599420620507713553e-02
9.483544487867867634e-02
1.424945028357569032e-01
1.893868358631343451e-01
1.692470869385049870e-01
1.254715480992134868e-01
8.363400688978643582e-02
5.411974124921096335e-02
3.853909687259841205e-02
3.630850462326568745e-02
4.690594911847308784e-02
7.025070391806591263e-02
1.047686876509387327e-01
1.422190920560433003e-01
1.607172168633831388e-01
1.212743928120856018e-01
7.993250078267363778e-02
5.439789885849683621e-02
3.664375738988100151e-02
2.410254680037509159e-02
1.546727064097934423e-02
9.698876179295011501e-03
5.983613921646509584e-03
3.654112415006446467e-03
2.226957238759770096e-03
1.357263296023382719e-03
8.176654585016751835e-04
4.524106878027981012e-04
1.314807453058809304e-04
-3.710031890225573298e-04
1.971715395388805596e-04
-2.586540039030576534e-04
-3.975602039639036908e-04
-4.325703616269423808e-04
-2.791478815752160552e-05
-4.831437961605238528e-04
2.748645240084456195e-04
7.296184513124532494e-04
7.147551184468907198e-04
-9.716380558245860122e-05
-5.021742015854791918e-04
1.954219116919074723e-04
7.074101207757663460e-04
1.332901712860292331e-03
2.235564384692585293e-03
3.611403488182042543e-03
5.728644887124666012e-03
8.971384789402124180e-03
1.385066132539776625e-02
2.104881169497447441e-02
3.137287315519568520e-02
4.587949117045594938e-02
6.599420476899726939e-02
9.483544340017045771e-02
1.424945036644325036e-01
1.893868407601941029e-01
1.692470912811633865e-01
1.254715453997556907e-01
8.363400327803699463e-02
5.411974302518723912e-02
3.853910119665295703e-02
3.630850783964813255e-02
4.690594704430957329e-02
7.025069864997655900e-02
1.047686844472322937e-01
1.422190892398621509e-01
1.607172139621238782e-01
1.212743910658526797e-01
7.993249802231898460e-02
5.439789962099224330e-02
3.664376352659971109e-02
2.410255105999356898e-02
1.546727040644476497e-02
9.698876262191130290e-03
5.983620056944385229e-03
3.654137997918248046e-03
2.227074851297109088e-03
1.357825041842685787e-03
8.203625442871556464e-04
4.657811848842091976e-04
2.023793339730698294e-04
4.939480112719821215e-05
-2.787637687727057196e-04
4.964366132136677255e-04
2.442626999733879816e-04
-1.060172943118458207e-04
5.630188121196934162e-04
-3.945138763254879598e-04
3.798249382200965174e-04
1.267621051868141914e-04
-9.568473081720429334e-05
-3.839571211612572798e-04
6.403421124934273500e-04
-6.200728717081136726e-07
-2.104791367000718235e-04
-3.399810110816217819e-04
-4.543985828174211777e-04
-5.057347943815574754e-04
-3.581259257185374608e-04
2.399299835955533123e-04
1.699404650891603915e-03
4.626181966912599509e-03
9.819734492795436503e-03
1.827973673640428606e-02
3.115030691728042089e-02
5.022788644636971833e-02
8.035706559441491148e-02
1.087885558020350169e-01
9.632042973572212119e-02
7.152514347403526873e-02
4.952968909372997691e-02
3.635497787911042694e-02
3.415984423108218287e-02
4.461797916475417070e-02
6.999414324578026592e-02
1.118654242459745929e-01
1.671526023830827712e-01
2.205792576043130448e-01
2.403047550443142555e-01
1.781363122511973873e-01
1.192277032281851279e-01
8.507104125946914064e-02
6.129888293792364051e-02
4.375318919848536492e-02
3.073566009075977962e-02
2.120084239964418332e-02
1.437147571138120902e-02
9.576667165577553917e-03
6.276348659046759176e-03
4.033051450028120842e-03
2.515041070381894735e-03
1.469919516578367842e-03
7.354012661727911664e-04
4.575364344641503979e-04
5.250991131569178856e-05
5.591955001729487012e-04
-1.943127073606290881e-04
4.491705929666867493e-04
8.665982417603030469e-05
-5.026210906112486181e-04
-5.637777032679830262e-04
5.659814566814728174e-04
-5.536088775677940705e-04
3.695300847100597887e-04
1.992156871230904233e-04
-5.200003162836431240e-05
-2.164754632851386492e-04
-3.403134400253144906e-04
-4.542800018152342093e-04
-5.056669825709930949e-04
-3.581023672305550009e-04
2.399368623945105140e-04
1.699408090536144895e-03
4.626183620837087326e-03
9.819732514184784447e-03
1.827973392280932488e-02
3.115030833966412824e-02
5.022788870367433239e-02
8.035706508800237458e-02
1.087885554311070757e-01
9.632043061982326071e-02
7.152514681285672415e-02
4.952969283527846461e-02
3.635497801455547101e-02
3.415983985874439244e-02
4.461797524237465923e-02
6.999414417134770805e-02
1.118654309354257387e-01
1.671526072276656449e-01
2.205792563136496076e-01
2.403047528783822662e-01
1.781363124309061075e-01
1.192277051473239480e-01
8.507104252218301854e-02
6.129888348634153494e-02
4.375319091892624496e-02
3.073566270865735195e-02
2.120084428312879118e-02
1.437147321224882882e-02
9.576649060347566800e-03
6.276257666378812737e-03
4.032585064866455946e-03
2.512535029518430871e-03
1.455617455645383381e-03
6.470541102727182456e-04
-1.384675785557565265e-04
4.300722376092922932e-05
2.255011230582327337e-04
-5.349200895137554927e-04
-4.607486819423248486e-04
-1.957862168890979753e-04
3.666986820807584561e-04
-5.314247215328492691e-04
-2.212605102895332096e-04
-1.931055078115449862e-04
-3.520673121208386849e-04
-6.281008262643170918e-04
-2.047335399455574420e-04
-2.442813965150441072e-04
-3.455162919454328116e-04
-4.552682789318392609e-04
-5.058574822655546041e-04
-3.581397213198987163e-04
2.399287561379747811e-04
1.699405956805545136e-03
4.626183521778700833e-03
9.819733904686987411e-03
1.827973606256914213e-02
3.115030851421346503e-02
5.022788842927454478e-02
8.035706662271735468e-02
1.087885607626743328e-01
9.632043501797279972e-02
7.152514323522678186e-02
4.952968853090999185e-02
3.635497838844974072e-02
3.415984191701763178e-02
4.461797738015547965e-02
6.999414241273532733e-02
1.118654262337403227e-01
1.671526064949730161e-01
2.205792560772393551e-01
2.403047517257182186e-01
1.781363123258515035e-01
1.192277034300470023e-01
8.507104294194654803e-02
6.129888857025003746e-02
4.375319366801632553e-02
3.073566123475669765e-02
2.120084364642984068e-02
1.437147859692392525e-02
9.576673880608727388e-03
6.276373885266300391e-03
4.033135946228327655e-03
2.515047176739065513e-03
1.466209910781825394e-03
6.827582632662559069e-04
-1.165492603761038819e-04
-3.764544199623217789e-04
-3.974625368800377249e-04
7.018300706502367129e-04
5.887516186961601556e-04
-4.069520275450533991e-04
5.976859706882603730e-06
4.679882727504914284e-04
2.077048331805002486e-04
7.163216813445902461e-04
4.229074261792290955e-04
4.400370645152333268e-04
-3.952249971138023423e-04
-1.142284777495806373e-03
-1.979534952712260886e-03
-3.102160752171640584e-03
-4.601693317303135605e-03
-6.492370983483929624e-03
-8.698569156986463505e-03
-1.096673347831354089e-02
-1.286330174552851105e-02
-1.367639535681808814e-02
-1.254256941582646522e-02
-8.449512456650452863e-03
-4.627526396700924792e-04
1.265743303579052771e-02
2.797780599319263720e-02
2.983325718019947184e-02
2.618059341798265396e-02
2.309771638093007298e-02
2.520708517750642336e-02
3.678759128267140854e-02
6.233333314008372011e-02
1.066807351719336328e-01
1.707778121219941658e-01
2.448627348803828208e-01
3.038767751741230927e-01
3.126544279474358090e-01
2.236201340800385018e-01
1.490086154901877902e-01
1.085184859694788978e-01
8.077117570163155902e-02
5.988352182643549848e-02
4.371997644412725648e-02
3.129149823878492331e-02
2.191578706035211821e-02
1.501355225401594488e-02
1.005168453019704596e-02
6.557588594021943225e-03
4.125057497106896127e-03
2.406956576841955305e-03
1.058289305322214144e-03
-6.347740719021938930e-04
7.057018678038407076e-04
-4.488918111886188085e-04
2.771696924779245186e-04
1.501637286907723601e-04
3.515378074084661412e-05
-5.551665973223564570e-04
-2.004806081449587670e-04
-4.872129194079350897e-04
-4.610642188073545210e-04
2.727080799235823315e-05
4.610217460962471648e-04
-3.759937390528018974e-04
-1.136935628195145150e-03
-1.978308836112596929e-03
-3.101893322311199096e-03
-4.601634519256023008e-03
-6.492359681022547013e-03
-8.698567717216030420e-03
-1.096673167246397032e-02
-1.286330038796711615e-02
-1.367639719845614200e-02
-1.254257236535697047e-02
-8.449511859157337115e-03
-4.627508767526790291e-04
1.265743204426289167e-02
2.797780494759012290e-02
2.983325829364778803e-02
2.618059611277949103e-02
2.309771810963638303e-02
2.520708500353924936e-02
3.678758736618051306e-02
6.233332944567290812e-02
1.066807377273522456e-01
1.707778207405532267e-01
2.448627413482900028e-01
3.038767755563892004e-01
3.126544267703103008e-01
2.236201344014831227e-01
1.490086165055679590e-01
1.085184858499205068e-01
8.077117490459687077e-02
5.988352174883940920e-02
4.371997749066652145e-02
3.129149925623810752e-02
2.191578459927323932e-02
1.501353867603026984e-02
1.005163008518515470e-02
6.557395162197950100e-03
4.124620614054304649e-03
2.408688658056035853e-03
1.096943024497465001e-03
-2.057977887896762846e-04
-6.396176380864845683e-04
7.392805436851950733e-05
-3.737693756995459963e-04
-6.955877796887048820e-04
3.329687023386769637e-04
-1.443622147752498153e-04
-7.564216767145238952e-04
-4.778756965084349673e-04
1.997755348683225018e-04
6.302023634161631107e-04
-5.993290060368985277e-04
-5.691997588060813875e-04
-1.168304831155261804e-03
-1.983442657348650530e-03
-3.102707440031142287e-03
-4.601755453920245917e-03
-6.492375782499049813e-03
-8.698569845731451630e-03
-1.096673230424324852e-02
-1.286330125531465716e-02
-1.367639707951432033e-02
-1.254257134588734370e-02
-8.449513807435691734e-03
-4.627537938518537118e-04
1.265743033608685182e-02
2.797780654896469058e-02
2.983325879508639394e-02
2.618058931491682242e-02
2.309771323701970483e-02
2.520708618967697212e-02
3.678759107120539024e-02
6.233333444833681625e-02
1.066807397057248363e-01
1.707778201677701002e-01
2.448627461516459658e-01
3.038767809682245136e-01
3.126544296980683368e-01
2.236201360554000428e-01
1.490086144180409189e-01
1.085184841947208489e-01
8.077117748341365588e-02
5.988352224105004951e-02
4.371997460572277228e-02
3.129149780365869660e-02
2.191578914318978791e-02
1.501356382582247177e-02
1.005175922405036372e-02
6.558094409302862859e-03
4.128574990233587275e-03
2.432368944427451898e-03
1.247952784377914489e-03
8.208367767668949726e-04
6.318018436561608593e-04
6.275668895749765899e-04
5.356172885891220597e-04
2.949259061086141652e-04
2.114685551120105598e-04
-3.887474476550206877e-04
5.871179748641931241e-04
4.409540333803033162e-04
5.111793327885190245e-04
1.365968706981122473e-04
-4.717566432407225554e-04
-8.592432581613165289e-04
-2.001729504138983866e-03
-3.493759659837193058e-03
-5.575002864801152473e-03
-8.467983141018074061e-03
-1.234412201414282310e-02
-1.732037519273292928e-02
-2.333148961857440043e-02
-3.016392496808169288e-02
-3.726646781189059399e-02
-4.399215002292264365e-02
-4.949282064649791063e-02
-5.355353233146161601e-02
-5.799848327372020967e-02
-5.429760892098835917e-02
-3.517335738707082909e-02
-1.621707889182824602e-02
2.161644726346475371e-04
1.903464280327464217e-02
4.799262705617297897e-02
9.484779245502950040e-02
1.647405810509702251e-01
2.518088880993143985e-01
3.337532155203049578e-01
3.818373630495794924e-01
3.705382838128446488e-01
2.561823781057234739e-01
1.696675333921880136e-01
1.252305815581319648e-01
9.528799602787306477e-02
7.244938748609973389e-02
5.422577048767517754e-02
3.972210628508415081e-02
2.838050861627938390e-02
1.976862431587826305e-02
1.340422490050612730e-02
8.826161747352212136e-03
5.586542205674446121e-03
3.293398052269868020e-03
1.631689091271778733e-03
6.008276456006866927e-04
1.471200416448850104e-04
-5.362454494195372564e-04
-7.219508442639727087e-04
1.703306581583296792e-04
4.607306783072481131e-04
7.812854845939826696e-05
-4.812162255620106607e-04
2.620743596342726641e-04
-2.312472100407012661e-04
1.562584252294554483e-05
6.423021391033965303e-04
-6.929710401571578891e-04
-1.974458067618889336e-03
-3.489284867601550547e-03
-5.574271771053012671e-03
-8.467867796465695929e-03
-1.234410825488709874e-02
-1.732037592119601080e-02
-2.333148941037542501e-02
-3.016392504777883760e-02
-3.726647074332115755e-02
-4.399215388131588050e-02
-4.949282081581470039e-02
-5.355352962553471680e-02
-5.799848199468130017e-02
-5.429760752662150802e-02
-3.517335339607192968e-02
-1.621707446570358480e-02
2.161673762619691649e-04
1.903464479386637875e-02
4.799262482434084320e-02
9.484778874249301384e-02
1.647405831257984510e-01
2.518088955824061559e-01
3.337532208625830776e-01
3.818373627123818337e-01
3.705382820243384723e-01
2.561823775009831605e-01
1.696675324272131358e-01
1.252305786807752230e-01
9.528799233610286967e-02
7.244938443417280050e-02
5.422576896755908205e-02
3.972210552877068757e-02
2.838050474512721771e-02
1.976860769427747980e-02
1.340414857458403601e-02
8.825779448477250738e-03
5.584521441740586227e-03
3.282128574161891684e-03
1.564807571981025784e-03
1.758936067709238342e-04
-4.710216781714057126e-04
1.169464444512817555e-05
-2.987320089499958674e-04
-5.903233651307562705e-04
-4.515034069749122836e-04
5.052299691832899892e-04
5.642225575914763206e-04
7.015125426788246764e-04
-3.729509470142724874e-04
4.861508171030057800e-04
-3.786808853260039136e-04
-8.672889191893903144e-04
-2.005268398479420188e-03
-3.494800719672191795e-03
-5.575264562831744666e-03
-8.468045360077423173e-03
-1.234414005533213468e-02
-1.732038212462038568e-02
-2.333149156368039337e-02
-3.016392811605171989e-02
-3.726647280200759416e-02
-4.399215428419649132e-02
-4.949282398767788915e-02
-5.355353306792513812e-02
-5.799848352810721419e-02
-5.429760523066350097e-02
-3.517335231240609900e-02
-1.621708018709431404e-02
2.161643238829260660e-04
1.903464698740416419e-02
4.799262988939829305e-02
9.484779609850303717e-02
1.647405869528498212e-01
2.518088943308569583e-01
3.337532217626019704e-01
3.818373626541147758e-01
3.705382803050417673e-01
2.561823772780524311e-01
1.696675310119903912e-01
1.252305791852996730e-01
9.528799769304149847e-02
7.244938792525489057e-02
5.422576919550035901e-02
3.972210635292193481e-02
2.838050934751512946e-02
1.976862522081003146e-02
1.340422167161952303e-02
8.826095158661770301e-03
5.585732008032693804e-03
3.285202390387482411e-03
1.555006767981419180e-03
-8.848487665973838888e-05
-1.254114920019018076e-04
2.842482516254847373e-04
-3.810052101670740265e-04
-4.048598129784607364e-04
5.325304904026599128e-04
-5.155207408035919698e-04
-6.918288057049891806e-04
4.775738826273423780e-04
3.860016129776592110e-04
-8.127499117328194033e-05
3.784643220499942710e-04
-1.023076275348130731e-03
-2.682094829504459363e-03
-4.789586527146449078e-03
-7.733630454449838022e-03
-1.187762170525119912e-02
-1.754509023707049795e-02
-2.503223100429027848e-02
-3.445943721031876489e-02
-4.582243609663567974e-02
-5.878502121082064547e-02
-7.298608248169480284e-02
-8.803376793590848848e-02
-1.048286709978417802e-01
-1.295372281998551645e-01
-1.417880432674489821e-01
-1.065717446701526516e-01
-6.271973881438384912e-02
-2.226083349157186031e-02
1.979132900542337342e-02
7.490373727785647195e-02
1.524710686881533828e-01
2.513511697521201294e-01
3.498146241148247793e-01
4.182773295110353007e-01
4.423265264922998097e-01
4.101857803395156377e-01
2.771175294774172460e-01
1.830189751131881815e-01
1.365186794633114209e-01
1.056018698079957269e-01
8.175943144526409689e-02
6.228666493887118072e-02
4.637912547073699820e-02
3.360325996290751405e-02
2.368115807613734025e-02
1.620059328767051166e-02
1.073725068404631118e-02
6.821889606248490029e-03
4.020439871568629552e-03
1.926865756568717225e-03
1.988034079961115597e-04
3.793956365892429982e-04
-3.163683392182041216e-05
-4.551164463242408963e-04
3.170626852429321205e-04
-3.850014294669227947e-04
6.043601533281143184e-05
4.202733155706908142e-04
-5.140427469389408565e-04
-2.970988923965126776e-04
6.897759202861285547e-04
5.383501079402170340e-04
-9.623998154076916301e-04
-2.667732463504793056e-03
-4.786702862101139058e-03
-7.733120877208832060e-03
-1.187754776097023693e-02
-1.754508724781573409e-02
-2.503223444365499512e-02
-3.445943687536635186e-02
-4.582243491231294957e-02
-5.878502207462878160e-02
-7.298608438686315925e-02
-8.803376722418841671e-02
-1.048286677719961341e-01
-1.295372270077129184e-01
-1.417880428387102154e-01
-1.065717410224518852e-01
-6.271973466488427185e-02
-2.226082977837738966e-02
1.979133342163389223e-02
7.490373743159674247e-02
1.524710649337973345e-01
2.513511697607737627e-01
3.498146289365615669e-01
4.182773331377503956e-01
4.423265258595500682e-01
4.101857788995114107e-01
2.771175289692492383e-01
1.830189736252575416e-01
1.365186760575207159e-01
1.056018661822891447e-01
8.175942876800362802e-02
6.228666371296090465e-02
4.637912501931251708e-02
3.360325627940964621e-02
2.368114150964401379e-02
1.620051385529699614e-02
1.073683771325145003e-02
6.819620361837391842e-03
4.007334324317259229e-03
1.847689332987748501e-03
-2.973135795308067030e-04
-2.524825703690515219e-04
-3.365852076862452399e-04
-3.904356982250115115e-04
-4.902022266766993498e-04
4.354095488863776926e-04
-5.200385175858906073e-04
-5.342216335732218610e-04
-5.270778257893067630e-04
3.366677915658686454e-05
-1.835279381872079684e-04
4.602495476311604483e-04
-9.977125292934556269e-04
-2.681841328577136765e-03
-4.790545172670006985e-03
-7.734063634390456188e-03
-1.187776730194825547e-02
-1.754513761376240780e-02
-2.503224627364354637e-02
-3.445944039293630939e-02
-4.582243849963819199e-02
-5.878502350837393198e-02
-7.298608242520128464e-02
-8.803376674487049802e-02
-1.048286668875278160e-01
-1.295372238348629634e-01
-1.417880356417606513e-01
-1.065717359962453925e-01
-6.271973690881187113e-02
-2.226083152885957941e-02
1.979133279093550635e-02
7.490373726790215680e-02
1.524710664758881506e-01
2.513511686884754570e-01
3.498146245726531656e-01
4.182773317513614475e-01
4.423265249223176099e-01
4.101857777450362841e-01
2.771175299144039150e-01
1.830189737302814479e-01
1.365186777850006805e-01
1.056018723265764736e-01
8.175943323941299579e-02
6.228666521697318742e-02
4.637912633522846967e-02
3.360325978558215132e-02
2.368115295377798760e-02
1.620056009493297047e-02
1.073706590810896526e-02
6.820812289272459167e-03
4.013986506676781897e-03
1.888114129884760047e-03
-2.792798609755967529e-05
-2.450873822226534368e-05
7.429123726234190773e-04
2.653798509229314496e-04
-2.627891427687479762e-04
5.523928759251207042e-04
-2.231382599217207878e-04
-1.207048694374687585e-04
3.119111150910835301e-04
-9.819293136612759721e-05
-2.328393573696218894e-04
-3.610206177623479320e-04
-1.370284412478380703e-03
-3.241139845373714259e-03
-5.810715016456427517e-03
-9.444895107786871469e-03
-1.459805116664719855e-02
-2.171628075336165531e-02
-3.123426533600287200e-02
-4.343110840570282155e-02
-5.845723053674311415e-02
-7.622382616281797585e-02
-9.666886518284538432e-02
-1.202452744735273554e-01
-1.495973783585400341e-01
-1.980599935932580158e-01
-2.368964427925511484e-01
-1.931327965294526439e-01
-1.215992578017593695e-01
-4.773680241440927952e-02
3.085100153984831131e-02
1.278336397712813988e-01
2.460634871272042445e-01
3.624615061958093576e-01
4.442108076976431508e-01
4.814353424710084428e-01
4.802615403911243419e-01
4.328870461774227407e-01
2.890275978802267498e-01
1.909749774878976292e-01
1.436637748042045026e-01
1.124748212307367379e-01
8.819300981877391254e-02
6.802275311150626780e-02
5.122784497449844182e-02
3.747942165013310595e-02
2.662877311796798402e-02
1.833109514785177807e-02
1.220573541663266121e-02
7.777398306440346659e-03
4.594795653723412684e-03
2.224232697849865600e-03
2.670146649791127784e-04
4.807140128178421980e-04
-5.629053085660632632e-04
-2.931319995507645143e-05
-5.001659385709340865e-04
3.157479573881626827e-04
2.795936879416519591e-04
-5.290928898474195948e-04
6.617300803682437662e-04
-4.809595103375807756e-04
4.873079886533614093e-04
1.505231094773260578e-04
-1.265060680749849212e-03
-3.221787809372550580e-03
-5.807240450298448674e-03
-9.444330427430029651e-03
-1.459798001070944026e-02
-2.171628237971436406e-02
-3.123427100045261459e-02
-4.343110892955898139e-02
-5.845722932236153274e-02
-7.622382584076842216e-02
-9.666886577135301584e-02
-1.202452735423735625e-01
-1.495973754101310449e-01
-1.980599928700171042e-01
-2.368964438631774305e-01
-1.931327957041873433e-01
-1.215992579852648997e-01
-4.773680269814054716e-02
3.085100386878271428e-02
1.278336395199883568e-01
2.460634825880035348e-01
3.624615044092661109e-01
4.442108101229207962e-01
4.814353444336762489e-01
4.802615403934636928e-01
4.328870471766051442e-01
2.890276002334087324e-01
1.909749787848045999e-01
1.436637741443756167e-01
1.124748206462283240e-01
8.819301009907652700e-02
6.802275417203086649e-02
5.122784641913536580e-02
3.747941999067117003e-02
2.662876241045777567e-02
1.833104984716319927e-02
1.220556374483447969e-02
7.776874257201712645e-03
4.594304895588447596e-03
2.235836997374457489e-03
4.193409306582700463e-04
-5.287687053028537624e-04
5.859627870891168490e-04
-4.647757788714182155e-04
6.389957328469913741e-04
4.203685728968725851e-04
6.489125750689664828e-04
6.086518472792707074e-04
-1.983419603883086377e-04
3.590423984464825228e-04
4.778228409659341855e-04
3.707558844909125424e-04
-1.257943032102901149e-03
-3.228010837258693273e-03
-5.809668965925014923e-03
-9.445019919816131926e-03
-1.459815502388713167e-02
-2.171632558921614276e-02
-3.123428171843213585e-02
-4.343111247577830653e-02
-5.845723371648839373e-02
-7.622382742788101628e-02
-9.666886261718533879e-02
-1.202452713751407665e-01
-1.495973736384092756e-01
-1.980599891778704880e-01
-2.368964359832542999e-01
-1.931327902524434259e-01
-1.215992583435890478e-01
-4.773680291485304927e-02
3.085100216519841981e-02
1.278336367493783654e-01
2.460634815060582792e-01
3.624615023249417312e-01
4.442108071169222350e-01
4.814353453690362050e-01
4.802615432657618699e-01
4.328870495064673363e-01
2.890276020115969957e-01
1.909749776219204498e-01
1.436637728741046727e-01
1.124748231167680551e-01
8.819301183573521885e-02
6.802275409216261559e-02
5.122784621500422325e-02
3.747942111938594445e-02
2.662876521216889572e-02
1.833105625268565200e-02
1.220560303930515525e-02
7.777170741666272584e-03
4.596795642674260905e-03
2.257800360317636749e-03
6.124419281983290971e-04
-4.930146064819621509e-04
-3.041881096522916364e-04
5.172865635831802806e-04
3.225801326195432139e-05
3.240188293016168803e-04
1.539463267130399427e-04
3.552148226026720325e-04
-5.080065066372659683e-04
-4.614634581395234527e-04
-4.994059035725378601e-06
-4.098917056409036828e-04
-1.551916629288190973e-03
-3.612221676368317352e-03
-6.491017982700442689e-03
-1.058858911032558789e-02
-1.642301474765205105e-02
-2.452308432444381264e-02
-3.541056145737318805e-02
-4.947453663248489036e-02
-6.695290067497812470e-02
-8.797308022631963875e-02
-1.127039434864553769e-01
-1.425285300449786186e-01
-1.819767069347254518e-01
-2.528523040099728836e-01
-3.268426459352127278e-01
-2.934839478448807992e-01
-2.012130300503243152e-01
-8.125674263872445513e-02
5.737023589091785197e-02
2.152763188814628970e-01
3.644915593333309944e-01
4.640053692581009304e-01
5.092985485539733848e-01
5.176130126885127858e-01
4.998586959267237173e-01
4.443279602094644121e-01
2.953793059016550093e-01
1.954699373030110710e-01
1.478424813973853169e-01
1.165957508654597297e-01
9.211643743001847462e-02
7.157719074433430140e-02
5.427371286157342545e-02
3.994357931260744676e-02
2.852106312658680282e-02
1.970905718416304797e-02
1.315979352722633326e-02
8.396336678860560551e-03
4.952089270321322415e-03
2.353512324703320533e-03
1.166538701177670319e-04
-2.646141859223187574e-04
-2.869235673070097089e-04
-3.982332318602012930e-04
-3.603904948591204072e-04
-3.197468607098797092e-04
4.616150570361467111e-04
-1.758963038948878354e-04
5.805076366225840395e-04
5.366607714625645136e-04
-5.332087483846488160e-04
6.430601348017246730e-04
-1.370243362965513053e-03
-3.581191729273789422e-03
-6.485749375385378018e-03
-1.058775850096825392e-02
-1.642290858731465172e-02
-2.452308279495225493e-02
-3.541056738633506507e-02
-4.947453807334238618e-02
-6.695290113797440490e-02
-8.797308106414609974e-02
-1.127039449313724517e-01
-1.425285306318563872e-01
-1.819767053060538375e-01
-2.528523033910473061e-01
-3.268426473153763778e-01
-2.934839493045526826e-01
-2.012130338373528948e-01
-8.125674640319155428e-02
5.737023597847987211e-02
2.152763177064220268e-01
3.644915548449938481e-01
4.640053676204211608e-01
5.092985502880429394e-01
5.176130144304251779e-01
4.998586972715674537e-01
4.443279623241692677e-01
2.953793080756039746e-01
1.954699377323931286e-01
1.478424800340912837e-01
1.165957507005342397e-01
9.211643859590547267e-02
7.157719253430025463e-02
5.427371559755820446e-02
3.994357984746145507e-02
2.852105535983998422e-02
1.970901512386700333e-02
1.315961523485592241e-02
8.395718228123311838e-03
4.951032405156584673e-03
2.363606359219673839e-03
2.842778596974750356e-04
-5.366505069797579321e-04
2.523753994857286720e-04
-5.155473379441930177e-04
-2.105824308330157043e-04
-5.333726950158192929e-07
-1.363582120859941911e-04
5.475288814758745310e-04
-3.389678647160754049e-04
5.047440675311466946e-04
-9.562787215482481198e-05
-2.498776334744767791e-04
-1.496646583303467507e-03
-3.600483172419348139e-03
-6.488941159864987374e-03
-1.058831541095009085e-02
-1.642300775953602077e-02
-2.452310111128349832e-02
-3.541056995222339326e-02
-4.947453861568928274e-02
-6.695290533229622532e-02
-8.797308312768263583e-02
-1.127039415188841737e-01
-1.425285277203655609e-01
-1.819767040463047825e-01
-2.528523022913045093e-01
-3.268426442576925495e-01
-2.934839488504751293e-01
-2.012130364464547738e-01
-8.125674664682772108e-02
5.737023596186031221e-02
2.152763186928690897e-01
3.644915582986341107e-01
4.640053699389440900e-01
5.092985493412321985e-01
5.176130131972260795e-01
4.998586967072544129e-01
4.443279612482827212e-01
2.953793071701605322e-01
1.954699350108023703e-01
1.478424777125924572e-01
1.165957520911381079e-01
9.211643967411986544e-02
7.157719215460271733e-02
5.427371513972215067e-02
3.994358008711905439e-02
2.852105054884998894e-02
1.970897548596245788e-02
1.315936737301360952e-02
8.394083783880691360e-03
4.939802519220848689e-03
2.284196238057154341e-03
-2.914197985039243956e-04
-5.481552144849362535e-04
9.176617994264592293e-05
-1.628336225865927717e-04
-5.678384935554984256e-04
1.750234449651855552e-04
-6.343917626189663405e-04
-4.355070665456093715e-04
-6.664098638644139986e-04
-4.287239979429712010e-04
-3.057136464659268430e-04
-3.966751288532348102e-04
-1.595911466586100690e-03
-3.761478074330562495e-03
-6.771537191453506910e-03
-1.106238110230198593e-02
-1.718120455777219502e-02
-2.569143686409652155e-02
-3.714782522621737360e-02
-5.198526975417396695e-02
-7.047174949064850813e-02
-9.283740679211945068e-02
-1.193597644974133953e-01
-1.519171232173982256e-01
-1.961182470663594413e-01
-2.787652934766839952e-01
-3.761493374663367750e-01
-3.630081382765904530e-01
-2.720764771356049549e-01
-1.152850099491821850e-01
8.864861533774638647e-02
2.943230504478738241e-01
4.406051029572731759e-01
5.112541794939402529e-01
5.330363696435265197e-01
5.285001345912444526e-01
5.049159057272224471e-01
4.471229818897895503e-01
2.972483219346792604e-01
1.969947671334405792e-01
1.493781808710157311e-01
1.181766629352123538e-01
9.365540836519348211e-02
7.299440612092669700e-02
5.550222294985460852e-02
4.094689120537476495e-02
2.929721963123764136e-02
2.027731471328433205e-02
1.355470965580211906e-02
8.653521714401042619e-03
5.110002687221021182e-03
2.489847072072996336e-03
6.500217364473416699e-04
5.015336511186926785e-04
-3.851613291437450495e-04
-1.517503965739171537e-04
-5.836589729229567456e-04
-1.708348595330240450e-04
-1.211729403190038660e-04
-6.025559819064589800e-04
-4.244225507663820286e-04
5.768278864788520472e-04
4.503573743810595446e-04
5.726612882512638119e-04
-1.449816431722557482e-03
-3.738170753036909166e-03
-6.767941545988955844e-03
-1.106191990113245156e-02
-1.718118433117994323e-02
-2.569145547781112940e-02
-3.714783483936857922e-02
-5.198527125175198688e-02
-7.047174992004059946e-02
-9.283740733043077675e-02
-1.193597662577122881e-01
-1.519171260352218389e-01
-1.961182481240201503e-01
-2.787652934757773315e-01
-3.761493378575407331e-01
-3.630081385233969171e-01
-2.720764789103259917e-01
-1.152850111424536389e-01
8.864861712591851073e-02
2.943230500469504740e-01
4.406050998107989836e-01
5.112541775712526881e-01
5.330363688305561620e-01
5.285001343876972735e-01
5.049159069836128833e-01
4.471229837240503491e-01
2.972483230776345464e-01
1.969947663585659980e-01
1.493781786007187251e-01
1.181766624986958086e-01
9.365540840541841661e-02
7.299440566682001419e-02
5.550222408999349460e-02
4.094689163272956234e-02
2.929721074179549370e-02
2.027724957924254695e-02
1.355429685702672429e-02
8.650940533182362169e-03
5.093633519998809825e-03
2.383672242642579514e-03
-5.871431089180208283e-05
-4.673136916028647835e-04
-1.965437396427798086e-04
-1.745557092382364302e-04
-5.397466108928837157e-04
-3.954241844755424407e-04
-4.496056731519265095e-04
1.175592613400909021e-04
-6.173777001581413253e-04
4.403562352453827271e-04
-4.501709075508724604e-04
5.161331479789888713e-04
-1.473794063872976845e-03
-3.742414643275581137e-03
-6.768492628238560217e-03
-1.106192228755838863e-02
-1.718115134222362658e-02
-2.569144019798678610e-02
-3.714782793518087156e-02
-5.198526849614252404e-02
-7.047175286062913602e-02
-9.283740859979511262e-02
-1.193597617746299938e-01
-1.519171212404982207e-01
-1.961182450015000744e-01
-2.787652919316263578e-01
-3.761493362073129454e-01
-3.630081381573005972e-01
-2.720764817204627817e-01
-1.152850151373196463e-01
8.864861354604901267e-02
2.943230483545310472e-01
4.406051015904614565e-01
5.112541814862554546e-01
5.330363701745493010e-01
5.285001336981547393e-01
5.049159064221544480e-01
4.471229824505546513e-01
2.972483220411563654e-01
1.969947644041636081e-01
1.493781773770807009e-01
1.181766640568754356e-01
9.365540866637434014e-02
7.299440386477416831e-02
5.550222247286119848e-02
4.094689132168467111e-02
2.929720744122853160e-02
2.027722966930315535e-02
1.355421139096173525e-02
8.650577992222029805e-03
5.092349034711535216e-03
2.382319870792167470e-03
-1.802349023988656499e-05
-4.709835367395201933e-04
-3.460163565436376472e-04
2.763341498612925792e-04
-6.275894752402779689e-05
-3.120482256062864649e-04
-1.943481742189148514e-04
-3.795261012212955984e-04
-1.961799695907530026e-04
-4.640387488207431562e-04
1.866446168659109423e-04
3.516332221712929859e-04
-1.503036138790070060e-03
-3.680766265526701567e-03
-6.631561717025468740e-03
-1.083011445306332129e-02
-1.681521454099850835e-02
-2.513362913721622904e-02
-3.632475580920047770e-02
-5.080214758253166069e-02
-6.882061200762835951e-02
-9.056187834915092882e-02
-1.162511099649481544e-01
-1.475274129258602185e-01
-1.894612427215111861e-01
-2.663685885034169365e-01
-3.518225954988067339e-01
-3.268330449216520495e-01
-2.329625932118765119e-01
-9.578858136499224241e-02
7.054180992699575492e-02
2.510109036999668142e-01
4.020343091367717947e-01
4.889855997701806900e-01
5.225828875625165848e-01
5.240879104887291584e-01
5.030785249421197980e-01
4.461768466798546884e-01
2.965246994169709605e-01
1.963485625621245179e-01
1.486945204464907300e-01
1.174553670326495547e-01
9.294553355847944009e-02
7.233665913899312017e-02
5.493071068267826179e-02
4.047975554233080447e-02
2.893606359693561350e-02
2.001287027678273420e-02
1.336996291142671101e-02
8.530085272650181696e-03
5.025759085922139498e-03
2.387412075920065154e-03
1.618615192524053292e-04
-4.661588351347476433e-04
-2.588452035361023121e-04
-3.943262150181951623e-04
-2.974055015022152330e-04
-3.442774425327030114e-04
6.281167247508951095e-04
3.274328641020417697e-04
-6.708972058850204553e-04
-3.462717001196007408e-04
1.108174593927717410e-04
-4.886053878675627495e-04
-1.603341096964802388e-03
-3.697397201159897603e-03
-6.634945280486624110e-03
-1.083097523009586907e-02
-1.681546317618029876e-02
-2.513370476009174626e-02
-3.632477702137477948e-02
-5.080215120352041258e-02
-6.882061203437291053e-02
-9.056187678096640215e-02
-1.162511091171775229e-01
-1.475274146811658416e-01
-1.894612441563852390e-01
-2.663685882354165924e-01
-3.518225955990658127e-01
-3.268330457093996944e-01
-2.329625951631981440e-01
-9.578858151899508067e-02
7.054181266307298082e-02
2.510109041976875122e-01
4.020343082954962455e-01
4.889855979634178951e-01
5.225828834086672092e-01
5.240879072026186636e-01
5.030785255904043352e-01
4.461768490348591576e-01
2.965247012732966647e-01
1.963485625640620236e-01
1.486945191513266706e-01
1.174553676016883708e-01
9.294553277784615986e-02
7.233665630750907294e-02
5.493071023333960523e-02
4.047975651970436850e-02
2.893606237201790110e-02
2.001285215753741825e-02
1.336980766132842176e-02
8.528979263928803192e-03
5.018644308457571174e-03
2.345215504837975130e-03
-6.485142379205527440e-05
-2.048390881319582489e-05
4.419467651139245010e-04
-3.486415675213827645e-04
5.476858383526263729e-04
-2.056069379310357316e-04
6.223809304175322585e-05
5.109633828943104623e-04
4.952614013701041318e-04
5.690021215221430272e-04
1.345452525813339070e-04
-3.550569330837771514e-04
-1.592440204777791383e-03
-3.693593815770704249e-03
-6.633660153205282219e-03
-1.083053991703992330e-02
-1.681532209338857872e-02
-2.513366181908614772e-02
-3.632476240230358977e-02
-5.080214606096155466e-02
-6.882061362906079227e-02
-9.056187687175117074e-02
-1.162511039985655303e-01
-1.475274092616501720e-01
-1.894612403700624004e-01
-2.663685875537979975e-01
-3.518225968477616261e-01
-3.268330448710753400e-01
-2.329625960370527438e-01
-9.578858790944591584e-02
7.054180497205887745e-02
2.510108964352019134e-01
4.020343040713930116e-01
4.889856002385669642e-01
5.225828862740538039e-01
5.240879091514363264e-01
5.030785284169163596e-01
4.461768511503654278e-01
2.965247022640706276e-01
1.963485621222789412e-01
1.486945190549606166e-01
1.174553693725414322e-01
9.294553286232851153e-02
7.233665463395533290e-02
5.493070955722358789e-02
4.047975714864571889e-02
2.893606349733399141e-02
2.001286295258344894e-02
1.336989397488147664e-02
8.529575326708605659e-03
5.022813250390116731e-03
2.375566424218483220e-03
1.656629288635008321e-04
-5.314968294766712767e-04
1.139887356367821962e-04
-9.211921253732266511e-05
2.345782188193619859e-05
1.835718180622542440e-04
3.647242205340116522e-04
-4.068391611039831124e-04
1.305612290450640692e-04
4.511099455638861895e-04
2.879852299635818564e-04
-9.055148198862244277e-05
-1.424664211609618248e-03
-3.386364914419721581e-03
-6.079755188641795816e-03
-9.905884882720815063e-03
-1.534643660827996435e-02
-2.288081339689526303e-02
-3.298033928400610076e-02
-4.597083952943453733e-02
-6.204218327905305919e-02
-8.119293964897117410e-02
-1.034563312651956002e-01
-1.296401191964036692e-01
-1.630995152433660778e-01
-2.202954687533709988e-01
-2.715262716095501183e-01
-2.287617070595096835e-01
-1.476668069682156026e-01
-5.851798477290127976e-02
3.819381705437559227e-02
1.553101297305639894e-01
2.880734716674829277e-01
4.029290173662981034e-01
4.722488307143222208e-01
4.977036322835753923e-01
4.892490104652362781e-01
4.381182799288727003e-01
2.918588670484118519e-01
1.929445303275878210e-01
1.454830935110228429e-01
1.142623345345508135e-01
8.989178098441863440e-02
6.955892458329038242e-02
5.254320774352342488e-02
3.854339313042995374e-02
2.744646840605009103e-02
1.892647670311255539e-02
1.261566376827037879e-02
8.035364193305371411e-03
4.725132777550216864e-03
2.240567512453536369e-03
2.820759808451449172e-04
2.365552551755273835e-04
-3.981951583136762469e-04
5.585511252526495057e-05
-4.648920905131722139e-04
6.935379348876402139e-04
6.038943078277549332e-04
-7.541594572819322780e-04
1.656685156866587400e-05
2.758150700305251083e-04
4.726114627046123151e-05
-2.156178146182513870e-04
-1.451201264611386458e-03
-3.401437686865787981e-03
-6.084545831937854775e-03
-9.907276887095263149e-03
-1.534682826914494230e-02
-2.288092165031458888e-02
-3.298036673717798239e-02
-4.597084466779836898e-02
-6.204218298398213316e-02
-8.119293616404642255e-02
-1.034563273116184262e-01
-1.296401188482095290e-01
-1.630995168695715813e-01
-2.202954695834715149e-01
-2.715262741548948311e-01
-2.287617117865682892e-01
-1.476668132645194975e-01
-5.851798815376112184e-02
3.819381893876475781e-02
1.553101320419718878e-01
2.880734746180828032e-01
4.029290187087311570e-01
4.722488268686902413e-01
4.977036282450354454e-01
4.892490105988629989e-01
4.381182811950925515e-01
2.918588673612441675e-01
1.929445289179014811e-01
1.454830919012545520e-01
1.142623357971690873e-01
8.989177991849953142e-02
6.955892093298440826e-02
5.254320835465758899e-02
3.854339795569350358e-02
2.744648335188190624e-02
1.892655098821016679e-02
1.261602877301518100e-02
8.037141691406670882e-03
4.733654162596441853e-03
2.279625025946165756e-03
4.421653640104832202e-04
3.343206356119334585e-04
4.632162462461000096e-06
-6.185360053870725579e-04
-2.809765738871625109e-04
6.707432185716305333e-04
-1.597118493948133174e-05
5.247912653893357622e-04
-4.121718616364066683e-04
5.428426938524627673e-04
6.692009694534799529e-04
-4.560451537772461199e-04
-1.484449047139493579e-03
-3.401224829587805570e-03
-6.083325853102229154e-03
-9.906763823263232613e-03
-1.534665846237770644e-02
-2.288087091979417592e-02
-3.298034983035560280e-02
-4.597083870162704117e-02
-6.204218391733905963e-02
-8.119293574664475377e-02
-1.034563231530587490e-01
-1.296401156757327755e-01
-1.630995155245884565e-01
-2.202954725518823653e-01
-2.715262813214499027e-01
-2.287617141936052478e-01
-1.476668124499375956e-01
-5.851799027804373970e-02
3.819381562193562701e-02
1.553101276526115959e-01
2.880734715829404435e-01
4.029290201625080337e-01
4.722488279819056500e-01
4.977036281875100165e-01
4.892490119495516709e-01
4.381182825819394111e-01
2.918588677033682188e-01
1.929445282986679000e-01
1.454830917397512136e-01
1.142623368588469024e-01
8.989177961719710397e-02
6.955892037484444346e-02
5.254321077641519594e-02
3.854340191562266593e-02
2.744649028260123802e-02
1.892658353489801507e-02
1.261617164590787647e-02
8.037625546243752986e-03
4.733964510324022851e-03
2.262733363164313571e-03
1.996715224011473035e-04
-1.751473993541858242e-04
4.468335968599451442e-04
2.785978233163704317e-04
-6.154217502194123113e-04
-5.901959535300976096e-04
-4.528591647422314757e-04
1.122170375989974559e-04
-5.630655163881151740e-04
1.560598103453129441e-05
-3.531903879292006693e-04
1.156635400387578738e-04
-1.130716785519185214e-03
-2.874489707706804655e-03
-5.158946031052515785e-03
-8.372487808340619772e-03
-1.291435922943003078e-02
-1.915437961846552795e-02
-2.744369704905847210e-02
-3.796451341301106119e-02
-5.077676567187053985e-02
-6.563212769568697869e-02
-8.228005360028280146e-02
-1.005933789012707219e-01
-1.220367077794450583e-01
-1.550245045670503030e-01
-1.754273682211026919e-01
-1.357360153780214629e-01
-8.213635427409897438e-02
-3.101629710096082473e-02
2.230883975416210127e-02
9.030602590804157059e-02
1.816942514365862682e-01
2.895907902148324164e-01
3.857459397541810886e-01
4.441260235049515614e-01
4.585682999053189990e-01
4.201126586700285048e-01
2.822990471167246551e-01
1.864204570255156845e-01
1.395194104221675613e-01
1.084483347933719033e-01
8.440114892793515455e-02
6.462696438339050886e-02
4.834974298907613460e-02
3.517502519576485437e-02
2.487566965174031405e-02
1.706326763578315184e-02
1.132788052629400515e-02
7.190682006620783238e-03
4.188314903350542212e-03
1.799515294496085082e-03
-9.129028439299524461e-04
-9.804661644057397689e-05
-4.261372102261648076e-04
-3.118692178247492541e-06
-4.904460825854300987e-04
-4.842793889931658064e-04
-5.302927002198006782e-04
-7.290124168447355063e-04
-5.939502834812357629e-04
7.440639576596901495e-04
5.177102774839069475e-04
5.989249803141098640e-04
-1.085303120643541733e-03
-2.878582720919941121e-03
-5.161903236074846107e-03
-8.373502097961220414e-03
-1.291465421154346614e-02
-1.915445807356064983e-02
-2.744371432448474216e-02
-3.796451583850032896e-02
-5.077676492696257121e-02
-6.563212482968902584e-02
-8.228005045529522554e-02
-1.005933805860654701e-01
-1.220367130657438043e-01
-1.550245084214658675e-01
-1.754273715063093264e-01
-1.357360185829694921e-01
-8.213635880532331457e-02
-3.101630040073469208e-02
2.230884043996103974e-02
9.030602795913782177e-02
1.816942547499200145e-01
2.895907922825724512e-01
3.857459367115405047e-01
4.441260205329274902e-01
4.585683014661435797e-01
4.201126606613554970e-01
2.822990471324164918e-01
1.864204551245101926e-01
1.395194090873869142e-01
1.084483364527377147e-01
8.440114655923211529e-02
6.462695853514972832e-02
4.834974318812151894e-02
3.517503240848851576e-02
2.487569921103236978e-02
1.706342989065718838e-02
1.132875937912942478e-02
7.195502677900989137e-03
4.215153274072743796e-03
1.951605486604445243e-03
-2.795172384862429344e-05
-6.711287366610521480e-04
5.785698190246413167e-04
3.478795217313631304e-04
4.007804101562417016e-04
-6.996725415961864425e-04
2.144220665204203582e-04
-2.832278175666121112e-04
-4.868035737671279469e-04
4.417647453846786022e-04
-1.159716283857395116e-04
4.142967594203558431e-04
-1.100337815326932547e-03
-2.877532887780593750e-03
-5.160955919223379762e-03
-8.373140612549265921e-03
-1.291453761530958130e-02
-1.915442500603147663e-02
-2.744370392020027347e-02
-3.796451263893877576e-02
-5.077676753970664786e-02
-6.563212537734690322e-02
-8.228004807917793650e-02
-1.005933793653608632e-01
-1.220367117813689756e-01
-1.550245100416178523e-01
-1.754273782344190902e-01
-1.357360209230924764e-01
-8.213635548521877605e-02
-3.101629841993100781e-02
2.230884133962336355e-02
9.030602876618050445e-02
1.816942568419803450e-01
2.895907964849790406e-01
3.857459384900177035e-01
4.441260196193813625e-01
4.585683011868078029e-01
4.201126603311337582e-01
2.822990460455518935e-01
1.864204540914239372e-01
1.395194084661399436e-01
1.084483356025092160e-01
8.440114415414154414e-02
6.462695686770073000e-02
4.834974603076408473e-02
3.517503771397401113e-02
2.487571349836772278e-02
1.706350785900366887e-02
1.132918121679337038e-02
7.197904163447297124e-03
4.229545286310911097e-03
2.042980751632198118e-03
5.887897794056716656e-04
4.625092336849165775e-04
-3.544817306794309378e-04
2.526480506823187587e-04
4.556693489369392021e-04
-3.099352510552515184e-04
-4.564279547737670186e-04
-4.531665240033997170e-04
5.876980483581813880e-04
-7.073732748498292211e-05
-1.442676930206849802e-04
5.069803007245332485e-04
-8.082029413721118251e-04
-2.194581561527047218e-03
-3.931026489827913264e-03
-6.344056705351733445e-03
-9.714183232599069712e-03
-1.427034140676397035e-02
-2.019791603840790165e-02
-2.750220297616487453e-02
-3.605052024422819579e-02
-4.536606850575542610e-02
-5.489975582329842396e-02
-6.392581845384015526e-02
-7.256441718320946754e-02
-8.396645475769494438e-02
-8.522003365265837238e-02
-5.984950636964858628e-02
-3.213233268136787835e-02
-7.808079418145236206e-03
1.822076457400669675e-02
5.522780916686535757e-02
1.119967929119326522e-01
1.924247708916977107e-01
2.859587518552209606e-01
3.657948169438250408e-01
4.061778313074674851e-01
3.870007206122483834e-01
2.649664137319894253e-01
1.752304041669051349e-01
1.298636749882768893e-01
9.945854860808914233e-02
7.617345944401443525e-02
5.742334583441657120e-02
4.234796578515111903e-02
3.043348929122109345e-02
2.130450557453406404e-02
1.450130574082194798e-02
9.572770242679015315e-03
6.054879089627210158e-03
3.517827332249495124e-03
1.520300405167846576e-03
-5.188394002424661202e-04
-5.322441168725128291e-04
-4.830011850535129788e-04
5.316278442186996240e-04
2.434583370884259106e-04
5.986596640243865581e-04
-4.597365281902868954e-04
-5.623154458396387254e-04
1.892889432390440756e-04
5.241726877797063923e-04
3.236828582497102823e-04
-2.766023958058989938e-04
-9.271261325119754728e-04
-2.213820481240801139e-03
-3.934340046459576350e-03
-6.344640494531980819e-03
-9.714284710972766884e-03
-1.427035553642475377e-02
-2.019791447977480059e-02
-2.750220094283691019e-02
-3.605051884285703778e-02
-4.536606624178499830e-02
-5.489975301573127298e-02
-6.392582043553955706e-02
-7.256442237677271367e-02
-8.396645690023209208e-02
-8.522003327651964111e-02
-5.984950476634374322e-02
-3.213233269232131789e-02
-7.808080443837693389e-03
1.822076500169853702e-02
5.522781016946828880e-02
1.119967937249527895e-01
1.924247699495560682e-01
2.859587475167074677e-01
3.657948144019306791e-01
4.061778344379288197e-01
3.870007240909921764e-01
2.649664145824783268e-01
1.752304034166194124e-01
1.298636756763830724e-01
9.945855170395012657e-02
7.617345640283634811e-02
5.742333818378405480e-02
4.234796468830578225e-02
3.043349537597392004e-02
2.130453669759742319e-02
1.450148382698761458e-02
9.573715877767481966e-03
6.059875749880408793e-03
3.543968650606447394e-03
1.653848629716001646e-03
1.311945588011235151e-04
6.023630300398726814e-04
5.842670576497274075e-04
-1.843621153385583463e-04
1.347403211573776126e-05
1.471691418380191671e-04
-4.003005156099056550e-05
1.921329323780935380e-05
-6.417514583131314534e-04
-4.289081748374070106e-04
-5.893566164554207539e-04
5.076371018952683918e-04
-8.207900146975932471e-04
-2.199563516922643878e-03
-3.932181600279380761e-03
-6.344247328523124410e-03
-9.714196554120702043e-03
-1.427033457249949483e-02
-2.019790730822521030e-02
-2.750219713748366587e-02
-3.605051979192142736e-02
-4.536606520322811892e-02
-5.489975143862799167e-02
-6.392582142893829533e-02
-7.256442204452399902e-02
-8.396645754108719717e-02
-8.522003949425822900e-02
-5.984950844288174782e-02
-3.213232993084007977e-02
-7.808078407406706875e-03
1.822076500389499185e-02
5.522781011010211016e-02
1.119967961950519147e-01
1.924247756954666488e-01
2.859587518752014779e-01
3.657948160888839229e-01
4.061778356834127024e-01
3.870007235845319138e-01
2.649664127088598997e-01
1.752304031648075078e-01
1.298636766085745353e-01
9.945855152078607320e-02
7.617345477120598951e-02
5.742333726901876351e-02
4.234796726680953305e-02
3.043349829830198014e-02
2.130454769440665377e-02
1.450155506018063409e-02
9.574067681561769169e-03
6.061601339294392723e-03
3.552210699007522527e-03
1.691112197494533788e-03
2.801286219468921389e-04
4.631521787852785604e-04
8.252326174553875897e-05
-1.109492123329562148e-04
1.273101303586429874e-04
-3.253091506407935932e-04
-5.572039853336027259e-04
4.721484623499163210e-05
4.337161860789030517e-04
3.730892869526191693e-04
-4.288214559887063948e-04
1.936561372659565533e-04
-5.624037551458581190e-04
-1.394792639471494587e-03
-2.475723812134496792e-03
-3.958861146846644370e-03
-5.976456140645244365e-03
-8.599054173222668920e-03
-1.182153027734846908e-02
-1.545847600858492321e-02
-1.915529530147206880e-02
-2.225249946261207909e-02
-2.395715605350185601e-02
-2.329980649842727444e-02
-1.959663108018378300e-02
-1.270253141146702319e-02
-1.546833909523242373e-03
6.376363208159467437e-03
1.070934888715418740e-02
1.449139169512809501e-02
2.235202137100833833e-02
3.958601489473405344e-02
7.189496222410658721e-02
1.246552122992212186e-01
1.973451642017435559e-01
2.761603882420186618e-01
3.332648808108298333e-01
3.354801560186606024e-01
2.368299376081988705e-01
1.574313563788861947e-01
1.152622197314576574e-01
8.654669130054598591e-02
6.482241393907021976e-02
4.780961035959076927e-02
3.455095896812795941e-02
2.440491614824598712e-02
1.684152055321729360e-02
1.134094980019893263e-02
7.430079383972438070e-03
4.681299308771249765e-03
2.719316932839969166e-03
1.173551366361876925e-03
-5.499007614869493195e-04
1.731494160073864896e-04
-3.043864454223359738e-04
3.805446182489754733e-04
5.278384856922306665e-04
2.367134188851808499e-04
6.095337683192905611e-04
-1.820998984032431219e-04
-2.665994208932631268e-04
-4.900265366699907421e-04
3.604744001955981279e-04
-3.759147675480542278e-04
-6.784880067826629590e-04
-1.410022319775414840e-03
-2.477137912974805480e-03
-3.958742616106421426e-03
-5.976331665249473221e-03
-8.599001860303200420e-03
-1.182151221471141982e-02
-1.545847127053596136e-02
-1.915529276830473665e-02
-2.225249422302348623e-02
-2.395714773593110927e-02
-2.329980257562108345e-02
-1.959663171303327803e-02
-1.270253099173951697e-02
-1.546832887201926012e-03
6.376364772506243686e-03
1.070934935623089369e-02
1.449139114293218795e-02
2.235202189287159580e-02
3.958601651153835499e-02
7.189496309141184260e-02
1.246552104615293172e-01
1.973451589284641039e-01
2.761603844901114324e-01
3.332648821107224713e-01
3.354801570148816525e-01
2.368299365349009478e-01
1.574313555775122275e-01
1.152622223206190150e-01
8.654669630443885542e-02
6.482241172560387898e-02
4.780960341384297985e-02
3.455095854792491344e-02
2.440492148814041654e-02
1.684154549105013401e-02
1.134109010945666927e-02
7.430808848559848807e-03
4.685169993353833530e-03
2.740588736454884888e-03
1.297260439008020858e-03
2.305884340570647003e-04
5.803960646322483966e-04
6.766538103172555028e-05
-3.069736491458419417e-04
7.256140074715931908e-04
-4.831904648209616013e-04
6.088998085581697308e-04
-3.634972876191237806e-06
6.007730434247275479e-04
4.011690586448245590e-04
-2.433095875424802284e-04
-5.414876234837814233e-04
-6.808728772580827007e-04
-1.406406965623984220e-03
-2.475851059862279463e-03
-3.958368798287865802e-03
-5.976227564320869302e-03
-8.598974311587683286e-03
-1.182150230650930688e-02
-1.545846503953955328e-02
-1.915529063963887849e-02
-2.225249103772842033e-02
-2.395714683782880147e-02
-2.329980583449440742e-02
-1.959663394999414457e-02
-1.270253327485078298e-02
-1.546840649681216441e-03
6.376358342505760238e-03
1.070935039484383414e-02
1.449139258353771519e-02
2.235202024880372784e-02
3.958601415912000460e-02
7.189496382840200595e-02
1.246552146596090899e-01
1.973451618748837677e-01
2.761603853335717895e-01
3.332648831805263834e-01
3.354801563017087429e-01
2.368299348182099362e-01
1.574313567312319584e-01
1.152622239050235947e-01
8.654669489751205813e-02
6.482240945166038715e-02
4.780960284108320274e-02
3.455096127409308659e-02
2.440492304779070740e-02
1.684155268418155785e-02
1.134114593090499064e-02
7.431075375198228916e-03
4.686399443922488993e-03
2.745752491586967488e-03
1.314343120539416491e-03
2.413431071826631455e-04
6.394209017686276796e-04
6.094039568967974827e-04
6.289579379485654709e-04
-6.069697343632579839e-04
-5.705277856351515875e-04
-3.015365341351884592e-05
5.942049286621941054e-04
6.080557602004784453e-04
1.276056351548451233e-04
5.372700596974282726e-04
3.362355761194212619e-04
-1.992704766667041899e-04
-5.125264250152878481e-04
-8.838988707188298686e-04
-1.362304674367952268e-03
-1.936228431495525416e-03
-2.520045397750347253e-03
-2.922544554706582327e-03
-2.786221573719658770e-03
-1.560285683448267395e-03
1.528961851266279377e-03
7.438851380800550611e-03
1.725005970338137906e-02
3.240018463082600109e-02
5.627108830209587298e-02
7.944622577973535493e-02
7.160642375307629814e-02
5.434960696818387504e-02
3.924825927365117872e-02
3.158559219670688256e-02
3.414965654384258253e-02
4.961705648677035285e-02
8.119265632065315874e-02
1.306843633156039852e-01
1.933072186805471493e-01
2.503731631042432348e-01
2.675794022522688387e-01
1.959708682459478934e-01
1.310733810100235541e-01
9.435481869856751636e-02
6.892415422920804280e-02
4.999796805337922145e-02
3.571512830946280137e-02
2.504366671026292054e-02
1.723303356217367743e-02
1.163636873009092111e-02
7.709139576718104098e-03
4.995964547382952640e-03
3.134747402047915587e-03
1.837289902411467363e-03
8.892035320748643964e-04
3.227111211700959235e-04
3.793916185571280715e-04
2.015615027344781014e-04
6.615437416701789447e-04
-6.392956866263743666e-04
6.733527960307560687e-04
7.525399296396338136e-04
3.390470111055548792e-04
5.274524187673549714e-04
7.283543594293426796e-06
-2.566665384323799657e-04
-6.284309414647467913e-04
-3.480092619788174727e-04
-5.269655134012521825e-04
-8.842844092900005925e-04
-1.361837558285763613e-03
-1.936002622387057292e-03
-2.519963978560329186e-03
-2.922519423046912763e-03
-2.786216144344635850e-03
-1.560283506254388870e-03
1.528966846112070257e-03
7.438859280782692159e-03
1.725006226870206411e-02
3.240018259505796777e-02
5.627108777293894637e-02
7.944622630012695974e-02
7.160642535432287792e-02
5.434960814664734075e-02
3.924825886544690973e-02
3.158559234317470654e-02
3.414965905699052923e-02
4.961705886490336281e-02
8.119265494685995455e-02
1.306843574688364706e-01
1.933072136713644140e-01
2.503731627264739190e-01
2.675794015466507192e-01
1.959708664660252120e-01
1.310733812446486790e-01
9.435482334942411897e-02
6.892416052330010978e-02
4.999796697210651814e-02
3.571512337921609048e-02
2.504366706315070898e-02
1.723303743937184065e-02
1.163638269100502644e-02
7.709205224299786434e-03
4.996211065459188819e-03
3.135349596074215109e-03
1.835135260543146627e-03
8.355747305290814071e-04
-3.042248982167532201e-04
-6.644355897705799246e-04
-3.138001466706437674e-04
-3.246465797007573898e-04
-5.577219811750905656e-04
-6.153531012939771278e-04
3.978949400264544453e-04
7.262091276901763703e-04
3.842897749110492345e-04
6.662873883013442026e-04
-3.807449599286831716e-04
-2.833328256173871912e-04
-3.099005971163829747e-04
-5.188546473554197201e-04
-8.822541089491457798e-04
-1.361292161057000042e-03
-1.935856625545850267e-03
-2.519926786162226488e-03
-2.922508503308487646e-03
-2.786210788439217462e-03
-1.560280939331601478e-03
1.528969294089467653e-03
7.438858123713690783e-03
1.725005785647129239e-02
3.240017950960577542e-02
5.627108569195579668e-02
7.944621972238458119e-02
7.160641875464621164e-02
5.434960866978168909e-02
3.924826069500888387e-02
3.158559137278302287e-02
3.414965731744561833e-02
4.961705922823306941e-02
8.119265672192789440e-02
1.306843566183566729e-01
1.933072112081008487e-01
2.503731625283444617e-01
2.675794011872105194e-01
1.959708658060129449e-01
1.310733838036108601e-01
9.435482449118701154e-02
6.892415680762425945e-02
4.999796385263188120e-02
3.571512359747679166e-02
2.504367033079283461e-02
1.723303847209360293e-02
1.163638837848509668e-02
7.709254974027292436e-03
4.996484236078992114e-03
3.136978828899126756e-03
1.845429487451377649e-03
9.041405954802137499e-04
1.733900809890780658e-04
5.002519232304549271e-04
3.681641797917928165e-04
2.415188598182386624e-04
4.249503485258706551e-04
4.770666688250477564e-04
3.919011326538231481e-04
4.655065040082810449e-04
-5.325611761801203776e-04
4.291650996007298599e-04
2.244685653738250877e-04
-1.886603033433728539e-04
1.325717024459936266e-04
4.012410717761548873e-04
7.672681996167549697e-04
1.315839667632836673e-03
2.192961082162724756e-03
3.622530960733599988e-03
5.946601752066168166e-03
9.646085142940259011e-03
1.538651779580679953e-02
2.397751191939265919e-02
3.646087676443689196e-02
5.413394965912787099e-02
7.957638973970264373e-02
1.207522445491655688e-01
1.600849921085554795e-01
1.416584526571376401e-01
1.044097390947297116e-01
7.001182963033464324e-02
4.679983161370641215e-02
3.624732031955712336e-02
3.852901504458681320e-02
5.410308199347668018e-02
8.366037482660625135e-02
1.254924268004596055e-01
1.693838403555553984e-01
1.896055371625136321e-01
1.427583592070089114e-01
9.506587768829452556e-02
6.621821017437967694e-02
4.608211471228169931e-02
3.156114863789211827e-02
2.122021051831746857e-02
1.400954399868093413e-02
9.119134548722833758e-03
5.868588492824483582e-03
3.747006901135648081e-03
2.371793172418931207e-03
1.477298834224439030e-03
8.715239245721858718e-04
3.736687369878737377e-04
-5.271849285090851427e-04
4.826198837157637559e-04
-2.111171362287634365e-04
-2.592326861503179065e-04
-6.181516513765740418e-04
-4.918856978489581557e-04
-4.484550232415944145e-04
-6.179781607263797809e-05
1.196881149776010179e-04
3.678859453759911733e-04
3.308996072622720475e-04
6.563196137931722829e-05
1.355847191427609743e-04
3.987770202972112932e-04
7.670768516101364671e-04
1.316028274130091576e-03
2.193081181208829562e-03
3.622583520529777234e-03
5.946619189471123897e-03
9.646087724929216720e-03
1.538651761825247585e-02
2.397751380725674300e-02
3.646088048394400399e-02
5.413394784598758724e-02
7.957638516738871348e-02
1.207522432802993900e-01
1.600849924704018379e-01
1.416584538321286613e-01
1.044097401311637058e-01
7.001182911447442758e-02
4.679983142278023450e-02
3.624732253596998910e-02
3.852901681771156439e-02
5.410307981499607594e-02
8.366036923330961994e-02
1.254924234754128398e-01
1.693838425997855890e-01
1.896055390089243231e-01
1.427583597439396057e-01
9.506588105094328223e-02
6.621821793410846702e-02
4.608212179854521279e-02
3.156114764687339286e-02
2.122020637888700698e-02
1.400954282439562971e-02
9.119135784414787033e-03
5.868597329024702151e-03
3.747061690915094549e-03
2.372128552422643477e-03
1.479544657760952864e-03
8.876859171759727933e-04
4.968935776702183968e-04
4.524547744324960790e-04
4.746829489249678249e-04
3.734990735145988236e-04
3.272173307697813917e-04
1.371400457751220604e-04
-1.559458825345774190e-05
3.335870616437937915e-04
-1.760199263789174204e-04
-1.105138003289727895e-04
5.857664595272212222e-04
5.130599712106320535e-04
-5.368737185846444732e-04
6.459159684680311920e-05
3.962363422129430474e-04
7.679937598040869609e-04
1.316415643012184547e-03
2.193188290470554289e-03
3.622608607870718422e-03
5.946625336443231435e-03
9.646091031411814856e-03
1.538652106201468701e-02
2.397751463740593891e-02
3.646087561998951482e-02
5.413394109182719655e-02
7.957638064549760193e-02
1.207522415541820993e-01
1.600849887189841614e-01
1.416584499618587789e-01
1.044097432616054311e-01
7.001183440173920636e-02
4.679983332335332924e-02
3.624732163835357041e-02
3.852901602613355986e-02
5.410307969184246363e-02
8.366036648593037917e-02
1.254924187924145729e-01
1.693838398615193919e-01
1.896055363335834021e-01
1.427583578979426115e-01
9.506588462145151852e-02
6.621822116083735110e-02
4.608212051837727585e-02
3.156114788935443505e-02
2.122020927363643672e-02
1.400954598376422111e-02
9.119134329836933034e-03
5.868596216650487710e-03
3.747070358845559952e-03
2.372133214780944559e-03
1.479377622292737775e-03
8.857474819904188109e-04
4.804844513079078636e-04
3.298562719143294394e-04
-4.358886791691424733e-04
-2.937422886975484459e-04
5.813655713042013493e-04
-4.227948087064121573e-04
-5.216637445427224065e-04
-6.441400733810237196e-05
-2.708237113480318353e-05
3.939312669316471655e-07
1.382415175108894681e-04
-5.728302230908873324e-05
4.468830086162616454e-04
6.274883719691712238e-04
1.348002071337031172e-03
2.418176948407769165e-03
3.960946794238823926e-03
6.221853051256897443e-03
9.531033492908002128e-03
1.432566642231715252e-02
2.114425991142747374e-02
3.065942049346367243e-02
4.364271524582209738e-02
6.114722507147952318e-02
8.485481557113241924e-02
1.189390865639047973e-01
1.776864429611295371e-01
2.396969528306561736e-01
2.199776311775911708e-01
1.667269941231611652e-01
1.115613571663966325e-01
6.986889850014804670e-02
4.455447835647694671e-02
3.416540027213380015e-02
3.636851891587918745e-02
4.957570809010976298e-02
7.157590730290940007e-02
9.645611259814074190e-02
1.090007365293901576e-01
8.061302669743419802e-02
5.045412999240116853e-02
3.136075464846756200e-02
1.846764813531077964e-02
9.989681109470235215e-03
4.781228895673782751e-03
1.842567646767652272e-03
3.746088762538790965e-04
-2.301317598382489164e-04
-3.811929282411221287e-04
-3.307600623553432579e-04
-2.145534075858299182e-04
-8.756059132340737608e-05
7.757390295529709178e-05
6.339247386327585918e-04
-5.246826298978975699e-04
-2.530846783190443170e-04
-4.250412072578804257e-04
2.655260761707641188e-04
-5.310299717348754278e-04
-6.443060942246578958e-04
-1.315503696855736566e-04
1.545836974299018556e-04
-4.500845858576732559e-04
3.347001583169311291e-04
-1.231961710939070856e-04
5.465316258481655578e-04
1.335174700012771876e-03
2.416333542727491530e-03
3.960764383987739473e-03
6.221871424485532140e-03
9.531056053244722423e-03
1.432567397317911252e-02
2.114425900085231680e-02
3.065941978846772886e-02
4.364271851801000690e-02
6.114723056052868283e-02
8.485481513982669199e-02
1.189390825957732101e-01
1.776864405598416463e-01
2.396969504740625589e-01
2.199776293366763891e-01
1.667269933413786653e-01
1.115613558430384872e-01
6.986889738259659255e-02
4.455447940933528195e-02
3.416540149940110183e-02
3.636851751768226809e-02
4.957570455203803850e-02
7.157590634319825618e-02
9.645611719386421035e-02
1.090007400067768972e-01
8.061302773145724576e-02
5.045413380257165320e-02
3.136076238658044163e-02
1.846765356109089304e-02
9.989679774829696504e-03
4.781226272688552693e-03
1.842565521385538911e-03
3.746075120714338126e-04
-2.301355554234468370e-04
-3.812179765949205929e-04
-3.309236015588708614e-04
-2.156715829446333090e-04
-9.576394784052570978e-05
1.337866493848996705e-05
1.053241907036311600e-04
-2.642693541925825716e-04
-5.341989368250922706e-04
4.696675926996895676e-04
-2.505753544873222057e-04
-5.634723701350260105e-04
-6.594476779352196434e-04
5.497672682450194552e-04
-3.711729881956010485e-04
3.138900686721325878e-04
-8.990282139556755089e-05
1.389674086039862169e-04
5.921556319035526207e-04
1.338615083543672661e-03
2.416145259756337284e-03
3.960545464354535937e-03
6.221784360272299141e-03
9.531027439996727496e-03
1.432566436212530901e-02
2.114425679706115682e-02
3.065942298865305393e-02
4.364271870457267499e-02
6.114722519965221786e-02
8.485481006663182779e-02
1.189390798606413807e-01
1.776864406894169413e-01
2.396969502184113920e-01
2.199776295644152724e-01
1.667270000307942701e-01
1.115613637006411529e-01
6.986890002182225001e-02
4.455447771372264554e-02
3.416539955710252291e-02
3.636851702809278802e-02
4.957570212681945004e-02
7.157590138470658336e-02
9.645611365609589594e-02
1.090007371281419557e-01
8.061302567992416346e-02
5.045413673677877353e-02
3.136076364251408344e-02
1.846764948882037224e-02
9.989678034365878298e-03
4.781228159188765682e-03
1.842567245651964081e-03
3.746048531398371573e-04
-2.301389002691119827e-04
-3.812298069525690207e-04
-3.310473967811136111e-04
-2.166747846387107274e-04
-1.035581358275399844e-04
-4.756305950557216007e-05
-3.804199140390158670e-04
-4.177581492219932221e-04
-4.794996586612840814e-04
6.024225035725868684e-04
-1.669447319397671028e-04
-5.521360359453019112e-04
-1.385738163293063878e-04
5.349429775014644855e-04
6.105144004598513042e-04
-3.945709836176824873e-04
1.837299416760626702e-05
-4.517846788247458683e-04
9.149006731164894797e-04
2.239269802280293310e-03
3.993384661192681331e-03
6.461595896948016393e-03
9.981184396668285608e-03
1.495730486485930336e-02
2.186440408606296626e-02
3.123483712197487605e-02
4.365298174636388778e-02
5.979365101998535686e-02
8.065759874483059699e-02
1.083582885637385945e-01
1.487964328694009186e-01
2.232637113282161523e-01
3.120935824266589109e-01
3.032575586394008482e-01
2.443216121292910714e-01
1.703430129672917626e-01
1.064811420464944758e-01
6.223317205050577644e-02
3.680179586658605118e-02
2.525785925720029981e-02
2.318683821455605129e-02
2.630775782008551097e-02
3.001731619744436863e-02
2.823925780620128306e-02
1.290867646389061950e-02
-2.542178068192434094e-04
-8.274204631674638225e-03
-1.238782068702507476e-02
-1.353976517827064179e-02
-1.273452271071140278e-02
-1.084637568743421904e-02
-8.581509035693138734e-03
-6.380267725139170294e-03
-4.491717042478851271e-03
-2.994723929675512271e-03
-1.873905231038302784e-03
-1.049368591840163858e-03
-4.110435040728396632e-04
1.012478789831068419e-04
-9.017272804871722335e-05
2.191085635153074861e-05
-3.117917380824751939e-04
-1.816253672768456653e-04
5.267470081125554850e-04
2.728009800239032472e-04
-1.577471847128472779e-04
-4.314834325311097535e-04
-2.843883767644142112e-04
2.890895150315549709e-04
-3.897550710519502234e-04
9.002239763314151457e-04
2.235854585572727687e-03
3.992653637055674359e-03
6.461487169052567217e-03
9.981183230247304972e-03
1.495731413084301284e-02
2.186440658534972645e-02
3.123483497015016458e-02
4.365298113302790162e-02
5.979365422822303239e-02
8.065760289188178556e-02
1.083582870715748409e-01
1.487964291606377887e-01
2.232637097891859990e-01
3.120935810751851447e-01
3.032575569365160706e-01
2.443216104507994202e-01
1.703430102351075615e-01
1.064811394919746163e-01
6.223317235251032975e-02
3.680179725493460535e-02
2.525785845564854429e-02
2.318683481692896189e-02
2.630775609692222877e-02
3.001732020124365380e-02
2.823926102873441923e-02
1.290867651249120139e-02
-2.542151693390695862e-04
-8.274198511997550229e-03
-1.238781784284217861e-02
-1.353976686810817211e-02
-1.273452391894623094e-02
-1.084637840917358070e-02
-8.581511891809130016e-03
-6.380278885551570085e-03
-4.491783766810247304e-03
-2.995076689397515365e-03
-1.875735558588394625e-03
-1.058618770197292547e-03
-4.548222432644007194e-04
-7.307300806578639787e-05
5.018652336757570146e-04
1.954775312243830034e-04
-7.006802069590996719e-04
-3.696862868171964147e-05
6.667128127143097729e-05
5.491767919102590089e-04
-1.749031468854362031e-04
-2.088960718941445618e-05
2.415922094015807923e-04
7.256923263572767104e-04
5.834505770973468040e-04
1.040726246438827742e-03
2.249246441195721768e-03
3.993251100082325852e-03
6.461226390772549337e-03
9.981050244691314077e-03
1.495726931782216142e-02
2.186439180410580663e-02
3.123483154085519853e-02
4.365298563634315010e-02
5.979365511534131400e-02
8.065759837523307774e-02
1.083582844497867764e-01
1.487964286268749214e-01
2.232637109210911797e-01
3.120935812960929367e-01
3.032575568995195536e-01
2.443216157827062807e-01
1.703430166718821193e-01
1.064811419376330975e-01
6.223317193919702256e-02
3.680179651875003372e-02
2.525785832747401427e-02
2.318683299249251276e-02
2.630775175863148130e-02
3.001731759783667769e-02
2.823926035999097667e-02
1.290867556636978927e-02
-2.542141786662189206e-04
-8.274201902178856052e-03
-1.238782687223401180e-02
-1.353977195648936767e-02
-1.273452344625547981e-02
-1.084637788659126648e-02
-8.581514713589722190e-03
-6.380278810799139277e-03
-4.491773333070828850e-03
-2.994995952291370188e-03
-1.874914130526416809e-03
-1.050509162345461978e-03
-3.790521608111746543e-04
6.078908643948403552e-04
-5.890532731011197077e-04
1.609661612423821748e-04
5.366117920749393722e-04
3.362001166976511489e-04
5.849965021195080352e-04
-2.042036023051722047e-04
-2.748479176094247977e-04
-9.961384041070077129e-05
-1.570717197645655225e-04
9.855424550297960465e-05
7.484355547166005474e-04
1.450381001379463970e-03
3.087090798076902107e-03
5.428248567169570958e-03
8.713377812424392965e-03
1.332299523217773604e-02
1.970520168273170655e-02
2.832595563812500411e-02
3.966704005578556430e-02
5.416929833838556030e-02
7.238095363485365363e-02
9.521218130373029775e-02
1.251260347588702693e-01
1.695323152975887204e-01
2.559363746179595389e-01
3.700916385084794813e-01
3.813132626834861427e-01
3.331580599041691348e-01
2.512397852472153525e-01
1.644048781932374304e-01
9.464847004113037532e-02
4.798065163630353680e-02
1.910686021213950717e-02
3.622795727799432860e-04
-1.598053022301768739e-02
-3.490071376592190910e-02
-5.395442705420772089e-02
-5.775869479172909132e-02
-5.338226312080023017e-02
-4.937459446870635926e-02
-4.388680639658302379e-02
-3.717514240016597110e-02
-3.006859542919065528e-02
-2.323920355276924699e-02
-1.722448662070676789e-02
-1.225199265927939644e-02
-8.377807319198625133e-03
-5.492388369072529440e-03
-3.420492228031604687e-03
-1.943239503843806988e-03
-8.134260768997008144e-04
4.026998600645250392e-04
-4.994263663960318671e-04
-6.215861006520233181e-04
-6.732107014029465068e-04
3.842468403423732496e-04
5.828984424307139065e-04
-3.567177469868389682e-04
2.101193159280552133e-04
3.315881498410366704e-04
3.672238462187170241e-04
-2.298543606228838077e-04
3.016294532918382910e-04
1.364949992017226244e-03
3.068293805103798882e-03
5.424381123752806434e-03
8.712615480341131396e-03
1.332285231653341021e-02
1.970517856846011606e-02
2.832595130628759103e-02
3.966703676940180889e-02
5.416929694272380053e-02
7.238095507163515296e-02
9.521218281777733827e-02
1.251260324970306648e-01
1.695323127866918134e-01
2.559363744920696293e-01
3.700916383330606907e-01
3.813132611071186617e-01
3.331580573329303019e-01
2.512397817335137451e-01
1.644048753833467214e-01
9.464847001613629907e-02
4.798065170547647501e-02
1.910685748573470386e-02
3.622741463131650829e-04
-1.598053418884726185e-02
-3.490071170142655665e-02
-5.395442513591822836e-02
-5.775869677559102022e-02
-5.338226322457056972e-02
-4.937459157681167027e-02
-4.388680677995467766e-02
-3.717514452061728564e-02
-3.006859548830300224e-02
-2.323920578188892749e-02
-1.722448923979965490e-02
-1.225200635688968726e-02
-8.377894614174088636e-03
-5.492844794797085983e-03
-3.422841440034526863e-03
-1.955426888119704640e-03
-8.775658967671632043e-04
5.544513348427261454e-05
1.136009608107131869e-04
-4.360934840769408859e-04
3.855090094175756855e-04
-7.344468243212558213e-04
-4.122419619953670319e-05
4.539864750271763671e-04
-1.881400906988051536e-04
4.993875369295374062e-04
-2.095180686746234242e-04
5.723440700451630503e-04
2.004875359958837786e-04
1.364831164267199179e-03
3.072355647503929085e-03
5.425344779970051566e-03
8.712735140635750539e-03
1.332283879068529332e-02
1.970516470677241561e-02
2.832594455159224284e-02
3.966703647239790825e-02
5.416930331877413407e-02
7.238095667022936830e-02
9.521217854943336834e-02
1.251260305070044931e-01
1.695323123671290122e-01
2.559363743244839062e-01
3.700916363673416587e-01
3.813132587018654429e-01
3.331580601339442227e-01
2.512397859415536061e-01
1.644048765467368556e-01
9.464846955559255703e-02
4.798065079880858147e-02
1.910685691447074411e-02
3.622734583817845480e-04
-1.598053781432779569e-02
-3.490071551910311348e-02
-5.395442635390746561e-02
-5.775869613949514980e-02
-5.338225891541772267e-02
-4.937459023723177187e-02
-4.388681078915208228e-02
-3.717514631169020062e-02
-3.006859409892369273e-02
-2.323920697439036190e-02
-1.722449405130666023e-02
-1.225200894889250450e-02
-8.377907388217106441e-03
-5.492994721018477737e-03
-3.424171002654830074e-03
-1.966354686719623025e-03
-9.658612529546571537e-04
-6.600917959527929533e-04
3.792155807484340639e-04
5.090233070583374646e-04
-2.954358154349522882e-04
4.686909484300043056e-04
-5.321568240234745553e-04
-3.578019681987046254e-04
-5.132533952988590489e-04
-3.923748167572634060e-04
-2.935579635425994492e-04
2.793765832076208853e-04
7.127089267878786941e-04
1.727326094342833407e-03
3.792597801216854997e-03
6.653871726088697418e-03
1.061957358816256920e-02
1.611558817930035248e-02
2.361388196127304356e-02
3.354640629234627996e-02
4.632445778457133789e-02
6.223762072675260992e-02
8.170683291419400529e-02
1.055550640797440903e-01
1.364567875116123596e-01
1.829429642926800881e-01
2.769598069025144826e-01
4.098534917351421836e-01
4.419499790120747784e-01
4.177304398703500787e-01
3.491896670543112591e-01
2.508319881107239913e-01
1.520959293021654501e-01
7.482056297228702191e-02
1.987090138102077727e-02
-2.204769807194157175e-02
-6.234627717552976983e-02
-1.061948572054557394e-01
-1.413740272499935946e-01
-1.293402738137877928e-01
-1.047195811946831367e-01
-8.798631316594608676e-02
-7.293466415449355311e-02
-5.874012647664653836e-02
-4.575909534047878369e-02
-3.439432950890075613e-02
-2.495674522848072285e-02
-1.747423698860459812e-02
-1.181090393210098080e-02
-7.684745954930936179e-03
-4.768267314433576043e-03
-2.716126555120963217e-03
-1.187938519022018434e-03
1.743804939347477247e-04
-5.674365120989350274e-04
-3.525515037062472781e-04
-3.853789124787601085e-04
4.194895315738062891e-04
1.594699903823634411e-04
-6.476723655287966452e-04
5.161039903519548102e-04
2.925404137380927102e-04
-3.971478433655872028e-04
-6.475890551273048032e-04
-2.100321769675507185e-04
1.579881881485513699e-03
3.768059414719819502e-03
6.649513369126195013e-03
1.061877497824802695e-02
1.611543940469530381e-02
2.361385479185562283e-02
3.354640026679860110e-02
4.632445453812521902e-02
6.223761994321928143e-02
8.170683506559357767e-02
1.055550660544960911e-01
1.364567868542593820e-01
1.829429633642556396e-01
2.769598070572588666e-01
4.098534914496823056e-01
4.419499776338550734e-01
4.177304381324870031e-01
3.491896650862290064e-01
2.508319869412327652e-01
1.520959299836175671e-01
7.482056246676370426e-02
1.987089794331093826e-02
-2.204770440837781550e-02
-6.234628336243776270e-02
-1.061948578413720590e-01
-1.413740265558536546e-01
-1.293402768970876027e-01
-1.047195834193480612e-01
-8.798631280130567167e-02
-7.293466577648786975e-02
-5.874012679894276279e-02
-4.575909290635936377e-02
-3.439433026432854590e-02
-2.495674800444512911e-02
-1.747425226510362570e-02
-1.181099495894269782e-02
-7.685201899441446681e-03
-4.770512035484140122e-03
-2.727176552214722726e-03
-1.241740284818986829e-03
-7.834346185421866616e-05
-7.281384937794044363e-04
6.042001906665949752e-04
8.808197058170590663e-05
3.967108722524590510e-04
4.120522607264795142e-04
5.195661380555477259e-05
1.153385332954526380e-04
4.993969991560918888e-04
2.377048464675786334e-04
-4.434468334580654310e-04
-5.600679761726951164e-04
1.535586497610595333e-03
3.763135263818179026e-03
6.648911196321715365e-03
1.061864225025277095e-02
1.611538665675400078e-02
2.361383398592788521e-02
3.354639118750022547e-02
4.632445265984509730e-02
6.223762466661635073e-02
8.170683628916362851e-02
1.055550631047050270e-01
1.364567868707642628e-01
1.829429642679980261e-01
2.769598073476186584e-01
4.098534904580887206e-01
4.419499769239417786e-01
4.177304420400326790e-01
3.491896683317093908e-01
2.508319845413084503e-01
1.520959254965024710e-01
7.482055817786563423e-02
1.987089527029330463e-02
-2.204770345663213324e-02
-6.234628328117373941e-02
-1.061948581156406113e-01
-1.413740236734376821e-01
-1.293402723969945545e-01
-1.047195768402098687e-01
-8.798631010867057067e-02
-7.293466864882185152e-02
-5.874012800445011645e-02
-4.575909117956456634e-02
-3.439433153413506972e-02
-2.495675091703817433e-02
-1.747424586006402283e-02
-1.181095784298716832e-02
-7.685040560741161590e-03
-4.769795093918650052e-03
-2.723651313739398287e-03
-1.220191406694538100e-03
9.334523648588647802e-05
-2.928651581641427077e-04
7.442694261459964055e-04
-1.469898063603330637e-04
-8.796188394691756849e-05
-7.060121006193255909e-04
7.352692704599093345e-04
1.891476410370266530e-04
-1.893919498496331546e-04
6.136541711486108441e-04
-5.018360064496791943e-04
3.030942239164140651e-04
1.898531260567064630e-03
4.374550327274033014e-03
7.624409185902058898e-03
1.209700133914866187e-02
1.824950613300820729e-02
2.656072005381571177e-02
3.742097895692003684e-02
5.117215595815326201e-02
6.797766934936234906e-02
8.815039898245743966e-02
1.124482531806755559e-01
1.436328156206606588e-01
1.909439054067803010e-01
2.889407941792911383e-01
4.326732430356425296e-01
4.800582136283406687e-01
4.810731319436114539e-01
4.437570379089395556e-01
3.618935780951563763e-01
2.455168591971025049e-01
1.276107404303232218e-01
3.090011984730010874e-02
-4.743225091053132614e-02
-1.210662606216175718e-01
-1.926773333175421932e-01
-2.365188024108140219e-01
-1.979726923486626877e-01
-1.495773857832725096e-01
-1.202724584890182136e-01
-9.666711886919872321e-02
-7.621905640997470033e-02
-5.842017847263433761e-02
-4.338902414594767581e-02
-3.117649999558206458e-02
-2.166544635771839450e-02
-1.455454664628274587e-02
-9.429327911408791688e-03
-5.834535649462919277e-03
-3.321660436185031821e-03
-1.461015595829090680e-03
2.138935490383070263e-04
2.989419961894466309e-04
1.190104753646235874e-04
-3.575362239553919784e-04
3.054183746794029639e-04
1.149040037653971158e-04
7.330818902961096315e-04
1.392605235915360049e-04
-5.832351371985785432e-04
6.363113599846694337e-04
5.356023548207446573e-04
1.200465071315775178e-04
1.847424047352396598e-03
4.362894938921812668e-03
7.621911819007240810e-03
1.209648354465409602e-02
1.824939983905200791e-02
2.656069806233258071e-02
3.742097320618219258e-02
5.117215275899203442e-02
6.797766791966335098e-02
8.815039965275733858e-02
1.124482534649682702e-01
1.436328149574002400e-01
1.909439051137087895e-01
2.889407945152874801e-01
4.326732429863203166e-01
4.800582123838255111e-01
4.810731303628809630e-01
4.437570363491256664e-01
3.618935781120644068e-01
2.455168620089585307e-01
1.276107424978031590e-01
3.090011976125676962e-02
-4.743225367062502834e-02
-1.210662648423505433e-01
-1.926773331339040329e-01
-2.365187995833499257e-01
-1.979726931816901125e-01
-1.495773874192390940e-01
-1.202724588260933730e-01
-9.666712074946476330e-02
-7.621905622469873909e-02
-5.842017664083328649e-02
-4.338902675592083008e-02
-3.117650603516079061e-02
-2.166546560077645470e-02
-1.455464016376397003e-02
-9.429767365718615471e-03
-5.836632024172157783e-03
-3.332076090888619335e-03
-1.516509800151904239e-03
-1.152434710741532446e-04
6.545200746455337199e-05
-5.559022646185161638e-04
5.214073980382267180e-04
-1.732755892451946539e-04
-4.303476129220457097e-05
-5.128329870304615531e-04
-2.156668991423263946e-04
-5.355356183104823106e-04
3.285413826934664998e-04
-9.135614332181535063e-05
3.357199678812671059e-04
1.876931846128386842e-03
4.363945980126708243e-03
7.621218728584636115e-03
1.209611949459886253e-02
1.824926358701890045e-02
2.656065342079826433e-02
3.742095756760837472e-02
5.117214782798784611e-02
6.797766953663400558e-02
8.815039882535036231e-02
1.124482500059756501e-01
1.436328152013194581e-01
1.909439064819498932e-01
2.889407955338744727e-01
4.326732435426214884e-01
4.800582137009999917e-01
4.810731361909071357e-01
4.437570411139923898e-01
3.618935761851537203e-01
2.455168576530656066e-01
1.276107375009442879e-01
3.090011516703588396e-02
-4.743225197809289306e-02
-1.210662612452637343e-01
-1.926773299488178381e-01
-2.365187943148018279e-01
-1.979726884628465466e-01
-1.495773838343619488e-01
-1.202724606968008092e-01
-9.666712764660431723e-02
-7.621906015571326687e-02
-5.842017594640196154e-02
-4.338902760785297297e-02
-3.117650501608263888e-02
-2.166544630204519928e-02
-1.455454096244572677e-02
-9.429254295077892437e-03
-5.833970704327889369e-03
-3.318484052424256359e-03
-1.449875159562489949e-03
1.811012344206254889e-04
-5.037365031555924975e-05
-3.655851616239631725e-05
4.868746590103615815e-05
-2.581472299644070752e-04
-2.175708279931400264e-04
-4.705030270287417033e-04
4.008493600350495679e-04
-5.816323868727806684e-04
6.038096621953220871e-04
-4.580006011650306985e-04
-1.994170080646596901e-04
1.930948798718101897e-03
4.737319168046567365e-03
8.258532510629785703e-03
1.306167996042908140e-02
1.963200223419208496e-02
2.845234773860642885e-02
3.988166976875071046e-02
5.421315620344712566e-02
7.152905718481740449e-02
9.207354923375457578e-02
1.165746355798524536e-01
1.478227756057480524e-01
1.954573433481428535e-01
2.953223122315484783e-01
4.441655249948543993e-01
4.997371327908267657e-01
5.173625270518362740e-01
5.090011452847168494e-01
4.634842727126775030e-01
3.638508727810656485e-01
2.148591472005393910e-01
5.737055938811769229e-02
-8.082725687664399361e-02
-2.005153899666961004e-01
-2.929767731819467036e-01
-3.265411276516838046e-01
-2.528545406538611484e-01
-1.820082227491946203e-01
-1.425919345469204846e-01
-1.127197200093423834e-01
-8.798287064150590864e-02
-6.692331332481372963e-02
-4.944135834719291106e-02
-3.536038684961020223e-02
-2.448412639355911080e-02
-1.639522933657630924e-02
-1.059696721227470009e-02
-6.546617323036039993e-03
-3.730449790204367483e-03
-1.691113556589201759e-03
-2.258167705939877841e-04
-6.101280403589816022e-04
-2.251126023695718614e-04
2.592349419702276816e-04
1.292968328318310227e-04
1.219446776200886314e-04
3.000593796604732882e-04
3.699680129442290685e-05
5.452645848183280443e-04
-6.198613465027801429e-05
4.624740469431501497e-04
-4.810441066441347910e-04
1.897345100437347176e-03
4.730821781648450464e-03
8.257259689552709503e-03
1.306142278965450633e-02
1.963194930720018466e-02
2.845233701156018452e-02
3.988166752592166991e-02
5.421315457285248024e-02
7.152905557647344648e-02
9.207354820952466656e-02
1.165746339160264461e-01
1.478227745588146513e-01
1.954573433507257041e-01
2.953223125543858463e-01
4.441655246981712768e-01
4.997371307412707964e-01
5.173625244655031263e-01
5.090011426291582985e-01
4.634842721742740146e-01
3.638508766812757478e-01
2.148591514894673538e-01
5.737056264755836105e-02
-8.082725504023746677e-02
-2.005153907441236394e-01
-2.929767721905781608e-01
-3.265411252367412254e-01
-2.528545421312545782e-01
-1.820082267364622197e-01
-1.425919386428384505e-01
-1.127197242561923524e-01
-8.798287097682670754e-02
-6.692331169848776684e-02
-4.944136134022995149e-02
-3.536039409455173088e-02
-2.448414914728449035e-02
-1.639533376522592928e-02
-1.059741652536043410e-02
-6.548381033487577982e-03
-3.735896691027562697e-03
-1.693312612466504148e-03
-4.416051550691599438e-05
-6.175854992145631646e-04
4.693674609099380852e-04
-2.439504548588315833e-04
-2.792388403903801821e-04
-4.598483717689123189e-04
-4.962873624414993259e-04
-6.395807145154667030e-04
3.342523117653646071e-04
-4.901934017086903876e-04
1.485572851195208826e-04
-1.600977481606326986e-04
1.941860416452962290e-03
4.731548197998626526e-03
8.255967346125813247e-03
1.306082838581328238e-02
1.963174497043108924e-02
2.845227542044065014e-02
3.988164936028331525e-02
5.421314929331811500e-02
7.152905600721493062e-02
9.207354664946584832e-02
1.165746303833288811e-01
1.478227741380714888e-01
1.954573434386136788e-01
2.953223119772608318e-01
4.441655235182483397e-01
4.997371304256224001e-01
5.173625288209481310e-01
5.090011475632378879e-01
4.634842733476666199e-01
3.638508773378620331e-01
2.148591510538755134e-01
5.737056011089788909e-02
-8.082725310106282646e-02
-2.005153888855503441e-01
-2.929767735139067741e-01
-3.265411254493967852e-01
-2.528545407916809040e-01
-1.820082244804675786e-01
-1.425919396781892556e-01
-1.127197296060238746e-01
-8.798287426719994531e-02
-6.692331148065946977e-02
-4.944136268668278267e-02
-3.536039130856332563e-02
-2.448412370643050784e-02
-1.639520213330870196e-02
-1.059668586851351957e-02
-6.544230172313093320e-03
-3.711801316043954278e-03
-1.549838408997645210e-03
8.376721272189498104e-04
5.643388466295129729e-04
4.183899917006964108e-04
-5.730874493875283936e-04
-3.584521616024656651e-04
3.893999690504602808e-04
4.395081975497639490e-04
2.491304026802411160e-04
6.497645469896662839e-04
-6.236481706235782844e-04
-8.839705118715008691e-05
-2.933281617224376683e-04
1.993378785530250299e-03
4.887827163968523625e-03
8.522628517480968641e-03
1.346340648807237139e-02
2.020341554895536268e-02
2.922703013732408373e-02
4.088019018929696380e-02
5.543411373675022347e-02
7.293813487697597964e-02
9.360448741343464774e-02
1.181496991892098253e-01
1.493551288005924294e-01
1.969823005465776433e-01
2.971938505057727387e-01
4.469709483426219654e-01
5.047972638478943619e-01
5.282565893337574092e-01
5.327143491341879145e-01
5.106239143876663000e-01
4.396816006430859236e-01
2.934185708661528613e-01
8.849689640700383886e-02
-1.145318514258065329e-01
-2.709868372756752963e-01
-3.622157826852166473e-01
-3.757180866261104479e-01
-2.787141161049459526e-01
-1.961152096088190078e-01
-1.519571918886241102e-01
-1.193548675817672489e-01
-9.283379461233853824e-02
-7.043195566014771869e-02
-5.194753132938803586e-02
-3.709631086420985685e-02
-2.565589203818530520e-02
-1.716064082614823794e-02
-1.108293675615139307e-02
-6.843240959127990138e-03
-3.894831208386897656e-03
-1.703935906327167134e-03
3.969065440339951379e-04
-1.613641166105080288e-04
3.088121074099082488e-05
-2.589119957874074082e-04
-7.402179739513463754e-04
2.969845448821523928e-04
-1.508718594450874848e-04
-5.373204437926495328e-04
2.784566612053823893e-04
-3.464752061347403048e-04
-6.305956426818207011e-04
3.582553300715415282e-04
2.085477559830711813e-03
4.903805079004094729e-03
8.525514347759036507e-03
1.346394901831297897e-02
2.020351892722689960e-02
2.922705000005446779e-02
4.088019507773599931e-02
5.543411491181328421e-02
7.293813452967043420e-02
9.360448635547773122e-02
1.181496973265314665e-01
1.493551286591643101e-01
1.969823018223000877e-01
2.971938521171545999e-01
4.469709499449149859e-01
5.047972639480849955e-01
5.282565890551210730e-01
5.327143479319388364e-01
5.106239131996144209e-01
4.396816023456009415e-01
2.934185732494065668e-01
8.849689752940040344e-02
-1.145318513912702424e-01
-2.709868381041098950e-01
-3.622157833246417158e-01
-3.757180868395084694e-01
-2.787141178894672611e-01
-1.961152137442549181e-01
-1.519571970678111339e-01
-1.193548719901783434e-01
-9.283379398233726487e-02
-7.043195321022946431e-02
-5.194753399668287919e-02
-3.709631929924013527e-02
-2.565592415147786853e-02
-1.716080661572211633e-02
-1.108378884038965784e-02
-6.847707750650678521e-03
-3.918999040005193869e-03
-1.840318830512409571e-03
-4.154011216164037721e-04
-5.247240771373111456e-04
-1.611624174436322189e-04
-4.443977317394184824e-04
-4.608903085655231087e-04
-5.889904100940435323e-04
-1.840562356045175995e-04
4.973701145856942486e-04
-4.953413906516827142e-04
-5.019531477041446746e-04
-4.812664642105880970e-04
1.712735289526000077e-04
2.061657424633211132e-03
4.895517201488307213e-03
8.523033830158047511e-03
1.346321168310247486e-02
2.020330342008344604e-02
2.922698959981461647e-02
4.088017818997245062e-02
5.543410956376699367e-02
7.293813390601887325e-02
9.360448475032581706e-02
1.181496949006374253e-01
1.493551291150700400e-01
1.969823026301527613e-01
2.971938523218213835e-01
4.469709495812563826e-01
5.047972633724489011e-01
5.282565908411974709e-01
5.327143499074801225e-01
5.106239136883293783e-01
4.396816033690293390e-01
2.934185732504434596e-01
8.849689692654393036e-02
-1.145318476484533388e-01
-2.709868353439956468e-01
-3.622157851586222943e-01
-3.757180889718022554e-01
-2.787141180079287239e-01
-1.961152121724920872e-01
-1.519571967261814094e-01
-1.193548745864796146e-01
-9.283379488701110072e-02
-7.043195199290445963e-02
-5.194753468617233777e-02
-3.709631620759112208e-02
-2.565590586090801817e-02
-1.716072323731640190e-02
-1.108336136370410493e-02
-6.845540471145192957e-03
-3.908295870089622745e-03
-1.790114339959451416e-03
-2.050027826703504049e-04
-6.687042901545991319e-04
-4.309187036062195352e-04
6.677568688010964218e-04
-5.855148728462591153e-04
1.911676523856107918e-04
6.674207174732580544e-04
-4.784310007683802873e-04
-5.954045170866548598e-04
5.023489571897902205e-04
6.073683993362601887e-04
-3.817543811332937395e-05
1.993954253290076886e-03
4.824454666145037290e-03
8.410650447823709089e-03
1.328573091593447664e-02
1.994107406527791462e-02
2.886311490767392435e-02
4.040528861776369191e-02
5.485044220697529727e-02
7.226396450526316462e-02
9.287488152273207231e-02
1.174058065881843083e-01
1.486470181041996130e-01
1.963088488331196368e-01
2.964346607785861565e-01
4.459670272553404313e-01
5.028734700804753377e-01
5.236715521450038269e-01
5.219301709619149632e-01
4.877508182685676985e-01
4.002389009477406168e-01
2.493919239531574572e-01
7.015291677178313312e-02
-9.471933020940359604e-02
-2.311255264645662721e-01
-3.252608588500230380e-01
-3.508067240136721887e-01
-2.660110278902278469e-01
-1.892984655175065367e-01
-1.474645170431713448e-01
-1.161772876375584268e-01
-9.050898281511859933e-02
-6.874727924126844414e-02
-5.074129960725586030e-02
-3.625879076342977680e-02
-2.508929124623876170e-02
-1.679009240217491095e-02
-1.084805333794204053e-02
-6.700307410927731910e-03
-3.808237766673909595e-03
-1.624860787685311397e-03
5.918974592611328956e-04
-4.813549298498904171e-04
4.155567686799817306e-04
-1.047213334998492668e-04
-5.186000967563768110e-04
3.121192038603114692e-04
6.705107637707993480e-04
-6.371933383094791547e-04
-3.169053366736515522e-04
2.242540623852177714e-04
-4.974094608433259372e-04
2.613720569784053286e-05
2.037311219861065101e-03
4.839002401818664513e-03
8.414127241341599894e-03
1.328646525044688970e-02
1.994121632860463081e-02
2.886313977297286226e-02
4.040529316494100714e-02
5.485044259138944361e-02
7.226396323982280101e-02
9.287487933644025806e-02
1.174058044037523119e-01
1.486470193301616394e-01
1.963088519593232384e-01
2.964346639408954598e-01
4.459670304789132289e-01
5.028734716812979233e-01
5.236715534124286586e-01
5.219301711913445496e-01
4.877508167889762491e-01
4.002389008311851848e-01
2.493919255420006253e-01
7.015291616709311284e-02
-9.471933281561206730e-02
-2.311255272400288274e-01
-3.252608606764160748e-01
-3.508067261185963126e-01
-2.660110281721779768e-01
-1.892984667653882513e-01
-1.474645201127330052e-01
-1.161772902130164126e-01
-9.050898032230447754e-02
-6.874727574863759294e-02
-5.074130193484225476e-02
-3.625880033244460732e-02
-2.508932989710292716e-02
-1.679028889532815580e-02
-1.084905299905646915e-02
-6.705408405213579212e-03
-3.834320451297219216e-03
-1.758511231464988380e-03
-9.581358019953283977e-05
-3.931400423504095767e-04
7.114430746764838264e-04
-5.336864697704623434e-04
7.477990484483383864e-04
-5.683488567796896084e-04
3.097323919717455431e-04
-6.848609871720584249e-04
-9.704612695303802645e-05
7.339855460711197871e-04
-4.618338796065809128e-04
-8.641366522430106000e-05
2.012886023866802820e-03
4.831312987273751400e-03
8.412071819632894673e-03
1.328593394357796206e-02
1.994107990820485551e-02
2.886310517264632433e-02
4.040528310250801614e-02
5.485043719974341814e-02
7.226396034279429503e-02
9.287487659960312614e-02
1.174058024045229048e-01
1.486470203783173960e-01
1.963088531794379699e-01
2.964346643862444397e-01
4.459670309027734536e-01
5.028734716600167243e-01
5.236715536034843854e-01
5.219301713308082125e-01
4.877508171428340811e-01
4.002389007238099650e-01
2.493919223178224231e-01
7.015291445755593436e-02
-9.471932763966493807e-02
-2.311255203520875545e-01
-3.252608573450795904e-01
-3.508067250933126213e-01
-2.660110283124219044e-01
-1.892984674064689954e-01
-1.474645211335248451e-01
-1.161772924658760614e-01
-9.050898039859478494e-02
-6.874727397649313398e-02
-5.074130127830607517e-02
-3.625879668337859962e-02
-2.508932093517058856e-02
-1.679026468492754789e-02
-1.084896310447161678e-02
-6.705157691025159621e-03
-3.834300225219527611e-03
-1.765157047663255558e-03
-1.574739037767722402e-04
-1.968789257344560732e-04
1.622498206255416388e-04
-5.877654018482349527e-05
4.205278222503903009e-04
-5.884953601887011671e-05
-5.064023087562635923e-04
-4.842048304807212078e-04
-6.974085300236656376e-04
6.576466684545398877e-04
-5.562377046111095921e-05
-3.397570792967753565e-04
1.840004177532269820e-03
4.549820892608751229e-03
7.932102685340189016e-03
1.253937004140174422e-02
1.885652441173574917e-02
2.737013252114860878e-02
3.845985128183855573e-02
5.244815707528294874e-02
6.946453901976140655e-02
8.979314356979396783e-02
1.141777280482638157e-01
1.453944555838099228e-01
1.928543730783519317e-01
2.916925822458090733e-01
4.377649353657035447e-01
4.888067262591017093e-01
4.968928485644146242e-01
4.709889399627476547e-01
4.010754145415452721e-01
2.860845386980551130e-01
1.541216918842580608e-01
3.806258265004156677e-02
-5.766951520235254203e-02
-1.460553332973741070e-01
-2.270141823147521498e-01
-2.700341723132397842e-01
-2.195626046900941986e-01
-1.627102214706626637e-01
-1.294214371701175315e-01
-1.032804658390596708e-01
-8.106642339950531628e-02
-6.192100339493864652e-02
-4.587563684030256106e-02
-3.289251213704411786e-02
-2.281965860305151458e-02
-1.530809204436507295e-02
-9.908931502522861159e-03
-6.130577473763910816e-03
-3.491950473785310205e-03
-1.514758239568504737e-03
3.544966879393756471e-04
-6.492101106458828636e-04
3.831146047942827885e-04
4.663091238261709258e-04
-3.807501479249234618e-04
-8.737601012214389823e-05
-3.146769697044791568e-04
4.345507960399603133e-04
5.552665330635166195e-04
1.287607835947959909e-04
5.962312910219131831e-04
5.902983671603822353e-04
1.987908945529858439e-03
4.571494349856340678e-03
7.935306893657534735e-03
1.253979515181440942e-02
1.885656217151279734e-02
2.737012853504135201e-02
3.845984807180898024e-02
5.244815512472561503e-02
6.946453665585064496e-02
8.979314033053092947e-02
1.141777251454017122e-01
1.453944568155776107e-01
1.928543756545267329e-01
2.916925835497903852e-01
4.377649360011572899e-01
4.888067254981447451e-01
4.968928482602505414e-01
4.709889401541840770e-01
4.010754133156423928e-01
2.860845398238414106e-01
1.541216967350719780e-01
3.806258564904699965e-02
-5.766951487813969796e-02
-1.460553328466071277e-01
-2.270141863844301056e-01
-2.700341782636769272e-01
-2.195626069106057510e-01
-1.627102231049540049e-01
-1.294214403333937002e-01
-1.032804680956807136e-01
-8.106641968650192542e-02
-6.192099821642837315e-02
-4.587563702877809485e-02
-3.289252030722845249e-02
-2.281969833205571563e-02
-1.530829459924245607e-02
-9.909941000646521267e-03
-6.135515366138764512e-03
-3.515245270429007488e-03
-1.617354792756071609e-03
-3.348273983294317469e-05
7.425083661034584349e-04
-6.777562952311300777e-04
5.270482976083282938e-04
3.492006916622881845e-04
4.994020034731309898e-04
-1.433775678884614242e-05
2.319164906013769945e-04
5.521231652502662287e-04
6.610084044556269330e-05
-2.608616030859970845e-04
4.320189063723910367e-04
1.952342844282642419e-03
4.565202700390056691e-03
7.934377307508299476e-03
1.253971394572101460e-02
1.885657546136158477e-02
2.737013979928549709e-02
3.845985178570476837e-02
5.244815388952033669e-02
6.946453487318471343e-02
8.979313843229262682e-02
1.141777237089185576e-01
1.453944572651413303e-01
1.928543752845071069e-01
2.916925819414306620e-01
4.377649352503865665e-01
4.888067251434982663e-01
4.968928473391102107e-01
4.709889407342555678e-01
4.010754171058167894e-01
2.860845431821960605e-01
1.541216946216727168e-01
3.806258227487779172e-02
-5.766951354925474449e-02
-1.460553298913418174e-01
-2.270141853381940356e-01
-2.700341774504599890e-01
-2.195626075999070614e-01
-1.627102255582924262e-01
-1.294214425424618786e-01
-1.032804706948364654e-01
-8.106642063707636403e-02
-6.192099764600162565e-02
-4.587563631539638004e-02
-3.289251676156113718e-02
-2.281969461610092523e-02
-1.530829774249110875e-02
-9.909984991313991118e-03
-6.135956665845939718e-03
-3.519303313196187836e-03
-1.653296648519437650e-03
-3.471031757710809316e-04
7.090583894192301929e-04
3.289665764381342395e-04
-4.330582124503317950e-04
2.588022059848362638e-04
-4.651461431703714949e-04
1.477409509313215791e-04
-8.875472593708646888e-05
1.262716375383772993e-04
-2.038742660437033096e-04
-1.378553435176878067e-04
-5.172049090363132953e-04
1.545131891113897017e-03
4.049873238569055844e-03
7.099955967801650260e-03
1.125593564212827927e-02
1.699242265182742545e-02
2.479387084707753222e-02
3.507936590554341233e-02
4.823514489293501822e-02
6.450237888400923991e-02
8.426145716107405481e-02
1.083093951046445180e-01
1.393628287438828384e-01
1.862426557367233559e-01
2.819942626760845727e-01
4.195045076715598897e-01
4.577375362475468168e-01
4.428113406276821817e-01
3.839861940961043496e-01
2.877542774864384478e-01
1.802768984018079113e-01
8.972130731726375708e-02
2.239815752161392406e-02
-3.034395856665388427e-02
-8.091513770963094931e-02
-1.342246775447144547e-01
-1.738267491047851832e-01
-1.540239071282692718e-01
-1.214260193097623092e-01
-1.002021886893246366e-01
-8.198382597439210495e-02
-6.541688815245372268e-02
-5.059680578328848433e-02
-3.782633035830452323e-02
-2.732729619726490672e-02
-1.906973183966590227e-02
-1.285548280573937420e-02
-8.351116934633508182e-03
-5.180197530261140652e-03
-2.951981806162588731e-03
-1.249995984217230341e-03
5.819145306200294680e-04
-5.977713231999325083e-04
5.144758887226068148e-04
1.983766712776656416e-04
-1.402931390513563871e-04
-1.813836980030377420e-04
-2.930762907578241460e-04
1.688085964674624175e-04
-6.431726325687569384e-04
-2.761341720274722734e-04
4.240866158205355754e-04
-3.784094020257511379e-05
1.637547963310524929e-03
4.061654510107036084e-03
7.101279107489242605e-03
1.125598513335923818e-02
1.699238429779872939e-02
2.479385158428038666e-02
3.507935925086258511e-02
4.823514166570786604e-02
6.450237519900442473e-02
8.426145146640295902e-02
1.083093890165773426e-01
1.393628270623237797e-01
1.862426556910757314e-01
2.819942619083498081e-01
4.195045078469039623e-01
4.577375366114648236e-01
4.428113425804052206e-01
3.839861973523572836e-01
2.877542773698627543e-01
1.802768983898619393e-01
8.972131080038789341e-02
2.239816072656833357e-02
-3.034395588732001145e-02
-8.091513506040663717e-02
-1.342246814220520723e-01
-1.738267552068266386e-01
-1.540239094209748805e-01
-1.214260207167898176e-01
-1.002021917097374731e-01
-8.198382865112358031e-02
-6.541688504889967004e-02
-5.059680100863698377e-02
-3.782633010151228298e-02
-2.732730345210948597e-02
-1.906976953352560941e-02
-1.285568298705784714e-02
-8.352187729777284242e-03
-5.186032076247386151e-03
-2.984463140974226783e-03
-1.436404845111722423e-03
-5.316392456485519386e-04
7.854939797231732851e-05
-4.886867723424894458e-04
-1.508207147752981903e-04
2.018259152593359718e-04
-3.354790174709298858e-04
-4.626169962518079416e-04
-3.983909143844600073e-04
5.995299116368070719e-04
1.760073144916328197e-04
5.592005385139475586e-04
-5.476314087642126117e-04
1.565056705085926276e-03
4.059005439543698392e-03
7.102491536653226037e-03
1.125657453114537430e-02
1.699258081225385464e-02
2.479391104707823895e-02
3.507937610861539685e-02
4.823514506486281661e-02
6.450237617198857631e-02
8.426145218097803868e-02
1.083093898208932759e-01
1.393628291873928449e-01
1.862426570384440316e-01
2.819942624611729287e-01
4.195045099364838603e-01
4.577375378931159977e-01
4.428113404879941983e-01
3.839861964701666852e-01
2.877542811832933811e-01
1.802769029289126301e-01
8.972130974295659811e-02
2.239815609356591436e-02
-3.034395854403010295e-02
-8.091513795093559225e-02
-1.342246857268359905e-01
-1.738267576656415958e-01
-1.540239121177316151e-01
-1.214260242689198244e-01
-1.002021928458812494e-01
-8.198382895254574532e-02
-6.541688528342523568e-02
-5.059680160930484644e-02
-3.782633071105163947e-02
-2.732730179313624594e-02
-1.906976949458992140e-02
-1.285568697953624537e-02
-8.352143413841682518e-03
-5.185320015589721561e-03
-2.977004604561332528e-03
-1.368281006687225914e-03
5.189050062393536582e-05
-4.706686154903863328e-05
7.302959730946897337e-04
-3.022768373031139728e-04
2.675741148042147763e-05
-5.920173015016502727e-04
-3.736590202431317827e-06
1.132129460155047559e-04
4.543374956827712745e-04
3.196129995032050163e-04
-7.338110516147794112e-04
-6.973107638550896711e-04
1.238335585366370090e-03
3.367395260121757924e-03
5.958261324005746998e-03
9.497059674340280200e-03
1.442621422476022923e-02
2.121587737233210369e-02
3.032482233383627240e-02
4.221192841610348773e-02
5.726398933580383738e-02
7.598416516275090238e-02
9.925055557542655782e-02
1.296168383289731385e-01
1.749319240950799881e-01
2.644714652288827073e-01
3.860804130660694389e-01
4.049380781474020696e-01
3.641838072982223617e-01
2.842433281951016188e-01
1.911294692027043218e-01
1.112178758536040285e-01
5.503499362085976371e-02
1.842939969589758170e-02
-7.242288526227487304e-03
-3.118307932963322940e-02
-5.858934278853131922e-02
-8.373348268940716821e-02
-8.286173055546469657e-02
-7.180941800316384405e-02
-6.339615711111874774e-02
-5.449974257574730085e-02
-4.507029125005495435e-02
-3.581655778976151200e-02
-2.732341016374761899e-02
-2.005407356586789286e-02
-1.416209324384178937e-02
-9.634141013338461124e-03
-6.297170393498840654e-03
-3.920756171601446662e-03
-2.239342067228893961e-03
-9.692073644399285719e-04
2.775028241779001897e-04
-4.494225424258162260e-04
-4.078072763201280137e-04
-5.258427292439020245e-04
4.985431332825547525e-04
-4.261590938863129598e-04
1.712043796666854563e-04
-3.216229807542428246e-04
1.518036019910303717e-04
-6.137485325854847803e-05
-6.413560795162634096e-04
-4.794649901424223462e-04
1.278672336581644729e-03
3.375677791403862253e-03
5.959855985013635775e-03
9.497356342636714341e-03
1.442626700122743785e-02
2.121588574353944906e-02
3.032482334709301133e-02
4.221192741726216557e-02
5.726398648301101596e-02
7.598415935122156128e-02
9.925054924205556350e-02
1.296168369906334217e-01
1.749319247924469023e-01
2.644714657270069713e-01
3.860804156964299794e-01
4.049380807942183358e-01
3.641838102860504023e-01
2.842433310824668546e-01
1.911294659391917505e-01
1.112178702089823418e-01
5.503499124316554858e-02
1.842939914625507311e-02
-7.242286085303901652e-03
-3.118307506920841091e-02
-5.858934430240561597e-02
-8.373348488359835806e-02
-8.286172903038015181e-02
-7.180941571882720753e-02
-6.339615686569648190e-02
-5.449974327260674600e-02
-4.507028750499508102e-02
-3.581655315721286870e-02
-2.732340969520458476e-02
-2.005407878532962374e-02
-1.416211678867237284e-02
-9.634257933397718729e-03
-6.297772369289772465e-03
-3.923876047634293832e-03
-2.255317471938091210e-03
-1.049090104344865999e-03
-1.030094939463315797e-04
-3.662127630371207754e-04
2.933204236542655491e-04
1.301207568065231653e-04
4.432660230701670275e-04
2.026597188314038236e-04
6.652561628231974992e-05
-3.331247308799870836e-04
7.283292218240918631e-04
5.828224365055079386e-04
-4.867206695278315071e-04
-4.052738461339284331e-04
1.293815155839397185e-03
3.384107651239883115e-03
5.962443905216088282e-03
9.498086823700633077e-03
1.442646956021295494e-02
2.121594312267113119e-02
3.032483946406175704e-02
4.221193113305648364e-02
5.726398838466754265e-02
7.598416145253183984e-02
9.925055124233631010e-02
1.296168396832258762e-01
1.749319267064469163e-01
2.644714673716569431e-01
3.860804193844544763e-01
4.049380828664218557e-01
3.641838064890868809e-01
2.842433267645476658e-01
1.911294662859339688e-01
1.112178731303643531e-01
5.503499071846391227e-02
1.842939560957525952e-02
-7.242287567031687259e-03
-3.118307706492230019e-02
-5.858934807064434397e-02
-8.373348798560295569e-02
-8.286173304356954372e-02
-7.180942004215057350e-02
-6.339615629705255828e-02
-5.449973923427943456e-02
-4.507028400519373645e-02
-3.581655228713995914e-02
-2.732341022822629140e-02
-2.005407925142787748e-02
-1.416212778798124107e-02
-9.634324481904286974e-03
-6.298132026170749284e-03
-3.925898538608450089e-03
-2.266992125548988966e-03
-1.118615780010829251e-03
-5.323858401629990873e-04
7.051123882269501883e-04
-1.193873034596561265e-04
-5.505636501341796803e-04
6.369718497591313981e-04
-3.220125672731160064e-04
4.689258095193310450e-04
5.136011467451492667e-04
-5.153826914960762126e-04
-3.598450235442227454e-04
4.199475053847176323e-04
1.195523726139251408e-05
1.074476408573529600e-03
2.588035241297501760e-03
4.583101182687298464e-03
7.350800936518385627e-03
1.126142044451886905e-02
1.674582112124797795e-02
2.428250327158986213e-02
3.439104358475896656e-02
4.760986367973064903e-02
6.457232209998421679e-02
8.625060156747595130e-02
1.148949879248962885e-01
1.569698608792651773e-01
2.360893810237848778e-01
3.342365315394984493e-01
3.317369118511889203e-01
2.745899589203580904e-01
1.960079146021637131e-01
1.238636510269651853e-01
7.151309723786586359e-02
3.959254301510006097e-02
2.261126110518889634e-02
1.500770172023059221e-02
1.151216953336542913e-02
7.495334352640039763e-03
-1.798255762205676464e-04
-1.157821973651028576e-02
-1.877616207570853915e-02
-2.268573692067882980e-02
-2.348683299489237250e-02
-2.189691821855946005e-02
-1.887885353092755292e-02
-1.524606696950768676e-02
-1.165352646040310539e-02
-8.469172276595529972e-03
-5.876036555843271864e-03
-3.887105806446656923e-03
-2.431041787585229777e-03
-1.378182898691870419e-03
-5.577359660905135356e-04
3.596153859725841127e-04
-5.497500176334705300e-04
-1.420890622320160909e-04
8.607627893671004080e-05
-5.002350842783397566e-04
6.185910994832156517e-04
-1.717297532545561097e-04
-2.388335654563418877e-04
7.171235635442343472e-04
-2.347250724993124073e-04
5.119504237520772130e-04
-4.315903923968449768e-05
1.052374494655551780e-03
2.587696680289551694e-03
4.583798090636674420e-03
7.351115149302892178e-03
1.126152317961126928e-02
1.674585083848099606e-02
2.428251232267133672e-02
3.439104725336140228e-02
4.760986516197030644e-02
6.457232046550290261e-02
8.625059956769644265e-02
1.148949905395076077e-01
1.569698638019565162e-01
2.360893811641527340e-01
3.342365312380997100e-01
3.317369099170571767e-01
2.745899574480779592e-01
1.960079147255348597e-01
1.238636461980735931e-01
7.151309059188681871e-02
3.959254033212211699e-02
2.261126133979265290e-02
1.500770609830980908e-02
1.151217475834599019e-02
7.495332820558092343e-03
-1.798275050001372729e-04
-1.157821776170873430e-02
-1.877615870449901581e-02
-2.268573562189830917e-02
-2.348683347676238514e-02
-2.189691537798365770e-02
-1.887884992866611586e-02
-1.524606608715094527e-02
-1.165352805120720321e-02
-8.469175854823792274e-03
-5.876043541481221905e-03
-3.887112152937446420e-03
-2.430927515528220201e-03
-1.376648535353656869e-03
-5.440637628120614669e-04
4.619132522467238821e-04
-1.045717866492505260e-04
3.805535072904326971e-04
-2.273143499056436297e-04
5.107919789900396655e-04
-3.448383607025021355e-04
-5.877370575367132010e-04
3.634235904102585857e-04
-2.804102045478976428e-04
-4.676740548747831657e-04
6.444204767709220448e-04
5.581941713466418743e-04
1.153537712424184585e-03
2.602572729767284841e-03
4.586167843693940600e-03
7.351525325346943210e-03
1.126160760384040116e-02
1.674587366323885412e-02
2.428251884709998684e-02
3.439104807636564343e-02
4.760986580176705674e-02
6.457232165083119646e-02
8.625060027040840072e-02
1.148949908909040196e-01
1.569698630193305522e-01
2.360893802818145315e-01
3.342365323008325562e-01
3.317369094557018894e-01
2.745899507952730412e-01
1.960079075177060814e-01
1.238636447882034558e-01
7.151309334160815823e-02
3.959254123300587347e-02
2.261125923280744507e-02
1.500770603302970484e-02
1.151217569192098528e-02
7.495333332633061577e-03
-1.798265839600027857e-04
-1.157821834898606003e-02
-1.877616132253144901e-02
-2.268573447327336401e-02
-2.348682835714325720e-02
-2.189691154308641766e-02
-1.887884984116602882e-02
-1.524606732189611770e-02
-1.165352974467082948e-02
-8.469192501055348640e-03
-5.876140942012148156e-03
-3.887655700350602442e-03
-2.434102427359910968e-03
-1.395937275081538800e-03
-6.665488048795152392e-04
-3.535398832548810092e-04
3.758914889222453510e-04
-6.952643415018406031e-04
-2.042842376498472002e-04
-4.413251506375149473e-04
5.915869134872914084e-04
4.364383881662155175e-04
-7.056955817188745664e-04
2.640048245322005748e-04
-5.381498795242038204e-04
5.609554153385519883e-04
4.345785164330428401e-04
7.753917379413484932e-04
1.725028649057699925e-03
3.047589261051143663e-03
4.921012608239513225e-03
7.629844356246052832e-03
1.153694053953747793e-02
1.709996815757695160e-02
2.486266623324151839e-02
3.547653669139221727e-02
4.968614907997073032e-02
6.853379841289261587e-02
9.385618937818435148e-02
1.304350290359513609e-01
1.949982138030935397e-01
2.661469268089405316e-01
2.488388178354344338e-01
1.920384988510859536e-01
1.297727528562004351e-01
8.074207995011854766e-02
4.945332524502647764e-02
3.425081175069891876e-02
3.187323980808403484e-02
3.976938947809975644e-02
5.512186890191639321e-02
7.270659767751298797e-02
8.075136911805000373e-02
5.737034385211944865e-02
3.321067271896289974e-02
1.788052341931838096e-02
7.929782830621729187e-03
1.910606847612490418e-03
-1.262111635729922052e-03
-2.553035365063659363e-03
-2.737285367942524864e-03
-2.372124583209733305e-03
-1.815844037308174397e-03
-1.263405091127162020e-03
-8.005838784328242041e-04
-4.462397867055207905e-04
-2.177894809503142404e-04
-3.899467551607247611e-04
-2.487121171154011443e-04
4.961080723383282402e-04
-7.288941600326598715e-04
-4.215026913205016353e-05
2.034583442810927593e-04
3.717225042533067562e-04
5.169138253482039817e-04
1.372860107611167900e-05
5.734845095365061684e-04
4.364411980466188497e-04
-6.836942096720000214e-04
6.281272146949744978e-04
1.707464018666435051e-03
3.045860499250055420e-03
4.920971955970691175e-03
7.629895119183469770e-03
1.153696305756480092e-02
1.709997607091340299e-02
2.486267012358945108e-02
3.547653879293310303e-02
4.968614765890601304e-02
6.853379628184615158e-02
9.385619156333760427e-02
1.304350313180396015e-01
1.949982133670173368e-01
2.661469267503135949e-01
2.488388174685036980e-01
1.920385001435655214e-01
1.297727562074549312e-01
8.074207837889348094e-02
4.945332087425430984e-02
3.425081046932118567e-02
3.187324183290317359e-02
3.976939583156505892e-02
5.512187371875455072e-02
7.270659403903827200e-02
8.075136411467073727e-02
5.737034213908662889e-02
3.321067303821111788e-02
1.788052261293455319e-02
7.929780752736493785e-03
1.910607321324104624e-03
-1.262110367111324511e-03
-2.553035010510360317e-03
-2.737284205941855134e-03
-2.372112603216935608e-03
-1.815770110119600909e-03
-1.262992250732244970e-03
-7.982911130533209545e-04
-4.333476449464613049e-04
-1.443286910594156018e-04
3.480780640167828249e-05
6.281802106748039837e-04
-5.659473624198314715e-04
6.398944704995933970e-04
5.018152081591141511e-04
-1.941974896264015273e-04
-7.730484003022864922e-05
1.811195905076617421e-04
-4.911559306185914750e-04
3.394130521257672419e-04
-2.832307971352790465e-04
3.776643785907039607e-06
7.400219727394386892e-04
1.723283390920828627e-03
3.048125786177833824e-03
4.921297983683495594e-03
7.629949430731922805e-03
1.153697638564449984e-02
1.709997909100112803e-02
2.486266890789373685e-02
3.547653757057084994e-02
4.968614720797134843e-02
6.853379556563164721e-02
9.385619019616797676e-02
1.304350293671498739e-01
1.949982121162191773e-01
2.661469275829698722e-01
2.488388167641065185e-01
1.920384932357615815e-01
1.297727494406436533e-01
8.074207850634289307e-02
4.945332511232342076e-02
3.425081311852393867e-02
3.187324008865417835e-02
3.976939390121374956e-02
5.512187394056066586e-02
7.270659539979555663e-02
8.075136618757489115e-02
5.737034316778903686e-02
3.321067093554545824e-02
1.788052292195841178e-02
7.929785191019580320e-03
1.910609807251890729e-03
-1.262112199341685649e-03
-2.553037489618732898e-03
-2.737286254909856911e-03
-2.372125520483642398e-03
-1.815832455833225846e-03
-1.263244719009070554e-03
-7.991007822839515549e-04
-4.335496690474996179e-04
-1.127491376415966752e-04
4.664769973706751004e-04
4.291197518234460512e-04
4.421980517365055660e-05
-2.426028939389451720e-05
5.171341683495613278e-04
-9.440109458995943380e-05
-4.691427735243340245e-04
-3.394582983426909398e-04
5.775861467304044608e-04
-6.000967055002475728e-04
5.274840631293864230e-04
-2.022742756723269341e-04
3.174126926441897143e-04
7.898609717373051816e-04
1.406890907200478852e-03
2.305995525797526532e-03
3.672204416070921733e-03
5.769608026534779437e-03
8.980223911624117192e-03
1.381314678141158311e-02
2.094929318890454556e-02
3.119392205228931417e-02
4.560212946466170314e-02
6.559158048705365784e-02
9.425784386580524088e-02
1.415967661716594217e-01
1.881015317313049218e-01
1.679822563280151115e-01
1.244979257226128816e-01
8.302152596162565290e-02
5.382483868299009488e-02
3.846970090730876535e-02
3.640917635876797509e-02
4.713558352856710154e-02
7.061193811130843379e-02
1.052594974650744308e-01
1.428357292491602148e-01
1.613736794717234579e-01
1.217822329771594686e-01
8.031226984177394779e-02
5.471880860294916354e-02
3.692529807863421942e-02
2.435156282768426855e-02
1.568507792986628332e-02
9.886431302837969323e-03
6.141516240175638568e-03
3.784169481639695128e-03
2.332067072604518919e-03
1.443016220723771382e-03
8.948585471467870823e-04
5.460231564536874348e-04
3.170798664686385964e-04
2.409929059999368971e-04
5.788032805962785472e-04
1.668268495060119946e-04
2.834529506664269912e-04
4.694953910895477943e-04
2.386969928264559147e-04
-2.095422983358663266e-04
1.937212638633285366e-04
-5.070887072085005767e-04
3.009586408762205149e-04
-2.303048769753929085e-04
3.396599339563423532e-04
3.937213100883427868e-04
8.007017127266706676e-04
1.408662391051913052e-03
2.306328476336986198e-03
3.672277396680043680e-03
5.769625345694016395e-03
8.980227858545838937e-03
1.381314828439596937e-02
2.094929325026552436e-02
3.119391841721008696e-02
4.560212500771206739e-02
6.559158084699362457e-02
9.425784575524867592e-02
1.415967669915680072e-01
1.881015346632898821e-01
1.679822602510763485e-01
1.244979312271789901e-01
8.302153155859284817e-02
5.382483845840122655e-02
3.846969613058923848e-02
3.640917313479940381e-02
4.713558411496721057e-02
7.061194345287823138e-02
1.052595004476308271e-01
1.428357247372720740e-01
1.613736742952849301e-01
1.217822312149475644e-01
8.031227056295708877e-02
5.471880877649296093e-02
3.692529730495278800e-02
2.435156370326456779e-02
1.568507951642688150e-02
9.886432872800979613e-03
6.141519853686415627e-03
3.784189052384203614e-03
2.332172293842717931e-03
1.443564246427484800e-03
8.976794485057930199e-04
5.604087078260867839e-04
3.891248375921383578e-04
5.904451742983826820e-04
3.449302852284743089e-05
-3.627553554500251862e-04
5.679813554284581043e-04
-2.118623942387889655e-04
-6.355594744784095291e-04
8.886532593139694037e-05
3.491561375531730780e-05
4.901717451097143460e-04
-4.297880183174177448e-04
-2.770901282790858789e-05
4.255339954604264036e-04
4.111274472346996417e-04
8.034136734530385616e-04
1.409476798358628774e-03
2.306613487272782346e-03
3.672377335480073515e-03
5.769659053705872113e-03
8.980237498801245388e-03
1.381314950898534719e-02
2.094929288312289209e-02
3.119391843477576157e-02
4.560212483028319719e-02
6.559157926503378366e-02
9.425784408470172515e-02
1.415967676739735281e-01
1.881015394829146647e-01
1.679822645040026929e-01
1.244979283312269980e-01
8.302152764434699017e-02
5.382483987233703526e-02
3.846970011399323403e-02
3.640917615250747336e-02
4.713558206714987125e-02
7.061193834764055433e-02
1.052594973940778333e-01
1.428357219839960501e-01
1.613736713860276506e-01
1.217822295224972595e-01
8.031226799113029557e-02
5.471880977132530938e-02
3.692530354728526532e-02
2.435156772115764159e-02
1.568507861628784875e-02
9.886431038002324589e-03
6.141517915228012284e-03
3.784176497822887720e-03
2.332104895851438812e-03
1.443203541115595581e-03
8.955986277638144010e-04
5.476165731978976849e-04
3.051245609932221330e-04
1.928057655034841891e-06
6.908207999440143252e-04
-5.509909774561770959e-04
-7.225037663693538188e-04
2.879468936943376336e-04
3.505564755566838446e-04
2.679554043914994586e-04
1.786416750965700358e-04
2.477119583304239286e-04
-4.685586987487763916e-04
-2.123917207703958485e-04
-6.882404481797456050e-04
-1.545047198101027141e-04
-1.796714497767609828e-04
-2.733744160643744158e-04
-3.848884318335365454e-04
-4.470501425914129041e-04
-3.226553042040845366e-04
2.379114963318404745e-04
1.642698895739388206e-03
4.494662936507751519e-03
9.590615646711469350e-03
1.792775317447075148e-02
3.064575081244929472e-02
4.952561501047075126e-02
7.934612165030825726e-02
1.075013825822595109e-01
9.520438718062071426e-02
7.075407988832760342e-02
4.908610914025761385e-02
3.617289173916283379e-02
3.416906387093268660e-02
4.479023754601189899e-02
7.031484557689407500e-02
1.123480232088045483e-01
1.677772351827834241e-01
2.212872224959188949e-01
2.409710034292221748e-01
1.785978051518458398e-01
1.195586855675472154e-01
8.535427437528923800e-02
6.155379538708593418e-02
4.398436995285572026e-02
3.094119226041170193e-02
2.137975478428334741e-02
1.452246447278452562e-02
9.700691101262285884e-03
6.374872926220864072e-03
4.109306637967604162e-03
2.571961985763107205e-03
1.503032503898734220e-03
6.785324659845042667e-04
-1.880358762795561846e-04
-4.776834423192381079e-04
4.157676805459872859e-04
-6.342595627650153339e-04
4.570349873353038894e-04
-4.825824627330100127e-04
-5.975500775140422461e-04
4.452707997499348938e-04
-5.485218257144727641e-04
2.544832814215536049e-04
3.314290735374439845e-04
3.191694413090938754e-04
3.581756392586407739e-07
-1.558726337569842709e-04
-2.695686949133701518e-04
-3.842622200928671778e-04
-4.469426594182018234e-04
-3.226369394097321924e-04
2.379142190103976124e-04
1.642700556878797609e-03
4.494663848105681474e-03
9.590613273643593464e-03
1.792774991693260600e-02
3.064575188401589753e-02
4.952561699974063897e-02
7.934612087811299119e-02
1.075013819563586381e-01
9.520438781467743805e-02
7.075408286272318048e-02
4.908611239515731778e-02
3.617289139684037175e-02
3.416905906686004690e-02
4.479023330985709012e-02
7.031484639106393153e-02
1.123480298780342723e-01
1.677772399421121330e-01
2.212872210113788762e-01
2.409710010058771501e-01
1.785978051396902022e-01
1.195586873930918198e-01
8.535427556408872740e-02
6.155379580878725387e-02
4.398437150661700656e-02
3.094119491993452264e-02
2.137975797545955958e-02
1.452246930134583856e-02
9.700711332088081743e-03
6.374977681004393056e-03
4.109849735754251415e-03
2.574782180657321420e-03
1.517711828183692995e-03
7.545357523513448236e-04
1.980720840026346113e-04
-1.346311530542657054e-04
3.976327059634143313e-04
2.322523686207894356e-05
-2.236994270569448074e-05
3.327209243270147759e-04
-1.140443959684690945e-04
-6.432609967902228358e-04
-4.933984328241474348e-04
2.902948965547046318e-04
1.330713438274115157e-04
-1.695611393319311770e-04
-7.229238208317589442e-05
-1.572678893689618282e-04
-2.676922828734272486e-04
-3.834299453804205040e-04
-4.466682348061691370e-04
-3.225550160781899718e-04
2.379369343533762520e-04
1.642706544543749573e-03
4.494665750396658124e-03
9.590614989120262168e-03
1.792775191106175947e-02
3.064575186510214849e-02
4.952561650506757257e-02
7.934612220676452721e-02
1.075013871346193195e-01
9.520439205219774492e-02
7.075407903268252086e-02
4.908610776008053012e-02
3.617289143018666969e-02
3.416906086320808250e-02
4.479023536961341395e-02
7.031484480146273086e-02
1.123480254831179248e-01
1.677772395019583584e-01
2.212872209788643296e-01
2.409709999746761644e-01
1.785978051626971874e-01
1.195586858311067507e-01
8.535427609118270698e-02
6.155380088562749374e-02
4.398437404825071562e-02
3.094119302540778577e-02
2.137975582795973925e-02
1.452246804107700656e-02
9.700706351193324334e-03
6.374953738054965277e-03
4.109723045858020528e-03
2.574029491149683237e-03
1.513073750403055428e-03
7.257871773886071486e-04
2.440003624623321839e-05
-1.191814637418188135e-04
3.666094055480432264e-04
5.940409485325999424e-05
1.382096375324067537e-04
4.264591041222474087e-04
4.393736968597394647e-04
-3.876681425792846713e-04
6.175159670153865070e-04
3.491036291280745821e-04
3.680057931705398521e-04
4.868196612533777262e-04
-3.578975291177835831e-04
-1.065567573860944344e-03
-1.898523102196225491e-03
-3.027267824474702204e-03
-4.541658080566625053e-03
-6.458595467650745520e-03
-8.705839708776093311e-03
-1.103388282464600433e-02
-1.301309335551616327e-02
-1.393497471758110492e-02
-1.293905276119100382e-02
-9.015068919289780797e-03
-1.237967020454203192e-03
1.158501684053807150e-02
2.669592743524653103e-02
2.879889763981679021e-02
2.550874253121171442e-02
2.273502104724490352e-02
2.509737726092622911e-02
3.687561538298378405e-02
6.261756961144539224e-02
1.071586496749030865e-01
1.714480823752443095e-01
2.456332875826319484e-01
3.046192641269505619e-01
3.132541342695814301e-01
2.239942180674797667e-01
1.492718586956802707e-01
1.087517227627998878e-01
8.098939559744927630e-02
6.008828866719035516e-02
4.390615441322322926e-02
3.145637820143352970e-02
2.205589259303858754e-02
1.512873777532017759e-02
1.014154933259858726e-02
6.623257957263608241e-03
4.165745633141297415e-03
2.419253253601571715e-03
1.043913587405209155e-03
-5.068104995468750108e-04
5.577693334636674377e-04
-5.103933355358547877e-04
3.600048694536159602e-04
5.718754347667278368e-04
-1.011670672868738425e-04
2.029712753698460987e-04
-6.142608445000436162e-04
-5.382624174914094626e-04
-4.979005145730036868e-04
-5.350215884648959518e-04
5.022825759133006098e-04
-3.282659925978320009e-04
-1.055697267343863816e-03
-1.896244119079373153e-03
-3.026795127676002676e-03
-4.541564128925435970e-03
-6.458578964203500437e-03
-8.705837855731153596e-03
-1.103388125311317511e-02
-1.301309236287142602e-02
-1.393497684922828661e-02
-1.293905607161678108e-02
-9.015068603898329994e-03
-1.237965447181819511e-03
1.158501566829247403e-02
2.669592618590332228e-02
2.879889852281218576e-02
2.550874486251922257e-02
2.273502229521967913e-02
2.509737662832322441e-02
3.687561107142421635e-02
6.261756562891897249e-02
1.071586520688941058e-01
1.714480908209299048e-01
2.456332937204190325e-01
3.046192640265998341e-01
3.132541325857815528e-01
2.239942180284099360e-01
1.492718594641858076e-01
1.087517224288262196e-01
8.098939462965393243e-02
6.008828857158751702e-02
4.390615585699168127e-02
3.145638069839255119e-02
2.205589582252516848e-02
1.512875106557862864e-02
1.014161995273181287e-02
6.623625274435876974e-03
4.167720415771912316e-03
2.430498668064994504e-03
1.112636950930763133e-03
-5.212304893378663786e-05
5.511385922606977950e-04
5.597743343121454286e-04
-6.240571914831521613e-04
-6.149207094689881437e-04
3.629768081191404416e-04
-4.448280131250664403e-04
3.481294261153149356e-04
3.925981982088702399e-04
4.909386547475190141e-04
-4.974189674990257869e-04
2.446568237502128206e-05
-3.890126832088334151e-04
-1.054669387906655847e-03
-1.893973669880554423e-03
-3.025919569551553234e-03
-4.541291748959854456e-03
-6.458500677280214382e-03
-8.705816948739224237e-03
-1.103387625729949743e-02
-1.301309192598113472e-02
-1.393497664689571404e-02
-1.293905523226302964e-02
-9.015070644890358156e-03
-1.237968392031751127e-03
1.158501393376037275e-02
2.669592772711332912e-02
2.879889886351826370e-02
2.550873777447809979e-02
2.273501707129671826e-02
2.509737750805674308e-02
3.687561460662225343e-02
6.261757063940252832e-02
1.071586541681992522e-01
1.714480902796457207e-01
2.456332983328181341e-01
3.046192690860996533e-01
3.132541351704385413e-01
2.239942195152994642e-01
1.492718573256084924e-01
1.087517207895046661e-01
8.098939734564966630e-02
6.008828937204099135e-02
4.390615346404480590e-02
3.145637906405891748e-02
2.205589702344740860e-02
1.512876012461748278e-02
1.014167049353019434e-02
6.623911228388992302e-03
4.169354535899119467e-03
2.440070543266409202e-03
1.170109362667694610e-03
3.006415866392303407e-04
-1.236874598051443549e-04
-1.660809543857670937e-04
6.907963647059014696e-04
-8.597415732100820412e-05
-5.188139679332012767e-04
-4.617243141038345215e-04
5.280343587410948067e-04
1.314915217397066871e-04
4.515818283612332840e-04
-2.271854303233049853e-04
-4.907905514706030784e-04
-8.202061339584817588e-04
-1.916053540024029427e-03
-3.407990563469674630e-03
-5.496947372496585084e-03
-8.405386863223601041e-03
-1.230804571191065032e-02
-1.732549218189688781e-02
-2.339676608905032207e-02
-3.031228500172870877e-02
-3.752450837090044039e-02
-4.438975091070308798e-02
-5.006310644912514984e-02
-5.434020408991530743e-02
-5.909573861588082039e-02
-5.560928984730586361e-02
-3.621271842582354794e-02
-1.687191772712421170e-02
-1.141335689803456673e-04
1.897729596330897592e-02
4.818601404926560472e-02
9.532182820860488071e-02
1.654833917384756770e-01
2.527298461896595461e-01
3.346363699401391223e-01
3.825382518064200932e-01
3.710353214848330361e-01
2.564714554472452557e-01
1.698728511269678998e-01
1.254197365342727688e-01
9.547130993902692986e-02
7.262601485070530050e-02
5.438943924289065673e-02
3.986913742067512562e-02
2.850635183998515357e-02
1.987206775354463315e-02
1.348341833833332885e-02
8.880268029268988464e-03
5.611237769156364290e-03
3.275864074083281469e-03
1.522080362945350080e-03
1.701570073293968998e-04
-5.226781517416620405e-04
-4.999135744924224339e-04
6.801239008322280738e-04
-5.802750696221712517e-05
-3.702448088932472933e-05
-4.865688831247396990e-05
3.536664725836470590e-04
1.043689018560792241e-04
-1.067535027066954977e-04
-4.963848604494431379e-04
-1.503898990785300903e-04
-7.828006354211914123e-04
-1.912137634444753412e-03
-3.407554548886285953e-03
-5.496890373807517861e-03
-8.405377210655222767e-03
-1.230804626939553323e-02
-1.732549419073849128e-02
-2.339676587243725778e-02
-3.031228522974450598e-02
-3.752451158240021484e-02
-4.438975508322735852e-02
-5.006310683397170030e-02
-5.434020148731807248e-02
-5.909573744546819940e-02
-5.560928866419383859e-02
-3.621271475218405117e-02
-1.687191377820081162e-02
-1.141312273191552210e-04
1.897729748253076595e-02
4.818601148945506757e-02
9.532182425333239617e-02
1.654833935669954847e-01
2.527298533285355919e-01
3.346363747938722599e-01
3.825382509201331049e-01
3.710353192175677717e-01
2.564714545170823090e-01
1.698728498848442736e-01
1.254197333979124585e-01
9.547130611193492544e-02
7.262601187877677777e-02
5.438943823318379001e-02
3.986913813637415344e-02
2.850635273145101650e-02
1.987207113710163370e-02
1.348343147583444708e-02
8.880275942074073239e-03
5.610837503849702007e-03
3.270558691107109707e-03
1.469907416047605553e-03
-2.937221803873133266e-04
-2.930682907870999250e-05
5.598204792770049548e-04
-4.407020184773195108e-04
8.300174238001028994e-05
5.681221115189781946e-04
-4.970073290846800727e-05
2.034273517664077528e-04
-3.046195517237118610e-04
-4.681910932714511810e-04
-5.141278713614301325e-04
5.416983273661579073e-04
-6.794292239484544561e-04
-1.897659047535712670e-03
-3.405197553739834366e-03
-5.496446156902702954e-03
-8.405278729611619787e-03
-1.230802168814760199e-02
-1.732548823316987230e-02
-2.339676559620682689e-02
-3.031228787915690032e-02
-3.752451364949226792e-02
-4.438975551105981548e-02
-5.006310991183929998e-02
-5.434020475388174481e-02
-5.909573884853171893e-02
-5.560928637654543455e-02
-3.621271389816375225e-02
-1.687191994076204377e-02
-1.141347775004327309e-04
1.897729932579089382e-02
4.818601643943813684e-02
9.532183164839075351e-02
1.654833974200782820e-01
2.527298519331750981e-01
3.346363753696499077e-01
3.825382505228760999e-01
3.710353173434552398e-01
2.564714543490106413e-01
1.698728485753450146e-01
1.254197340284461948e-01
9.547131168947983748e-02
7.262601569411644697e-02
5.438943895347519986e-02
3.986913938451806111e-02
2.850635785064367309e-02
1.987209252500937717e-02
1.348353253670652591e-02
8.880788005173429964e-03
5.613485656916664818e-03
3.284539167294202311e-03
1.545904738303356240e-03
1.363705986319866162e-04
5.635152340271285150e-04
-2.072524182775464156e-04
4.531542911766879502e-04
4.943627500509885841e-04
6.382052367860924485e-04
3.167066441229927768e-04
-5.560665569177442600e-04
6.754884147148936327e-04
3.630788965796802044e-04
-7.201773424230815479e-04
6.642428686758846974e-04
-9.776433967710620142e-04
-2.611278447280887972e-03
-4.710119470130427234e-03
-7.655890560310499651e-03
-1.181133373732008371e-02
-1.750163889708043763e-02
-2.502545760093603799e-02
-3.450686283746377120e-02
-4.594456991237906573e-02
-5.900609079577071731e-02
-7.333361531377872999e-02
-8.854342194661792009e-02
-1.055551034946134309e-01
-1.306190758514162165e-01
-1.431931414243262646e-01
-1.077655105975663941e-01
-6.350219520395172790e-02
-2.263784711085536569e-02
1.980932568150090695e-02
7.530673338284014917e-02
1.532731264061173715e-01
2.524214408123812703e-01
3.508682134481357906e-01
4.190672670419505752e-01
4.428493940799295703e-01
4.105236235283717394e-01
2.773152654793735739e-01
1.831686083860819270e-01
1.366649535041515040e-01
1.057488597161667654e-01
8.190476364566391665e-02
6.242361921656953971e-02
4.650411152739681447e-02
3.371100597058938192e-02
2.376991648442582095e-02
1.626718699896637435e-02
1.077973385812048233e-02
6.834873151643376665e-03
3.993144557585676969e-03
1.821490890888412782e-03
-1.839861191544018908e-04
5.507395259631546079e-04
3.171562953440025881e-04
-2.592075652872686685e-04
5.881071745323116027e-04
-1.073996861321402867e-04
-4.539934576786138951e-04
-6.695570072876386863e-04
7.567154613585823407e-04
-4.785272852123555447e-04
-4.516630774970824161e-04
-1.053457097304922875e-04
-1.076818635303401469e-03
-2.625897207447745480e-03
-4.712279071782074849e-03
-7.656204729160807909e-03
-1.181137801649881358e-02
-1.750164751718771491e-02
-2.502546022405706741e-02
-3.450686157339994536e-02
-4.594456839591193331e-02
-5.900609162093212873e-02
-7.333361734316100333e-02
-8.854342140942463024e-02
-1.055551004181153746e-01
-1.306190748901111531e-01
-1.431931414209980102e-01
-1.077655075245054078e-01
-6.350219172599204376e-02
-2.263784401941735039e-02
1.980932969717470737e-02
7.530673339533254518e-02
1.532731226362115118e-01
2.524214407794825865e-01
3.508682181614117823e-01
4.190672705312627477e-01
4.428493934169768220e-01
4.105236222485212361e-01
2.773152651901381605e-01
1.831686070045386028e-01
1.366649500730086619e-01
1.057488560784049236e-01
8.190476088056275472e-02
6.242361778196227340e-02
4.650411147152930247e-02
3.371100596092919954e-02
2.376991796875659729e-02
1.626719897101156984e-02
1.077980747080925505e-02
6.835356101925759396e-03
3.996692323488476063e-03
1.850060799479404279e-03
5.890421897558774768e-05
3.556783510209600256e-04
-5.745916182623728857e-04
4.115387689661672470e-04
-2.504161901149336658e-04
-4.980752982628089322e-04
-5.438632472855072907e-04
4.212596618680896862e-04
5.007502972042215212e-04
-3.169079213586250350e-04
6.465685074124127938e-04
5.381156155985997993e-04
-9.633902600739188389e-04
-2.608633195452490523e-03
-4.709879481648701106e-03
-7.655947838659722150e-03
-1.181137309140333456e-02
-1.750165699894312005e-02
-2.502546456489421547e-02
-3.450686389374599261e-02
-4.594457195942312083e-02
-5.900609311135965318e-02
-7.333361540644055265e-02
-8.854342089433182850e-02
-1.055550994759575367e-01
-1.306190717752815089e-01
-1.431931344607323131e-01
-1.077655028935673165e-01
-6.350219440981734464e-02
-2.263784610440405104e-02
1.980932895568933080e-02
7.530673337284082836e-02
1.532731244812462201e-01
2.524214400511602396e-01
3.508682141371227692e-01
4.190672695411337134e-01
4.428493930403440970e-01
4.105236218201171461e-01
2.773152667457492448e-01
1.831686074604697290e-01
1.366649519679995761e-01
1.057488623403216588e-01
8.190476521433365242e-02
6.242361884628469526e-02
4.650411289492498851e-02
3.371101275697670901e-02
2.376994678743312578e-02
1.626732867191904228e-02
1.078041215696114857e-02
6.838071780078017192e-03
4.008009666549522919e-03
1.890206086277168747e-03
1.393427553782341740e-04
-2.286513867919158147e-04
-5.912805703866796372e-04
6.591992938199918439e-04
-1.507468938167790776e-04
-4.378365571199937883e-04
3.358635139357248078e-04
-4.681575239511515324e-04
1.538216105046213880e-04
2.439659764070932935e-04
-5.812420781317100346e-05
-5.382809834586125370e-04
-1.397793686957472283e-03
-3.195696028485562040e-03
-5.741530770583842293e-03
-9.369010924388682451e-03
-1.452679931714360995e-02
-2.166082571809191740e-02
-3.120690771961226115e-02
-4.344677381768693308e-02
-5.853252512518506562e-02
-7.637887788948705126e-02
-9.692643271945429462e-02
-1.206411674858127447e-01
-1.501939362326150107e-01
-1.990459199831691450e-01
-2.383904422231977183e-01
-1.946071361434585090e-01
-1.226458018399452093e-01
-4.822104955967518314e-02
3.096010256896693930e-02
1.285687814927202188e-01
2.473197667433714997e-01
3.637684171900399388e-01
4.451815097780797981e-01
4.820322663855969858e-01
4.806161565037744832e-01
4.331108051170474149e-01
2.891659200056633239e-01
1.910868724247092310e-01
1.437765268997865664e-01
1.125895707859934092e-01
8.830731955507267750e-02
6.813133633473095196e-02
5.132775036513034100e-02
3.756599024825241218e-02
2.669988005581562171e-02
1.838300877564302827e-02
1.223518166994983121e-02
7.776963351119292947e-03
4.549437767506304096e-03
2.093200749783279222e-03
-5.652305428431373243e-05
-4.359202884561051532e-04
-5.038237493468384498e-05
4.089239933526029203e-04
-2.383734480632499712e-04
1.537752963003665774e-04
4.796493396512317969e-04
7.165891194693610597e-04
1.720973079292280306e-04
-8.044956512117527365e-06
1.560548306894913217e-04
-2.464463699001480466e-04
-1.379592511700433559e-03
-3.191389128990727592e-03
-5.740583417951172426e-03
-9.368796343821676406e-03
-1.452675367872739709e-02
-2.166082000291068288e-02
-3.120690834566593186e-02
-4.344677229983858607e-02
-5.853252327253555959e-02
-7.637887731224481114e-02
-9.692643329791461593e-02
-1.206411666971602126e-01
-1.501939334446230068e-01
-1.990459194970100321e-01
-2.383904437239941498e-01
-1.946071358782503480e-01
-1.226458025545592995e-01
-4.822105020552316934e-02
3.096010474998825077e-02
1.285687812930275675e-01
2.473197623707499015e-01
3.637684155932156549e-01
4.451815123693180776e-01
4.820322685177642619e-01
4.806161567847856975e-01
4.331108065052680089e-01
2.891659226641519753e-01
1.910868738215848184e-01
1.437765261815195372e-01
1.125895702725959874e-01
8.830731987140290340e-02
6.813133685571622078e-02
5.132775140277662934e-02
3.756599089740540742e-02
2.669988073228370118e-02
1.838301412392851636e-02
1.223522563844637104e-02
7.777246288871217557e-03
4.551095452646213707e-03
2.102613687351750742e-03
-3.736854435857840401e-06
4.767255972457096484e-04
-3.562842917029107473e-04
5.437491474470611263e-04
3.438806346840791854e-04
-4.443924673854306477e-04
5.455932732033491909e-04
-8.866682666407007727e-05
-6.400395184882202559e-04
-6.617050656751862717e-04
-6.472895518783690696e-04
1.923054145911911401e-04
-1.310365770714717491e-03
-3.184434386433337028e-03
-5.740334455753572616e-03
-9.368983945512037587e-03
-1.452684402209705739e-02
-2.166085176942204871e-02
-3.120691836488231549e-02
-4.344677617978341677e-02
-5.853252807090754406e-02
-7.637887923798662715e-02
-9.692643049084213869e-02
-1.206411647641621454e-01
-1.501939317966042298e-01
-1.990459159767234976e-01
-2.383904361484868173e-01
-1.946071307689891394e-01
-1.226458030789443904e-01
-4.822105029341294119e-02
3.096010344734701283e-02
1.285687791112244127e-01
2.473197619320943452e-01
3.637684140828196244e-01
4.451815098073554910e-01
4.820322698237793912e-01
4.806161600744656148e-01
4.331108092868839465e-01
2.891659247443051362e-01
1.910868727588385108e-01
1.437765249986972249e-01
1.125895731012517692e-01
8.830732186795929584e-02
6.813133653717054483e-02
5.132775225009989645e-02
3.756599954505485811e-02
2.669991921620041772e-02
1.838319910146599817e-02
1.223616305633150499e-02
7.781963676512682060e-03
4.574748511795528709e-03
2.221071405466514773e-03
5.894412444468598994e-04
1.675594584321389970e-04
-4.967380337629025621e-04
2.545144649906213208e-04
4.704310447096795851e-04
2.325787124533266895e-04
1.859391049564447225e-04
-4.766629492893743056e-04
2.943888243438472262e-04
3.482895777923139248e-05
-6.276487343077342658e-04
4.113004288256446673e-04
-1.473567200904913862e-03
-3.571327516845588038e-03
-6.432690629034571415e-03
-1.051557785363313111e-02
-1.634512988379370479e-02
-2.445052908712546172e-02
-3.535329771368452695e-02
-4.944361799158106946e-02
-6.695961136335208674e-02
-8.803070033221746526e-02
-1.128267668200956669e-01
-1.427410760685959012e-01
-1.823248498192139022e-01
-2.534913512106757305e-01
-3.279935216074892357e-01
-2.949647221343102976e-01
-2.025831429084434254e-01
-8.198126117334421370e-02
5.759259924863704277e-02
2.162985633324308876e-01
3.657185099292252217e-01
4.648956092919817595e-01
5.098150473499389879e-01
5.178942569113248462e-01
5.000234740739327721e-01
4.444397570206418124e-01
2.954599180845438045e-01
1.955426605846058707e-01
1.479189454167753881e-01
1.166743396401473815e-01
9.219576140435904732e-02
7.165319286009562416e-02
5.434481179640946596e-02
4.000558361149206266e-02
2.857204916925983051e-02
1.974471141849177755e-02
1.317617009451100066e-02
8.384557479222018786e-03
4.893694320312376965e-03
2.194173400642228811e-03
-3.112167062947209070e-04
-2.219979466787193659e-04
2.160626694975885452e-04
3.976574299177995935e-04
6.521789639658563589e-04
-4.729310646455338286e-04
6.614428337178394630e-05
5.616811247793843803e-04
5.811696624086953649e-04
-7.281901174704384118e-04
-3.234774885230683726e-04
-2.465101505044566313e-04
-1.536783128932735698e-03
-3.579212354507956863e-03
-6.433808071904216150e-03
-1.051580240543944708e-02
-1.634519109859313216e-02
-2.445055038349627785e-02
-3.535330515035211424e-02
-4.944361882538216013e-02
-6.695961160334010231e-02
-8.803070116737944650e-02
-1.128267683995191201e-01
-1.427410768254373519e-01
-1.823248482776473334e-01
-2.534913506126618699e-01
-3.279935230736683582e-01
-2.949647238031957164e-01
-2.025831468835842530e-01
-8.198126497564373061e-02
5.759259939508450804e-02
2.162985622333953029e-01
3.657185055208613256e-01
4.648956076800735970e-01
5.098150489891406512e-01
5.178942584794965498e-01
5.000234752480396949e-01
4.444397589514864633e-01
2.954599200867356057e-01
1.955426608820850509e-01
1.479189440040328818e-01
1.166743397897084117e-01
9.219576328251181951e-02
7.165319494468973260e-02
5.434481476377770598e-02
4.000558651051196180e-02
2.857205040185318082e-02
1.974470993777075953e-02
1.317616792950253995e-02
8.384498114987225248e-03
4.892486849313460416e-03
2.178283645684967341e-03
-4.844112524569400315e-04
-6.117860349735775418e-04
4.619756565602651339e-04
-4.480524787510377816e-04
-9.932157493796284567e-05
-3.357354928895005730e-05
-1.050668412365807344e-04
-6.677916279735722754e-04
-4.126124581364356073e-04
5.084615322855438576e-04
-5.075068635604787704e-05
-5.626466168745454565e-04
-1.587150521266170048e-03
-3.588492195412848213e-03
-6.435620858053656308e-03
-1.051618192850863401e-02
-1.634527661504900017e-02
-2.445057209853662358e-02
-3.535331052040289329e-02
-4.944362082782766121e-02
-6.695961657486795837e-02
-8.803070375146990201e-02
-1.128267653791067554e-01
-1.427410740566977254e-01
-1.823248469354843138e-01
-2.534913493701544396e-01
-3.279935199874276508e-01
-2.949647234730338741e-01
-2.025831495864785781e-01
-8.198126508086470143e-02
5.759259977336370073e-02
2.162985637308517395e-01
3.657185094028719274e-01
4.648956102109981225e-01
5.098150479888342579e-01
5.178942570078001184e-01
5.000234743924858449e-01
4.444397575802837563e-01
2.954599190120437702e-01
1.955426582169784433e-01
1.479189420515190367e-01
1.166743420245390517e-01
9.219576535616515189e-02
7.165319518346451033e-02
5.434481681077617948e-02
4.000559767422618568e-02
2.857209544651816494e-02
1.974493304626991422e-02
1.317735381011032013e-02
8.390822663640808143e-03
4.926647672985346414e-03
2.365988340014466094e-03
5.685146633101131062e-04
6.649167461864957185e-04
-1.704055778487837346e-04
2.985553366854054569e-04
2.921285212219737362e-04
-5.296686650853769203e-04
5.434776780592675887e-04
4.229351626148975017e-04
4.384896043090562691e-04
-9.937088265800711473e-06
2.819712799602847736e-04
-6.982999108427178627e-04
-1.676257577232006342e-03
-3.762557096346711132e-03
-6.728633265224204067e-03
-1.099185037262696146e-02
-1.709493974009242134e-02
-2.559857540079248095e-02
-3.705547139757268266e-02
-5.189976397977085626e-02
-7.039854975378841140e-02
-9.278129976512716759e-02
-1.193241112581474028e-01
-1.519044823904790453e-01
-1.961293193355582998e-01
-2.788019657555848574e-01
-3.762155280300968907e-01
-3.631414167328246290e-01
-2.722947070867032249e-01
-1.155702916590561624e-01
8.832654724913371891e-02
2.939981709740478455e-01
4.403729670983886346e-01
5.111358633629849990e-01
5.329934456040743562e-01
5.284987538487374570e-01
5.049350420950736718e-01
4.471513043173592217e-01
2.972788742353363878e-01
1.970296323784242465e-01
1.494175329868731028e-01
1.182174851827547946e-01
9.369727702275303105e-02
7.303525379186467936e-02
5.554151764016693194e-02
4.098175820373801959e-02
2.932571811636499812e-02
2.029534250898973671e-02
1.355772316212351669e-02
8.631563192020836814e-03
5.035201676385529616e-03
2.233335616363275444e-03
-5.511808724468324075e-04
5.621858227025421849e-05
4.981137495647239895e-04
-6.759568470163887944e-04
6.304854120195333648e-04
-3.222476992533663707e-04
-2.878214678891451335e-04
-4.012190538931001828e-04
5.572809267656884469e-04
1.529719598003371792e-05
-5.377311110510345302e-04
6.753275023722682228e-04
-1.493387236495557178e-03
-3.741260311519166090e-03
-6.726513327510229810e-03
-1.099179193104135588e-02
-1.709499962173407009e-02
-2.559860456550051497e-02
-3.705548051781906022e-02
-5.189976464271688766e-02
-7.039854997029067196e-02
-9.278130038114304479e-02
-1.193241130082525053e-01
-1.519044850816141656e-01
-1.961293202563287041e-01
-2.788019656137873947e-01
-3.762155283770505232e-01
-3.631414171379071520e-01
-2.722947091156376342e-01
-1.155702930318724814e-01
8.832654896264792443e-02
2.939981706058062416e-01
4.403729640441499393e-01
5.111358614063368222e-01
5.329934445615195360e-01
5.284987533812571803e-01
5.049350432049795057e-01
4.471513060641513770e-01
2.972788753810141071e-01
1.970296318730426766e-01
1.494175311350277036e-01
1.182174850957983109e-01
9.369727760849752562e-02
7.303525362348670114e-02
5.554151890145125892e-02
4.098176024504539272e-02
2.932571806789853464e-02
2.029534170982293106e-02
1.355777164882716011e-02
8.632182512243333217e-03
5.041132413923688979e-03
2.285026304360599121e-03
-1.169987631433849995e-04
7.079973452439314568e-04
-6.953533379211806293e-04
-2.515531444419694075e-04
-3.998729175841209452e-04
6.137640783788444717e-04
5.279259587500539008e-04
-5.661199240982961673e-04
6.729221873893717664e-04
-5.130772442675056574e-04
3.538624446377112878e-05
-2.035831849578969449e-04
-1.607408853293947493e-03
-3.754499806971971134e-03
-6.727806807300152313e-03
-1.099183112263156341e-02
-1.709496961435424262e-02
-2.559859293597794433e-02
-3.705547612291621579e-02
-5.189976338164939418e-02
-7.039855371642325665e-02
-9.278130206835372151e-02
-1.193241085338092589e-01
-1.519044800202376533e-01
-1.961293168072118231e-01
-2.788019638209313644e-01
-3.762155267285959837e-01
-3.631414170375316108e-01
-2.722947123077044118e-01
-1.155702972737525230e-01
8.832654552412719240e-02
2.939981692666256419e-01
4.403729660730681394e-01
5.111358654047455374e-01
5.329934459030689631e-01
5.284987527275106789e-01
5.049350427921400764e-01
4.471513050178158588e-01
2.972788746897554457e-01
1.970296306129372399e-01
1.494175307110786333e-01
1.182174872197412352e-01
9.369727811454330035e-02
7.303525158496156078e-02
5.554151885689743995e-02
4.098176889416055985e-02
2.932575581700820264e-02
2.029553134022171398e-02
1.355875588903072970e-02
8.637239428426483207e-03
5.067119614808898373e-03
2.418089420856784320e-03
5.567128997849794944e-04
4.419405201077916743e-04
-3.188670197992789918e-04
-4.678698668838038245e-04
7.403812538126667371e-05
1.695769149829326591e-04
5.107871893044329831e-04
1.640800372328612722e-05
-8.532983341316525776e-05
6.400244072222165560e-04
5.379056380078097582e-04
-3.172494459153640117e-04
-1.612062845235583824e-03
-3.694026860272290030e-03
-6.591669140863063055e-03
-1.075587040953585906e-02
-1.671720652864652767e-02
-2.501810148877909798e-02
-3.619462298244259524e-02
-5.065809906176790833e-02
-6.866139998080618423e-02
-9.038279781808707114e-02
-1.160430475826760566e-01
-1.472668694130098155e-01
-1.890927758765212352e-01
-2.656978660640308965e-01
-3.505202131292473600e-01
-3.250012558980632238e-01
-2.311369495712783106e-01
-9.500523917898830162e-02
6.947078284053388730e-02
2.485164065252895294e-01
3.996184825188782153e-01
4.874869245400272333e-01
5.218367263118082189e-01
5.237574738391949092e-01
5.029390122965521348e-01
4.461149859284722630e-01
2.964955413180114796e-01
1.963363170702883409e-01
1.486885113255652091e-01
1.174509631035981772e-01
9.294410876792356946e-02
7.233757056131816243e-02
5.493490023422573781e-02
4.048499290832204695e-02
2.894070587149340235e-02
2.001272935356896224e-02
1.336107345452853916e-02
8.505830784606134218e-03
4.977818588022851071e-03
2.312588343153667344e-03
1.869800247580746073e-04
-4.291769848473339188e-04
4.818954707937509688e-04
1.164068648817552807e-04
6.213714330279954167e-04
-6.176758104151650270e-04
7.482100671752190757e-04
6.010280680742717844e-04
4.761691426233941342e-04
3.307114116971014576e-04
7.264870784435505633e-05
-4.385242162150156499e-04
-1.599402878512136070e-03
-3.690018526286999428e-03
-6.591077354660582893e-03
-1.075586860441556450e-02
-1.671724123113344992e-02
-2.501811873347852336e-02
-3.619462749655959904e-02
-5.065809795701152474e-02
-6.866139863384847219e-02
-9.038279583600923595e-02
-1.160430463493287712e-01
-1.472668707783498510e-01
-1.890927771421921644e-01
-2.656978657883294348e-01
-3.505202133780301321e-01
-3.250012569686477337e-01
-2.311369518486147412e-01
-9.500523957126047470e-02
6.947078555724310600e-02
2.485164072918352174e-01
3.996184820807099913e-01
4.874869230428533484e-01
5.218367223554692957e-01
5.237574708750414310e-01
5.029390135443627674e-01
4.461149888851709266e-01
2.964955435364197145e-01
1.963363175106623559e-01
1.486885104463283036e-01
1.174509634443988426e-01
9.294410763952387633e-02
7.233756739095614785e-02
5.493489889652974911e-02
4.048499183375856014e-02
2.894069722969427189e-02
2.001268509412226435e-02
1.336082949352439438e-02
8.504415955474088282e-03
4.969233189854525314e-03
2.257009762442045622e-03
-2.000242080290944198e-04
4.566123091647382014e-04
2.076493609952893425e-04
2.558685797814138209e-04
5.591352554201433749e-05
5.533206904009776474e-04
-6.047574781327272418e-04
4.922182315713120350e-04
-3.635869000484587754e-04
4.755203534166385659e-04
1.346479759401197343e-04
2.695048876592149039e-04
-1.495114392089105185e-03
-3.669647013602477491e-03
-6.586818348877500166e-03
-1.075492043807409377e-02
-1.671702275101356189e-02
-2.501806898223736877e-02
-3.619461444533140365e-02
-5.065809410630214144e-02
-6.866140076308296925e-02
-9.038279604710967863e-02
-1.160430410425008496e-01
-1.472668651903570047e-01
-1.890927733830258251e-01
-2.656978653095192211e-01
-3.505202150318264542e-01
-3.250012565457825464e-01
-2.311369530123163485e-01
-9.500524593110973304e-02
6.947077840150375772e-02
2.485164002543903683e-01
3.996184782383465639e-01
4.874869254428624288e-01
5.218367255110443192e-01
5.237574734299645929e-01
5.029390171919446706e-01
4.461149917181895241e-01
2.964955449976077739e-01
1.963363177310790408e-01
1.486885108758838614e-01
1.174509650938790478e-01
9.294410739589056836e-02
7.233756526048834568e-02
5.493489883546256308e-02
4.048499754532628586e-02
2.894072078902005032e-02
2.001280317333477970e-02
1.336140689662697160e-02
8.507164744943951362e-03
4.982224915612273874e-03
2.318533801875747452e-03
1.016414797801226655e-04
5.371322679618757310e-04
-4.434191089139459681e-04
5.501535015998674930e-04
-2.591043443820010704e-04
-2.391109129898614529e-04
3.610209733280858227e-05
4.985925069435468869e-04
2.619949193826815164e-04
5.232870451793047344e-04
5.055929448135390580e-04
-2.833753029367101577e-04
-1.456014578317946099e-03
-3.376924285735376230e-03
-6.027117864843407197e-03
-9.820713474163168810e-03
-1.523443133803732696e-02
-2.274331461112085589e-02
-3.281490355717572860e-02
-4.577176333569125954e-02
-6.180076645036435695e-02
-8.089497436510675876e-02
-1.030807678593676363e-01
-1.291439637739384694e-01
-1.623941133398576209e-01
-2.191005056938232221e-01
-2.695560008845320210e-01
-2.265977497650926709e-01
-1.459908869521242825e-01
-5.781436708705627037e-02
3.760117600453528192e-02
1.532969144714909082e-01
2.851699637787251107e-01
4.003221200458864648e-01
4.705483660798931433e-01
4.967684381690026796e-01
4.887605328241482194e-01
4.378549117295097992e-01
2.917304167204962662e-01
1.928693008255470409e-01
1.454223781027218221e-01
1.142065010313135648e-01
8.984209736562073778e-02
6.951658312407837936e-02
5.250968321252490190e-02
3.851748345978697752e-02
2.742609567904365220e-02
1.890774009750105511e-02
1.259485624178757063e-02
8.008777839617304412e-03
4.691772718320994136e-03
2.206065630542426541e-03
2.486335231404526724e-04
-4.419925751773288265e-04
6.392956773032485449e-04
-3.170017673829204961e-05
6.732016757682048839e-05
-1.808887205695068471e-04
4.638727522706034422e-04
3.736312522025234334e-04
4.083253126827423468e-04
-3.604105590755306488e-05
1.491619957161405654e-04
-1.806429108520841694e-04
-1.428576462682397148e-03
-3.371774082433353237e-03
-6.026025053264489999e-03
-9.820463999122770390e-03
-1.523436963163434833e-02
-2.274329816141687152e-02
-3.281489689165317108e-02
-4.577175911379280371e-02
-6.180076351679042457e-02
-8.089497011787845360e-02
-1.030807636113399428e-01
-1.291439633887187521e-01
-1.623941152148339340e-01
-2.191005068547355328e-01
-2.695560036548255156e-01
-2.265977544577655878e-01
-1.459908930348756406e-01
-5.781437027214379742e-02
3.760117794294612348e-02
1.532969168561466033e-01
2.851699669559156769e-01
4.003221217368074791e-01
4.705483626268781028e-01
4.967684346168208531e-01
4.887605336302155989e-01
4.378549134200454551e-01
2.917304169334569153e-01
1.928692992929467720e-01
1.454223765122489298e-01
1.142065018823229944e-01
8.984209641507213961e-02
6.951658050875127171e-02
5.250968374571140379e-02
3.851748345712522476e-02
2.742608440471394973e-02
1.890767830137079011e-02
1.259451064428195391e-02
8.006877240278384780e-03
4.681587640077072149e-03
2.153572792160949982e-03
3.807619632807496559e-07
-1.549439651809577235e-04
-2.166802424803943982e-04
5.248284190383795947e-04
5.732792062609370388e-04
1.855899005986618095e-04
1.856140527994067622e-04
6.106426317893773239e-04
1.172440952564646807e-04
-5.083238078670182687e-04
1.366000357869275256e-04
7.334460213004364692e-04
-1.276355485346855438e-03
-3.341599130617994937e-03
-6.020014320657685915e-03
-9.819245206857887473e-03
-1.523411967481768867e-02
-2.274324829926105407e-02
-3.281488500889163940e-02
-4.577175523163058701e-02
-6.180076494652850250e-02
-8.089496969128759374e-02
-1.030807594545734979e-01
-1.291439604978492361e-01
-1.623941142630294932e-01
-2.191005101239787145e-01
-2.695560109841473317e-01
-2.265977568658059660e-01
-1.459908921457925279e-01
-5.781437220769847229e-02
3.760117505510408853e-02
1.532969130187953888e-01
2.851699641624687587e-01
4.003221232352944248e-01
4.705483640227101638e-01
4.967684348883271150e-01
4.887605351663680819e-01
4.378549145053606262e-01
2.917304167374158985e-01
1.928692987417128524e-01
1.454223767341953910e-01
1.142065030642660933e-01
8.984209690425684625e-02
6.951658122851922528e-02
5.250968718863702894e-02
3.851748948767103053e-02
2.742609800154129432e-02
1.890773851731621102e-02
1.259476591681740060e-02
8.007829856992634138e-03
4.683842054962050229e-03
2.144598320885115518e-03
-2.110789269769942293e-04
2.674232463335509736e-04
-7.059609215328037845e-04
-3.754378237748577391e-04
3.244672905976381250e-04
-2.054326262539248244e-04
-5.838154446657421682e-04
4.050026515546704692e-04
3.181884454222037021e-05
5.319016778254649072e-04
-1.858822026231363752e-04
-5.393246337861522374e-04
-1.268208141270363949e-03
-2.861850368960475871e-03
-5.092504287869762183e-03
-8.275231970969115086e-03
-1.278965562944880952e-02
-1.899887132222028568e-02
-2.724951031299362864e-02
-3.771992260108576051e-02
-5.046564264183942689e-02
-6.523225180703659531e-02
-8.176073910334810679e-02
-9.990403997221018739e-02
-1.210853061926350921e-01
-1.535622990322747239e-01
-1.733895706320129071e-01
-1.338688823951212359e-01
-8.083659032604258166e-02
-3.039681704082591515e-02
2.212984103280260170e-02
8.919051008210258924e-02
1.795786623085370570e-01
2.869205532961560667e-01
3.833572769832047644e-01
4.424902917812877368e-01
4.575813224343543983e-01
4.195363670423298830e-01
2.820157697093175209e-01
1.862519785919168336e-01
1.393836580402970093e-01
1.083267964986022180e-01
8.429381642193006785e-02
6.453547382485735895e-02
4.827563920849635426e-02
3.511670314878048010e-02
2.483029190604364722e-02
1.702625067189740896e-02
1.129609883502435096e-02
7.165633787049748536e-03
4.194708236798015341e-03
1.973704910388663931e-03
1.819897334401055194e-04
4.942268354304896064e-04
-1.810094852769246704e-04
7.329139431622826162e-04
3.623004251234750216e-04
-3.039003531486125808e-04
3.029341751348514286e-04
1.374624481172999194e-04
-5.354750054557821937e-04
-1.422669343455240426e-04
7.403115165456909934e-04
-9.521011780447732238e-06
-1.187076667059762045e-03
-2.842709844399956328e-03
-5.088011683100922972e-03
-8.274119204336783523e-03
-1.278936663006022094e-02
-1.899879205451547939e-02
-2.724948533675860748e-02
-3.771991371108878582e-02
-5.046563900659600810e-02
-6.523224838042718243e-02
-8.176073611143108710e-02
-9.990404206856359770e-02
-1.210853119359912439e-01
-1.535623032230312990e-01
-1.733895739829963145e-01
-1.338688852693910303e-01
-8.083659428439296524e-02
-3.039681996450746548e-02
2.212984157193089232e-02
8.919051184393507470e-02
1.795786656447564966e-01
2.869205557101968673e-01
3.833572742716641613e-01
4.424902889033983655e-01
4.575813240999533904e-01
4.195363690674019375e-01
2.820157694282449667e-01
1.862519765038169739e-01
1.393836567955124006e-01
1.083267977708411434e-01
8.429381453321652118e-02
6.453546979612520551e-02
4.827563917394842724e-02
3.511670268104326309e-02
2.483028125947596768e-02
1.702619554923548439e-02
1.129578734566770784e-02
7.163892364730451399e-03
4.184706570093682174e-03
1.913379517097568748e-03
-2.043187225003439131e-04
4.040426533819086547e-04
-1.356671155807164799e-04
2.568546570163604157e-04
-7.131860819543392417e-04
-2.738933511110638224e-04
-5.345311705298355686e-04
3.310721394922451380e-04
-5.699670300289757250e-04
5.423728958440126365e-04
6.005312632887427641e-04
3.794746241702513247e-04
-1.116893710214029826e-03
-2.831618977377041001e-03
-5.086166168316671836e-03
-8.273846022114618795e-03
-1.278934349271357643e-02
-1.899880011184414824e-02
-2.724948962744361269e-02
-3.771991497737527815e-02
-5.046564282829589521e-02
-6.523224925594689472e-02
-8.176073395267857702e-02
-9.990404116051876393e-02
-1.210853108584140636e-01
-1.535623048095964005e-01
-1.733895804764475357e-01
-1.338688874054726752e-01
-8.083659098814434396e-02
-3.039681813239943423e-02
2.212984258801592441e-02
8.919051320263096660e-02
1.795786681759761194e-01
2.869205601008337769e-01
3.833572762539669276e-01
4.424902877375383459e-01
4.575813233462057705e-01
4.195363680754430891e-01
2.820157676946979386e-01
1.862519758385609570e-01
1.393836570370314276e-01
1.083267971180214423e-01
8.429381270372428292e-02
6.453546868626082456e-02
4.827564119495367234e-02
3.511670679160155267e-02
2.483029094795541694e-02
1.702624326364704163e-02
1.129604202008054406e-02
7.165497086085892593e-03
4.195878220334554529e-03
1.997107034254911109e-03
4.539585040526224148e-04
3.212907102394462031e-04
6.866738507499449418e-04
-4.557359398728500388e-04
-5.400035028922145789e-04
1.977628116396330338e-04
5.356624136389104588e-04
-3.915631645159538569e-04
3.353528316658017342e-04
4.199804836368094480e-04
-1.269979985449124502e-04
2.489129822919162148e-04
-8.889651106623180921e-04
-2.165761988692646405e-03
-3.857396017643155949e-03
-6.241589654502110139e-03
-9.583288777026069058e-03
-1.410476568422508459e-02
-1.998624349453112861e-02
-2.722843435879115578e-02
-3.569303916093344992e-02
-4.489729813889220544e-02
-5.428357402062626569e-02
-6.311338432648587460e-02
-7.147846931033902118e-02
-8.243124551382147169e-02
-8.331025068729869254e-02
-5.824829542279220951e-02
-3.104777799581473485e-02
-7.218150950518451708e-03
1.830044189277348771e-02
5.472524780424712493e-02
1.107595103643426587e-01
1.904504852789231373e-01
2.835903958314608397e-01
3.636736346473044557e-01
4.046334328841518779e-01
3.859994603962902948e-01
2.644559067483491233e-01
1.749277851049771682e-01
1.296274051118862791e-01
9.925602688078241642e-02
7.599939808375050232e-02
5.727833368449957580e-02
4.223145797660545625e-02
3.034271031392919704e-02
2.123446033964553406e-02
1.444610168464063697e-02
9.527597729791262640e-03
6.019479559442720770e-03
3.507539972921159925e-03
1.605238867160147442e-03
-7.775586288161642301e-05
-2.851791623904426066e-04
9.592650820578115802e-05
-1.222662242019631181e-04
-6.208078920192341879e-05
3.742600159853011477e-04
-5.094017911445079079e-04
-6.769779001900071104e-04
5.256765151142205788e-04
-2.708445153723255559e-04
3.782865951414363798e-04
2.650503911254647169e-04
-8.692270746621141419e-04
-2.153293646609333051e-03
-3.853134632120841594e-03
-6.240289165950187178e-03
-9.582908218893695929e-03
-1.410465447639580074e-02
-1.998620904866121525e-02
-2.722842381074605522e-02
-3.569303585788966005e-02
-4.489729569929944847e-02
-5.428357145374011067e-02
-6.311338658033224802e-02
-7.147847473481661051e-02
-8.243124793796730021e-02
-8.331025051542267912e-02
-5.824829358752965647e-02
-3.104777726597100426e-02
-7.218151271429502046e-03
1.830044236595857257e-02
5.472524863748868401e-02
1.107595113507920392e-01
1.904504847253142286e-01
2.835903917463078461e-01
3.636736322850891989e-01
4.046334364388615157e-01
3.859994649294706259e-01
2.644559083805539945e-01
1.749277845333873649e-01
1.296274054239330842e-01
9.925602841229071160e-02
7.599939442649994437e-02
5.727832695202886293e-02
4.223145510250568557e-02
3.034270712354058055e-02
2.123445107734104470e-02
1.444607235311811018e-02
9.527484262488887523e-03
6.019202922065600495e-03
3.508249150684688428e-03
1.623940747205474509e-03
1.305294187924640288e-04
7.101823627728608352e-05
-5.040387871200064903e-05
-6.755644438614531516e-04
6.997283531630257803e-04
-6.104239747423955429e-04
3.967562503125132917e-04
-3.014623506204296166e-04
1.532529540889395085e-05
3.048625561563896957e-04
4.126610545476060003e-04
-7.676400076274120102e-05
-9.059446117813202632e-04
-2.160013564800558877e-03
-3.854931839529875115e-03
-6.240862976139040057e-03
-9.583097765662899892e-03
-1.410471778779522241e-02
-1.998622763269107538e-02
-2.722842771381968341e-02
-3.569303910188877105e-02
-4.489729542922376443e-02
-5.428357015937623070e-02
-6.311338769019472772e-02
-7.147847443454014016e-02
-8.243124846706267883e-02
-8.331025633361491267e-02
-5.824829676402261402e-02
-3.104777420761097376e-02
-7.218149120754761318e-03
1.830044271001684056e-02
5.472524934538347541e-02
1.107595141636754654e-01
1.904504903262282944e-01
2.835903962277244172e-01
3.636736341276058937e-01
4.046334381918677003e-01
3.859994652268177728e-01
2.644559065273117127e-01
1.749277842489601054e-01
1.296274063589699099e-01
9.925602758132162640e-02
7.599939278479640736e-02
5.727832549039179461e-02
4.223145524631392866e-02
3.034270782786702841e-02
2.123445337806019462e-02
1.444607748440308870e-02
9.527419158679781633e-03
6.018356330169210427e-03
3.500504455343860042e-03
1.560476126571933584e-03
-3.722644002478906833e-04
-5.188217754126425545e-04
-5.818363225094485809e-04
4.309289484304466107e-04
-3.177729074894865171e-04
-4.984818870628550825e-04
7.428533556228435078e-05
4.256453954277918914e-05
5.840491893298298135e-04
9.598363358713415255e-05
-9.732382061118051897e-05
-6.086228187707167685e-04
-6.809807311282486302e-04
-1.379155711787796853e-03
-2.408297951779243308e-03
-3.859289820955175924e-03
-5.846157426691677046e-03
-8.431501514945205500e-03
-1.160403153331247481e-02
-1.517313404965686501e-02
-1.877806935757051626e-02
-2.175386198561978998e-02
-2.330008849677593988e-02
-2.243933319009554228e-02
-1.846699892175699548e-02
-1.116218377656363371e-02
3.002713622492295944e-04
7.896583399853877860e-03
1.175022285793937693e-02
1.511578071867465678e-02
2.258879652821755082e-02
3.942821631101756791e-02
7.122631580282534625e-02
1.233726488009080219e-01
1.954522562758358728e-01
2.739986047815943238e-01
3.313090835344083551e-01
3.340212340730848717e-01
2.360181459509103075e-01
1.569388683342529400e-01
1.148876445558199982e-01
8.623949478066540719e-02
6.456863237986400217e-02
4.760485759233485520e-02
3.439043720143141608e-02
2.428209874318357220e-02
1.674826053241513721e-02
1.126852737190077273e-02
7.371042971233180210e-03
4.632026729689308134e-03
2.691084622027968467e-03
1.249675962408512480e-03
1.550845305081147000e-04
-5.626384514960192443e-04
4.139475699217596465e-05
-4.671519858711609260e-04
2.554307538091152383e-04
5.574667423727819055e-04
5.467437789306498321e-04
3.596287156226884063e-04
-6.987218576338899249e-04
6.951283681198291509e-04
-2.394376429739541946e-04
-3.689845660947060403e-04
-6.457567300022519410e-04
-1.364529593155479987e-03
-2.403572582498882983e-03
-3.857862983163560643e-03
-5.845743327899769436e-03
-8.431382494875544475e-03
-1.160399753628602038e-02
-1.517312564442561094e-02
-1.877806617417594748e-02
-2.175385670325524767e-02
-2.330008021754390382e-02
-2.243932942313657877e-02
-1.846699985671865912e-02
-1.116218383136228544e-02
3.002720866959471074e-04
7.896585399535529029e-03
1.175022455477490319e-02
1.511578119005592413e-02
2.258879671292347152e-02
3.942821701745165275e-02
7.122631633431510123e-02
1.233726471205366659e-01
1.954522514245897458e-01
2.739986021327567856e-01
3.313090860473418275e-01
3.340212366989953052e-01
2.360181458010241207e-01
1.569388669068760289e-01
1.148876456382303540e-01
8.623949785499565590e-02
6.456863090434494801e-02
4.760485382720327369e-02
3.439043622119283827e-02
2.428209583770892660e-02
1.674825030010433993e-02
1.126848848011946340e-02
7.370869356645181648e-03
4.631288324131139361e-03
2.687900883554212444e-03
1.234337714884622267e-03
5.837197127701384159e-05
5.123080083302237195e-04
3.582984656208526423e-04
-3.714162139211674108e-04
5.581956359404820689e-04
-4.678243545149873248e-05
-1.989825800202806521e-05
1.480096477739680904e-04
-1.067812360789127321e-04
4.021744890609438034e-04
-5.147244882052108908e-04
-3.271114542325659412e-04
-6.371310087798187595e-04
-1.372019511677410658e-03
-2.406884632875621460e-03
-3.858971228094275775e-03
-5.846082337087705680e-03
-8.431483320443583160e-03
-1.160402463484237409e-02
-1.517313010447100471e-02
-1.877806693735299334e-02
-2.175385422777420530e-02
-2.330007948672973422e-02
-2.243933276554362435e-02
-1.846700217422640733e-02
-1.116218588814056265e-02
3.002652354430501735e-04
7.896580057281667522e-03
1.175022602324765110e-02
1.511578229959024272e-02
2.258879468795925091e-02
3.942821484943581645e-02
7.122631707924177713e-02
1.233726514368535254e-01
1.954522552415548231e-01
2.739986040832171899e-01
3.313090878448857191e-01
3.340212362012283109e-01
2.360181426773483304e-01
1.569388660787549017e-01
1.148876464530945857e-01
8.623949714122795818e-02
6.456863128531387108e-02
4.760485470400577929e-02
3.439043736515958599e-02
2.428209678450914122e-02
1.674825716382801963e-02
1.126852323928120327e-02
7.370969428685097621e-03
4.631349119973865794e-03
2.685600035311373843e-03
1.208739119521506748e-03
-1.383052996918334408e-04
2.595264677398406153e-04
6.309314842912050600e-04
-1.899508759932899324e-04
9.906307862100685049e-05
1.436612454472640071e-05
3.180163807313763703e-05
-1.163199387760755350e-04
2.786614470965167447e-04
-2.343513343841010762e-04
4.480649946616922286e-04
2.869655326533719045e-04
-1.607252747243022436e-04
-4.608768987760580101e-04
-8.089826943010528220e-04
-1.263166693175818856e-03
-1.809251407152137744e-03
-2.357254135687922737e-03
-2.711001438065334217e-03
-2.508362771776947130e-03
-1.193474193709398706e-03
2.011911464898905304e-03
8.071122097606612047e-03
1.807349751000142044e-02
3.348132238303892089e-02
5.776802561799640467e-02
8.130320883951601407e-02
7.320569101533713763e-02
5.548974835616510976e-02
3.997161648109022469e-02
3.194440181974445014e-02
3.418877925251736366e-02
4.928544014070797286e-02
8.041510501338601513e-02
1.293544375562017679e-01
1.914952061746227896e-01
2.483661460408056743e-01
2.658141957047625570e-01
1.948584249926402501e-01
1.303636338470300915e-01
9.381954142454342060e-02
6.849909984211219327e-02
4.965878986097492509e-02
3.544982669594937824e-02
2.484066106408147276e-02
1.708066100072110419e-02
1.152215447662891835e-02
7.621072088558667780e-03
4.922813033142825999e-03
3.066398023877399751e-03
1.762192027745597585e-03
7.624918915421561964e-04
-2.495004470433016754e-04
1.544346382123381266e-04
9.271836752792400398e-05
-4.146499485123175785e-04
-4.244661413992997377e-04
3.405317541876846173e-04
-6.140861716125236864e-04
6.793792015978545413e-04
-2.154343449637414890e-04
-3.730132329500187053e-04
4.539831150372311856e-04
-2.088232507816955362e-05
-1.760560771646439606e-04
-4.504270741709386397e-04
-8.048825860177451089e-04
-1.261951998574031278e-03
-1.808919275000776469e-03
-2.357163494396467569e-03
-2.710977753500921211e-03
-2.508358543319636272e-03
-1.193472348535321590e-03
2.011916426672100740e-03
8.071129939688375526e-03
1.807349973451576053e-02
3.348131980873014779e-02
5.776802445595645430e-02
8.130320895083981148e-02
7.320569294065670807e-02
5.548975072465388986e-02
3.997161688855566108e-02
3.194440082373056072e-02
3.418878003910198055e-02
4.928544220577492363e-02
8.041510413316363404e-02
1.293544323079384717e-01
1.914952020526004550e-01
2.483661457659224470e-01
2.658141955970922399e-01
1.948584240649301191e-01
1.303636338833642216e-01
9.381954520085242222e-02
6.849910510492789040e-02
4.965879104205838529e-02
3.544982684779007798e-02
2.484066188787381960e-02
1.708065856219355069e-02
1.152214312028200169e-02
7.621011220011119150e-03
4.922500454934717294e-03
3.064861378250595229e-03
1.755082974063839393e-03
7.343698726304298454e-04
-3.107192933012106750e-04
-2.946547688795698636e-04
6.998711763664377519e-04
1.952809823546156358e-04
3.109144619602977858e-04
-3.347962776327325566e-04
-7.005201671077464990e-05
-1.660305045361924552e-04
3.335029366179234709e-04
-6.113251212611206303e-04
-3.938646453832084725e-04
5.797127336632894312e-04
-1.103884506550060162e-04
-4.517983964867119517e-04
-8.073356848511595686e-04
-1.262874248376592715e-03
-1.809204209102108695e-03
-2.357247452051459882e-03
-2.711000770633375991e-03
-2.508362839339754475e-03
-1.193472155673841332e-03
2.011918502489951251e-03
8.071128571757554826e-03
1.807349497700598204e-02
3.348131639525597086e-02
5.776802249805874923e-02
8.130320328804370444e-02
7.320568723114112553e-02
5.548975106587625272e-02
3.997161781074312636e-02
3.194439945007167964e-02
3.418877898769967505e-02
4.928544335847848817e-02
8.041510683050370756e-02
1.293544322406124103e-01
1.914951995948948882e-01
2.483661445561833048e-01
2.658141945571224629e-01
1.948584225002792103e-01
1.303636353884602417e-01
9.381954677546905375e-02
6.849910312075591090e-02
4.965879018705662146e-02
3.544982725468960594e-02
2.484066345354971755e-02
1.708066249216112081e-02
1.152216669392621892e-02
7.621140429475488365e-03
4.923157676250091569e-03
3.068183762351164336e-03
1.771614104902966003e-03
8.143356057386970642e-04
5.290256431133820718e-05
-2.708318835270077094e-04
-3.338722275684607977e-04
-9.491127421100943530e-05
7.311687605973168219e-04
5.845073245066149991e-04
-5.248827474897329324e-04
3.235415539474145870e-06
-4.354958091417911572e-04
-3.948889837846157602e-04
-5.286403302311549557e-04
-4.360745050528209077e-04
1.215978065688340148e-04
4.648802915994110479e-04
8.509047555022197958e-04
1.415899473340039450e-03
2.314786395400072160e-03
3.775269393829980280e-03
6.142612214405473829e-03
9.900776910644209367e-03
1.571793128072459730e-02
2.440666530036028278e-02
3.701269744636923043e-02
5.484543757971226119e-02
8.051877130467512134e-02
1.221270669420418536e-01
1.619536313545721917e-01
1.434327392742829888e-01
1.057769674636883789e-01
7.093104015440716836e-02
4.731667746855704876e-02
3.644225416977916326e-02
3.840131481753000092e-02
5.362548471132126682e-02
8.273058547371374416e-02
1.240674880272089331e-01
1.675461988389258250e-01
1.877154935724468510e-01
1.413962729160569698e-01
9.413825573556547366e-02
6.551557833002960574e-02
4.553569769480466517e-02
3.113773091706527330e-02
2.089775917748689857e-02
1.376848699522076162e-02
8.941244230458013018e-03
5.736908035339545291e-03
3.645913100977182537e-03
2.286884737265282991e-03
1.395541761752924336e-03
7.888268669804676279e-04
3.598119019405746099e-04
1.921426282588747925e-04
4.367799947993419559e-04
-5.380674827572856818e-04
5.329032795417802844e-04
6.032490199961862767e-04
-6.532580699521930035e-04
4.274075800274523200e-04
1.273239209074270982e-04
-2.296125422063997835e-04
-1.739477437323415615e-04
1.080273079091945615e-04
5.232758708120304695e-04
2.711938840301280490e-04
4.873792728384622420e-04
8.544046729209858748e-04
1.416444417522590062e-03
2.314869628229961757e-03
3.775284126392210778e-03
6.142613444534302490e-03
9.900773810690752241e-03
1.571792957804849650e-02
2.440666680698521523e-02
3.701270089357675680e-02
5.484543533989302139e-02
8.051876613731731580e-02
1.221270648486567495e-01
1.619536309692194420e-01
1.434327407117226838e-01
1.057769704120734289e-01
7.093104155279242318e-02
4.731667659749556887e-02
3.644225451883206096e-02
3.840131618697931182e-02
5.362548229098911684e-02
8.273057991870633177e-02
1.240674855128710424e-01
1.675462014240137743e-01
1.877154974189602643e-01
1.413962763655115529e-01
9.413826002466842147e-02
6.551558425911936656e-02
4.553570141816493111e-02
3.113773014160827260e-02
2.089775975664033558e-02
1.376848719522629633e-02
8.941241992882535683e-03
5.736897583583465757e-03
3.645836815659871631e-03
2.286422677614846806e-03
1.392704216216487023e-03
7.709304545314467350e-04
2.430776489283762213e-04
-6.028317673145676403e-04
-6.233261568669790434e-04
-8.511403761900021223e-05
5.219146108694588081e-04
-4.380689048536122389e-04
4.432913413042712577e-04
4.395026089251565893e-04
-7.046439684214839778e-04
-1.616367162309870578e-04
6.502658636427053067e-05
4.326426006438675517e-04
-3.244797189745182351e-04
1.455406348363513401e-04
4.705301222211263228e-04
8.519424293518805015e-04
1.416037330671089667e-03
2.314785621688656043e-03
3.775261526053045116e-03
6.142607052028511289e-03
9.900773543473132682e-03
1.571793212147120158e-02
2.440666748861569993e-02
3.701269566081409612e-02
5.484542808306718670e-02
8.051876119196052506e-02
1.221270632345203694e-01
1.619536284852774455e-01
1.434327384320397136e-01
1.057769739126930009e-01
7.093104640926804760e-02
4.731667862256189877e-02
3.644225408995223348e-02
3.840131548462637212e-02
5.362548184232958370e-02
8.273057710827917688e-02
1.240674814052977470e-01
1.675461994333449778e-01
1.877154964072701993e-01
1.413962750108309352e-01
9.413826187009309565e-02
6.551558629025452940e-02
4.553570117021089880e-02
3.113773169790436807e-02
2.089776257543081786e-02
1.376848981213904186e-02
8.941247040574218721e-03
5.736933597732595674e-03
3.646044711775851127e-03
2.287578555798332886e-03
1.399188464544283677e-03
8.079009317090244530e-04
4.583234151245900944e-04
6.852341075665612955e-04
2.252783874799559245e-04
-8.839383224830905169e-05
3.706853286981518056e-04
7.068644993455714840e-05
1.742314609062139172e-04
6.634461364434801481e-04
-3.645469274835361423e-04
-3.902905468131340032e-04
3.851885114196015045e-04
6.020336320487409010e-04
-5.426891563808040929e-04
4.863432071138718720e-04
1.398332934618883115e-03
2.501073113986672890e-03
4.057023127917270405e-03
6.334251398223057772e-03
9.668446391813976040e-03
1.449877487849655748e-02
2.136518736725890460e-02
3.094027948111911785e-02
4.399700546493714309e-02
6.159013577819903718e-02
8.541582784699089381e-02
1.196880346593301031e-01
1.788549185284949161e-01
2.415002192697843775e-01
2.219490643610413094e-01
1.684466493347187566e-01
1.128153073876377033e-01
7.062812301785172109e-02
4.491936425178790632e-02
3.418610570071910909e-02
3.607272878385919812e-02
4.889754336235709736e-02
7.045264008997188798e-02
9.485142849168577694e-02
1.071424334991544630e-01
7.911737935690454915e-02
4.937026297643194034e-02
3.052951974776048349e-02
1.782717217397495474e-02
9.502124408384019991e-03
4.416244439631024886e-03
1.573677484528860715e-03
1.782229773719169220e-04
-3.745556225051687176e-04
-4.920585886726225539e-04
-4.257061244438854601e-04
-3.145107983496569408e-04
-2.306291190553783120e-04
-2.410699241759154342e-04
-6.299136386351621804e-04
3.729219158089439414e-04
-1.520004903692700191e-04
4.165142394303756354e-04
-5.791166713798803637e-04
6.260310751183490244e-04
-5.377434634981546023e-04
6.332308259650026991e-04
-7.445728705052865465e-04
-3.922247150719530839e-04
6.544909464873435549e-04
3.530211291478305255e-04
6.183659429268251141e-04
1.411920362956766957e-03
2.501632057128192962e-03
4.056687498363486556e-03
6.334082042677427124e-03
9.668389770569127059e-03
1.449875520249688417e-02
2.136517786856867093e-02
3.094027636155087177e-02
4.399700803952302092e-02
6.159014077933766540e-02
8.541582703567383861e-02
1.196880303470401058e-01
1.788549156712848642e-01
2.415002167076792661e-01
2.219490636738152556e-01
1.684466517296262789e-01
1.128153087884393169e-01
7.062812107531767081e-02
4.491936310549733691e-02
3.418610620551863766e-02
3.607272642164778553e-02
4.889754008516668943e-02
7.045264135864698352e-02
9.485143460259461146e-02
1.071424388981093989e-01
7.911738193713176159e-02
4.937026578526834686e-02
3.052952407152189490e-02
1.782717385824542089e-02
9.502123630037186824e-03
4.416246217649908053e-03
1.573676724376921274e-03
1.782219634308513734e-04
-3.745559840026793002e-04
-4.920778021615918691e-04
-4.258116120291927944e-04
-3.149842730947354430e-04
-2.317619519414285221e-04
-2.318129183780739152e-04
-4.318503249930994966e-04
-1.850710404554468036e-04
-5.495343095171974224e-04
3.424424883967595434e-04
3.733252319267890067e-04
5.614670423940978450e-04
-2.598812150405399547e-04
-3.587113687301228255e-04
6.799926602805135101e-05
-7.479281927207556127e-04
-6.318791245131070858e-04
-5.733428023772091766e-04
4.945930852228289966e-04
1.397491924780871076e-03
2.500342459821381508e-03
4.056703187371681583e-03
6.334133113790476645e-03
9.668408387710256124e-03
1.449875984472985720e-02
2.136517994235947668e-02
3.094028062656269812e-02
4.399700833858959104e-02
6.159013523077500746e-02
8.541582201884757863e-02
1.196880279174509648e-01
1.788549165467266111e-01
2.415002182935791220e-01
2.219490655448590477e-01
1.684466574706757758e-01
1.128153143686124599e-01
7.062812270753451860e-02
4.491936073069704993e-02
3.418610421414246953e-02
3.607272595168124069e-02
4.889753893771018461e-02
7.045263906682126820e-02
9.485143242571170141e-02
1.071424361702651984e-01
7.911737835277088404e-02
4.937026650926329419e-02
3.052952677253292779e-02
1.782717604268944933e-02
9.502126261768514479e-03
4.416249278641865353e-03
1.573678587109717843e-03
1.782242873018830150e-04
-3.745255096484877014e-04
-4.919030076764715695e-04
-4.248777997346502391e-04
-3.100687842594477888e-04
-2.062572212474428660e-04
-1.031932314905691447e-04
1.820578199627217260e-04
4.926834580560154799e-04
4.670774045862310952e-04
3.304379825493409823e-04
6.893162866431779825e-04
9.039404010000452305e-05
-3.072589445512883990e-04
-1.498103330053586165e-04
6.242215127838931458e-04
2.134062151179630710e-04
-6.200456954480092426e-04
1.563703242642702968e-04
9.951878017626998758e-04
2.317207255800173959e-03
4.073617545043665446e-03
6.547506913892297588e-03
1.007840868445483186e-02
1.507381426437621151e-02
2.200845997289926567e-02
3.141477379480568655e-02
4.387496647941906830e-02
6.006386090723676158e-02
8.098173320982249290e-02
1.087548339997645164e-01
1.493213383800103267e-01
2.241307499213529286e-01
3.136195188033208958e-01
3.052255603732474953e-01
2.463809973100472561e-01
1.720769709869540420e-01
1.076503626600328334e-01
6.287520567850618525e-02
3.700236613505226979e-02
2.509657881360388351e-02
2.264040623317281967e-02
2.533030859691541917e-02
2.853906265971939069e-02
2.641108477428889822e-02
1.135427198349710058e-02
-1.414047138550278112e-03
-9.167463673537079236e-03
-1.307215906024758456e-02
-1.405610975309598380e-02
-1.311835986486620254e-02
-1.112785779679844982e-02
-8.786766644312448554e-03
-6.531274522422624365e-03
-4.607775302054169589e-03
-3.094139715040385933e-03
-1.977868243652177241e-03
-1.189787287772366576e-03
-6.408034363521919116e-04
-1.798143553790534791e-04
-7.237488275413143067e-04
-6.846990237972547331e-04
-4.798631065243926289e-05
-3.513306482239753233e-04
2.693605840369343299e-04
3.209939166370257176e-04
-4.186245817582638857e-04
3.051080086089564907e-04
-4.737084873394606008e-04
-3.851688154972030464e-04
-4.624220950869442712e-04
9.059182809799804078e-04
2.295609171379275459e-03
4.068325426367537002e-03
6.546134797882577176e-03
1.007804000634634524e-02
1.507371557008278275e-02
2.200843118224592165e-02
3.141476282658529212e-02
4.387496323021861100e-02
6.006386331919014859e-02
8.098173712716623396e-02
1.087548326923382797e-01
1.493213347107758826e-01
2.241307478270849474e-01
3.136195167820812202e-01
3.052255596020900796e-01
2.463809990536439676e-01
1.720769707478816413e-01
1.076503586313188182e-01
6.287520476323937846e-02
3.700236760890406040e-02
2.509657734371201904e-02
2.264040300150263821e-02
2.533030828307199916e-02
2.853906678560869797e-02
2.641108808591895174e-02
1.135427301162517978e-02
-1.414044846367474087e-03
-9.167460218084509324e-03
-1.307215973739595839e-02
-1.405611116057216281e-02
-1.311835929287595917e-02
-1.112786003889109504e-02
-8.786764105476446013e-03
-6.531263674375818902e-03
-4.607738932815399688e-03
-3.093986086968576830e-03
-1.977328557176953865e-03
-1.189092514299551180e-03
-6.550569132762485694e-04
-4.081804645087415417e-04
-4.887275901440804116e-04
-3.345902940367146338e-04
1.381097627068597481e-04
5.834512291281177595e-04
4.289922925182828185e-04
-8.598256273301108608e-05
-5.117746055826595357e-04
7.185973827755117718e-04
5.851212871386095174e-04
3.079361616192269812e-04
6.767529790178572089e-04
1.063350200673896786e-03
2.322297085312427338e-03
4.073289552580981743e-03
6.547157003135317156e-03
1.007826797623686578e-02
1.507377050386093584e-02
2.200844401236938877e-02
3.141476725227680677e-02
4.387496969549593145e-02
6.006386466014507208e-02
8.098173317754960021e-02
1.087548309788005513e-01
1.493213345959337746e-01
2.241307487653914909e-01
3.136195176017393949e-01
3.052255601361040238e-01
2.463810017556700982e-01
1.720769735715963755e-01
1.076503599541379086e-01
6.287520468865942513e-02
3.700236844877321379e-02
2.509657787958163508e-02
2.264040184940900938e-02
2.533030551344166159e-02
2.853906455064095932e-02
2.641108818684238108e-02
1.135427371336230652e-02
-1.414043262220034559e-03
-9.167461334254174699e-03
-1.307216329437099409e-02
-1.405611370253086537e-02
-1.311835927324405369e-02
-1.112786013065210182e-02
-8.786764545190346720e-03
-6.531247581448106250e-03
-4.607650855001400002e-03
-3.093548556995136863e-03
-1.975126457126014350e-03
-1.177712543753934487e-03
-5.933517815973747035e-04
-4.467787610198729572e-05
1.993592668912556236e-04
4.382407286872910140e-04
2.695659997543646200e-04
-6.100304359317685601e-04
1.446105276759452967e-04
4.872872998225178721e-04
-4.815866433831519238e-04
-2.410452404504291330e-04
5.336709848733892005e-04
-1.245167219810400282e-04
4.482858352110152930e-04
1.386472707427385907e-03
3.131513719294214734e-03
5.489825601206423447e-03
8.781020309035830404e-03
1.339954352971781115e-02
1.979679048372567918e-02
2.843836660408321365e-02
3.980533491951127045e-02
5.433547898713250029e-02
7.257629135449226998e-02
9.543639869423739541e-02
1.253882785062608030e-01
1.698707054419170970e-01
2.565129947342071892e-01
3.712109598347682060e-01
3.829863611991174976e-01
3.353215626925908355e-01
2.534925623316260368e-01
1.661888416759030040e-01
9.575545195242678165e-02
4.845067151956618245e-02
1.907839104641351896e-02
-1.244319300166204796e-04
-1.693987573365601795e-02
-3.639453064777940089e-02
-5.581444854033022068e-02
-5.932268787755035772e-02
-5.452771750755491809e-02
-5.024625802950627440e-02
-4.455045419040997573e-02
-3.767554556106812724e-02
-3.044190885064234492e-02
-2.351474519459981552e-02
-1.742715121168017176e-02
-1.240234712823233207e-02
-8.493938895949428719e-03
-5.590882205636885267e-03
-3.519872152880004507e-03
-2.073150432730807517e-03
-1.065787173514222419e-03
-4.642568019096450461e-04
7.082198295449094929e-04
-1.975164158013409876e-04
5.886784799775954605e-04
9.399394503202525644e-05
5.091817772185444087e-05
-1.238674901396093718e-04
4.816016444351999860e-04
-5.949225681761967453e-04
4.863077695996698580e-04
4.893744625522230803e-04
-4.356988170156803584e-04
1.239095333350273120e-03
3.101475813057670908e-03
5.483505563815128762e-03
8.779598647577364565e-03
1.339920142579464728e-02
1.979670546979623441e-02
2.843834310443527080e-02
3.980532572972669131e-02
5.433547559490997658e-02
7.257629258933055716e-02
9.543640082349957865e-02
1.253882766635956991e-01
1.698707021595144695e-01
2.565129928264530124e-01
3.712109583286080650e-01
3.829863611230814313e-01
3.353215646659857274e-01
2.534925612994982647e-01
1.661888363614220931e-01
9.575545102839576328e-02
4.845067175910761775e-02
1.907838777140204861e-02
-1.244381022243649763e-04
-1.693988001509452376e-02
-3.639452850055847205e-02
-5.581444556239067989e-02
-5.932268745312205965e-02
-5.452771802514727595e-02
-5.024625998134021193e-02
-4.455045910497879014e-02
-3.767554623805437208e-02
-3.044190738395610718e-02
-2.351474633173701242e-02
-1.742714449579879296e-02
-1.240232391414642331e-02
-8.493827939628887519e-03
-5.590279044803452696e-03
-3.516470786127245170e-03
-2.053515052271374410e-03
-9.489350341395471266e-04
2.599171224249220593e-04
-4.515175126084266469e-04
3.667572505413615276e-04
-2.581397297973782399e-04
2.110745047559222320e-04
-4.343409671517654857e-04
5.043061443914231270e-04
-3.752651760891609453e-04
-5.670667615293071380e-04
2.814172507669000897e-04
-7.342817640387870300e-04
1.046365298195686894e-04
1.353495060632432584e-03
3.126702718539015480e-03
5.488804149380523481e-03
8.780718230413122466e-03
1.339944635177877860e-02
1.979676436029862915e-02
2.843835736326441252e-02
3.980533103038177978e-02
5.433548348765843833e-02
7.257629519900021808e-02
9.543639746996707141e-02
1.253882746864192765e-01
1.698707006385282159e-01
2.565129917241481539e-01
3.712109579046261598e-01
3.829863606844207680e-01
3.353215650649963853e-01
2.534925627647826585e-01
1.661888373381444350e-01
9.575545206743756033e-02
4.845067252978937228e-02
1.907838678926064568e-02
-1.244389051889733817e-04
-1.693988148645353062e-02
-3.639453081482892094e-02
-5.581444631402712742e-02
-5.932268609137154175e-02
-5.452771564109135799e-02
-5.024625959809917580e-02
-4.455046144237891081e-02
-3.767554792143541775e-02
-3.044190707134167631e-02
-2.351474740848367301e-02
-1.742714626266045688e-02
-1.240232450673408628e-02
-8.493834252983710822e-03
-5.590384905378717635e-03
-3.517482593879314810e-03
-2.061796382103700531e-03
-1.012807225992096464e-03
-2.239119300766267496e-04
-4.834240884037119615e-04
-4.616464632607858161e-04
-3.207108443348967962e-04
6.892562038577786012e-04
3.999290574571892740e-04
1.422670124526705256e-04
-2.895087856678590051e-05
-2.035500391314709189e-04
4.498123241248637850e-04
-4.447079127468932540e-05
2.136246715609486826e-04
1.634103189752060883e-03
3.802260709542897108e-03
6.684763506885705968e-03
1.065974131053271622e-02
1.616515640148382185e-02
2.367609762045747718e-02
3.362411929610917283e-02
4.641986102102179518e-02
6.234987283611099357e-02
8.183429574510370230e-02
1.056942865919733021e-01
1.366101509478550857e-01
1.831315035534114011e-01
2.772821474080574555e-01
4.105158116420651870e-01
4.430688597324075051e-01
4.195029599619518046e-01
3.515986818143345127e-01
2.532960168405560819e-01
1.539398434184087450e-01
7.579169630587620499e-02
2.006231219309864700e-02
-2.254281024540255932e-02
-6.346257253705350765e-02
-1.078888871678362338e-01
-1.433416899071893180e-01
-1.308500372319156002e-01
-1.057497897018282867e-01
-8.874799047829631804e-02
-7.351036378571143559e-02
-5.917774463493275655e-02
-4.609037674743185486e-02
-3.464371575474051862e-02
-2.514398383378667681e-02
-1.761604455499497790e-02
-1.192196264442133523e-02
-7.778615618471438134e-03
-4.859683256238543463e-03
-2.828337899251318153e-03
-1.388752169673831017e-03
-4.096413971019586056e-04
7.010001631983737774e-04
-5.753510365836515957e-05
-4.894998314514327790e-04
-3.636154197098000304e-04
5.322542695364828854e-04
-3.752436562536447273e-04
5.012682143688536405e-04
3.318866269040544794e-04
6.895455593405043189e-04
3.659040298115441418e-04
-3.431624756365726000e-04
1.554435544860368256e-03
3.788973362663617620e-03
6.682316870662355357e-03
1.065923489171082157e-02
1.616503726382408079e-02
2.367606678712351823e-02
3.362410892921575273e-02
4.641985553860572544e-02
6.234987165557395045e-02
8.183429868246630545e-02
1.056942892190526895e-01
1.366101496762144873e-01
1.831315010048785996e-01
2.772821461699153112e-01
4.105158109891210994e-01
4.430688603214035237e-01
4.195029632540386300e-01
3.515986827718824981e-01
2.532960144234980282e-01
1.539398427053832730e-01
7.579169384038564328e-02
2.006230788891342001e-02
-2.254281654714880220e-02
-6.346257767820509543e-02
-1.078888859212666640e-01
-1.433416886836528792e-01
-1.308500392667180379e-01
-1.057497912850042660e-01
-8.874799340326477992e-02
-7.351036758593729181e-02
-5.917774356042077022e-02
-4.609037432250832206e-02
-3.464371206760339522e-02
-2.514397476167322051e-02
-1.761602080116225419e-02
-1.192184139731405391e-02
-7.777965870104494930e-03
-4.856155155458416126e-03
-2.809229393081950563e-03
-1.285680885776816895e-03
1.442835230869396630e-04
-6.821054766439512123e-04
-4.909278603762982527e-04
5.333617294797999078e-04
6.576000332410407174e-04
3.257162773385355293e-04
4.525204333351315962e-04
3.492859453004726247e-04
-3.255739528378888935e-04
-2.060967520012739820e-04
-3.883606621996091952e-04
3.670330167023418285e-04
1.672082409472841567e-03
3.808756072129329800e-03
6.685856634080364173e-03
1.065991391228049423e-02
1.616518031752904594e-02
2.367610188452702255e-02
3.362411677645082281e-02
4.641985841449616096e-02
6.234987826293340862e-02
8.183430105316054359e-02
1.056942857277369807e-01
1.366101476952016891e-01
1.831315007304586961e-01
2.772821473327112263e-01
4.105158134508475887e-01
4.430688632222298806e-01
4.195029675155315663e-01
3.515986860028717520e-01
2.532960116360417069e-01
1.539398387795101741e-01
7.579169142655931002e-02
2.006230529171560209e-02
-2.254281463319670123e-02
-6.346257315881018157e-02
-1.078888844148683801e-01
-1.433416899998838923e-01
-1.308500384304280006e-01
-1.057497875191227427e-01
-8.874799276410245963e-02
-7.351037082716375959e-02
-5.917774248686578920e-02
-4.609037129377991510e-02
-3.464371594319589492e-02
-2.514397979852909734e-02
-1.761602699393532284e-02
-1.192187202485581535e-02
-7.778156828007349796e-03
-4.857240147645381680e-03
-2.814864121114339732e-03
-1.310398305174854299e-03
7.937398513428271655e-05
-3.403811530026600675e-05
3.544877195331274798e-04
7.068638856541964227e-04
8.070913395397332654e-06
-6.808236895159615765e-04
8.378986554951830959e-05
-4.738019693193368860e-05
-3.631795951839644375e-04
-4.226422966147740123e-04
-1.417891311709646004e-04
-5.809158823603535011e-04
1.748757260976177607e-03
4.329775744899512849e-03
7.615795461231430509e-03
1.210502802070834161e-02
1.826943621608482365e-02
2.659238252122653884e-02
3.746477662425292537e-02
5.122831675954528374e-02
6.804423971853491848e-02
8.822494718331617969e-02
1.125269778505494089e-01
1.437155224083298266e-01
1.910407656790181208e-01
2.891034765642280235e-01
4.330061350060531722e-01
4.806702169028585492e-01
4.822044379150015603e-01
4.457082262048640553e-01
3.646230290350622738e-01
2.482451000672521724e-01
1.293648455729502766e-01
3.142946961903185510e-02
-4.799056306097316399e-02
-1.225148556288737367e-01
-1.947262109932254015e-01
-2.385672437202374097e-01
-1.993111837860007396e-01
-1.504021221327624391e-01
-1.208601764346366042e-01
-9.710944140280670933e-02
-7.656114574841373088e-02
-5.868618079637750312e-02
-4.359584362705243993e-02
-3.133724154754542052e-02
-2.179120234812502097e-02
-1.465565815828582218e-02
-9.515173444032085440e-03
-5.915586762699424905e-03
-3.413995580730753380e-03
-1.608474926677817092e-03
-1.484963892481166721e-04
5.436841077658316392e-04
3.553567102617583473e-04
4.586107278905656674e-04
-4.439917967989996357e-04
4.686625696230847641e-04
-5.347836899626025060e-04
7.050420998518146590e-05
-3.063839298290015251e-04
-3.975785806511188147e-04
5.123351156972470776e-04
3.419305970945765824e-04
1.880597831859417198e-03
4.352537371901292820e-03
7.620002765524464851e-03
1.210585489681772348e-02
1.826960372260276813e-02
2.659241570801723978e-02
3.746478137694734395e-02
5.122831550835378611e-02
6.804423963738356895e-02
8.822494899821997638e-02
1.125269781429840826e-01
1.437155210214304257e-01
1.910407649198511137e-01
2.891034766876200424e-01
4.330061348952914946e-01
4.806702171831330195e-01
4.822044406132715566e-01
4.457082255782726099e-01
3.646230273421199319e-01
2.482451013316791244e-01
1.293648471933906974e-01
3.142947125574502287e-02
-4.799056454708995612e-02
-1.225148584062606683e-01
-1.947262096219811167e-01
-2.385672423353283056e-01
-1.993111855035867575e-01
-1.504021228452046000e-01
-1.208601778025063800e-01
-9.710944078686443992e-02
-7.656114443997188990e-02
-5.868618382112436582e-02
-4.359584357027520424e-02
-3.133723926800056903e-02
-2.179118927511121753e-02
-1.465557731036153631e-02
-9.514749244119201713e-03
-5.913444002739846016e-03
-3.403731562575124624e-03
-1.563830171707283152e-03
4.326733245472392615e-06
-3.823055816146205530e-04
3.347909426960839121e-04
-4.941258685613069595e-04
-5.913648657900733539e-04
-1.682521790386635075e-04
5.250261227794409628e-04
-1.396765928872534615e-04
8.326387519626217469e-05
-2.351309263059178005e-04
-4.663011328320958745e-04
5.012011986540918212e-04
1.901003003004803722e-03
4.354949767459300423e-03
7.620403704309454927e-03
1.210597912917001431e-02
1.826965300561686489e-02
2.659243534641215698e-02
3.746478703899819296e-02
5.122831813787592087e-02
6.804424470338203690e-02
8.822494937163501139e-02
1.125269735300683527e-01
1.437155196734239970e-01
1.910407664103372927e-01
2.891034788710267756e-01
4.330061375212577168e-01
4.806702193543181401e-01
4.822044452283575922e-01
4.457082305587797277e-01
3.646230272389688887e-01
2.482450993663181116e-01
1.293648456745031261e-01
3.142946756477662390e-02
-4.799056356987897037e-02
-1.225148522799490852e-01
-1.947262040882588585e-01
-2.385672380382932445e-01
-1.993111811206876305e-01
-1.504021167689654492e-01
-1.208601777838311658e-01
-9.710945195353716530e-02
-7.656115419370279618e-02
-5.868618340403726485e-02
-4.359584190549221916e-02
-3.133724132848531019e-02
-2.179119368261637699e-02
-1.465560510207461128e-02
-9.514924036535844787e-03
-5.914483584621206373e-03
-3.410131238418391639e-03
-1.605559230102307977e-03
-2.885570909216632601e-04
2.267670086527583118e-04
-3.495577425177688559e-04
-3.872044608073617659e-04
6.709408153273418518e-04
4.839813253301715208e-04
-3.464754540040445967e-04
4.523885454919473136e-04
-6.214482921201219595e-04
-3.491257097166356555e-04
4.996163697236804179e-04
-3.793478445301502381e-05
1.944217200369196749e-03
4.698284245638503949e-03
8.229173083394655114e-03
1.304346014591782447e-02
1.962364739091799690e-02
2.845340215240764470e-02
3.989144905377718653e-02
5.423094815939106389e-02
7.155255609554646290e-02
9.210054566559135181e-02
1.166018571416914673e-01
1.478495222296767053e-01
1.954869759581722155e-01
2.953745712843430238e-01
4.442688345091425628e-01
4.999550049255797601e-01
5.178392436275799371e-01
5.100169346951791693e-01
4.653805126052670271e-01
3.666167251107630420e-01
2.173944267963295041e-01
5.839413237476145241e-02
-8.154647763662192794e-02
-2.023679824710331587e-01
-2.950552168881875326e-01
-3.281637433573764695e-01
-2.537400669713210100e-01
-1.825078275433409947e-01
-1.429425586289404249e-01
-1.129906296727947318e-01
-8.820311259048074781e-02
-6.710518037020701820e-02
-4.959217966869926275e-02
-3.548526729977047323e-02
-2.458771074793128855e-02
-1.648239435787927573e-02
-1.067217753911312191e-02
-6.613989014053654747e-03
-3.791801725315061510e-03
-1.736268921286867337e-03
-1.560508208004767383e-04
2.680413152360907074e-04
-3.723899070380183043e-04
4.044036743937411658e-04
3.894349806867186529e-04
-5.721694475695729594e-04
1.581208017833905322e-04
-3.701614445691803874e-04
2.244041240232281175e-04
-3.320170613566716857e-04
4.571446849857297443e-04
4.311977589731829925e-04
2.047573344111508833e-03
4.725818049150991122e-03
8.235404301961313581e-03
1.304481731625003159e-02
1.962393915509359765e-02
2.845346427356788832e-02
3.989146218797168242e-02
5.423095033094297440e-02
7.155255608080637875e-02
9.210054540719411764e-02
1.166018555106080601e-01
1.478495212716220419e-01
1.954869762933118815e-01
2.953745712903836917e-01
4.442688337802492282e-01
4.999550034679678401e-01
5.178392430436106197e-01
5.100169320359563274e-01
4.653805116714725965e-01
3.666167284417607419e-01
2.173944320487949111e-01
5.839413656517843804e-02
-8.154647794836908381e-02
-2.023679845476749339e-01
-2.950552163198750799e-01
-3.281637425369370864e-01
-2.537400677901689994e-01
-1.825078301135405201e-01
-1.429425645997248195e-01
-1.129906328274477012e-01
-8.820311515134086899e-02
-6.710518512561451654e-02
-4.959218175179992000e-02
-3.548527082266589305e-02
-2.458770643774579878e-02
-1.648235528613441539e-02
-1.067196415804554446e-02
-6.612764620491483857e-03
-3.784197725344435118e-03
-1.684198161936623431e-03
2.353170568334051935e-04
-5.715862338908693583e-04
-3.057028349457312417e-04
-6.181250954268305764e-04
3.900611536041070047e-04
-6.552172335087957803e-04
1.417434089285286001e-04
-4.390629410142710544e-04
5.262594189763142045e-04
4.246610101666972964e-04
3.339548313991520193e-05
-3.376311701689719788e-04
1.918274134633849836e-03
4.705230509361047614e-03
8.232367550424567887e-03
1.304448039860458923e-02
1.962394384713397888e-02
2.845348634316791428e-02
3.989147279314271544e-02
5.423095541467528452e-02
7.155255985683582620e-02
9.210054448015239648e-02
1.166018516679488276e-01
1.478495193728818213e-01
1.954869751735729688e-01
2.953745710873332819e-01
4.442688366652932652e-01
4.999550070910865340e-01
5.178392463980959759e-01
5.100169352868667572e-01
4.653805156342221139e-01
3.666167302400178962e-01
2.173944292918952581e-01
5.839413096069136916e-02
-8.154647813652923793e-02
-2.023679790454465111e-01
-2.950552109144801149e-01
-3.281637394789831408e-01
-2.537400664139178863e-01
-1.825078310481018928e-01
-1.429425689061345484e-01
-1.129906368016111995e-01
-8.820312109708125514e-02
-6.710518903955052517e-02
-4.959217918890373306e-02
-3.548527018525419324e-02
-2.458770818455511750e-02
-1.648236151973217836e-02
-1.067196957643166098e-02
-6.612570641091373470e-03
-3.781496257764190710e-03
-1.657647876230275994e-03
4.666885237591474772e-04
-5.437885279881128847e-04
-5.977986546026162239e-04
-1.858515804352509765e-04
-5.135161451811708988e-04
-2.599905415203600570e-04
4.845989072609659912e-04
6.052997998536395995e-04
-6.181240847478312091e-04
-2.503135603089487612e-04
7.060876050579795128e-04
-3.191762665101175855e-04
1.978333734343002727e-03
4.840441457195482876e-03
8.476212817890516060e-03
1.342250861218931973e-02
2.016924424337786584e-02
2.919964358506396684e-02
4.085883348991865838e-02
5.541786918726607919e-02
7.292515331577599513e-02
9.359338138397489681e-02
1.181382436409573883e-01
1.493433764668631591e-01
1.969703296916825719e-01
2.971863087328324715e-01
4.469632210901807179e-01
5.048136424517665199e-01
5.283351723778059172e-01
5.329523250329316619e-01
5.111761741486512411e-01
4.407253252657074016e-01
2.947279845635464302e-01
8.924718938918969890e-02
-1.147445244326160546e-01
-2.717107792502864161e-01
-3.628979219025192937e-01
-3.761703817093780544e-01
-2.789293080289150795e-01
-1.962364318759279025e-01
-1.520544480776881702e-01
-1.194480562264732121e-01
-9.292645207293664944e-02
-7.052443047348146143e-02
-5.203688085751623227e-02
-3.718088724457072058e-02
-2.573368359719271914e-02
-1.723166423891637697e-02
-1.114702208687442207e-02
-6.900844728602844452e-03
-3.945059132296135744e-03
-1.742966033016964253e-03
4.043419953385862472e-04
4.269351547308741410e-04
-6.771268747989542041e-04
6.009100652125494224e-05
-3.859715715268890557e-04
1.992168489269895891e-05
-9.119002104718539688e-05
2.900850815375888400e-04
-6.336323532194844442e-04
1.185796674174800650e-04
-1.325971323730248453e-04
5.133837259177941514e-04
2.109894105769550849e-03
4.862582032341852996e-03
8.480006856093675119e-03
1.342316611739624403e-02
2.016935813945052933e-02
2.919966324326870449e-02
4.085883810931197763e-02
5.541787081095144590e-02
7.292515275212227421e-02
9.359338091562958983e-02
1.181382434853684993e-01
1.493433771796856824e-01
1.969703312784463478e-01
2.971863111989520023e-01
4.469632237499024385e-01
5.048136421137924268e-01
5.283351709207253499e-01
5.329523247412163434e-01
5.111761756086050656e-01
4.407253264475162191e-01
2.947279867642229045e-01
8.924719128869731954e-02
-1.147445265822982785e-01
-2.717107810645839061e-01
-3.628979231415563889e-01
-3.761703854499899302e-01
-2.789293094957518981e-01
-1.962364307474455671e-01
-1.520544485882781571e-01
-1.194480566659699566e-01
-9.292645253232664770e-02
-7.052442999442445903e-02
-5.203688029090727113e-02
-3.718089045728393410e-02
-2.573368759204808925e-02
-1.723168201650555204e-02
-1.114716602502975780e-02
-6.902007640962170426e-03
-3.954234703854147756e-03
-1.815383514440737029e-03
-1.750901290498855839e-04
-3.975026491338605862e-05
-5.941837673146865883e-05
-1.439860858325267144e-04
3.905900715706805471e-04
-4.894825590988392339e-04
-4.394183492696945056e-04
-1.435804997162857437e-04
2.434137690994417076e-04
-4.333575361778541687e-04
1.225755464304338442e-04
-4.941395696273431174e-04
1.928060109213131914e-03
4.835921959064791963e-03
8.476498498808960128e-03
1.342288559026799492e-02
2.016940289247902071e-02
2.919969931482509912e-02
4.085885333009368209e-02
5.541787559851007322e-02
7.292515494185623781e-02
9.359338159284139036e-02
1.181382434554583277e-01
1.493433769054485771e-01
1.969703318118900814e-01
2.971863140623440258e-01
4.469632262618992158e-01
5.048136423569388187e-01
5.283351707423302734e-01
5.329523236035058620e-01
5.111761742257292518e-01
4.407253248008655144e-01
2.947279842629288438e-01
8.924718992840942333e-02
-1.147445245126317015e-01
-2.717107763282699540e-01
-3.628979194055644841e-01
-3.761703907463140872e-01
-2.789293123000519681e-01
-1.962364263299515577e-01
-1.520544475049478705e-01
-1.194480534992363729e-01
-9.292644656638357481e-02
-7.052442654851319437e-02
-5.203687808295665018e-02
-3.718088979955714440e-02
-2.573369008093730897e-02
-1.723169419982065881e-02
-1.114722141333614018e-02
-6.902256205995975329e-03
-3.955193941436322205e-03
-1.818456032809722582e-03
-1.827454758655476768e-04
-6.906946528776539586e-06
-5.535945328736795613e-04
-1.886605415233947561e-04
3.691796612426458406e-04
-2.788320439670701270e-04
4.818053752797515281e-04
-1.782240840920517287e-04
3.954948514699944788e-04
-7.247122437939642605e-04
-3.756880643858507619e-04
5.140019757849300036e-04
2.067440273886279791e-03
4.789873569600459728e-03
8.351356070670296755e-03
1.322385653012322915e-02
1.988242318670276759e-02
2.880861452738706086e-02
4.035412871629685816e-02
5.480176409351067424e-02
7.221639270790175535e-02
9.282808640102981068e-02
1.173585706740840756e-01
1.486006868567076311e-01
1.962620751812003683e-01
2.963844761289879393e-01
4.458978985206770163e-01
5.027791873141299606e-01
5.235083265925257745e-01
5.216251136111985653e-01
4.871773520023983117e-01
3.993464129067850199e-01
2.485162038400960671e-01
6.991475067293566326e-02
-9.406471251188976146e-02
-2.299385581963928060e-01
-3.240886275499485492e-01
-3.499649916909131075e-01
-2.655548382149320874e-01
-1.890554686779557791e-01
-1.473208392041203685e-01
-1.161009284661408264e-01
-9.047928756092110669e-02
-6.875304425423885146e-02
-5.077057924657874671e-02
-3.630338602746109589e-02
-2.514148389092489208e-02
-1.684530123770305865e-02
-1.090281459837051659e-02
-6.754503807412221526e-03
-3.872281615466715340e-03
-1.772885034619383401e-03
-1.070845869340436644e-04
4.250281302945956800e-04
-4.250481070616645199e-04
1.866825303479497462e-04
-2.918363093886660697e-04
-4.396997267315487924e-04
2.838817311333662941e-04
5.460941425143136163e-04
-3.235096824169103971e-04
-6.072882728400962092e-04
-2.242918442975594081e-04
5.476338312216949425e-04
2.076910352639235041e-03
4.785608560965741963e-03
8.349632065152084309e-03
1.322334649096187573e-02
1.988228665049778660e-02
2.880858003705726034e-02
4.035412012635128387e-02
5.480176094317364133e-02
7.221639066694349185e-02
9.282808547830058432e-02
1.173585714168740440e-01
1.486006919179773400e-01
1.962620820581238712e-01
2.963844809901189370e-01
4.458979025926796957e-01
5.027791904467643347e-01
5.235083284576704798e-01
5.216251157270000993e-01
4.871773552912894156e-01
3.993464160556279285e-01
2.485162081322224437e-01
6.991475353900569734e-02
-9.406471678296714212e-02
-2.299385640289175192e-01
-3.240886341049131758e-01
-3.499649954771765770e-01
-2.655548360862635127e-01
-1.890554687980114945e-01
-1.473208431509611949e-01
-1.161009321373676073e-01
-9.047928764481502628e-02
-6.875304187967253011e-02
-5.077057947054224030e-02
-3.630338790862191328e-02
-2.514148924966000051e-02
-1.684532379531823026e-02
-1.090291051247118705e-02
-6.754821504301966768e-03
-3.871961858510488980e-03
-1.752645337295287561e-03
1.630750903990756692e-04
-5.592592315119245330e-04
-2.378868014448348191e-04
6.016421461822015404e-04
3.226708797399334611e-04
1.343346804212429001e-04
2.586127892005037998e-04
-2.547810654105593328e-04
6.754735301591221174e-04
4.099526884690989992e-04
3.283949703783462263e-04
-5.421940934679357225e-04
1.903144788817649931e-03
4.762844368235769586e-03
8.346977421421920146e-03
1.322318181777087411e-02
1.988233268914060131e-02
2.880860984843103961e-02
4.035413043507717762e-02
5.480176183088129871e-02
7.221639091404942479e-02
9.282808438749581836e-02
1.173585711885688360e-01
1.486006951063039427e-01
1.962620831364561835e-01
2.963844833980773252e-01
4.458979123182994497e-01
5.027791956813072449e-01
5.235083250890716355e-01
5.216251114313000814e-01
4.871773508044778822e-01
3.993464110546287027e-01
2.485162026734567542e-01
6.991475086281562223e-02
-9.406471384895151444e-02
-2.299385569375528848e-01
-3.240886229510062111e-01
-3.499649966522032640e-01
-2.655548518054887674e-01
-1.890554742719639525e-01
-1.473208358490714631e-01
-1.161009289760906449e-01
-9.047928661721667265e-02
-6.875303686886054255e-02
-5.077057441356304379e-02
-3.630338372261860541e-02
-2.514149127152320168e-02
-1.684534832011708519e-02
-1.090306777367223805e-02
-6.755821017199490491e-03
-3.878262914485896239e-03
-1.792484127619009548e-03
-8.903062569683190431e-05
6.123503000243671161e-04
-4.123090098937076784e-04
-3.903551763836132804e-04
4.002945429231630648e-04
-5.109635128227107493e-04
7.561676986803387082e-04
-5.200086921706885759e-04
2.793677629709901355e-04
-6.349674939057873158e-04
-3.057338636283384210e-04
8.922291976268022370e-05
1.874553798431352874e-03
4.483010912964565872e-03
7.847508298914935773e-03
1.245448880555267979e-02
1.877488402095248143e-02
2.729126902762160634e-02
3.838239205990334746e-02
5.237114195830600699e-02
6.938729261720008590e-02
8.971626520673886551e-02
1.141011216549855933e-01
1.453199800697414779e-01
1.927779987134450312e-01
2.915981034095081470e-01
4.376059398333712602e-01
4.885515241861273505e-01
4.964397922064157087e-01
4.702038142806347909e-01
3.998936892907452023e-01
2.847779222792516940e-01
1.532333869123724268e-01
3.783471021977106996e-02
-5.722584230603297573e-02
-1.450083753826170718e-01
-2.255805611740134553e-01
-2.686657162958565603e-01
-2.186915421961314054e-01
-1.621934100905500775e-01
-1.290798293654418505e-01
-1.030590734360924132e-01
-8.093044424956838401e-02
-6.185091940814551464e-02
-4.585198381799861916e-02
-3.290167267393032807e-02
-2.284885150278037277e-02
-1.534917749786333420e-02
-9.955377657603309977e-03
-6.179707938959006462e-03
-3.546761476689161072e-03
-1.598512815701244464e-03
1.936912745863385158e-04
1.150925926228955895e-05
-6.557111727158077040e-04
-6.332383759884115722e-04
-3.375743860416452555e-04
4.726863583612832959e-04
5.979164506307246699e-04
4.687048019695496510e-04
7.466991686660637284e-04
4.068022713738768739e-04
-4.327579885759941540e-04
-4.823927778847203951e-04
1.783265707680639590e-03
4.464891822470183451e-03
7.844004687097675538e-03
1.245380448644563091e-02
1.877474789889206977e-02
2.729124084952679052e-02
3.838238590307568171e-02
5.237114034342080227e-02
6.938729375766919394e-02
8.971626689447236014e-02
1.141011247294681508e-01
1.453199864302428257e-01
1.927780034093124484e-01
2.915981078861854536e-01
4.376059448734098134e-01
4.885515201512391492e-01
4.964397853101706892e-01
4.702038139973714337e-01
3.998936953319361942e-01
2.847779337818523437e-01
1.532333951823419138e-01
3.783471019482085446e-02
-5.722584782399851855e-02
-1.450083778554659142e-01
-2.255805606096240312e-01
-2.686657181452667409e-01
-2.186915469837928394e-01
-1.621934145365369617e-01
-1.290798274441614657e-01
-1.030590728796952626e-01
-8.093044331121974910e-02
-6.185091552124572650e-02
-4.585198044244721827e-02
-3.290167128838027144e-02
-2.284886102291789831e-02
-1.534922787705552717e-02
-9.955651118242736172e-03
-6.181255400472871094e-03
-3.555699270553830046e-03
-1.652286282746258687e-03
-1.488506738796404434e-04
-1.885144645873066999e-04
-1.710917383717974120e-04
4.440691924979637021e-04
6.673260429175725860e-04
-5.106513646166648641e-04
4.683050879192629848e-04
7.549759975079004589e-04
-4.894773816766495849e-04
-1.730107057376270010e-04
6.866726141843145599e-04
-2.406925267723084775e-04
1.799805748700530417e-03
4.464151719047756636e-03
7.843219063232402186e-03
1.245352490529818591e-02
1.877466909227981651e-02
2.729122208654939305e-02
3.838238087533034359e-02
5.237113613159422032e-02
6.938728814514941168e-02
8.971625994461519815e-02
1.141011270715382719e-01
1.453199978318197860e-01
1.927780090471911956e-01
2.915981151572488717e-01
4.376059646071529530e-01
4.885515314600879511e-01
4.964397826121045854e-01
4.702038056234380536e-01
3.998936901568780344e-01
2.847779378329863276e-01
1.532333934211419502e-01
3.783470664257800736e-02
-5.722584280060938333e-02
-1.450083764890775229e-01
-2.255805696380038250e-01
-2.686657345247570605e-01
-2.186915707629058792e-01
-1.621934357880760180e-01
-1.290798346642877403e-01
-1.030590768794423934e-01
-8.093044746124171407e-02
-6.185091732710370355e-02
-4.585197853958759839e-02
-3.290166706124556667e-02
-2.284886064508283299e-02
-1.534923693803198243e-02
-9.955722036679045400e-03
-6.181740227481178664e-03
-3.558959900861455306e-03
-1.674815180986027451e-03
-3.099067755782644639e-04
-1.477998108014848700e-04
5.386368835604832392e-04
6.049036376250328025e-04
-4.447865041642765907e-04
-2.367832431092534986e-04
2.197454535082149268e-04
-2.402100827496049713e-04
-5.676080688879470409e-04
4.826163257881740552e-04
5.077627127960356642e-04
3.055727741711614163e-04
1.686080030450976116e-03
3.977767587998444314e-03
6.998215810819782313e-03
1.115302952450247104e-02
1.689181561129622644e-02
2.469409071507123327e-02
3.497846998588560047e-02
4.813219394508534699e-02
6.439721854208398100e-02
8.415558118778375396e-02
1.082036461356570278e-01
1.392592636453049149e-01
1.861341323220722654e-01
2.818492367163664136e-01
4.192438848180220501e-01
4.573163749950439616e-01
4.421202859896225523e-01
3.829687127415096759e-01
2.865821543301018126e-01
1.792978625098404499e-01
8.915704107756936003e-02
2.226475238634885792e-02
-3.004104185189647100e-02
-8.017020842937243319e-02
-1.330462966367770838e-01
-1.724564678451191990e-01
-1.529907705570965615e-01
-1.207429756925010728e-01
-9.972250763431377008e-02
-8.165456730028937404e-02
-6.520122234401294625e-02
-5.046937008745547293e-02
-3.776304602718900255e-02
-2.730976023474286640e-02
-1.908179815328201606e-02
-1.288622201266578782e-02
-8.392367948443796993e-03
-5.227855365211055844e-03
-3.007348899373631524e-03
-1.343337866566704682e-03
2.398409681126034373e-04
1.855707696333088526e-04
4.379757578963843303e-04
4.436411660997736819e-04
-4.436791831369938429e-04
8.824140661323159440e-05
4.634759922311286169e-04
3.637960187659216487e-04
1.609437633890066651e-04
5.490118770905987912e-05
-5.627920893388873094e-04
-2.458295308589581178e-04
1.595155038275993063e-03
3.968871583894844485e-03
6.997644761669158213e-03
1.115312073543896394e-02
1.689187272248240945e-02
2.469410520145099569e-02
3.497847199051867112e-02
4.813219751911026328e-02
6.439721829183139845e-02
8.415557112095499448e-02
1.082036326646736712e-01
1.392592579339487491e-01
1.861341318509990017e-01
2.818492385322031724e-01
4.192438905798611115e-01
4.573163700747134297e-01
4.421202675902532464e-01
3.829687020576110212e-01
2.865821525689010718e-01
1.792978597715103040e-01
8.915703858369999901e-02
2.226475670663577433e-02
-3.004102694231555737e-02
-8.017019583029197372e-02
-1.330463006775413903e-01
-1.724564771058465507e-01
-1.529907764942364801e-01
-1.207429749920660295e-01
-9.972249579384916129e-02
-8.165455849547283151e-02
-6.520121947598582490e-02
-5.046937090873985371e-02
-3.776304872233037652e-02
-2.730976067933619036e-02
-1.908180801659626474e-02
-1.288628209517563364e-02
-8.392670070463861820e-03
-5.229457667720841148e-03
-3.016270951115342450e-03
-1.395402610732186842e-03
-7.714286086013099741e-05
-3.775261174150697902e-04
-4.830737633639891411e-04
-3.646100687699476431e-05
-5.488413911136738902e-04
-4.724974157214090111e-04
7.339850983285554084e-04
-3.470782526755696084e-04
4.965346864431255267e-05
1.466639898664995063e-04
2.205138420762568492e-04
7.920714954046946023e-05
1.649541780052875186e-03
3.966893982851588292e-03
6.994955934658234238e-03
1.115207649531662314e-02
1.689154789250178756e-02
2.469400996630393905e-02
3.497844602200871761e-02
4.813218716534546637e-02
6.439720495336120898e-02
8.415556446344758801e-02
1.082036369631272782e-01
1.392592620127409697e-01
1.861341325074066799e-01
2.818492329041705213e-01
4.192438762325480517e-01
4.573163632100030185e-01
4.421202735470536882e-01
3.829687063445706419e-01
2.865821527693118154e-01
1.792978635845661195e-01
8.915704090901599432e-02
2.226475523853001931e-02
-3.004103643262892934e-02
-8.017021704599469611e-02
-1.330463214516721671e-01
-1.724564753575038023e-01
-1.529907640569782290e-01
-1.207429803865352619e-01
-9.972251216414064479e-02
-8.165456780679471172e-02
-6.520122100122360820e-02
-5.046937432390322803e-02
-3.776305082983542893e-02
-2.730975724055675208e-02
-1.908180384913121808e-02
-1.288626635319596939e-02
-8.392551087259399190e-03
-5.228614748635212334e-03
-3.010241096633646269e-03
-1.351825790927789267e-03
2.414385802777367380e-04
-5.760600732347641566e-04
