4.091060347405132101e-04
-4.113817989779869583e-04
5.549635017064388776e-04
8.873883478334547375e-07
5.256591109575710829e-04
2.130267927963759957e-04
-2.952690388575979338e-04
6.065142061620186096e-04
-2.817238539895743684e-04
5.136137851315492964e-04
1.255257083863868777e-04
4.391824619313800801e-05
1.773666200088109231e-05
8.467674665159632830e-06
4.614330663541803748e-06
2.707362330967483626e-06
1.626216104175028309e-06
9.426329671379380784e-07
4.935801748899722229e-07
1.354596684166726956e-07
-1.844681242725637751e-07
-6.242362210798335829e-07
-1.347998971492578061e-06
-3.076815070198552307e-06
-6.187273350374553024e-06
-9.681399998763332072e-06
-1.195144929822032887e-05
-1.431550428638406514e-05
-1.408570166130895323e-05
-1.443328975962180282e-05
-1.376207109072162874e-05
-1.519306656051934226e-05
-1.626122964987621210e-05
-1.896889922299897172e-05
-1.990555302309170318e-05
-1.860356082439375877e-05
-1.078285892265191339e-05
-5.631681206099844454e-06
-3.235874834687423766e-06
-2.066978066244101471e-06
-1.538779800627285054e-06
-1.456077251982669054e-06
-1.815974303586452916e-06
-2.788981969029054526e-06
-4.765937333469201387e-06
-8.532263363879635042e-06
-1.545457345807054798e-05
-2.727498256650349865e-05
-4.259420550512732549e-05
-3.172654821734132899e-05
2.250287614946555278e-04
-5.744710828007597476e-04
-5.397248745522134150e-04
3.540410191220645349e-04
2.548713679211165261e-04
-2.729815557420105644e-04
4.968997188037747219e-04
-6.872329873582952442e-04
-9.110046504173541790e-05
-6.045296336788835885e-04
7.025178556440178201e-04
-5.015235250129467751e-04
-3.059238796451546266e-07
2.654527594425513454e-05
1.522310386708910335e-05
8.098920999139299777e-06
4.563441143011357087e-06
2.697119554256105888e-06
1.621001729448908240e-06
9.374993612026700319e-07
4.815941281041553588e-07
1.204058168751338416e-07
-1.933226116871940269e-07
-6.297756848431864442e-07
-1.356463588960178024e-06
-3.083035368036219059e-06
-6.189691665307722779e-06
-9.682146648142149741e-06
-1.194535992458786025e-05
-1.431637573243043875e-05
-1.409977901779510612e-05
-1.444455754734009474e-05
-1.376845345720389906e-05
-1.519961630304049376e-05
-1.627511210551031237e-05
-1.898611573319319509e-05
-1.990820322887759442e-05
-1.859761236890350507e-05
-1.079803213363822936e-05
-5.661709027430127741e-06
-3.261903142670295097e-06
-2.085714772171998940e-06
-1.543485780494950154e-06
-1.458099264326536433e-06
-1.816158148532091999e-06
-2.781086618663966143e-06
-4.776109892500649612e-06
-8.623040013172756236e-06
-1.594209002692342032e-05
-2.999611424243910573e-05
-5.767783114155228713e-05
-1.154856212640216690e-04
-2.479383714531841398e-04
7.493147627749752106e-05
-5.708860669123225207e-04
3.518766050435119183e-04
-6.659289516516037500e-04
2.185347729365056172e-04
2.704799215671388544e-04
-3.578192048167799615e-04
-3.376307954930148352e-04
2.123169042051582350e-05
3.107642956686839752e-04
7.398631101055794940e-04
1.625523902243700407e-04
4.452601012207663226e-05
1.717146656012442625e-05
8.261931990673415590e-06
4.562117419357378969e-06
2.697446189735720480e-06
1.629238629009971536e-06
9.452151752095587669e-07
4.916457927928796631e-07
1.325606737837948670e-07
-1.831169192970652627e-07
-6.198939001358225668e-07
-1.346835335235690650e-06
-3.079087605367112251e-06
-6.191828726256028383e-06
-9.674435184757508989e-06
-1.193044011359018236e-05
-1.430488886571768063e-05
-1.409038090997617065e-05
-1.443883561757079567e-05
-1.376655020833956391e-05
-1.519823065211372544e-05
-1.626517454078516323e-05
-1.897534638516412307e-05
-1.990305578142644347e-05
-1.859603873644689737e-05
-1.078940330141297472e-05
-5.645417016325824014e-06
-3.249766796101115868e-06
-2.073357232802777801e-06
-1.537627625758551726e-06
-1.454255804783105226e-06
-1.813786548092504696e-06
-2.787990004637910234e-06
-4.771337812543091167e-06
-8.566922350437031791e-06
-1.568205767388523270e-05
-2.878648222626388646e-05
-5.280348082337761638e-05
-1.028836762575673574e-04
-2.880907671704003008e-04
-5.112963675686924480e-04
4.920952485069434411e-04
5.466056547763765939e-04
-2.138679945485439608e-04
5.148976988226974631e-04
4.431902965026368320e-04
6.004551922044375429e-04
6.402157853434933571e-05
7.430388071936648922e-04
3.665427404614277161e-04
-4.463187024763496237e-04
-7.434042019457227576e-05
-1.184695308872646067e-05
-2.973403852508011167e-06
-6.285552674824765792e-07
2.412433013912579302e-07
4.998987396489418531e-07
4.711953396954507010e-07
3.105445308881383393e-07
1.039153826280971621e-07
-1.657660794476273977e-07
-5.068962167789299143e-07
-1.105378527988541414e-06
-2.233456399822699176e-06
-4.902161131344060525e-06
-9.578988409733505850e-06
-1.371372552264252756e-05
-1.540306398206035021e-05
-1.644672999936275509e-05
-1.514652226834911272e-05
-1.521585858007859065e-05
-1.474998517171333125e-05
-1.652847286189795820e-05
-1.796598714254928029e-05
-2.095523016623674240e-05
-2.197986096115606114e-05
-2.060770602595890928e-05
-1.220184479003540498e-05
-6.503939784152487955e-06
-3.750115178770860225e-06
-2.363352278513790282e-06
-1.699911024275602063e-06
-1.533420465172942762e-06
-1.850048873624213110e-06
-2.851716338549764113e-06
-5.028081948307895982e-06
-9.479751319754306955e-06
-1.850888670224928368e-05
-3.691803131320692505e-05
-7.480276583082649550e-05
-1.546816140929149926e-04
-3.469562174529536910e-04
7.405865311754164775e-04
-6.071288468072465758e-04
-7.405971796243290182e-07
3.255735250103289477e-04
-9.595924896025010082e-05
6.372526398255481646e-04
-3.381556097054946191e-04
4.482915390356669266e-04
-5.401941915388633548e-04
4.750972314475531886e-04
6.521560422713597880e-04
6.052463870862469111e-05
-4.479459256351254887e-06
-4.116008065524869039e-06
-1.301526876463562317e-06
2.002744747456783574e-08
4.349158803319112530e-07
4.596288060033540423e-07
3.105727608146282335e-07
1.000642075784894480e-07
-1.793577220874512891e-07
-5.335906193560221597e-07
-1.122898404584937247e-06
-2.227768979907199284e-06
-4.905145373380885309e-06
-9.594460792198493987e-06
-1.371520110318938203e-05
-1.537989877439355598e-05
-1.643973020701156910e-05
-1.517353117932284596e-05
-1.522775136519777520e-05
-1.475700043530250459e-05
-1.653973151388930379e-05
-1.795330856957401197e-05
-2.094264622713187891e-05
-2.199051488900276969e-05
-2.058591272119549817e-05
-1.216487814912133030e-05
-6.505264278982302851e-06
-3.761769513398942752e-06
-2.369726262466528090e-06
-1.693829079401927419e-06
-1.531618127469620776e-06
-1.854810090865891480e-06
-2.850957939213334454e-06
-5.043648101070044730e-06
-9.560589162384160636e-06
-1.892835804747858703e-05
-3.930701005412333410e-05
-8.829824353355707710e-05
-2.309110812534660446e-04
-7.810944993717252585e-04
-4.736294974991107974e-04
5.900349501232563529e-04
-7.127689003790752421e-04
-4.645621249684637609e-04
-3.099259721652505075e-05
-5.400366733914420316e-04
-4.650707325441024624e-04
1.975242646678816336e-04
-4.245971427257761040e-04
-5.602948355519778937e-04
-2.047266033569937254e-04
-3.530461113694593301e-05
-1.129790968534498482e-05
-4.105256679699220171e-06
-1.114592543028728013e-06
9.081381846573764813e-08
4.608946360547792372e-07
4.647449148332553236e-07
3.103390109852336984e-07
1.067750963356341641e-07
-1.622179862533284493e-07
-5.131985820638402984e-07
-1.117303585580165755e-06
-2.230570884866791816e-06
-4.890688011461623909e-06
-9.585071690641308487e-06
-1.372079368610334666e-05
-1.538806196791173429e-05
-1.643647995755317278e-05
-1.514887141987615871e-05
-1.521928585485422326e-05
-1.475634439903518350e-05
-1.653254019283147613e-05
-1.796137204580738992e-05
-2.094157055432965429e-05
-2.197580693360647072e-05
-2.062635113187588995e-05
-1.220515410894855452e-05
-6.486201833251556104e-06
-3.750007234771217012e-06
-2.372873783798984213e-06
-1.701189300436188143e-06
-1.535846089726589288e-06
-1.851692267396136343e-06
-2.853173798119932756e-06
-5.034691286072340207e-06
-9.510722476109332533e-06
-1.867754259422933717e-05
-3.770025698515113083e-05
-7.735329286444988432e-05
-1.525324037233754594e-04
-1.943874163869736956e-04
6.145218407810154821e-04
-4.795900866496849392e-04
-4.398670598333208559e-05
5.748750113040745121e-04
6.973912951448543078e-04
-1.781756287349216641e-04
-2.538954387460714505e-04
5.390944124896108807e-04
2.259633446194895254e-04
-5.947435528767953516e-04
-4.773070419940965707e-04
-1.680116093390159320e-04
-5.817940265581441863e-05
-2.202044182554712198e-05
-8.760907856317267164e-06
-3.462162009569929304e-06
-1.283797911586903240e-06
-4.294420749471273257e-07
-1.712314494441997152e-07
-1.904254976203146155e-07
-4.016861302072040413e-07
-7.774246775589439206e-07
-1.506118044756696130e-06
-2.930632418021299929e-06
-6.255572668089022569e-06
-1.179553600994104222e-05
-1.576156254444084303e-05
-1.636941484476068427e-05
-1.655366671466806141e-05
-1.510497413799215584e-05
-1.554805505939079726e-05
-1.570819446364051249e-05
-1.820717037152073142e-05
-2.041365506480369657e-05
-2.405671477534609376e-05
-2.528620907632472250e-05
-2.334120145179564314e-05
-1.369336627571484562e-05
-7.232860259106464176e-06
-4.132461610653982390e-06
-2.555732591669701205e-06
-1.755347948653409712e-06
-1.467420292352845386e-06
-1.621252759691969052e-06
-2.366752057653635405e-06
-4.118897327447538125e-06
-7.848952292815106468e-06
-1.566315223293508855e-05
-3.201462975813379968e-05
-6.544357296110952322e-05
-1.255849494393833506e-04
-1.677425985900486433e-04
2.818872588835145401e-04
4.840900995769396929e-04
-2.632068160201706387e-04
-1.787913764204091416e-04
-7.287084388571097270e-04
-4.447828984603096345e-04
1.613648564859977068e-04
-4.462096550264011037e-04
-5.352184225571824522e-04
1.296348415798880254e-04
-6.539107105151567524e-04
-1.506508966768159170e-04
-5.476092295525968826e-05
-2.203195037685143806e-05
-9.026203380623775449e-06
-3.592069466596507150e-06
-1.330364643690627430e-06
-4.391096850809429860e-07
-1.723909278646923118e-07
-1.927493294868763678e-07
-4.038618437297470278e-07
-7.872615606780410508e-07
-1.514945724174296243e-06
-2.924992879725323263e-06
-6.264722817655586136e-06
-1.181138322474224420e-05
-1.576355906809073619e-05
-1.636122919871442187e-05
-1.654995300627802918e-05
-1.512021085336168643e-05
-1.555720212339680282e-05
-1.570536597652358817e-05
-1.821043012751477229e-05
-2.041537836529650515e-05
-2.405128361555002167e-05
-2.529693793544146178e-05
-2.332884046123170191e-05
-1.366307388425306319e-05
-7.233382006764154388e-06
-4.139207737017703533e-06
-2.557406414312343866e-06
-1.750829562719074129e-06
-1.463386551149035724e-06
-1.624878207252885428e-06
-2.370692223998657640e-06
-4.127150354054185718e-06
-7.876468997645477197e-06
-1.579864037187694490e-05
-3.277027218145766300e-05
-6.937052253754705375e-05
-1.447441068177112876e-04
-2.531200368337294961e-04
-7.766636299208099859e-05
2.335399948251386910e-04
2.886084046084120674e-05
5.939282212177356135e-05
5.182245752908069261e-04
3.135380961212742758e-04
-3.862276579332599028e-04
3.320094756695631715e-04
-1.066690254858200699e-04
-4.810080474280789336e-04
-4.565533068693494886e-04
-1.584967353245688077e-04
-5.837678564679187721e-05
-2.268029249320217079e-05
-9.046920350492009319e-06
-3.552401801437787855e-06
-1.307127250092573193e-06
-4.327653134700370268e-07
-1.715324134524430124e-07
-1.865932934171971441e-07
-3.945203494793454314e-07
-7.776309045986961809e-07
-1.512324247279665589e-06
-2.935091442541514247e-06
-6.260635715654223576e-06
-1.180033127171644583e-05
-1.576103993774568703e-05
-1.635820015134133030e-05
-1.654442582337152444e-05
-1.510522652726567020e-05
-1.555152146819693902e-05
-1.571235355018911617e-05
-1.820987534214698356e-05
-2.041427531431447577e-05
-2.405195996323217003e-05
-2.528049471763290284e-05
-2.333786565267576894e-05
-1.368658215603992789e-05
-7.225590508447768497e-06
-4.134125946948259988e-06
-2.564051754516514600e-06
-1.760352961547820098e-06
-1.468201402037715183e-06
-1.620143297945008397e-06
-2.368214320777568519e-06
-4.125453693335221106e-06
-7.886644281100392909e-06
-1.591963329096179010e-05
-3.361802317557451930e-05
-7.536490143564323100e-05
-1.889165033496370278e-04
-5.934875696150287202e-04
4.464958189546242083e-04
-4.024652071634052079e-04
4.997939672348255483e-04
5.715624634397101786e-04
4.022859493082459460e-04
5.014430108612804790e-04
2.434161753662226438e-04
1.846662133838766458e-04
1.031929283365476428e-05
6.542263210029292553e-04
-5.609449812897448432e-04
-1.554976904081233503e-04
-5.885751028584444537e-05
-2.534003302608821997e-05
-1.115311580117921103e-05
-4.823017516082446627e-06
-2.012592115533332489e-06
-8.199572261085697590e-07
-3.892761144018725992e-07
-3.290671145304129128e-07
-5.180893545398297558e-07
-9.197347384527673528e-07
-1.730311092928113884e-06
-3.312425530818553059e-06
-6.875082313992590627e-06
-1.240179741567440259e-05
-1.573540576331004115e-05
-1.562317301731994259e-05
-1.571668809252562229e-05
-1.471686231453669019e-05
-1.588060935490607950e-05
-1.695598472209635445e-05
-2.051754752214578271e-05
-2.389425891742427290e-05
-2.840172558546691787e-05
-2.962322006530828931e-05
-2.639794330939502441e-05
-1.500564673226447891e-05
-7.720503716119470140e-06
-4.331665295784988169e-06
-2.615694500787504064e-06
-1.706741048936491841e-06
-1.269013504960367555e-06
-1.154547689369050144e-06
-1.393608317094525574e-06
-2.136920370159229719e-06
-3.797055511757667275e-06
-7.311204421234787611e-06
-1.467315604100947964e-05
-2.987556152932140452e-05
-5.992466481950396370e-05
-1.146619540743503584e-04
5.309709498539033970e-04
-2.213202154352071919e-04
3.077687327274287381e-04
-7.263635567312947978e-04
-5.641857984295755267e-04
5.379392851120859322e-04
1.258758064870747241e-04
-5.532414006167688143e-04
3.591173531675870235e-04
-7.355692545305678913e-04
5.280077080242172056e-04
1.120863708373125083e-05
-3.330197229184819443e-05
-2.137640522587791472e-05
-1.057310560580221849e-05
-4.753314604467511275e-06
-2.008410979478800859e-06
-8.152539982253600458e-07
-3.858328902548595176e-07
-3.308315504136038220e-07
-5.199681850943051515e-07
-9.295942652440642993e-07
-1.740537433091286063e-06
-3.303849635630606904e-06
-6.875556695600444724e-06
-1.241901076228449369e-05
-1.574310814421437302e-05
-1.562226092808858784e-05
-1.571767588861306474e-05
-1.472946597505326915e-05
-1.588942271519357095e-05
-1.694515011115673832e-05
-2.051771224477244495e-05
-2.391006537846236858e-05
-2.840086291570183424e-05
-2.962767108303725709e-05
-2.640654743584074939e-05
-1.500133894882051922e-05
-7.716738545502386796e-06
-4.332260088056051629e-06
-2.619760501064319095e-06
-1.699727529385534693e-06
-1.259894361029130712e-06
-1.162531618927831011e-06
-1.401295089522834376e-06
-2.130537343661490183e-06
-3.766399672717325659e-06
-7.147513084906556699e-06
-1.377872018404663959e-05
-2.493918191200784654e-05
-3.275248384421874676e-05
3.242287234952788915e-05
6.257485726985803718e-04
8.126699561033295049e-05
7.367884951306493107e-04
5.239188342202439437e-04
4.619934242706024352e-04
-4.587110165708264639e-04
-6.598159170144589532e-04
-4.508252097872255900e-04
2.329599528722031896e-05
-2.120027432318811035e-04
-4.133924201768583695e-04
-1.447253145833134809e-04
-5.968881481466120653e-05
-2.568743569506834148e-05
-1.118747580267375979e-05
-4.806398470624887553e-06
-1.998828855748769067e-06
-8.122996460128430585e-07
-3.872946027399391178e-07
-3.257504308644336907e-07
-5.149293022372473922e-07
-9.259611633672372203e-07
-1.735125077504251560e-06
-3.306959574586538079e-06
-6.873746137796594578e-06
-1.240937650167032105e-05
-1.574109500895989124e-05
-1.561970118847305202e-05
-1.571259396198518459e-05
-1.471706459660298750e-05
-1.587949047310458297e-05
-1.695280242773269889e-05
-2.051790268810244197e-05
-2.389346649125638302e-05
-2.839978532358511319e-05
-2.963227412320613931e-05
-2.640662500905351567e-05
-1.499967880808997177e-05
-7.708776190847711442e-06
-4.327690839137559416e-06
-2.619489697133997090e-06
-1.709335452361611439e-06
-1.269703061387626715e-06
-1.155752131254831037e-06
-1.393378630114106833e-06
-2.137890873383030977e-06
-3.819098695957054503e-06
-7.460695471305698187e-06
-1.553733996124555643e-05
-3.453969058154751561e-05
-8.381423207786866259e-05
-2.275967030464195507e-04
4.789129696533410852e-04
4.301517470047324667e-04
-3.122106766859099910e-04
5.423066065272002037e-04
3.108418748282020818e-04
-4.673273416205154520e-05
-4.855149737087240971e-04
-5.978700672461863957e-04
6.519611354666721148e-04
2.409754370742108246e-04
-1.227044461767242930e-04
-7.309848926166568380e-05
-4.093891007425833767e-05
-1.973193341270536880e-05
-8.961236548421359799e-06
-3.876944986168582023e-06
-1.589190562757367342e-06
-6.255110161253850435e-07
-2.959917358615385314e-07
-2.847628885664395301e-07
-4.995637826290671922e-07
-9.118942544251759379e-07
-1.725335917608405530e-06
-3.284235692993684125e-06
-6.701091859163091429e-06
-1.169223508253434358e-05
-1.449808015030170502e-05
-1.424650571036639729e-05
-1.474931392058042177e-05
-1.448332509425814565e-05
-1.658764491421469859e-05
-1.884709634648833103e-05
-2.381594662531015313e-05
-2.862427829006181426e-05
-3.372660179582582726e-05
-3.409855729124107248e-05
-2.884380597481185540e-05
-1.572415449248031240e-05
-7.829387703204737946e-06
-4.309777718668098584e-06
-2.549973932146178437e-06
-1.577889539577383421e-06
-9.964159704162231136e-07
-5.893784691906120121e-07
-2.224141942366017508e-07
2.985047264552110408e-07
1.276741977916886386e-06
3.285188768122230059e-06
7.296804099237876397e-06
1.374602952444302717e-05
1.380566391950785035e-05
-6.534872619428618099e-05
2.460032133342953883e-04
-3.939415213065848966e-04
6.397529255708077648e-04
2.950037734413651610e-04
-5.547843197013877653e-04
-6.461454488032314098e-05
-7.246263372627641816e-04
-3.669986831826461959e-04
-1.005026912124412685e-04
3.006901205701625738e-04
4.454436857398935906e-04
2.784914249009630814e-05
-2.049316968802382014e-05
-1.532572791766654210e-05
-7.979918781498179756e-06
-3.654396191329990014e-06
-1.537644157196006694e-06
-6.115533990810939170e-07
-2.968224776064729622e-07
-2.878477193940865894e-07
-4.998873552687897580e-07
-9.229911935492636182e-07
-1.737942197158300914e-06
-3.284376601506585826e-06
-6.698598645999931470e-06
-1.169735484109887331e-05
-1.450003565242690823e-05
-1.424007862602395622e-05
-1.474788589917055481e-05
-1.449210321126806181e-05
-1.658608832028913839e-05
-1.883537370959635813e-05
-2.382229345229793297e-05
-2.862905823742784657e-05
-3.371531196053466659e-05
-3.410089137411795204e-05
-2.885431672480483220e-05
-1.572609179062478522e-05
-7.823473257599831052e-06
-4.311207924817538264e-06
-2.553711507938319517e-06
-1.565466680829867324e-06
-9.894520866302558872e-07
-5.992907956941176528e-07
-2.226603706609113029e-07
3.143768572605792247e-07
1.339727245086119009e-06
3.653896159295465009e-06
9.355846417057029447e-06
2.519379239784856050e-05
7.720671676486723215e-05
2.798073353533628901e-04
-1.745756515880216042e-04
-2.541406892542350969e-04
9.013095318873336691e-05
5.068427987419353012e-04
2.052656777599905398e-04
-2.699498613659002781e-04
6.542939743661429098e-04
4.967988405643667098e-04
5.608850056350623029e-04
3.093908550151823434e-04
-6.285454335420140228e-04
-1.496712745262443586e-04
-4.697808999046907281e-05
-1.912413686283485228e-05
-8.396656065189376855e-06
-3.648073486846415058e-06
-1.511678633410312671e-06
-6.033466886014587887e-07
-2.949749312931483560e-07
-2.811352132189674277e-07
-4.871616800631116661e-07
-9.098250136795980951e-07
-1.733478348597961663e-06
-3.285224919040039441e-06
-6.698120694939291117e-06
-1.169636004559311466e-05
-1.450351835447535024e-05
-1.424935900611870410e-05
-1.474893045204544191e-05
-1.447138153691818117e-05
-1.657229000495290304e-05
-1.884036569157317303e-05
-2.382465486362336817e-05
-2.863453768448165251e-05
-3.372153188690684409e-05
-3.409304990261811670e-05
-2.884684931187971014e-05
-1.572479153264319868e-05
-7.825182433887502666e-06
-4.307269585022214636e-06
-2.548560229442262672e-06
-1.581612846635630927e-06
-1.002846114183688143e-06
-5.899390002589426036e-07
-2.190112821649780551e-07
2.997360058619535613e-07
1.274367028902835333e-06
3.272151231701751974e-06
7.295638811873463282e-06
1.443169836430723646e-05
2.219728996390348195e-05
6.565020087243469831e-06
4.343349657844878435e-04
-8.012453882103516046e-05
-5.423485563860349062e-04
-5.323992627181070580e-04
7.086544231814047084e-04
-5.528143653098150550e-04
-5.724740510953709978e-04
3.503320556542024035e-04
4.444491702911827660e-04
-1.907100504267961432e-04
9.539902851690368140e-05
-2.650992300947728358e-05
-2.456208003242240373e-05
-1.035589852527385324e-05
-3.819045933258748931e-06
-1.213600083712283450e-06
-2.492702390816066231e-07
4.692667432260713169e-08
5.379540001472339279e-08
-7.705876761077095108e-08
-3.384696332763293896e-07
-7.380774489920446795e-07
-1.482820303041319194e-06
-2.857269837396860247e-06
-5.840581295035851568e-06
-1.011724036562956580e-05
-1.271723343691210258e-05
-1.273473516414068486e-05
-1.389670243239452995e-05
-1.452686045671598965e-05
-1.778116355887311166e-05
-2.155381068791822237e-05
-2.817547634569665232e-05
-3.414122945287378550e-05
-3.855741017945809077e-05
-3.678530718756780336e-05
-2.943429263342114334e-05
-1.548864846681019853e-05
-7.513536548910207368e-06
-4.091010738004445309e-06
-2.389058926549515167e-06
-1.412037770092094075e-06
-7.413259634140576056e-07
-1.035765934828304927e-07
7.703057767591274946e-07
2.350980926266582097e-06
5.551033601721968642e-06
1.227914976299448336e-05
2.645586663601580217e-05
5.478630030954950611e-05
9.802577079815262453e-05
5.192350477583077098e-05
-1.649887450079247364e-04
-4.198157251951419792e-04
-3.230992926785113410e-04
-4.582098647239222448e-04
4.497316818295528135e-04
-1.926015543958100023e-04
-4.127178593322997622e-04
1.429593054298785031e-04
-2.148284402717688007e-04
-3.792973928428550450e-04
-1.542253606199259512e-04
-3.529086030482521798e-05
-1.175357376543059938e-05
-5.714237262222757940e-06
-2.519469542414617149e-06
-8.798083494802347871e-07
-1.644468600694527959e-07
7.229310102639683550e-08
5.734643568081615069e-08
-7.683253409736323530e-08
-3.396526243729413441e-07
-7.515546473458629800e-07
-1.489716470225964602e-06
-2.858828494961240385e-06
-5.844732079180225878e-06
-1.011302582070613966e-05
-1.271000878066542776e-05
-1.272705687751375326e-05
-1.388998194579220709e-05
-1.453639004874817887e-05
-1.778750000070295810e-05
-2.154873379417076567e-05
-2.818889828337950234e-05
-3.414948008968624136e-05
-3.854843385336977220e-05
-3.678354340385130481e-05
-2.943305635360456368e-05
-1.549244316969145872e-05
-7.517527053059795663e-06
-4.090218603529853058e-06
-2.388878564153363223e-06
-1.405348369643972184e-06
-7.378194492334692645e-07
-1.099073225760393765e-07
7.719677116459564890e-07
2.365568582543532589e-06
5.614215176308073890e-06
1.265669919834173559e-05
2.858299368269914473e-05
6.705895304116998314e-05
1.721733719037771087e-04
5.283725469670966582e-04
-5.079074102633501352e-04
2.011556641154187261e-04
6.367240745267542046e-04
3.971231213923000062e-04
-7.063162821918690659e-04
-6.371283354050463364e-04
-2.083563608308410182e-04
1.337506367365715618e-04
-2.549044042258005890e-04
-2.993984302317811725e-04
-4.580643324592888286e-04
-9.166671743122270575e-05
-2.046725983334614593e-05
-6.520819351014368110e-06
-2.356667441556020988e-06
-7.427369532103895412e-07
-1.051084656256513540e-07
9.127661551624590552e-08
6.573851607839411205e-08
-7.082889858631271777e-08
-3.290985101013417188e-07
-7.346065961773383368e-07
-1.486224814734074403e-06
-2.861372087157155852e-06
-5.839997717897965958e-06
-1.011549165060188717e-05
-1.271903305385291649e-05
-1.273908959918559402e-05
-1.389914303115342262e-05
-1.452291689183116281e-05
-1.777713461123542338e-05
-2.155157547817185433e-05
-2.817905062331429607e-05
-3.414556394918940934e-05
-3.855445484711615884e-05
-3.677803881450809827e-05
-2.943054061370035940e-05
-1.549370957900851915e-05
-7.515412740346318865e-06
-4.087306726858327991e-06
-2.387310706750217585e-06
-1.418408202295641970e-06
-7.499504352103421086e-07
-1.062632599017948481e-07
7.720022109172930074e-07
2.351966805500171540e-06
5.549565525810944654e-06
1.227430632230280603e-05
2.649463183486495325e-05
5.571319912124391430e-05
1.099234547003481586e-04
1.823941533470187335e-04
-3.250088675442208176e-04
-4.299920578777584931e-04
2.354894833518977805e-04
2.377380240129344966e-04
5.697345206295267037e-04
-5.359974423596099592e-04
2.651856671758242201e-04
-2.108409842177677313e-04
-4.045812153303108140e-04
7.528743008427255705e-04
-3.570241467117033895e-04
-4.031513139745999301e-05
-1.664773110797918803e-06
4.149046527302121730e-06
3.690519057612820776e-06
2.540311548392407089e-06
1.624124538222254786e-06
9.996937970095223275e-07
5.627778935546739082e-07
2.362373278627008546e-07
-7.861919092203717056e-08
-4.306167734426913087e-07
-1.031509385664122796e-06
-2.101916022594210593e-06
-4.473278455858333530e-06
-8.020092820577415886e-06
-1.074043481172906569e-05
-1.130576689822038126e-05
-1.330637353232392690e-05
-1.503490136232217015e-05
-1.973203791122370406e-05
-2.529811731048240770e-05
-3.328857075405181265e-05
-3.893698455439338385e-05
-4.052837192565813390e-05
-3.612590763932145267e-05
-2.778634257784055739e-05
-1.436364042854454278e-05
-6.877289510050387931e-06
-3.739270792674415110e-06
-2.182009554361908550e-06
-1.265490338547595041e-06
-5.802951324797361662e-07
1.562386627804385735e-07
1.265428818973144635e-06
3.324755457670915328e-06
7.481450708363206657e-06
1.619367976570050454e-05
3.517109350496367911e-05
7.984292672854002967e-05
2.073495489561306981e-04
7.303410868536369324e-04
4.911441027673683988e-04
5.077312354402301183e-04
-1.392265380912560161e-05
7.990029599591215166e-05
4.313592915035221412e-04
4.740175434861009841e-04
-2.288346982302340456e-04
7.545103149921365522e-04
1.582583369303751624e-04
-4.950690537999699039e-04
2.594124437628852732e-05
3.061730068037259015e-05
1.500618676767118675e-05
7.960871619729635820e-06
4.563444944983982703e-06
2.742829448945010426e-06
1.672232566210773379e-06
1.010947898500373948e-06
5.617109655678180903e-07
2.406186134070418859e-07
-7.798562477271470683e-08
-4.478809034853542241e-07
-1.043940180591038978e-06
-2.104828006518141384e-06
-4.477764016884124995e-06
-8.013982843972214645e-06
-1.073056210480341327e-05
-1.130212899292454651e-05
-1.330380346988373932e-05
-1.503987498602844876e-05
-1.973009781147195405e-05
-2.529448410445014948e-05
-3.330413200158125403e-05
-3.893736626890550800e-05
-4.050584975677800384e-05
-3.611447879398084216e-05
-2.778864813995716293e-05
-1.437127185716681872e-05
-6.882469340038943102e-06
-3.739744050185796547e-06
-2.184019270267174934e-06
-1.261295924216121445e-06
-5.765844902641732450e-07
1.505962481055345417e-07
1.265447828925882664e-06
3.334671068004131084e-06
7.516674617355008555e-06
1.638023579294300402e-05
3.587154943942435316e-05
8.092800114384946864e-05
1.907698316211801795e-04
4.538659328638220704e-04
3.004548593395262620e-04
6.608941567494169183e-04
6.068896276189524649e-04
-6.107800975492050453e-05
-5.560520757099049471e-04
7.108519063102983768e-04
5.155684360917521135e-04
-6.900556078319948798e-04
-2.131774858759789045e-04
-6.061751642567949358e-04
5.996127216517068348e-04
1.037846340959127885e-04
3.137285101359902424e-05
1.217087557540637150e-05
5.802030887525432764e-06
3.128041721010969070e-06
1.794695403402294166e-06
1.049785022804794564e-06
5.769550279810017552e-07
2.463743146756906565e-07
-6.949708308474899499e-08
-4.308215242530917624e-07
-1.037135564254134061e-06
-2.107800790922834000e-06
-4.476706078481285050e-06
-8.019073776109677816e-06
-1.074167824649743373e-05
-1.131789702021945467e-05
-1.331396069787558216e-05
-1.502610520724316024e-05
-1.972078096438054069e-05
-2.529676693605776184e-05
-3.329510575114607944e-05
-3.893586882968612601e-05
-4.052032126763564145e-05
-3.611884856598547241e-05
-2.778255190315005559e-05
-1.436681399784753109e-05
-6.882933394102375369e-06
-3.739326567023784104e-06
-2.178454491986582645e-06
-1.269785786996784141e-06
-5.897687077930890596e-07
1.519760390741791681e-07
1.266995807607874505e-06
3.325672693128732202e-06
7.473632662573782669e-06
1.612663846252064645e-05
3.454203367372113534e-05
7.395251508159342497e-05
1.534931957020031757e-04
2.507776142905725528e-04
6.206621668235883784e-04
-2.831498618426828411e-04
-1.022342824036671971e-05
3.471005332611111927e-04
5.641797267854054790e-05
4.178673652889921858e-04
-3.929705403289192350e-05
4.868761236891285113e-04
1.036243536373420619e-04
1.099811068094721042e-04
-4.352370244262122401e-04
-7.026568458917483561e-06
2.825373573713535813e-05
1.949628046324135354e-05
1.120425725059949452e-05
6.242836007675769275e-06
3.474389592699724257e-06
1.951966781317551167e-06
1.087127343275329454e-06
5.817891079006151533e-07
2.306838499422473230e-07
-4.790614643347189589e-08
-4.463618660925548407e-07
-1.093872372923709932e-06
-2.615048339239180575e-06
-5.203022702695690573e-06
-8.245502417991958441e-06
-9.686614478073485971e-06
-1.283211746694435446e-05
-1.598854047921846196e-05
-2.242172905278498431e-05
-2.966498893221969645e-05
-3.741505740218361274e-05
-4.013438890757625380e-05
-3.798033864227362528e-05
-3.238524251688437104e-05
-2.462979747038276021e-05
-1.274626348740432233e-05
-6.093888895810321120e-06
-3.343310830231617703e-06
-1.979819757929784752e-06
-1.171184736013759425e-06
-5.490088213591021346e-07
1.295248984913873086e-07
1.147174272950944891e-06
2.982157679016789373e-06
6.512997445307982123e-06
1.332921175528523641e-05
2.589097093586574907e-05
4.446322190228406841e-05
3.776410510614269491e-05
-2.888820876947688896e-04
-4.039462046628721241e-04
-3.829079399838481216e-04
-7.677440079420072206e-06
-3.808687366436491013e-04
1.873204884397952445e-04
-3.943764505323621699e-04
4.606065119038052209e-04
-3.482428304234217765e-04
-3.037866328414720458e-06
1.533302185778242946e-04
4.679820968374725902e-04
1.266762580608425432e-04
4.406974211259615486e-05
2.118848472148026051e-05
1.129578126094857495e-05
6.217729513863815639e-06
3.461834977283746904e-06
1.944081151941394186e-06
1.079324959433984314e-06
5.817633552389653952e-07
2.234326128693801464e-07
-6.582983183678671750e-08
-4.560047037269729296e-07
-1.096344815420993406e-06
-2.618712679114159665e-06
-5.193161380008833474e-06
-8.231656683259630836e-06
-9.685210472837542698e-06
-1.283378540726530253e-05
-1.598791138577706968e-05
-2.241092839780947001e-05
-2.965914030280156782e-05
-3.741934328818501029e-05
-4.012221831380120000e-05
-3.796510714727234384e-05
-3.238829034384150754e-05
-2.463804680362253861e-05
-1.275180124522304982e-05
-6.100064916505458066e-06
-3.345538844795039386e-06
-1.977587868057276749e-06
-1.161510708321843195e-06
-5.416326422454335820e-07
1.258752062390731568e-07
1.147298906524026950e-06
2.991393031415476527e-06
6.551231157098987977e-06
1.360607934159137508e-05
2.766971940301559530e-05
5.624547148822888561e-05
1.192756268706140241e-04
3.002589516927222659e-04
-2.401302737924959922e-04
-3.444564004850239245e-04
-4.309075143554995575e-04
3.832108493348838213e-04
2.335926481438722001e-04
6.335201422392403980e-04
-1.089948873502779393e-04
-6.304671333810746379e-04
-1.192893765322640024e-04
4.558719801534423500e-04
5.614000612874086183e-04
1.340996787078575661e-04
5.489276166881137129e-05
2.564111176260483078e-05
1.285635459017428389e-05
6.726339188015385232e-06
3.623873960502366482e-06
1.997711622596555531e-06
1.098369361678441276e-06
5.901295874579719094e-07
2.395403815368216807e-07
-4.476779736029326515e-08
-4.510728424931170265e-07
-1.101563880050593084e-06
-2.618803007101854256e-06
-5.200817460550217836e-06
-8.245495550000910806e-06
-9.701394626594374637e-06
-1.284411494981907525e-05
-1.598269012464592409e-05
-2.240811104325323591e-05
-2.966004474831710277e-05
-3.741957778111066376e-05
-4.013585428312849829e-05
-3.798085256331631005e-05
-3.238289496247887065e-05
-2.462650177882723347e-05
-1.274752989653001091e-05
-6.098554908244145231e-06
-3.340334939944689728e-06
-1.969124178757490297e-06
-1.169705910668757549e-06
-5.561719095472534020e-07
1.262555794309836751e-07
1.150308739766749960e-06
2.987717349520657958e-06
6.536627543049508952e-06
1.352294754115148520e-05
2.738430218057565416e-05
5.569522431166202631e-05
1.223399183600159450e-04
3.589184260397026028e-04
-6.139248952406288744e-04
9.124979488716500776e-05
5.844474113054316453e-04
6.989273994220691075e-04
-6.203831338197205629e-04
1.337480536038264227e-04
-2.597250714387794096e-04
5.118794678770859476e-04
1.498266153041911551e-04
-3.902553233721203644e-04
5.277713521636500336e-04
1.415842736733079112e-04
6.122251358561269538e-05
3.105969023987911683e-05
1.642697410500179486e-05
8.821180292209325989e-06
4.789544209068836899e-06
2.650682091594233242e-06
1.493125596544205370e-06
8.776802816591343797e-07
5.288106128204566317e-07
3.545091523893537394e-07
2.006139949583909167e-07
7.604336170739886510e-08
-2.807111542391700569e-07
-1.293106839149434702e-06
-4.528541354750413394e-06
-7.266974862563144478e-06
-1.212203249795900369e-05
-1.725982828157255944e-05
-2.551127425698636713e-05
-3.311868688065968796e-05
-3.752204199188059199e-05
-3.627671473915721238e-05
-3.230876105998208052e-05
-2.747469630174419018e-05
-2.116721310697179610e-05
-1.110180924223273968e-05
-5.332494333897232211e-06
-2.971559647358195309e-06
-1.807855245796367724e-06
-1.131946213694182406e-06
-6.329665034169134842e-07
-1.387738822586049469e-07
5.355228053740751914e-07
1.659699331916953374e-06
3.673707282947542326e-06
7.216259490370029793e-06
1.300080441566402950e-05
2.096668192563561767e-05
3.044609912024273419e-05
7.651084461336038218e-05
-5.824960198246469708e-04
-7.153269245293871446e-04
2.365264546111431148e-04
-4.644947415101602145e-04
4.532410236574422224e-04
5.956714887894470510e-04
3.218714624811305899e-04
2.363022241973297840e-04
5.738350532670711033e-05
2.163602118923743829e-04
3.690574881328971134e-04
1.403811256429610924e-04
5.902659929431899785e-05
2.996775784749526833e-05
1.599439738616367828e-05
8.677510528302023575e-06
4.745390869757417854e-06
2.629772510424712718e-06
1.482229769742338048e-06
8.782007774276354643e-07
5.205261749476061531e-07
3.378212441919885437e-07
1.932577573488678714e-07
7.622551151075964634e-08
-2.796658815745941729e-07
-1.275596635027731313e-06
-4.507430707960302362e-06
-7.266116672548625042e-06
-1.212865248024640020e-05
-1.725579404050982702e-05
-2.549745141195048983e-05
-3.312063070274839759e-05
-3.753555110334492410e-05
-3.627009823421104543e-05
-3.229508060680163741e-05
-2.747693521627505377e-05
-2.117045176797381520e-05
-1.110220147435161125e-05
-5.339905340971971789e-06
-2.975508703168004380e-06
-1.801623638982725743e-06
-1.118637341125240392e-06
-6.246816458627203590e-07
-1.429679984882809365e-07
5.339863759615153909e-07
1.663390268889816463e-06
3.673643108285182822e-06
7.251153725698899467e-06
1.321068072282363848e-05
2.204942861656215269e-05
3.483520021266298469e-05
7.908219526286186854e-05
4.099802011851233583e-04
3.225583668975625946e-04
1.873492531584058576e-05
-3.540233997341953650e-04
-5.971390204051027408e-04
7.041462813450277569e-06
-4.141008140797344328e-04
7.297081636456982569e-04
5.592579453440909469e-04
2.026460947347980066e-04
-4.442378178572004704e-04
1.787104496656929882e-05
5.213712300658693700e-05
3.215230568185809457e-05
1.732086924408942748e-05
9.178673522810548041e-06
4.916134730945053104e-06
2.692357803756323104e-06
1.503124085719741972e-06
8.838046467075392517e-07
5.353528246740978962e-07
3.592669375853989422e-07
1.975881545897587978e-07
6.856454902589203434e-08
-2.821408295243104298e-07
-1.285818664253049591e-06
-4.524517623713365774e-06
-7.280815278753794492e-06
-1.213555657028345716e-05
-1.725757041271564160e-05
-2.550062196562539514e-05
-3.311709539263584933e-05
-3.753006778035807603e-05
-3.628046301520827815e-05
-3.230856627177157615e-05
-2.746937653658023998e-05
-2.116142890482846533e-05
-1.110124784590067759e-05
-5.336582215365613553e-06
-2.967374909582090883e-06
-1.794080422229100632e-06
-1.128577347854011198e-06
-6.402329073535034498e-07
-1.429426626588519285e-07
5.383702260671356149e-07
1.662565101277356605e-06
3.672754048378417874e-06
7.237061989675184993e-06
1.322625017429125968e-05
2.240251836802804351e-05
3.611703596930901318e-05
6.887209995939976687e-05
-4.688464088571347023e-04
-4.382492783308413234e-04
-6.722998934567031614e-04
-4.353599505575809071e-04
2.136960159095397803e-04
3.806899578935011457e-04
-8.472284357809720719e-05
7.107803211172098031e-04
-7.465905598901699178e-04
6.189687259473121515e-04
4.822300892965813556e-04
1.652615642196380674e-04
6.988986549802885819e-05
3.464206301171907727e-05
1.812088629093262186e-05
9.698974335030006549e-06
5.270887153213681101e-06
2.938669257969733816e-06
1.698073513427588845e-06
1.076927044703587355e-06
7.796772991668895783e-07
7.345999796575383926e-07
8.509894143673758882e-07
1.320637477697684739e-06
2.446037664528473809e-06
3.961691128260847730e-06
1.585049294828266246e-06
-2.399905264289168287e-06
-9.663054919649718651e-06
-1.752106155770724206e-05
-2.664129534948836379e-05
-3.190866113923518263e-05
-3.206195826853103085e-05
-2.953509732156573442e-05
-2.618966319535060531e-05
-2.299041346578994141e-05
-1.815626244223647471e-05
-9.697628534885163485e-06
-4.686272896851481000e-06
-2.659102628525446604e-06
-1.674296243414536476e-06
-1.135114163220612237e-06
-7.893717484084205681e-07
-5.464652527101398541e-07
-3.382320871977865661e-07
-1.187362731201649342e-07
1.518802594258756926e-07
4.163670696307023447e-07
3.136652062878680144e-07
-2.117170888528078552e-06
-1.673515445726947226e-05
-9.290325808317946262e-05
-6.857985103215979636e-04
-5.600652764320957454e-04
-3.639643982980657940e-04
6.196532960326022518e-04
4.896837576924613789e-04
-2.435879018773863005e-04
-5.235154879012780859e-04
-6.058787409650171147e-04
-6.450397996000496129e-04
-1.277239461446946518e-04
6.447521479573306959e-04
1.835705345406252024e-04
7.025164285389152714e-05
3.390118023599312191e-05
1.773375439351863614e-05
9.555819006365518189e-06
5.221117513507650748e-06
2.913145507204415431e-06
1.686450274599996322e-06
1.074765755650063100e-06
7.696850841672732444e-07
7.212224519039001909e-07
8.475594994202981551e-07
1.323881367656925722e-06
2.450430087356884472e-06
3.984472254523891645e-06
1.613480667247134307e-06
-2.394268363570897880e-06
-9.666677433780226513e-06
-1.751476027155482351e-05
-2.663363781857473389e-05
-3.191852362810689979e-05
-3.207693386229685509e-05
-2.952740532622915760e-05
-2.617314378149751292e-05
-2.299174334135879725e-05
-1.815877513250034204e-05
-9.695945936243505428e-06
-4.694876390944976900e-06
-2.664843543478418575e-06
-1.665747345801346850e-06
-1.119801554236412594e-06
-7.805735006533413921e-07
-5.500770919505729267e-07
-3.386706562259136911e-07
-1.180903110496095655e-07
1.138897859727686326e-07
2.108427623478988656e-07
-9.709039846906413810e-07
-1.037038105080773944e-05
-7.019501440743016558e-05
-4.411698116927866508e-04
1.792442286029146000e-05
1.917910343829457845e-04
-2.075616245652675464e-04
5.997551152231093670e-04
4.944737158869800609e-04
7.205149910186379276e-04
-4.566466782998989467e-04
4.654060381671048618e-04
-2.507391611212748364e-04
1.135268307177094044e-05
4.743396210866714387e-06
9.032542929223119849e-05
6.756499276950804587e-05
3.644930858233098251e-05
1.902236607341951111e-05
1.002383231724244273e-05
5.381747351548796033e-06
2.974034686681748087e-06
1.704844602347474067e-06
1.079240453795114562e-06
7.843811167882522075e-07
7.412830965344509878e-07
8.489074703099937599e-07
1.312704557730072370e-06
2.445694775087420935e-06
3.973240994122094480e-06
1.593545928319335681e-06
-2.411228394811284104e-06
-9.676180409840302610e-06
-1.751979700388931407e-05
-2.663078404142313877e-05
-3.190447255544742115e-05
-3.206738316842329005e-05
-2.954028750524833967e-05
-2.618987213107981378e-05
-2.298550431142808501e-05
-1.815258282066196599e-05
-9.698867694529079146e-06
-4.692222610136908698e-06
-2.656059811496015166e-06
-1.660257628938249757e-06
-1.132066493324443936e-06
-7.978699320148056083e-07
-5.522352069836597861e-07
-3.362229630824927279e-07
-1.207679623938447583e-07
1.142979441594489140e-07
2.119379892033682313e-07
-8.065520202704812854e-07
-8.480016265155002945e-06
-5.415768148148549719e-05
-3.178808874221526206e-04
5.996411323759314382e-04
3.496424556313241171e-04
5.086986203330853828e-04
-5.243745533900655200e-04
3.474361889266604068e-04
3.967003613054207828e-05
4.421757631862737679e-05
-1.458673556457813704e-04
4.502195986833648395e-04
-2.103303467059397557e-04
1.081866603982802749e-04
8.931207546998876676e-05
5.356521872798403449e-05
2.934685384592829427e-05
1.597972697311014900e-05
8.754088433258201517e-06
4.852271779997538334e-06
2.774620728671093504e-06
1.674446049017342023e-06
1.156632757385358271e-06
9.615372656838035551e-07
1.064413599551101889e-06
1.457438462619421628e-06
2.527974286776551211e-06
5.219799328225517102e-06
9.710881613229964960e-06
9.639219252051712134e-06
6.198202003694297628e-06
-2.028710060388894655e-06
-1.219227017663889530e-05
-2.069151961528587671e-05
-2.463040415861785776e-05
-2.432121864267687656e-05
-2.320397677912683877e-05
-2.131162405543757121e-05
-1.960630461799264292e-05
-1.586673394323712523e-05
-8.617543894861771594e-06
-4.179227724690845926e-06
-2.410422520319418444e-06
-1.571611796282541107e-06
-1.155751935582660241e-06
-9.614435996406089974e-07
-9.752258681562079348e-07
-1.238725470699040152e-06
-1.905345844120289330e-06
-3.236380057538182733e-06
-5.507139454176105287e-06
-7.604758535123081991e-06
1.008621619762767501e-06
8.479029164498148678e-05
6.025011367787674269e-04
-4.796778934945893189e-04
1.540692030820150766e-04
-3.773271021467001162e-04
6.728653699977869959e-04
-5.513667274055093813e-04
4.286597665940075825e-04
-6.592229591180989593e-04
-4.007376952773784450e-04
2.560625529500849601e-04
1.715960119810393584e-04
-1.033619775014388574e-04
6.303344493657848436e-05
4.612177862232074685e-05
2.722611101956972065e-05
1.532159263023389261e-05
8.552849644910744825e-06
4.786499802292504785e-06
2.743774773338834527e-06
1.660753657918597672e-06
1.149789406939102348e-06
9.506766852508909263e-07
1.056377676461016396e-06
1.458736713324978152e-06
2.534022027700449419e-06
5.226445536972156295e-06
9.734208827059110040e-06
9.662452120005813382e-06
6.191320357384855732e-06
-2.040886046133215211e-06
-1.218462482207766342e-05
-2.067835023657762521e-05
-2.463037129924981953e-05
-2.432901989469166495e-05
-2.319706247919483045e-05
-2.129928118275711200e-05
-1.961249959036870269e-05
-1.587341151090179952e-05
-8.617229838591940801e-06
-4.190285296983727500e-06
-2.418577724440431825e-06
-1.561562997624470098e-06
-1.139172210530909477e-06
-9.523305030976907218e-07
-9.767565094895441824e-07
-1.234679841566127858e-06
-1.900218528469050965e-06
-3.270282920606688761e-06
-5.677679592678131565e-06
-8.577088802323626135e-06
-4.711400465449935221e-06
5.081485075839629938e-05
3.964910306484064023e-04
-3.282247369273020112e-04
-4.266176779361514015e-04
-2.295452662845293374e-04
-6.992514758074216919e-04
-7.466425675279473239e-04
-2.632056207806718470e-04
4.022009734400406157e-04
7.555643584775777188e-04
-3.248810307913872167e-05
-3.477176524027730061e-06
5.423446553748239056e-04
1.386533193312404076e-04
6.088575064887642881e-05
3.100863779086168064e-05
1.648156218185665674e-05
8.921984487215817676e-06
4.914537550165728951e-06
2.796248555934801298e-06
1.677065772807290728e-06
1.155785678887823666e-06
9.662009633547356600e-07
1.075224979240976398e-06
1.458382611477572219e-06
2.520804291614102773e-06
5.219213226409219673e-06
9.722486423479262323e-06
9.647943028815837788e-06
6.186918141821962951e-06
-2.041746561631381424e-06
-1.218985313862451232e-05
-2.067915721060342515e-05
-2.462348494113844851e-05
-2.432670743908701055e-05
-2.321450414027801106e-05
-2.131539719128943937e-05
-1.960279251507552719e-05
-1.586483445917268533e-05
-8.619792842637293310e-06
-4.185439432878576117e-06
-2.406556863094450818e-06
-1.556133659993763019e-06
-1.152297444897565246e-06
-9.705641652708752050e-07
-9.824259643343989333e-07
-1.237700853940799967e-06
-1.910663359487666877e-06
-3.294364739867558520e-06
-5.821438873747640992e-06
-9.270913268568458946e-06
-7.682388944806475362e-06
4.016641305942797159e-05
3.771224592560033155e-04
5.006120182157300282e-04
4.803956591526805145e-04
-4.590764317321103963e-04
3.889261414283359439e-04
-3.005940598519857830e-04
-1.154473516043579820e-04
3.650856447009881976e-04
5.800461078079253161e-04
4.008912752124196475e-04
-1.432976890643123031e-04
1.099437085763965466e-04
4.249074351492997749e-05
3.106381867681852710e-05
1.923896599279443668e-05
1.123627612231313695e-05
6.447035990360964537e-06
3.718632086334269684e-06
2.231387093901018183e-06
1.447237503222542954e-06
1.120476031772322617e-06
1.068047486640602625e-06
1.327039438521341661e-06
1.980888797904721690e-06
3.586705238399025414e-06
7.636549145900394688e-06
1.468387207280120809e-05
1.675920278903193509e-05
1.433397657311917662e-05
8.113835870152273682e-06
-6.889527850085583443e-07
-8.709245325244372783e-06
-1.506631446616271400e-05
-1.706673177160414006e-05
-1.813726312437284488e-05
-1.762573132089623431e-05
-1.707429006721408653e-05
-1.409712500724670329e-05
-7.761795188895843930e-06
-3.765195610801937684e-06
-2.198232175581643032e-06
-1.475327318360457493e-06
-1.159695111945949073e-06
-1.089322918069547983e-06
-1.313424121883980668e-06
-1.964570563765728213e-06
-3.390610268609128674e-06
-6.307610588071241660e-06
-1.232693230511597010e-05
-2.524664281741201676e-05
-5.634684414114581730e-05
-1.501352665299736269e-04
-5.325747534960005797e-04
-4.576299512305107876e-04
-3.902162446084635628e-04
2.750746776565789523e-04
6.522765686666372718e-05
1.177001525306424284e-04
-4.717376839435209046e-05
-3.074831900913311275e-04
4.615033832245562444e-04
2.894677214550797173e-04
-1.647718945816501563e-05
6.639998365480924316e-05
4.883050347255594179e-05
2.845371861852508206e-05
1.760458716580401458e-05
1.056666207682800017e-05
6.220745507772156520e-06
3.642515712027203831e-06
2.200446455211129942e-06
1.434661275551918228e-06
1.108958122217087148e-06
1.055523843493139494e-06
1.324478511695753138e-06
1.987602294644281947e-06
3.595953175689798260e-06
7.645366865347073522e-06
1.470971384033684147e-05
1.678368663527857456e-05
1.432445358560512320e-05
8.099697283768602063e-06
-6.861734683471958303e-07
-8.704350588045487312e-06
-1.506833277657051279e-05
-1.707222087882379833e-05
-1.813009074617647376e-05
-1.761220014017729564e-05
-1.707674786342233063e-05
-1.410070427109727187e-05
-7.759139621053581196e-06
-3.776600575420667952e-06
-2.207795434327246114e-06
-1.464404582820064697e-06
-1.144640303309954130e-06
-1.084310618890089238e-06
-1.316993610757091980e-06
-1.959511300895147760e-06
-3.381568536056249924e-06
-6.318758096436919075e-06
-1.233895754519356692e-05
-2.512464969343980293e-05
-5.440422275842868988e-05
-1.303167370620006297e-04
-3.621057260083117811e-04
-3.126403228398522789e-04
1.782083020035957275e-04
-5.833019469857873580e-04
-4.482298156786488318e-04
1.700079139091370485e-04
1.829175295858147872e-04
3.155359550409560210e-04
-2.138096182840764151e-04
-2.645823132075080203e-04
8.398075915228879408e-05
-2.914986380122825386e-05
4.085054713120444116e-05
3.227875960988900548e-05
1.963865086940263550e-05
1.134519654987752137e-05
6.484852027535516349e-06
3.739785514826838767e-06
2.240733676843570880e-06
1.445459070652202600e-06
1.115808197920166786e-06
1.071563648415659707e-06
1.341087500477565365e-06
1.985797254244178528e-06
3.582899027270016315e-06
7.638751053589985375e-06
1.469801673014672140e-05
1.676975775342394708e-05
1.432250222775489378e-05
8.097699998655996296e-06
-6.926130773353087365e-07
-8.701705641535482027e-06
-1.505860641614236051e-05
-1.706916586105051590e-05
-1.814635990487832896e-05
-1.762748258308315347e-05
-1.706891332583466639e-05
-1.409532371778054586e-05
-7.764833757632503349e-06
-3.771943994930920941e-06
-2.193962434739845138e-06
-1.459268597524334844e-06
-1.156206944126556920e-06
-1.098662854919544787e-06
-1.321435678756367809e-06
-1.964014319889743014e-06
-3.397285959688150380e-06
-6.375559601734845006e-06
-1.269994433372418854e-05
-2.724085440887812767e-05
-6.665005722972122703e-05
-2.009536248650048440e-04
-7.641812456324421823e-04
4.613090785840937924e-04
-1.075400977708325579e-05
3.815597759210115347e-04
3.912560375631760762e-04
6.162842519590116348e-04
5.468593484575982964e-04
-6.137427712428000044e-04
-4.421130013613625747e-04
-1.369126869531673576e-04
-3.425162949891344768e-04
-4.851918884748490277e-04
-4.825765419166134807e-05
7.775520277038569750e-06
8.756838329257421970e-06
5.758321149194172087e-06
3.544049498253361590e-06
2.197778883120614635e-06
1.451934976232971174e-06
1.074509576037248752e-06
9.839961607369934845e-07
1.092402667686493682e-06
1.498213982398447487e-06
2.367075069430382361e-06
4.350953972832497692e-06
9.199707751556838656e-06
1.731567358193831331e-05
1.970009485315570957e-05
1.710785647050219990e-05
1.280405392663785889e-05
6.948157025957978265e-06
1.632470934254188294e-06
-5.143838962924900979e-06
-9.603898654228367764e-06
-1.323703560225553103e-05
-1.425209602930947215e-05
-1.477598600476345802e-05
-1.244902846511441633e-05
-6.948221509067580330e-06
-3.363174276336874438e-06
-1.978769931054508573e-06
-1.355120863784371072e-06
-1.115422054127221706e-06
-1.125103218782376444e-06
-1.469986332461467234e-06
-2.320594586264256402e-06
-4.093264877823666501e-06
-7.607439260604458707e-06
-1.457449906555920635e-05
-2.835205584061964684e-05
-5.499741273565053633e-05
-9.882929066937309090e-05
-1.045167996338787654e-04
-2.558852008875222954e-04
-6.693388658531056927e-04
-2.860029747308116799e-04
-5.233968165788137642e-04
-4.289553459359928662e-04
-5.556987341056429376e-05
2.856590906036987620e-04
4.557241025499501018e-04
-1.463365751897524657e-04
4.016035233628271941e-04
5.009200130728329314e-04
7.106003337776168260e-05
1.515003979981674459e-05
7.767638258654067452e-06
5.060301188698745573e-06
3.292452254085566893e-06
2.113727077573677681e-06
1.422932735005900874e-06
1.065223357713260300e-06
9.709028305951835697e-07
1.080565252686195184e-06
1.502119203122420270e-06
2.379116566489178437e-06
4.362758541583543265e-06
9.209115879093912401e-06
1.734022254033451156e-05
1.972086611968377662e-05
1.709243060473556562e-05
1.278469040828016430e-05
6.943198882561914712e-06
1.626922122875152357e-06
-5.150606442534862918e-06
-9.606799846860753764e-06
-1.322858754559340491e-05
-1.423714175705949664e-05
-1.477426517874323482e-05
-1.244909601672659323e-05
-6.943387352835369464e-06
-3.374533068772810985e-06
-1.988403857837651005e-06
-1.341505268589987499e-06
-1.100087514756081389e-06
-1.122103623159971843e-06
-1.472762596006214847e-06
-2.313981356464411563e-06
-4.086098269739121911e-06
-7.627217417099306542e-06
-1.463809236439183524e-05
-2.857786302522488686e-05
-5.533777755498756875e-05
-9.411971473058971973e-05
-3.556414453252739903e-05
-4.899393230375500511e-04
2.446589080342975752e-04
4.400348145129933568e-04
-4.965994791552890341e-04
4.189845978638170594e-04
-5.281643783770841342e-04
-4.690648475873361936e-04
-4.930668029466506955e-04
-4.020682471971584676e-04
5.611900545297456673e-04
4.765760965551534928e-05
2.814978632170191510e-05
1.548451809788611890e-05
9.433064753539303218e-06
5.763595800209728936e-06
3.528858742221999551e-06
2.200037270901788964e-06
1.455086416012408938e-06
1.070034853174004319e-06
9.763846812032981762e-07
1.094614049756529280e-06
1.513915822857980244e-06
2.373709523269555697e-06
4.347679266220339384e-06
9.200717173505349377e-06
1.732772131750666574e-05
1.970988746632258828e-05
1.709747944873578468e-05
1.278773735740479902e-05
6.940288081785071354e-06
1.634915328151698649e-06
-5.137620368803104053e-06
-9.605056006258230302e-06
-1.324470771104580175e-05
-1.425163024611688449e-05
-1.476827113941228158e-05
-1.244593243054725002e-05
-6.950804712882831687e-06
-3.369560217305871960e-06
-1.973606203617508822e-06
-1.338371352687476312e-06
-1.110902622388286054e-06
-1.132737491162990442e-06
-1.477018425078784895e-06
-2.319401946085199069e-06
-4.099012790566407621e-06
-7.674887747777717393e-06
-1.496613883112404511e-05
-3.063013651138314013e-05
-6.837814689337637049e-05
-1.793526285109886152e-04
-6.076398752870331614e-04
5.786750973307932036e-05
-4.591004347654934013e-04
2.752126426914281733e-04
1.015845820910060877e-04
-1.402748702163592509e-04
2.681714920959636325e-04
-3.337878234356057741e-04
-5.806732073929081603e-04
3.197108449361091569e-05
4.094615503998316161e-05
3.815012186033025251e-04
2.708596509318714839e-05
5.474186077203896536e-07
-2.600965964842227888e-07
3.001007748255302706e-07
5.264924274379467528e-07
5.675675628721536580e-07
5.812560392571061933e-07
6.238287688765841526e-07
7.699443704809773303e-07
1.028091797889543781e-06
1.545521945778406073e-06
2.546652511905485321e-06
4.677823337777099131e-06
9.608745137826144850e-06
1.722708198056441961e-05
1.923177659976976127e-05
1.701385786096384629e-05
1.438150895843920941e-05
1.065546157454890576e-05
7.692066072626450502e-06
2.750308295139136462e-06
-1.809409910691609117e-06
-7.247472064741074157e-06
-1.001317917286761707e-05
-1.186244873076581824e-05
-1.037773992523377057e-05
-5.926448375301396724e-06
-2.862715962076934538e-06
-1.694194213937188264e-06
-1.173841020823312453e-06
-9.917036584296067473e-07
-1.034861347912887542e-06
-1.400332331149636025e-06
-2.242627823547867424e-06
-3.923125489765623975e-06
-7.070257393138277085e-06
-1.275875690498434300e-05
-2.226183939517793357e-05
-3.472249419020299177e-05
-3.184464368474422059e-05
1.078019270034914182e-04
5.691717825406578590e-04
-4.708863632161846180e-04
5.560176807770707968e-04
-7.105617779628206447e-04
5.279309678079505564e-04
8.359479088752642180e-05
4.774522175973867867e-04
-1.942677804851879826e-04
5.833474297016790888e-04
2.880407970348106963e-04
-6.810519716787004005e-04
-9.033913537730303993e-05
-1.625528092273390330e-05
-3.460120635100213015e-06
-5.098884483498015289e-07
2.972508843418415554e-07
4.944633516145636180e-07
5.583924380071947133e-07
6.174480454324539572e-07
7.555351025512846917e-07
1.018117164823928479e-06
1.556325625220602874e-06
2.562939543231733003e-06
4.688594563853510380e-06
9.611810498179892639e-06
1.724091396052657179e-05
1.924339288819495807e-05
1.699420604790417239e-05
1.436236522107895434e-05
1.065365509920938911e-05
7.690402791612037793e-06
2.748619677725275294e-06
-1.807513643466284964e-06
-7.242135712547417522e-06
-1.000438787575444001e-05
-1.186352052089957599e-05
-1.037937317531658946e-05
-5.923097678060171878e-06
-2.876208965875424964e-06
-1.705303605499817471e-06
-1.159469813507535527e-06
-9.786014035420366541e-07
-1.035253127292190762e-06
-1.400401457055769348e-06
-2.232049250236856364e-06
-3.919909038108936389e-06
-7.122307313102491128e-06
-1.303834778123603819e-05
-2.387534847663578294e-05
-4.402543834560384639e-05
-8.627169435984335998e-05
-2.235672298559570313e-04
-4.238846763701360288e-04
-2.619032587845810745e-04
-5.824204242887221546e-04
6.826855426640846079e-04
-4.670956760886316389e-04
-3.893995748839538802e-04
2.719630265772715908e-04
1.706386032420414717e-04
5.624845623372026586e-04
-5.726152031684682200e-04
3.051954956443495861e-04
5.323070187221663388e-05
9.189777675266419069e-06
1.818055462723314274e-06
7.487154921727893239e-07
6.256436205183894959e-07
5.964455075432439763e-07
5.899998537183262498e-07
6.199936826829072351e-07
7.604463691383726992e-07
1.028795077658013346e-06
1.561470875572579148e-06
2.553998344065685659e-06
4.675281997727025920e-06
9.608806133875297088e-06
1.723665455322893211e-05
1.924150632038653118e-05
1.700804380409456500e-05
1.436976668761988921e-05
1.064881933038161040e-05
7.693876716014450345e-06
2.755552764627172518e-06
-1.811293937087761139e-06
-7.256572269314460346e-06
-1.001391711719533692e-05
-1.185510959070599567e-05
-1.037428481178143447e-05
-5.928368843058669332e-06
-2.868207225695063138e-06
-1.688452007203912259e-06
-1.157949244666139823e-06
-9.873433179692955497e-07
-1.041022651573667644e-06
-1.406195140334727864e-06
-2.240204090482119265e-06
-3.923382897308451810e-06
-7.104349331962556609e-06
-1.293797406015005525e-05
-2.314204472491191114e-05
-3.863810638381825693e-05
-4.612335068739768529e-05
8.429095459797519179e-05
-5.458479311847612642e-04
2.276456614273350283e-04
6.001824134308551915e-04
-3.220521055216524773e-04
-1.442618669753832422e-04
6.547606969449096335e-05
-2.445767796499187735e-04
-4.647343185332223812e-04
5.148604818866482202e-04
-2.456152565794334527e-04
-6.600252952709900148e-04
-1.234636136541777181e-04
-3.174857118314548782e-05
-1.152083323568936226e-05
-4.979739903677719909e-06
-2.238320859086511486e-06
-9.311090520497837062e-07
-2.463899231527388438e-07
1.624846160036285821e-07
5.049729764531543124e-07
8.733341882497251096e-07
1.442900435046122611e-06
2.468945176808916637e-06
4.519948804120899687e-06
9.044479846199909436e-06
1.563671112180717554e-05
1.764301427564204304e-05
1.621130888115717759e-05
1.486917591818012322e-05
1.252730040996421022e-05
1.104571243374619841e-05
7.884551638155355984e-06
4.764536632735807124e-06
-4.606775298701748962e-07
-4.295244255524090727e-06
-7.593042914845971197e-06
-7.345007579399404460e-06
-4.440402816166286042e-06
-2.151039319106052589e-06
-1.286680843237380949e-06
-8.981251623530038750e-07
-7.673653790112429209e-07
-8.065464677695652475e-07
-1.109312717471418921e-06
-1.788849855017648392e-06
-3.110109498559331880e-06
-5.476147284441768305e-06
-9.451516708012559905e-06
-1.551526720261698277e-05
-2.398644206144966821e-05
-4.000456602092900519e-05
-1.282778630739459349e-04
-5.663299854279404922e-04
-3.426624880971156019e-04
-3.739151533003753783e-04
3.047860705646542501e-04
-4.153643441808129084e-04
5.463766563141670774e-04
-1.659323591130613463e-04
2.081270488322615390e-04
-3.178421598057256021e-04
-5.966422530468740203e-04
8.558523884870030015e-05
-3.181649256470891145e-05
-2.432384850385079316e-05
-1.163077382749716739e-05
-5.319308797060131379e-06
-2.376959181877559079e-06
-9.830723996105539428e-07
-2.611298829915357673e-07
1.590232751065632817e-07
4.887703982520191584e-07
8.640331854554552286e-07
1.456456570054474335e-06
2.485253935243693526e-06
4.529425778078699008e-06
9.044114716565738348e-06
1.564418678133780720e-05
1.765267216894118345e-05
1.619481144332115725e-05
1.485184722283639530e-05
1.252632885084126897e-05
1.104572494064390367e-05
7.886440502816029170e-06
4.771434977524968044e-06
-4.547281649236457074e-07
-4.286975534364088824e-06
-7.591087715480161436e-06
-7.344283669158408799e-06
-4.437111905202302524e-06
-2.165566472810697770e-06
-1.298609434227055722e-06
-8.842693044973169517e-07
-7.592543658279697604e-07
-8.136776986433780943e-07
-1.109413605202169857e-06
-1.777252449765451286e-06
-3.112070895370898163e-06
-5.546815318156399410e-06
-9.841993504177944793e-06
-1.766540607869434648e-05
-3.534557247357298943e-05
-9.715183568509633749e-05
-3.954934332036310783e-04
-2.813645224372858544e-04
2.571327122385783678e-04
5.198409150537137199e-04
-6.113389337340965598e-04
5.617500992598740495e-04
-1.166396796967603373e-05
3.409668866287750657e-04
9.890917042413455647e-06
4.478922037293118770e-04
-6.844843495289607482e-04
4.466638320814728721e-04
6.113996336818340214e-05
2.053653685013232716e-06
-4.897125322367785348e-06
-3.587392664169121794e-06
-1.920971305308203841e-06
-8.510017810132972383e-07
-2.269997623772645221e-07
1.598153493358979040e-07
4.933194303999661750e-07
8.727499274242365341e-07
1.459304232679177537e-06
2.478846288479507548e-06
4.522131486398490408e-06
9.047414457489168525e-06
1.564520564507631913e-05
1.765123256974601788e-05
1.620727359940066551e-05
1.485937238176812765e-05
1.252123102137016298e-05
1.104839096589394514e-05
7.891459817698232964e-06
4.765593151823180488e-06
-4.675219998592997236e-07
-4.295795856561141350e-06
-7.586750843663902331e-06
-7.342813065494826999e-06
-4.443159700938699707e-06
-2.156383240759809720e-06
-1.281038147582066314e-06
-8.839147176545267535e-07
-7.628323071715159262e-07
-8.100090636590531761e-07
-1.113172702501122124e-06
-1.785354998592335547e-06
-3.106906023898590776e-06
-5.488923504599783822e-06
-9.507042351963652219e-06
-1.569205642413484974e-05
-2.409857715742028082e-05
-3.518605993283225480e-05
-7.103450621117846856e-05
-1.118455677049837551e-04
-2.502415810136993969e-04
1.161527220124097072e-04
-7.526459767968971936e-04
7.494358463469317838e-04
-5.214733581577285721e-04
4.011662880097002911e-04
4.250249851798937480e-04
2.733525530537876430e-04
-4.648251745615758696e-05
-6.476463310093911064e-04
-1.542140142308151595e-04
-4.904533843619209818e-05
-1.946492943663237217e-05
-8.910709386293187787e-06
-4.325170821678521285e-06
-2.088683609300521521e-06
-9.188773479052068438e-07
-2.507896600083767011e-07
2.159198319259358790e-07
6.331428714512643223e-07
1.179320299927681417e-06
2.115225053878572031e-06
3.893208861699916992e-06
7.733992873032195580e-06
1.328190477784443479e-05
1.563727883638797589e-05
1.508357418913809619e-05
1.476633336897462099e-05
1.339139127150443312e-05
1.285223404393886348e-05
1.094421910925186264e-05
9.295312940810177382e-06
5.541646665101929186e-06
2.118288359793708333e-06
-1.950455055839751765e-06
-3.126277029009010772e-06
-2.328357922061777135e-06
-1.145298259605194879e-06
-7.124357519807621229e-07
-5.051443753923386439e-07
-4.327427921542744111e-07
-4.440434985454497593e-07
-6.248638981856027627e-07
-1.045869088264894633e-06
-1.888129380959842312e-06
-3.387068775099981715e-06
-5.639220520292929452e-06
-7.293786969262847879e-06
8.381990463026752677e-07
6.751929076929538904e-05
4.397601440218977921e-04
-1.694612059416832853e-04
-3.709905160515571424e-04
7.356328499014073963e-05
4.495672155504774241e-04
-1.968359396856424984e-04
4.164814743170145513e-04
3.592718974840744539e-04
5.963626984783866949e-04
-6.254940117336847823e-05
3.393456209666801597e-04
-5.145874530846682518e-04
-1.120742315180352640e-04
-4.110498900251471568e-05
-1.835207745682007483e-05
-8.832007553229500265e-06
-4.343586735018450986e-06
-2.106794092100883796e-06
-9.206658015618856182e-07
-2.484739615556719002e-07
2.009013864648119544e-07
6.276614566063858952e-07
1.195229047149806697e-06
2.128569025048308001e-06
3.900633829639715891e-06
7.731607296899381288e-06
1.328219732635232622e-05
1.564219201614737756e-05
1.506849557480693362e-05
1.474937865227965199e-05
1.338852434271542034e-05
1.285015073303130393e-05
1.094678439109486237e-05
9.306737066601272022e-06
5.550958503451942700e-06
2.129455972311670496e-06
-1.943551133354493867e-06
-3.124495646482176035e-06
-2.327164728039240800e-06
-1.159622258749546591e-06
-7.211836451127873508e-07
-4.877848130396563686e-07
-4.257803369240745043e-07
-4.546655040474324459e-07
-6.236468241084383981e-07
-1.035706261557276360e-06
-1.898031592474917941e-06
-3.466071048731057782e-06
-6.076219903173775839e-06
-9.783839490744603929e-06
-1.327200490260696892e-05
-1.222886913372089585e-05
-1.045889281459995970e-05
7.131687627690776361e-04
6.679322906403172477e-04
-2.942646447697286295e-04
5.144908752311798915e-04
-5.154541641194977653e-04
4.557299945168036400e-04
1.385318617511135887e-04
5.036166057269223124e-04
6.295352565476063696e-04
2.257415956761988295e-04
5.342542918497994930e-04
4.433207182025686966e-05
-9.243416839127301511e-06
-1.083364230413505269e-05
-6.880984135764580645e-06
-3.813704342576188112e-06
-1.953296855205222664e-06
-8.840658846088135594e-07
-2.480081104580981108e-07
2.056881875731914557e-07
6.333553201373558871e-07
1.194703022284470855e-06
2.124059881925966433e-06
3.895627779281281530e-06
7.734689103567040912e-06
1.328432116791164741e-05
1.564006913661928044e-05
1.507900673452197986e-05
1.475710625511876593e-05
1.338445161179270197e-05
1.285428970270241396e-05
1.095286450755624642e-05
9.301099999576593408e-06
5.539651649886028574e-06
2.119510919740770232e-06
-1.945019346705891522e-06
-3.126026410194741869e-06
-2.332543829853444742e-06
-1.150374907132137096e-06
-7.067171462726307772e-07
-4.924314497380351444e-07
-4.268024006811080413e-07
-4.433991966842168119e-07
-6.264577241390156976e-07
-1.042901774568802825e-06
-1.887631802700972380e-06
-3.408903110355093302e-06
-5.743640750927835827e-06
-7.768977505281453481e-06
-1.237591832565506547e-06
5.947144626596509995e-05
4.171362639075257414e-04
-4.494345961157269510e-04
-5.010119177186557254e-04
6.568169794476417600e-04
-3.197640433066902075e-04
-4.615300796416735535e-04
4.549221100192702436e-04
-5.335025426785250987e-04
-6.937289765444140275e-04
2.841534319577211534e-04
-6.630448091911369515e-04
-3.318361382256094106e-04
-9.832245640439857975e-05
-4.312789709314883256e-05
-2.073592671214734507e-05
-1.046215347649601717e-05
-5.377013449177845912e-06
-2.748228007129849578e-06
-1.351701086115885790e-06
-5.641935719957460007e-07
-6.165761034727748323e-08
3.346666820967721903e-07
7.797215006130933378e-07
1.516680882094991062e-06
2.859124160293936365e-06
5.808268871632172231e-06
1.027351975124155871e-05
1.314770444375839312e-05
1.351443554675484583e-05
1.414550004798479967e-05
1.358120795381365988e-05
1.375934948087401057e-05
1.273127707139023393e-05
1.216475067520379516e-05
9.929432772434612650e-06
7.804379551486406361e-06
4.132452180760674123e-06
1.929627984007012580e-06
3.595598260377362466e-07
1.622488201361766347e-07
4.233402497043048856e-08
1.504290936289898614e-08
1.489588228152006750e-08
4.447741753022886640e-08
2.831275938993798598e-08
-6.691345896538754289e-08
-3.769648473001169173e-07
-1.180902345819552581e-06
-3.087212696630736050e-06
-7.381508269777224516e-06
-1.622485673614883729e-05
-2.768980026594833555e-05
1.961175408925762995e-05
5.476259665138504418e-04
-1.556381970896105871e-06
-5.438270306651226587e-04
-3.129738241148027943e-04
6.680928727440243065e-04
-1.860499374308179825e-04
-4.108844910988379518e-04
4.510363183920100593e-04
-5.790000659863342143e-05
3.627499231807325896e-04
2.280950385593125259e-04
-1.933920622465293024e-05
-3.356673750117615361e-05
-1.941497500490801847e-05
-1.023373534514006510e-05
-5.323053610750376299e-06
-2.739274012652059448e-06
-1.341709655637047955e-06
-5.560829245839449964e-07
-7.334182150565286982e-08
3.371843784609116597e-07
8.025540234367874998e-07
1.530552099175416918e-06
2.866433894485122572e-06
5.804866452021527302e-06
1.026534147323538345e-05
1.314532843619022706e-05
1.349998087394964833e-05
1.412887844020340488e-05
1.357591122463765737e-05
1.375588695129352114e-05
1.273604947670463911e-05
1.217966865204059642e-05
9.937867117082631671e-06
7.812657979483590486e-06
4.139990072695357880e-06
1.930464955082947413e-06
3.588161011939498166e-07
1.494568330908465758e-07
3.567292776351942720e-08
3.139306844347150158e-08
1.690169716723356689e-08
2.941708915767954392e-08
3.204300603936321559e-08
-5.541166594408308645e-08
-3.861047887780269736e-07
-1.232052421510858400e-06
-3.359685866692801346e-06
-8.902882654596509291e-06
-2.508239838059036865e-05
-8.220897735734019728e-05
-3.384240192883845671e-04
-6.610938237320921609e-04
-3.668096066146525435e-05
-6.225319019822998920e-04
-4.753151335449437923e-04
-6.696398145057574133e-04
1.957406165889147927e-04
-4.231485682765238009e-04
1.387402563288600099e-04
4.333231770670161582e-04
4.925350815811871180e-04
-8.725889768315991306e-05
-3.635533101573842663e-05
-1.835949794808655058e-05
-1.320273525505113486e-05
-8.278013194299715396e-06
-4.752542000030207439e-06
-2.571894428820334474e-06
-1.302659793005284198e-06
-5.550425846932453035e-07
-7.031823851883521986e-08
3.335789606644833042e-07
7.894054102805744214e-07
1.520359467511834603e-06
2.860239433915125028e-06
5.808001806466478098e-06
1.027238004982230218e-05
1.314667969089203885e-05
1.350988391124094424e-05
1.413688257949019377e-05
1.357282901239651781e-05
1.375925609649021916e-05
1.273953711477734195e-05
1.217273284318950516e-05
9.930203611321731797e-06
7.806635480225075174e-06
4.138133763946288271e-06
1.930595369668439252e-06
3.565718521074205239e-07
1.586814908846889556e-07
4.666020461887594192e-08
2.298559430237783940e-08
1.962243531226842197e-08
4.756152564657671419e-08
2.809558750753987184e-08
-6.530068121267720580e-08
-3.817298234530388118e-07
-1.226084369385389560e-06
-3.321492809502542898e-06
-8.604297939763183649e-06
-2.288514163030577560e-05
-6.593402208732386841e-05
-2.182900563141027667e-04
4.189461638924325674e-04
4.395780514522236514e-04
-4.138763675449493159e-04
7.141668431572841371e-04
2.532030084582570116e-04
6.015235725437726669e-04
4.028763376653438566e-04
5.303743197036280606e-04
6.425456259463087913e-04
-3.037079194572974198e-04
-9.407516915175753855e-05
-4.391147197790098972e-05
-3.520217299436323899e-05
-1.955159344148607278e-05
-1.039273831328401608e-05
-5.496504381407800970e-06
-2.897042024738271736e-06
-1.515601223008013178e-06
-7.481167900710540013e-07
-2.965631631804286478e-07
1.695680204907022401e-08
2.991886940877403263e-07
7.516691552000397069e-07
1.515264869445826962e-06
3.285743175195256516e-06
6.270639759835339299e-06
9.585619272412570897e-06
1.098050731154958557e-05
1.270331660169049233e-05
1.300672038066766710e-05
1.387788455136910827e-05
1.357978812649659372e-05
1.381168082071438561e-05
1.277074781691854560e-05
1.197967988283210433e-05
9.435915158733355914e-06
6.966902654746419668e-06
3.314082488372750996e-06
1.669004767693797339e-06
9.321620971926435492e-07
6.324184506592355619e-07
5.489166553816128110e-07
6.317466123311974207e-07
8.261819750429603146e-07
1.155113842428359582e-06
1.588400799567417997e-06
1.974457057357309710e-06
1.691181452397783249e-06
-1.766060256189319860e-06
-1.862994483157635406e-05
-9.505292379493359952e-05
-4.740162837260989402e-04
4.289512259395380817e-04
5.240652397334343753e-04
3.830395331179640571e-04
-3.081693420901250634e-04
1.563020942154264036e-04
5.970244815290589582e-04
-2.523115715493038334e-04
4.317916196401040381e-04
6.541164317284965364e-04
1.290044326506795312e-05
-1.867795901098354627e-04
-7.145312968807387359e-05
-3.587334474106560319e-05
-1.864476405365428862e-05
-9.925016152151606180e-06
-5.325647267282665832e-06
-2.849329017258248585e-06
-1.492827286956446532e-06
-7.354728414302095590e-07
-3.061892713800944083e-07
2.275904684779336475e-08
3.215513881972825197e-07
7.585082777462662854e-07
1.516597576066209293e-06
3.281272253020998231e-06
6.258244616046251093e-06
9.578599744223437968e-06
1.096820354806823616e-05
1.268968907973589175e-05
1.300260359453974712e-05
1.387604605079606928e-05
1.358674150444614546e-05
1.382645442969628338e-05
1.277320738355899785e-05
1.198087128369718524e-05
9.442626437596778012e-06
6.967650271635872646e-06
3.312914249995816817e-06
1.660305910195768858e-06
9.298231694982584012e-07
6.492799849935273975e-07
5.499556353875428032e-07
6.177784360512437544e-07
8.344335643976927678e-07
1.166471211585440415e-06
1.580216839174737940e-06
1.964489826162059996e-06
1.707396038876886812e-06
-1.237245419276506809e-06
-1.279214590694852123e-05
-4.219912498297815018e-05
-2.895172421445305346e-05
1.216775776535016456e-04
9.415140154048768219e-05
-6.748511015000612520e-04
-4.860054075589129077e-04
4.764097935773459387e-04
-5.719279612210001083e-04
5.391534670109618095e-04
-5.490149625609263770e-04
4.111932547648238390e-04
5.251363079069432636e-04
-5.629748754642482223e-05
-5.354883152726242710e-05
-2.350657091870302478e-05
-1.438229391090794442e-05
-8.598113904861103365e-06
-4.928216578759373814e-06
-2.728787204831720485e-06
-1.467163801670626253e-06
-7.376049094665365959e-07
-3.042923131493533556e-07
1.557374697883495261e-08
3.055553472120765626e-07
7.537809670034478256e-07
1.517132656376524495e-06
3.284864979814409688e-06
6.265339352335134082e-06
9.579302606608207189e-06
1.097468433066454377e-05
1.269578126649867548e-05
1.299836053947692194e-05
1.387619935098976540e-05
1.358712156784354560e-05
1.382097205217309812e-05
1.277339181101896381e-05
1.198222512430191081e-05
9.441126362980558197e-06
6.967880640938304024e-06
3.311345691613485425e-06
1.665986853415291860e-06
9.341131657912374951e-07
6.353185580836966598e-07
5.530607260371590082e-07
6.376430116187615925e-07
8.276628815808722819e-07
1.155188212842087528e-06
1.578534935430447528e-06
1.911796772374564954e-06
1.377142060546379890e-06
-3.261210284967716761e-06
-2.522076423518651323e-05
-1.186587801296615691e-04
-5.049423394587953607e-04
-3.682072263473071152e-04
-1.827120155758888198e-05
2.713297928372521801e-04
7.344639843450707093e-04
6.516036350804316592e-04
-3.004110621820235759e-04
1.131792818144090570e-04
-6.227149373709512737e-04
-1.234180476181020916e-04
-4.709472466250645434e-04
6.535495401067743142e-04
7.178246349779388177e-05
-1.187483393015766782e-05
-1.360977585600961234e-05
-8.378192452596858203e-06
-4.671727190412383333e-06
-2.553080446835398704e-06
-1.417348710082753056e-06
-7.960534037260283027e-07
-4.676115437814309091e-07
-2.788276274936507328e-07
-1.906470448829464036e-07
-6.435026890848722235e-08
3.573391791710440715e-08
3.628652972298166674e-07
1.234210264426853721e-06
4.537022951694847242e-06
6.955136395271773599e-06
1.007904201022596394e-05
1.150853596455862376e-05
1.324484568741462860e-05
1.369975668746597549e-05
1.463703508739377599e-05
1.455235748132282546e-05
1.486692662348660140e-05
1.356649932144221220e-05
1.136160634069337642e-05
6.161319379344695699e-06
3.192657925339667510e-06
1.855649471879285060e-06
1.281451877350565929e-06
1.119444366962410937e-06
1.270936322298815882e-06
1.714753722523838766e-06
2.557340241948450561e-06
3.976971434434780877e-06
6.313693925985815155e-06
1.030922330100669754e-05
1.782281333867794882e-05
3.514234809999770305e-05
8.973729638318613954e-05
3.284129545927561727e-04
2.661470260388364498e-04
4.814654803576640042e-04
-2.321295695039084683e-04
-4.742314672018210471e-04
-5.827145597074128141e-04
-4.238396010076057353e-04
1.934758287026572775e-04
5.973702125332664391e-04
4.492915402011391293e-04
-4.117263263005067236e-05
-4.887879749898114013e-04
-1.174989321510241399e-04
-3.590862326112600035e-05
-1.597203831595740039e-05
-8.316122264361598541e-06
-4.536557222071629282e-06
-2.503516348736411981e-06
-1.393054307643916567e-06
-7.832339726279740956e-07
-4.761033735036465728e-07
-2.737481717476393571e-07
-1.736203706509694975e-07
-6.668261572944907294e-08
2.918027504911321910e-08
3.565879484889462879e-07
1.220024701902823297e-06
4.528837052961537290e-06
6.949632481938427704e-06
1.007354083968362399e-05
1.150763014996363777e-05
1.324229036565432271e-05
1.370476366854486874e-05
1.464949287109473657e-05
1.454951981975208838e-05
1.486170410991841487e-05
1.357085036539719514e-05
1.135969750465053666e-05
6.158371878999692039e-06
3.190756554538453086e-06
1.863178502644785148e-06
1.303520541787942836e-06
1.122672126052025362e-06
1.258776799057209169e-06
1.723890204564839221e-06
2.564558412029584631e-06
3.963149432783468173e-06
6.292725337081486919e-06
1.021480333955106053e-05
1.738157942934510279e-05
3.281242750052323903e-05
7.506679046491504320e-05
2.190994734734967077e-04
-4.120509465032391890e-04
1.069107338473183666e-04
6.188917581912450243e-04
7.311896133217468327e-04
-4.573667168661356918e-04
2.724704785124670891e-04
-3.365983253620447794e-04
-4.608029777996696394e-04
3.781170974029920018e-04
5.677133696185329009e-04
-5.101816916289719350e-04
-1.109273074872675852e-04
-3.502214965737105432e-05
-1.554010480029718080e-05
-8.094850743685851825e-06
-4.438999988249643202e-06
-2.463024152615363840e-06
-1.386175359529818726e-06
-7.870122249913903623e-07
-4.732745818944651478e-07
-2.810720043775171634e-07
-1.899574814021866051e-07
-6.601689857951344830e-08
3.697897433261826591e-08
3.626915043233904859e-07
1.229188537619128619e-06
4.530663125941235346e-06
6.952458839936822897e-06
1.007591048978006461e-05
1.150174623666446594e-05
1.324149428696851696e-05
1.370559064230543357e-05
1.464723010795093866e-05
1.455589053388089406e-05
1.486715739080810961e-05
1.356679856190884479e-05
1.135821332518920080e-05
6.156041674381070161e-06
3.189040559196084041e-06
1.855375116494313605e-06
1.281213248634438370e-06
1.125400335522454901e-06
1.280752783132568294e-06
1.718433596430003513e-06
2.555891106833083679e-06
3.962897425742150865e-06
6.232084288583692715e-06
9.838686151519131860e-06
1.510906274567665456e-05
1.925013872641588366e-05
-4.987821398286595114e-06
-2.510713565703466630e-04
-4.713378433250079206e-04
-4.553964952099049312e-04
6.274271398493951480e-04
3.855134423291804103e-07
6.387916751623274030e-04
-5.574295561467109512e-04
-2.084583693751814175e-04
-3.262420683543509588e-04
2.155031387099783720e-04
-3.448540789769095546e-04
6.247998419515993608e-04
8.972769033903019295e-05
1.136010533925473274e-06
-7.308847156752633425e-06
-5.341032723404292631e-06
-3.172281535810085937e-06
-1.822887826484617237e-06
-1.103811445109946395e-06
-7.243598712670317070e-07
-5.700156394542481270e-07
-5.285261943011190940e-07
-6.379301300241293123e-07
-8.313649733412623629e-07
-1.388235612624058842e-06
-2.603031169497164494e-06
-4.369538025716021116e-06
-1.931754908920964298e-06
9.525397038475152394e-07
5.609088078983231992e-06
8.553951720977877470e-06
1.153135214730531767e-05
1.295806266149061042e-05
1.470717820206531376e-05
1.556966039267782846e-05
1.689503773852766544e-05
1.678757183143245266e-05
1.500042810916666622e-05
8.637762451637621806e-06
4.534661113039869672e-06
2.684226705372120480e-06
1.877768038987825641e-06
1.661246255833861847e-06
1.894203633841153643e-06
2.597086145912820424e-06
3.955252755474708490e-06
6.337006997334923951e-06
1.049894080031301526e-05
1.826030352724142481e-05
3.474097939029188492e-05
7.777090006954955450e-05
2.198074703214275875e-04
7.885209393605996332e-04
-3.286576659948716589e-04
-1.632495177503974276e-04
-3.858881041476313039e-04
-2.569103122744261373e-05
-2.328414876042575238e-04
5.642852453917196216e-04
-5.662597837555525919e-04
6.643402137185325891e-04
-3.980325533165746739e-04
1.813441429782027133e-04
-6.313988090221441191e-04
-1.161329874917532636e-04
-2.900211805050517019e-05
-1.146379682481172666e-05
-5.770674464393507986e-06
-3.169337871488329459e-06
-1.808163454139504734e-06
-1.091412723726177580e-06
-7.159607776219934717e-07
-5.753433188786581212e-07
-5.203946634674177055e-07
-6.205376525174902553e-07
-8.347149203991107492e-07
-1.396764454979035335e-06
-2.608487529450031639e-06
-4.383268760652535756e-06
-1.939645878068446414e-06
9.536879942456833236e-07
5.610210797146046454e-06
8.553893719956079272e-06
1.152664660638512870e-05
1.296164529355027029e-05
1.471932545600450183e-05
1.556389628459617296e-05
1.688523196113703715e-05
1.679228720471148808e-05
1.500020463146120895e-05
8.634780032676212967e-06
4.536456047914907404e-06
2.693049075233278932e-06
1.893579344964839132e-06
1.659048985805973495e-06
1.882212496322833021e-06
2.606641992471996854e-06
3.959788802095148494e-06
6.321021479618881033e-06
1.046803386360634864e-05
1.806567145350810054e-05
3.354057057714602408e-05
7.024648578319541271e-05
1.726232768434426783e-04
5.002009133364798124e-04
-3.893995560235362309e-05
4.478550329737049709e-04
-3.183678490703880097e-04
-2.978433570594105767e-04
-6.475633986190672048e-04
-3.348943106344888304e-05
-6.770058968879993618e-04
-3.721398970233291063e-04
-1.694648936030145579e-04
-7.567849557593996123e-04
-1.650315648699074943e-04
-6.493146370691625440e-05
-2.541712790475709555e-05
-1.154051785219709254e-05
-5.868325354048339814e-06
-3.184615162811472933e-06
-1.803030789080709239e-06
-1.091193258522972891e-06
-7.185680551798155063e-07
-5.746860871205828821e-07
-5.328613210687038970e-07
-6.421359549223954195e-07
-8.338658702304420255e-07
-1.385037168842539243e-06
-2.600617726503436004e-06
-4.372140872436300808e-06
-1.936179913233270828e-06
9.538605901785787542e-07
5.610642782482087623e-06
8.548927157330321407e-06
1.152643276366333080e-05
1.296199405013710410e-05
1.471738202750703395e-05
1.557343637248048628e-05
1.689325469910206556e-05
1.678427181046817331e-05
1.499500224902508108e-05
8.631889523433663612e-06
4.530603867315450345e-06
2.679767696510938189e-06
1.871328941536106884e-06
1.664900336786201887e-06
1.904272548503959904e-06
2.601974238012440975e-06
3.953822808057261855e-06
6.327212315388985537e-06
1.044520236456454075e-05
1.793551961807536080e-05
3.284426315497515251e-05
6.670517986938367559e-05
1.546481844621730895e-04
3.963622402772493613e-04
-4.495027993126432617e-04
-9.278390700551140990e-05
-3.560052884431499031e-05
2.415679548611050946e-05
6.445237960458508010e-04
-3.798819256138253773e-04
4.275001618585503086e-04
4.376886430696737252e-04
-1.750852536625095170e-04
5.991776664604933460e-04
3.487083091421787438e-04
5.718352933332823901e-05
6.609398702877381648e-06
-1.440364151047441135e-06
-1.820862408404843435e-06
-1.268568824514756962e-06
-8.462123610380793124e-07
-6.496752524783559410e-07
-5.711091453297516788e-07
-6.160062261277297525e-07
-7.229943415505886888e-07
-1.008970149213884739e-06
-1.477981795263308454e-06
-2.599908494431598420e-06
-5.194661885110000905e-06
-9.557941746467975568e-06
-8.659087541893943581e-06
-6.510422646641642436e-06
-1.049969559587222650e-06
3.511390568699717024e-06
8.268698266244700601e-06
1.110839622631973873e-05
1.400392886793410166e-05
1.604360978519136108e-05
1.854012260590092828e-05
1.966931014784119048e-05
1.818376546795617702e-05
1.066019979992622696e-05
5.543391655104135135e-06
3.295152837022288120e-06
2.330947203495793599e-06
2.102222863790525682e-06
2.433385417355232706e-06
3.386191070741424330e-06
5.196027603232753816e-06
8.313443024379849489e-06
1.350385177748906950e-05
2.207196826733843196e-05
3.596150902159747241e-05
5.738147951980132638e-05
8.444900375235712595e-05
8.653303901294205332e-05
-3.488900486707582622e-04
-3.532736470180580855e-04
-2.477581275003113565e-04
-5.871184593042692856e-04
5.833431675781973599e-04
-3.673935848073837094e-04
5.610070638728960985e-04
-2.043415250281311875e-04
-2.331273094689404021e-04
5.565642752911380362e-04
3.139321088676993088e-04
1.040196856833503373e-05
-6.530043738568733708e-06
-4.484794503712597697e-06
-2.451558336911226626e-06
-1.395237172630501842e-06
-8.762722821496962556e-07
-6.519485511221455351e-07
-5.645829860146093821e-07
-6.141598189515536531e-07
-7.122040311530223742e-07
-9.956265063563967957e-07
-1.485304563316669118e-06
-2.610775771688800782e-06
-5.199415883675923664e-06
-9.572162523443893670e-06
-8.669930385880524835e-06
-6.507720425926066464e-06
-1.045316029913199337e-06
3.513027420323571261e-06
8.265455468118851139e-06
1.111316018308108545e-05
1.401583271349442679e-05
1.603466473080784893e-05
1.852530403537289676e-05
1.967359418868669350e-05
1.818542457398643813e-05
1.065714174846247684e-05
5.547593579936819015e-06
3.303444065608429346e-06
2.339179241409478979e-06
2.094688362071005884e-06
2.421648810888803590e-06
3.394009493712362811e-06
5.197416831088083123e-06
8.302687608094377344e-06
1.350299263158251831e-05
2.202674448268909831e-05
3.554394425492412408e-05
5.379731161231654393e-05
5.416173903962300884e-05
-1.666454479988442269e-04
-5.541293737585613116e-04
7.445202210772378494e-05
-6.738923549581453875e-04
-1.904633296263927322e-04
-3.668712796761576717e-04
2.252246082109527901e-04
-2.440207608185508855e-04
-7.464531837904509609e-04
3.595629790730202596e-04
-5.753972630407857202e-04
-6.027926774303101962e-04
-8.747177034000005796e-05
-2.060577171136472615e-05
-6.648124452381164091e-06
-2.788703005111390205e-06
-1.433099890218828539e-06
-8.731448015814469781e-07
-6.498511825209726553e-07
-5.662114044696832071e-07
-6.172076158735734375e-07
-7.276070026968293548e-07
-1.016788341946910948e-06
-1.480882628234626605e-06
-2.595552837387843356e-06
-5.191637450340791518e-06
-9.560951283160981168e-06
-8.664143911854122108e-06
-6.506712383850438467e-06
-1.043549864499493298e-06
3.509750241467033710e-06
8.264176170229181029e-06
1.111173528708878308e-05
1.401472839671916139e-05
1.604871895629274043e-05
1.853753134267517965e-05
1.966267447939565340e-05
1.817638218222995515e-05
1.065393152145938754e-05
5.538115168470810066e-06
3.285505375204939881e-06
2.319093896907653236e-06
2.104936132395822465e-06
2.444864821849247364e-06
3.393010000883500488e-06
5.194756943373245907e-06
8.311320172278602962e-06
1.350492637306741782e-05
2.207916053857136531e-05
3.616196429047607001e-05
6.004840179202958412e-05
1.117916914018025920e-04
3.321542146402654458e-04
5.802801070244588150e-04
-1.657506813297137749e-04
-5.069234954099202791e-04
4.863483116243883485e-04
-5.254899446839165654e-04
-5.008956637876814041e-04
3.792677092727867968e-04
6.163282478010333534e-04
-5.944179797438761681e-04
-6.504770054847301827e-04
-7.946790721797612040e-05
-2.258971419059164057e-06
5.526662419469354619e-06
3.448035056153183754e-06
1.763149111094579130e-06
7.772580414994719303e-07
2.182802155431418040e-07
-1.464117836914542051e-07
-3.846523912560876907e-07
-6.283970472382257637e-07
-8.733612694520046045e-07
-1.308578648446093397e-06
-1.998740038142578722e-06
-3.563138225893898740e-06
-7.249269963437850581e-06
-1.372615670248989742e-05
-1.438806160986596531e-05
-1.390878092274705740e-05
-9.392935777440930591e-06
-4.322174363183415834e-06
2.429498284632188452e-06
7.357513834173007606e-06
1.209785238933443891e-05
1.588371225976657812e-05
1.996404106109034323e-05
2.245446601164191583e-05
2.091614401976488860e-05
1.206447517197311729e-05
6.089827450581153499e-06
3.601344757764584644e-06
2.581363578256873525e-06
2.396361434336509792e-06
2.847149464015870951e-06
4.042065198010776781e-06
6.263530443617313208e-06
1.003727597986423007e-05
1.614511784452299430e-05
2.552854477102292952e-05
3.794403910388096897e-05
4.521943868905755536e-05
-4.190636189815209114e-06
-4.013265360662392222e-04
2.060039552457878652e-04
-5.933966492328158863e-04
3.728786032336339328e-04
-3.154723618535784234e-04
1.056523371738332439e-04
-5.326067438103138270e-04
-5.184667337314990401e-04
-7.487202255179065688e-04
4.183012569284350621e-04
-4.470768669647370614e-04
-7.481473425092514343e-04
-9.445236314343521348e-05
-1.229396972068475902e-05
-6.098715080597661802e-07
7.639175879722836653e-07
5.182776521356074457e-07
1.471953587584049689e-07
-1.631691603099209594e-07
-3.823897090634774711e-07
-6.221882567160938444e-07
-8.607008691064581185e-07
-1.298041380418238901e-06
-2.007570854199024364e-06
-3.574905958104866149e-06
-7.254698997941639579e-06
-1.374303415269727728e-05
-1.440287982949046107e-05
-1.390536144017702626e-05
-9.385890678036391563e-06
-4.320986081681891612e-06
2.424808203219975157e-06
7.360099377521069066e-06
1.210731713738018048e-05
1.587229550130059351e-05
1.994430640822245811e-05
2.245526689346948415e-05
2.091685893251480556e-05
1.206241988476085204e-05
6.101538030553226906e-06
3.616455310185178667e-06
2.588963212419353804e-06
2.388881625254315984e-06
2.838631734512935563e-06
4.048244142076020236e-06
6.261536899464035372e-06
1.003484961925431036e-05
1.619991267869829834e-05
2.582778504522784862e-05
3.981203945392397829e-05
5.755786739870783712e-05
8.099584493363505436e-05
2.116666837818377946e-04
-6.902415661411386016e-04
3.641964991619365643e-04
5.838787648200100813e-04
-2.292253213662231580e-04
-4.635186219090557777e-04
5.815802353284513449e-05
2.798497683686717316e-04
-6.140998332507310853e-05
7.479956798805177665e-04
5.294094822531075642e-04
6.496269749683196643e-04
6.133004953450912791e-05
5.843390890284050403e-06
2.016399260934853475e-06
1.326324290060275849e-06
6.880354891567776527e-07
2.020838723715342573e-07
-1.447718561226999235e-07
-3.774318667062005425e-07
-6.258641462044361386e-07
-8.780240256494000562e-07
-1.318978829023382937e-06
-2.001512103445907564e-06
-3.558040401874662297e-06
-7.246452163569795886e-06
-1.373000106682794347e-05
-1.439355837851803871e-05
-1.390304564542156068e-05
-9.383058611930602803e-06
-4.322368886479458243e-06
2.423719850181918522e-06
7.359862857521595990e-06
1.211000289075488020e-05
1.589205697760974679e-05
1.996218864125020659e-05
2.244478514877113005e-05
2.090748611599968254e-05
1.206133839268108264e-05
6.090047211349465865e-06
3.595156870893521016e-06
2.571412444327145187e-06
2.400457348722743996e-06
2.858498697814368463e-06
4.047449006153157629e-06
6.258253380113814704e-06
1.003398206268467656e-05
1.616048888204653071e-05
2.559904081081326561e-05
3.830924756095422122e-05
4.741573270324736457e-05
1.016909446322568060e-05
-3.066241358510827402e-04
9.493299937186716706e-05
2.085741126085806352e-04
8.921724893909386308e-05
6.456410033695724913e-04
4.947145503607335969e-04
-4.817837304900727331e-04
2.543311152413220205e-04
3.089641171007387788e-04
3.166648078115175423e-07
3.683755828191642907e-04
4.969870902031831836e-05
3.543724087306042274e-05
2.253167226041585458e-05
1.180856892043075588e-05
5.917359849310192595e-06
2.823278028991648636e-06
1.204677027878621850e-06
2.985971843124440268e-07
-2.262189930440797501e-07
-6.416803205496173477e-07
-1.002691849364093643e-06
-1.560130245814311452e-06
-2.428482134026997809e-06
-4.339048892457724101e-06
-8.862377574830592269e-06
-1.691710129105567284e-05
-1.874747322138921399e-05
-1.988750133815075000e-05
-1.753166542804068443e-05
-1.438794050613730330e-05
-7.090213931206881158e-06
2.916692923881034454e-07
8.017564286232006928e-06
1.461344780334902374e-05
2.093681823881908796e-05
2.473337053640289976e-05
2.252379889631066844e-05
1.252145687878143274e-05
6.091430283807714187e-06
3.590957127800223812e-06
2.629974335035689296e-06
2.538112469123442046e-06
3.120631090990966446e-06
4.543808830765785195e-06
7.154897841500438072e-06
1.162547654735538756e-05
1.905664050089105215e-05
3.130045338211176270e-05
5.139589250125809107e-05
8.556284710368043298e-05
1.544162422970499573e-04
3.683605253734369513e-04
-4.763158980224434583e-04
6.300208934021760392e-04
-1.676688025198086582e-04
1.264631247094729716e-04
3.023785678592598425e-04
2.408852765230281711e-04
1.707910134351012016e-04
-4.887725441648239346e-04
-5.638964935424579158e-04
-6.848696135221822275e-04
5.568453922934151314e-04
8.690042843089577950e-05
1.913710731162635467e-05
8.957024728682256117e-06
4.910232458780254371e-06
2.516414456032240704e-06
1.114729533764039365e-06
2.733852079474789505e-07
-2.266746145090542936e-07
-6.315056357846494105e-07
-9.881188555906288865e-07
-1.551134983411370038e-06
-2.436221177010112430e-06
-4.348460349137367579e-06
-8.864861882175226589e-06
-1.693132217684878882e-05
-1.876009539228332953e-05
-1.987861927594781829e-05
-1.752063272169520231e-05
-1.438942710362813209e-05
-7.100718394213847936e-06
2.875474394565545486e-07
8.021328925430243153e-06
1.460017084323857932e-05
2.091704201510218209e-05
2.473897232725411825e-05
2.253351291871085713e-05
1.252635332399104996e-05
6.108226010872539156e-06
3.605126512103841200e-06
2.630192588506245375e-06
2.527798140559842396e-06
3.115227110577659664e-06
4.549302025651075945e-06
7.150531976732777871e-06
1.162544241355559360e-05
1.911457871020873854e-05
3.155740013039758188e-05
5.260598239335243257e-05
9.092822992222593284e-05
1.746269055108124824e-04
4.118820304002898951e-04
3.147938955502555957e-04
-6.642098215300004096e-04
2.326571701192324678e-04
-3.461940852139257317e-04
-4.810210913650425131e-05
4.193400208555310947e-04
-4.690735439796349642e-04
-4.644677849587089099e-04
-4.864833961833748546e-04
-4.111861305524449565e-04
-6.948539892187110103e-04
-7.904443330644008304e-05
5.495223447622362917e-06
9.438905593451182074e-06
5.709376691813736257e-06
2.858411595160202994e-06
1.230362850549338588e-06
3.124807058181152087e-07
-2.142843505629512661e-07
-6.357188103703029542e-07
-1.007866873388041381e-06
-1.572974024281381825e-06
-2.431074351221128675e-06
-4.332791821751203157e-06
-8.858606112132455965e-06
-1.692019184448491606e-05
-1.875201428247931913e-05
-1.987939564670170101e-05
-1.751969113259754253e-05
-1.438926830661271361e-05
-7.100538802828024650e-06
2.899261126432691472e-07
8.028687243416172156e-06
1.462546523811989443e-05
2.093960217886098557e-05
2.472636773751109320e-05
2.251899996192147026e-05
1.252356762904782521e-05
6.094990049227670483e-06
3.583279629414597819e-06
2.616858140442470607e-06
2.539867267317219745e-06
3.130835981896908499e-06
4.548717843608795396e-06
7.147998035986120596e-06
1.162028546929724595e-05
1.906753186392559784e-05
3.132097275149448555e-05
5.126291920096567373e-05
8.342044377661283984e-05
1.338923343337222857e-04
1.987569508127831543e-04
-1.927842702846943547e-04
-5.349133406204697972e-04
-5.271759425973289188e-04
6.323375016790223945e-04
-6.658972664462492171e-04
5.194235969895305951e-04
3.792485494874979273e-04
4.106392784255110773e-04
1.964317464555841424e-04
-1.916310323633645335e-04
5.800848845821695828e-04
1.488214862116665402e-04
5.031921233971202022e-05
2.075713630469639941e-05
9.311886982903669113e-06
4.239550784867648261e-06
1.816129122782975911e-06
5.455814276613693411e-07
-1.629483545923171944e-07
-6.920892446442100173e-07
-1.138785306890151015e-06
-1.798128848589653753e-06
-2.825517077857389086e-06
-5.044453450401849435e-06
-1.030348388164555852e-05
-1.969941860576040208e-05
-2.246548562670134714e-05
-2.482741971756761789e-05
-2.450689468159182829e-05
-2.461718741347210265e-05
-2.015793676387864612e-05
-1.223876350903773374e-05
-5.666555181442077965e-07
1.045056983537344190e-05
1.957992594539190089e-05
2.415929643129935113e-05
2.127143662990131924e-05
1.157420531285916995e-05
5.507179765982414805e-06
3.284187046614876946e-06
2.495711351229269666e-06
2.536237887802896882e-06
3.249860777214325936e-06
4.863583654322655713e-06
7.785985859947011767e-06
1.282465864287321549e-05
2.136791080748623919e-05
3.593889208720349259e-05
6.119062145411242925e-05
1.071358354036008393e-04
2.026275201658101746e-04
4.778951164850083161e-04
6.013717073956504787e-04
-6.881859318254185420e-05
5.945788190845615814e-04
2.728608163604510678e-04
4.483728899290524293e-04
-5.146532324360792885e-04
-5.970875923082444954e-04
3.395487878916364369e-04
-1.831527833064935181e-04
5.539237542895403352e-04
3.208691797625592697e-04
1.178664032469724205e-04
4.196550298740091159e-05
1.838391103044709264e-05
8.623090479867942328e-06
4.035182214660216433e-06
1.756379276203543740e-06
5.275929752526823890e-07
-1.628752682657455497e-07
-6.805580381634044385e-07
-1.125937670921675768e-06
-1.793308141951390836e-06
-2.833545689588300477e-06
-5.052412176331123200e-06
-1.030444290394789875e-05
-1.971281411619876171e-05
-2.247762883731210204e-05
-2.481364759528653671e-05
-2.449025029719376935e-05
-2.461678720104088034e-05
-2.016777132388534224e-05
-1.224508785085239684e-05
-5.664261379765002788e-07
1.043890351837140316e-05
1.956476516711503028e-05
2.417107574732908323e-05
2.128771900235777191e-05
1.158300357218973510e-05
5.525696200586424700e-06
3.294659982850473466e-06
2.486662622180045736e-06
2.521008074315775942e-06
3.244777401210526986e-06
4.865626598925380717e-06
7.778238131332062177e-06
1.282702055998438686e-05
2.143268546763893274e-05
3.621988998396219814e-05
6.244513626384223988e-05
1.120206720273426163e-04
2.145129799562357688e-04
4.319766102380522953e-04
-3.127649363823278394e-04
4.503391813700789617e-04
-4.014834223040155195e-05
2.079471322743032115e-04
-4.409506695975419759e-04
3.996929832611220939e-04
1.787768584042847848e-04
-1.124609809202689251e-04
5.695047823550992983e-04
-5.249905163738956011e-04
-3.597561170615128567e-04
1.572456124397071372e-07
3.433109505726906341e-05
1.993944376625484235e-05
9.720015371872074700e-06
4.474011912550340042e-06
1.902185952298509070e-06
5.768245822438870942e-07
-1.452954388138352436e-07
-6.826619661002389752e-07
-1.143579146863807905e-06
-1.811951004088913801e-06
-2.827555271358838196e-06
-5.037642385195850713e-06
-1.029963476277900871e-05
-1.970240457868388076e-05
-2.246868566034056970e-05
-2.481537049152873092e-05
-2.449052363554039247e-05
-2.461691452232794204e-05
-2.017098615685435623e-05
-1.224554158709436380e-05
-5.593508103668695201e-07
1.046338882521006255e-05
1.958453143851711549e-05
2.415162057412889514e-05
2.126613401672256752e-05
1.157775369057860044e-05
5.512465365726319518e-06
3.275820476830852706e-06
2.480586176770446615e-06
2.536047334783252973e-06
3.259335139750923041e-06
4.868714735417989004e-06
7.779861332821355738e-06
1.282318435985180091e-05
2.139964204397011297e-05
3.608920323946820295e-05
6.186470915584502486e-05
1.099488382054994602e-04
2.117810272359511219e-04
4.779657343651100179e-04
3.819628038953749773e-04
3.608222415102854122e-04
1.876224149818927554e-05
2.508808149422310854e-04
3.588460860869755603e-04
5.142662718320068676e-04
4.803098991791938835e-04
7.495897119648430333e-04
5.519314590267074576e-04
-5.805264584769640130e-04
5.661207223769667641e-04
1.679582705490125351e-04
5.471999012934688166e-05
2.127334228066000654e-05
9.223220984942448610e-06
4.135455708011176066e-06
1.741810105296987236e-06
4.776942861594483616e-07
-2.447261060884019745e-07
-8.075177982731490410e-07
-1.306405881708182380e-06
-2.056981234753592789e-06
-3.251361949015721191e-06
-5.807039405625405245e-06
-1.187162136199737268e-05
-2.274401885476047322e-05
-2.660759227969251598e-05
-3.018928128497040862e-05
-3.160197622179614069e-05
-3.436469006291177207e-05
-3.362071518063386466e-05
-2.862691573606085318e-05
-1.549515977433598693e-05
1.824303186722839640e-08
1.193497152447434323e-05
1.794768105538295007e-05
1.642977541591138298e-05
9.222429311931515291e-06
4.419843508926330772e-06
2.736734366345208626e-06
2.211184292995834914e-06
2.407005579216912017e-06
3.235464310247308322e-06
4.974110283889553661e-06
8.065751312558289070e-06
1.337751865657497798e-05
2.236920265088551210e-05
3.749010277090731891e-05
6.198412429837150343e-05
9.526186433150413667e-05
9.514927688604213644e-05
-2.853757054944545610e-04
2.407020484402658505e-04
5.324455311470372570e-04
-1.101661969232628138e-04
-3.553415930161471048e-04
-3.983152447116973006e-04
-4.990263924754440332e-04
-4.181141219503082792e-04
-1.377342423664564192e-04
-4.236864211083469730e-04
7.031135449955851755e-05
5.126928647727219948e-04
1.551304097564298369e-04
5.361233400670140754e-05
2.113873938539436475e-05
9.192422383899901200e-06
4.116751196451112501e-06
1.735123866288531699e-06
4.757209482284175471e-07
-2.394034101500871656e-07
-7.922899155565545044e-07
-1.293678788401630967e-06
-2.055389440192764864e-06
-3.260113029660852634e-06
-5.815435739693387512e-06
-1.187402333160635466e-05
-2.275988109883647661e-05
-2.662266842226249984e-05
-3.017435906101283841e-05
-3.158266835334882415e-05
-3.436193791403231317e-05
-3.362484441220170997e-05
-2.862822828751780013e-05
-1.549235632573571923e-05
1.027581857273452616e-08
1.192091293409022530e-05
1.795653681511526358e-05
1.644325864487735427e-05
9.229685651245687469e-06
4.437270652889830674e-06
2.743532075142734435e-06
2.195362825477015408e-06
2.389749748733886082e-06
3.232429453640922906e-06
4.973993462448802463e-06
8.057099917892577830e-06
1.338723884145305346e-05
2.246579966619330855e-05
3.798903669112047032e-05
6.484996581774952248e-05
1.123853028702752078e-04
2.018105579930286483e-04
4.145204741948881446e-04
-4.030254427370278097e-04
2.806506070421898084e-04
3.520465142184061474e-04
-2.493047731802739255e-04
5.521419032551980926e-04
-1.545241835943804616e-04
-5.021970419425363747e-04
5.142253849514387848e-05
1.429305701713397367e-04
2.011540520309233851e-05
5.813683129769384953e-04
1.387937024662150905e-04
5.331209877853293396e-05
2.272548087340947850e-05
1.011978528537806634e-05
4.503557050922437740e-06
1.868447750141924363e-06
5.208570137204229994e-07
-2.235121924313299604e-07
-7.960723199386164280e-07
-1.311265523739088154e-06
-2.071799173803255824e-06
-3.253767869713415509e-06
-5.801054973831887431e-06
-1.186900959018126722e-05
-2.274824965576495331e-05
-2.661082517964495904e-05
-3.017480848429810074e-05
-3.158201658859109326e-05
-3.436172201151520983e-05
-3.363313627061804815e-05
-2.863530832369112541e-05
-1.548977346977049814e-05
3.116295209517686748e-08
1.193865256899228007e-05
1.793720124533635863e-05
1.642318670912644646e-05
9.228323994100339332e-06
4.429731477665619519e-06
2.731741184594606470e-06
2.196819630985245148e-06
2.405607392270154404e-06
3.243653359344192123e-06
4.978526407062314978e-06
8.059973049590270875e-06
1.337940904006259228e-05
2.242403087036861975e-05
3.781148892353361821e-05
6.393329194878690880e-05
1.077299353808854840e-04
1.789093283903530414e-04
3.038848034982078892e-04
-4.088330693762560358e-04
-3.971643745028693431e-04
-1.514329713224102088e-04
2.694634136341359540e-04
-4.689789659332797541e-04
4.151046278020792727e-04
3.129749593992325733e-04
6.813556917477499265e-04
-5.013789170064201486e-04
2.941432958469084600e-04
-1.127698579168608881e-04
1.063803513092042052e-05
1.035216701265806069e-05
7.667559969949456195e-06
4.520898746711330322e-06
2.312655878479491521e-06
9.567809782670262061e-07
9.707637379965014089e-08
-4.690907735915424774e-07
-9.904668343263908627e-07
-1.516285303678346060e-06
-2.361096165900572310e-06
-3.755917324787465420e-06
-6.730244678727993506e-06
-1.380668695609587735e-05
-2.659391654614831136e-05
-3.205159231863941689e-05
-3.732515695116593704e-05
-4.070845782708565406e-05
-4.527459899166491028e-05
-4.536103368051456921e-05
-3.922476480122811507e-05
-2.569676851108443054e-05
-1.121157973505891560e-05
3.827092358058331007e-07
8.163283264999646798e-06
9.446551761924824596e-06
5.916276607117268279e-06
2.965946468951171259e-06
1.998778286179517660e-06
1.800337294878492721e-06
2.163587323195731728e-06
3.082775941120035389e-06
4.868574930849272260e-06
7.967790498350016268e-06
1.324210685081371903e-05
2.214277091897277896e-05
3.722527275110463054e-05
6.296639528705721652e-05
1.082952753578020225e-04
1.988482223745949252e-04
4.701416659118586787e-04
-1.507062936460793119e-04
-4.193924238827242620e-04
6.176773526441559168e-04
-5.585719163348968523e-04
8.652945688421691283e-05
-5.559393458572255402e-04
-6.689114193534283995e-04
-4.370406100430348356e-04
4.325457041095526721e-04
-2.318222120241103632e-04
-1.078538535252778928e-04
1.256320193368545969e-06
1.153860422649705993e-05
8.443546271318980279e-06
4.814044215270460131e-06
2.398662303982999685e-06
9.823291097854222385e-07
1.040431345190976669e-07
-4.633587882511825768e-07
-9.763809200017778303e-07
-1.506597603199139131e-06
-2.362696340465996564e-06
-3.762725173945313053e-06
-6.734497637236743449e-06
-1.380484435245633085e-05
-2.660566569172340110e-05
-3.206422760200573394e-05
-3.730720422741794321e-05
-4.068780013645611365e-05
-4.527324238694287206e-05
-4.536596638968378153e-05
-3.922782477328141216e-05
-2.569524199580589853e-05
-1.121498726653839654e-05
3.740312904496201654e-07
8.172738792528299337e-06
9.459198498346044567e-06
5.923107957995255294e-06
2.983085248536929242e-06
2.003968225871644797e-06
1.781087828599988885e-06
2.147240612347769175e-06
3.082982900124916370e-06
4.867181538504994596e-06
7.958724111712506787e-06
1.325293042868334599e-05
2.222687178287244402e-05
3.761853524276134503e-05
6.494637382088024079e-05
1.178743140416231133e-04
2.403353632746578277e-04
6.005878227859351697e-04
4.946284596576109053e-04
6.216515101332139659e-04
-6.455904034973060195e-04
4.845475713884694110e-04
-6.144011634117691302e-04
-5.191443105583390567e-04
5.141082813839826203e-04
1.360578342697979135e-04
9.197462276957631632e-05
2.758055655335375409e-04
-5.177241029825439388e-04
-7.023084732660308421e-05
7.147746920578036599e-06
9.835300982733824506e-06
5.746865215623690379e-06
2.785816888285077337e-06
1.113849434012153437e-06
1.473832537995506177e-07
-4.472639708401587432e-07
-9.788834169502488269e-07
-1.521340189095998413e-06
-2.375776320678783670e-06
-3.757733810098778093e-06
-6.724339810996808203e-06
-1.380477389417897204e-05
-2.659932934685537787e-05
-3.205582313541095111e-05
-3.731104880304700100e-05
-4.068853885085737463e-05
-4.527196482966420235e-05
-4.537450231771741286e-05
-3.923437268556727309e-05
-2.569120759331187636e-05
-1.119522164854193311e-05
3.902197574040639664e-07
8.153955310632455864e-06
9.439307283464632976e-06
5.921751857563863007e-06
2.977447109729335355e-06
1.996174993683677423e-06
1.786985192294823229e-06
2.161586996040741892e-06
3.090489380849419366e-06
4.873500722473215162e-06
7.963126891971532677e-06
1.324198192259229867e-05
2.217603113199970757e-05
3.737982047550137809e-05
6.357654634997162780e-05
1.098422544541360619e-04
1.929511377338032475e-04
3.203383049505994216e-04
-3.164240070456094891e-05
6.963362994049616343e-04
-5.779098569784274974e-04
5.933260395813711981e-04
5.584701550913498489e-04
-4.504943998151678033e-04
-5.536041532303407091e-04
-1.910360286730750686e-04
3.815044513630063902e-04
3.788424983286316173e-04
4.571961773138999907e-04
7.147808801019672807e-05
5.567659972821240932e-06
2.887466790074053030e-07
2.729093740417281572e-07
1.738821368237311091e-07
-1.039473016574474432e-07
-4.474480413517670000e-07
-7.824006697429048672e-07
-1.222998161371266590e-06
-1.766241856937633207e-06
-2.719015386472608223e-06
-4.362497560126566830e-06
-7.869883313578806153e-06
-1.624760696842319371e-05
-3.156260985725855222e-05
-3.927947031277887607e-05
-4.667877007398703602e-05
-5.155671173292253611e-05
-5.491542667134281385e-05
-4.995079894664416830e-05
-3.853614564456077498e-05
-2.572445555457565319e-05
-1.540215655760065685e-05
-7.719161615435308785e-06
-1.285139515886716090e-06
1.811373161474213386e-06
2.071305564213771884e-06
1.235538895068466335e-06
1.092415669605748091e-06
1.272106236375593075e-06
1.813319017779219829e-06
2.800468089934106967e-06
4.559393709441575925e-06
7.512889873683246950e-06
1.244430245553975621e-05
2.061426414555760602e-05
3.407223528791552262e-05
5.579596733751215204e-05
8.905804077833604383e-05
1.305003231465244596e-04
1.161327858307973173e-04
5.505165790258284770e-05
5.280818564434590270e-04
2.195904707936655845e-04
-2.556970297651734413e-04
-6.064055353670108877e-04
-5.781931112405929753e-04
-6.472177162910269874e-04
7.396367441326183760e-04
-3.001212251336709104e-04
5.235418245976057811e-04
1.697281410807892073e-04
8.819203404700129745e-06
-2.510081197757421721e-06
-4.233000783007999321e-07
3.532887549896442737e-07
2.380255642908011777e-07
-7.692552907334252703e-08
-4.396872439900961170e-07
-7.794958563532062947e-07
-1.212370587833988383e-06
-1.760552480191746152e-06
-2.723593984660825298e-06
-4.367275787017490422e-06
-7.871440603829196701e-06
-1.624488475443604797e-05
-3.157339401371122238e-05
-3.929162630998353788e-05
-4.665991326763807692e-05
-5.153543546429790182e-05
-5.491409998440778019e-05
-4.995523959649937075e-05
-3.854079166311886952e-05
-2.572445447654343132e-05
-1.540086279890341331e-05
-7.720070247340968201e-06
-1.272468200718267786e-06
1.825287207058271196e-06
2.077808149683531505e-06
1.250523772771647414e-06
1.094728784881893534e-06
1.249632748708852720e-06
1.798595054073302314e-06
2.804569053286333643e-06
4.558700716978935169e-06
7.505377878688206404e-06
1.245368714144259136e-05
2.067244782171126732e-05
3.433977841984639431e-05
5.726350403151648572e-05
9.759809846747725091e-05
1.834687167241678344e-04
4.719116504976046092e-04
-6.769813968828277111e-04
-5.972810490036361804e-04
-5.718955171040407924e-04
-5.084429171877634639e-04
2.812955051127755362e-04
6.838512587405352590e-04
-6.168534253938490501e-04
3.143722301303297144e-04
6.959896615392551725e-04
5.601442804317266098e-04
-4.536415525581225373e-04
-8.928172660071414038e-05
-9.659757639253884151e-06
5.469367385706905378e-07
1.175214175868570934e-06
5.872507808670658503e-07
4.171395379391969377e-08
-4.000328604863418217e-07
-7.621818060087738316e-07
-1.211831893570541439e-06
-1.771309222763066870e-06
-2.733562732127295379e-06
-4.365073965102570859e-06
-7.866221633612594747e-06
-1.624847672942627793e-05
-3.157019454619473039e-05
-3.928436342761586740e-05
-4.666453067774596115e-05
-5.153651840276900420e-05
-5.491278844848533896e-05
-4.996521050232049691e-05
-3.854790953217919502e-05
-2.572016937142889746e-05
-1.538326825849687927e-05
-7.706599118977363808e-06
-1.289458600603021453e-06
1.806840144859734356e-06
2.076269096767434349e-06
1.246312799080582251e-06
1.089968438614234634e-06
1.257927546825295574e-06
1.808833907117340549e-06
2.806248841365918607e-06
4.564609681156018555e-06
7.510513884101690003e-06
1.244574778179481899e-05
2.064766813703062325e-05
3.424106909606072080e-05
5.662998461229056744e-05
9.322601481113974636e-05
1.524066804632235054e-04
2.472089331759851159e-04
-3.602443158032857186e-04
-3.857246441791357017e-04
-1.816802696536510880e-04
4.994190702726508408e-04
-4.730766249222132696e-04
-5.141481704759534197e-04
-4.571822194137437805e-04
-4.704359561421295600e-04
3.669174272126213688e-04
-4.192039455302110844e-04
4.942336172799293836e-04
6.421707321657883511e-05
1.692610767148060291e-07
-4.444736095773029529e-06
-2.850172399382751932e-06
-1.644496865267984547e-06
-1.111828653042395225e-06
-1.004900438222466857e-06
-1.117263371413032627e-06
-1.474299822000663229e-06
-2.039905694362709941e-06
-3.117626221724549179e-06
-5.054064228523435728e-06
-9.191906355913002737e-06
-1.909898005549648389e-05
-3.736519131346177554e-05
-4.761805868967480088e-05
-5.638241344061783810e-05
-5.985309819880958227e-05
-5.722252220032652084e-05
-4.615784535346582928e-05
-3.365173231351513308e-05
-2.366145943022537933e-05
-1.685714622804007770e-05
-1.234778303533408350e-05
-8.311935481280769664e-06
-5.067175272919365786e-06
-1.886392079671273628e-06
-6.870273297031167330e-07
3.455083847063136855e-08
6.324304254411302184e-07
1.364322494947862768e-06
2.404810535679841383e-06
4.082039704873337636e-06
6.782602497875141026e-06
1.118636916662324464e-05
1.834370341463740004e-05
2.981247334486833528e-05
4.717670784457995775e-05
6.865872512660057549e-05
7.214404145784653391e-05
-5.164683397943902187e-05
6.287047517844776643e-04
6.226720051656962169e-05
-5.170627930543747106e-05
5.221682904182008188e-04
-4.029129891655170814e-04
1.851828745905051237e-04
6.242621193251170555e-04
-1.966686888991022819e-04
-3.724710686591091923e-04
-7.113708608169974504e-04
-5.890033101714491244e-04
-9.425986100369335694e-05
-2.198097182130511680e-05
-7.473251908552050884e-06
-3.198506683528103182e-06
-1.665748972533146228e-06
-1.100859738757038424e-06
-9.997007089859289458e-07
-1.116217724223833672e-06
-1.465195746944576830e-06
-2.036463104653360448e-06
-3.124619031847043762e-06
-5.057972658318913226e-06
-9.193568290911517896e-06
-1.909909049223843940e-05
-3.737764742360063613e-05
-4.763097768086707427e-05
-5.636366926339657617e-05
-5.983035325776510957e-05
-5.721722182667861924e-05
-4.615607280191478206e-05
-3.365350377734091996e-05
-2.366275226725920522e-05
-1.685634641910576880e-05
-1.234994995395105575e-05
-8.306063670343846788e-06
-5.058854055232351995e-06
-1.883560817535440561e-06
-6.760713236310940997e-07
3.359633348878483112e-08
6.065104651466034984e-07
1.349794566528187258e-06
2.411058837805137594e-06
4.081986993752934982e-06
6.776835787813658549e-06
1.119105011027216689e-05
1.835644480153739784e-05
2.981542986359694947e-05
4.699805676428644720e-05
6.633370597196463375e-05
4.891154180207993941e-05
-2.635240638979623401e-04
4.333794157491790739e-04
-1.932630307303508771e-04
4.406834649041826784e-04
-3.856390024276488602e-05
-6.909061720785335259e-04
5.641850656445642539e-04
-8.507218311531678857e-05
3.795137489920325630e-04
-4.676799615638765699e-04
-3.722782617217597996e-04
-5.329559134545217621e-04
-1.177748973211634192e-04
-2.651966058447523432e-05
-7.409857178326285853e-06
-2.782658352469470302e-06
-1.443205804937432846e-06
-1.019505748059255285e-06
-9.714241789952192051e-07
-1.101109333718813130e-06
-1.463582643912661575e-06
-2.043856891490621425e-06
-3.130665963014449358e-06
-5.056415217486963501e-06
-9.189348373856068541e-06
-1.910084116920886889e-05
-3.737246497226219782e-05
-4.762127460967154698e-05
-5.636687899141057758e-05
-5.983245628140256624e-05
-5.721885159663900468e-05
-4.617163516819474886e-05
-3.366673333828739946e-05
-2.366208781300080610e-05
-1.684124698629973593e-05
-1.233647704876204519e-05
-8.314484993132975553e-06
-5.068673647786182178e-06
-1.880776525582862778e-06
-6.760777971472941645e-07
3.353938568003154134e-08
6.184913221881396290e-07
1.356989898068249975e-06
2.407180144826553787e-06
4.085968389205995797e-06
6.781477963947203060e-06
1.119030013231166099e-05
1.838705103800580064e-05
3.004650127033691494e-05
4.839295246112527624e-05
7.477026328836538409e-05
1.010196700670918762e-04
6.922622749185624908e-05
1.758711390142251500e-04
4.833601005423144984e-04
-2.619808787036533872e-04
-5.652674717798543804e-04
3.770567218780040855e-05
-3.320614780163391082e-04
-7.173326582339170209e-04
-3.269089349579257990e-04
-5.119543986717422232e-04
2.938577109159444013e-04
4.335258183613461712e-04
5.686503743312537775e-05
-1.909372385241832538e-06
-7.112293364088747595e-06
-4.925152345801544006e-06
-2.987733760786588955e-06
-1.920876200740677120e-06
-1.481869577218397302e-06
-1.419032347915548819e-06
-1.709904640857055069e-06
-2.308096252921578131e-06
-3.519811277972754544e-06
-5.765307607766712044e-06
-1.055253797293559307e-05
-2.197140484973278890e-05
-4.293624514873458818e-05
-5.486200773089414909e-05
-6.234235095865523824e-05
-6.077701383359725634e-05
-5.209257244664497255e-05
-3.959247392964462993e-05
-2.922213010406725194e-05
-2.223062216371554490e-05
-1.814885751530510819e-05
-1.591004046280420077e-05
-1.384095243439392893e-05
-1.097377942915055978e-05
-5.716264843022461051e-06
-2.701983631965191232e-06
-1.127853992784117252e-06
-9.313514424111375121e-08
8.369583942412141740e-07
1.921985494991481373e-06
3.483588657166325322e-06
5.868912634305754040e-06
9.660985487920268152e-06
1.581079470604683198e-05
2.604433976145716523e-05
4.384834447386891501e-05
7.763812402199536894e-05
1.514773532713878238e-04
3.401867682554973846e-04
6.434880828341236775e-04
3.420867117271181768e-04
-3.390431162425907208e-04
6.172860378245922930e-04
-4.884108298942422969e-04
-4.725721764635598438e-04
1.802830351616966015e-04
4.519369652482525877e-04
-6.274866926606741677e-04
9.260948220170508636e-05
5.074338212859404651e-04
5.288339194719759984e-05
-6.616787517461540886e-06
-8.181876082874619773e-06
-5.098645097705932704e-06
-3.008717442245544313e-06
-1.914787479187690083e-06
-1.478575954947429363e-06
-1.420100527872148821e-06
-1.702200533427179584e-06
-2.306516580247133580e-06
-3.528544014338949941e-06
-5.766642737527560392e-06
-1.055077745803342818e-05
-2.196865916970914260e-05
-4.294293091492791721e-05
-5.486972284891805738e-05
-6.232203377530449735e-05
-6.075427460343021295e-05
-5.208621448561031204e-05
-3.958869385298997764e-05
-2.922491586541906762e-05
-2.223560493876876551e-05
-1.814910036759095601e-05
-1.591381117265687180e-05
-1.384206294993663904e-05
-1.097136081621305404e-05
-5.717870096506044454e-06
-2.695017696398638542e-06
-1.129416742767029519e-06
-1.186284785198954644e-07
8.242441135307350870e-07
1.929201792375811822e-06
3.482452393391629605e-06
5.862999307170396504e-06
9.661094642881267868e-06
1.579923467475754441e-05
2.595955557080793221e-05
4.342121825280786528e-05
7.571207423622866486e-05
1.449125134238919948e-04
3.415461255175032099e-04
3.395777137792845707e-04
-4.405595351899271872e-04
6.063347762794140533e-04
-4.418938111484478409e-04
4.276398821080718791e-05
7.235815074763087473e-04
-4.049931410841297067e-04
-4.235738232469000715e-04
2.294861148396692865e-04
5.852851431612267471e-04
-3.478424068818534130e-04
-7.443148588227200418e-05
-2.181109867959712544e-05
-9.512267864712383366e-06
-4.958208238911706289e-06
-2.864037094439616567e-06
-1.858587091502995432e-06
-1.458191842950731506e-06
-1.405369180117031929e-06
-1.697635387716295948e-06
-2.307662543920885028e-06
-3.527410702741792026e-06
-5.763558118158420655e-06
-1.054743934240815786e-05
-2.197139209230777613e-05
-4.294209112940466444e-05
-5.486474718633630333e-05
-6.232954683556826074e-05
-6.076136068963358645e-05
-5.209023457661095453e-05
-3.960435396855388555e-05
-2.923770809919538623e-05
-2.223400786897760585e-05
-1.813603540649710456e-05
-1.590260783345172430e-05
-1.384491031372895299e-05
-1.097550930558927867e-05
-5.712945661238498548e-06
-2.693149699504119353e-06
-1.127814902447025323e-06
-1.052099794293773497e-07
8.284820132400024058e-07
1.921786966689379268e-06
3.486558099001527564e-06
5.869155046942116045e-06
9.667342517012219013e-06
1.586416196920299238e-05
2.635333118311505745e-05
4.561765857284042733e-05
8.785058437378884136e-05
2.111455821048587663e-04
6.956623115588640976e-04
-4.973542947500268849e-04
9.418346945920743230e-05
4.371152363249229201e-04
3.514834600266912015e-04
-4.295278650438109111e-04
3.853267721091798857e-04
-5.244149571614636516e-04
5.654149818794037153e-04
-5.335083083950490019e-04
-4.571595870207158956e-04
-4.936572814492038884e-04
-1.106027051037057651e-04
-3.749153994193734957e-05
-1.515196757097913095e-05
-7.351763121892992122e-06
-4.063492802966687441e-06
-2.520374942248273393e-06
-1.839834386322512407e-06
-1.652149259942246961e-06
-1.895485194466034746e-06
-2.528104296040464781e-06
-3.857454296161844420e-06
-6.367613164735867208e-06
-1.166787791055292981e-05
-2.411809330496943155e-05
-4.636600741608804422e-05
-5.775010598384102133e-05
-6.115416545814480239e-05
-5.466539556563210174e-05
-4.414580639553072509e-05
-3.358102894911835326e-05
-2.620564948190722110e-05
-2.190399502478478577e-05
-2.010341844395843532e-05
-1.969318505455397900e-05
-1.915474341118305970e-05
-1.646315432787172841e-05
-9.362470587093599540e-06
-4.676690759546820421e-06
-2.292925304247686401e-06
-8.380092629197813190e-07
2.780523073751635805e-07
1.395574180658368817e-06
2.821469100689713243e-06
4.849918940449886754e-06
7.913890217959293751e-06
1.266902705224303624e-05
2.024312757135050600e-05
3.285771671195892668e-05
5.538407775683317538e-05
9.654034952807436496e-05
1.403504641109760737e-04
5.944420655212176137e-04
-9.173126589313635902e-05
4.969794142712978622e-04
-5.368519654328901807e-04
-2.627414624994791822e-04
-5.187184104642123591e-04
4.638080072989149601e-04
-2.954160833231046063e-04
-4.861807834308401227e-04
-3.287860457743500418e-04
-2.303190928216846528e-04
-5.077182895958963016e-05
-2.082601763935189676e-05
-1.147924682060188313e-05
-6.594948788623266014e-06
-3.915119094232653716e-06
-2.484151492397488930e-06
-1.831247245464173316e-06
-1.653249010577192834e-06
-1.887536564527535299e-06
-2.526616868127498228e-06
-3.866749407910977097e-06
-6.366595077752355829e-06
-1.166408107568391210e-05
-2.411431636656616016e-05
-4.636853860659917464e-05
-5.775422563601393148e-05
-6.113644324243268520e-05
-5.464909844716542970e-05
-4.414451912535429905e-05
-3.357901564043227973e-05
-2.621002033793385993e-05
-2.191178575553188936e-05
-2.010221916004162790e-05
-1.969474383538270427e-05
-1.915855634457741376e-05
-1.646353741964881994e-05
-9.366168256565098288e-06
-4.671566400522613789e-06
-2.291606235577137828e-06
-8.568512926424909295e-07
2.733880435629857256e-07
1.407985504686487639e-06
2.822172392423542804e-06
4.845392838942700955e-06
7.911470479896697599e-06
1.264306494299708844e-05
2.009304079044262352e-05
3.204229378037134996e-05
5.094458274933466704e-05
7.293625731729169530e-05
2.306724497620833673e-05
-5.148083517259817356e-04
1.688303609491817524e-04
-8.189564308597507066e-05
5.190587063537781785e-04
3.408445590902942210e-04
5.747368312184040649e-04
6.174631532851960125e-04
3.000401067054191931e-04
5.426684442053041069e-04
3.688954826713577409e-04
-2.990854979422482933e-04
-9.833841767705138513e-05
-3.195513708598159239e-05
-1.341627036491956634e-05
-6.796473360162924236e-06
-3.885489430268454695e-06
-2.463753578995605893e-06
-1.822072391353488026e-06
-1.641391813608419446e-06
-1.883220125137956761e-06
-2.525150188984747081e-06
-3.862276947127011507e-06
-6.365529580519362086e-06
-1.166415644837833113e-05
-2.411941987088042820e-05
-4.637247799626871493e-05
-5.775248170993778596e-05
-6.114310864068258483e-05
-5.465292257122888911e-05
-4.414149880229660262e-05
-3.358752580461693039e-05
-2.621860946895681439e-05
-2.190751605538903652e-05
-2.009176548538238848e-05
-1.968821753095849537e-05
-1.915957151252067233e-05
-1.646626057014776248e-05
-9.363247097651127403e-06
-4.672381270321760257e-06
-2.293381680065430296e-06
-8.475656780757346492e-07
2.699297322635687702e-07
1.393817012869885245e-06
2.823864242427035754e-06
4.851328386744261474e-06
7.919777307838959791e-06
1.271070166525976777e-05
2.047089236654021178e-05
3.407572058635371042e-05
6.194303599257320648e-05
1.329362234740332264e-04
3.566905201845356932e-04
-3.336675693749888909e-04
1.997550151752880291e-04
5.090564886621793241e-04
5.803401558078803138e-04
-3.239228668013834165e-04
-3.251530573515105395e-04
-4.148204836219768731e-04
7.079962068982708842e-05
1.261891417510099312e-04
5.636345251970328136e-04
-4.279594403267068456e-04
-8.394295449106323117e-05
-2.687453344698158194e-05
-1.266389194553814364e-05
-7.144708107729800457e-06
-4.346312758495909109e-06
-2.818073593114819967e-06
-2.052115866435536686e-06
-1.794165680161466851e-06
-2.001017801737232144e-06
-2.652825582025558882e-06
-4.049498534884582679e-06
-6.706696116520680875e-06
-1.220986612169820080e-05
-2.475514413661961770e-05
-4.601860168567161521e-05
-5.469751310646800104e-05
-5.403743255110856968e-05
-4.592875423661136317e-05
-3.684626580140994769e-05
-2.920716131375480738e-05
-2.467473422038942709e-05
-2.275688209109830507e-05
-2.310703161487896579e-05
-2.444047880374456685e-05
-2.512027251694859951e-05
-2.204673202255957843e-05
-1.277130004008825253e-05
-6.433965421075833556e-06
-3.314937122901026638e-06
-1.501958212039731784e-06
-2.393115522840366785e-07
8.914124591917882034e-07
2.180968651718278279e-06
3.870544674433625490e-06
6.224834627618713977e-06
9.496481735387088941e-06
1.377851044027407959e-05
1.873102070439519300e-05
2.443588111920520889e-05
4.762807907433126258e-05
2.763709897345298589e-04
5.961783727551580626e-04
1.218843849590170431e-04
-6.447562846645589789e-04
-6.169133308774680776e-04
4.115869722443541161e-04
3.481649242494747336e-04
3.164008074952692653e-04
2.916409932318274789e-04
-6.670297538412215147e-04
9.513380728868674446e-05
6.673996357184282550e-04
8.250407041436919509e-05
-1.179936381751178111e-06
-8.522632144684577182e-06
-6.493339424523644255e-06
-4.254680045845278355e-06
-2.799729103743675730e-06
-2.048644185965602148e-06
-1.797272826926952657e-06
-1.992987859373928118e-06
-2.651170106240053270e-06
-4.059043086608364719e-06
-6.704093802210956170e-06
-1.220616027238320449e-05
-2.475417417203007729e-05
-4.602351182409375089e-05
-5.470618439818357253e-05
-5.402956126885120701e-05
-4.592131906916596836e-05
-3.684791889165010885e-05
-2.920361122748054336e-05
-2.467709113163452735e-05
-2.276451863813447787e-05
-2.310205126751076828e-05
-2.443677068433607931e-05
-2.512205564834786589e-05
-2.204427454720057412e-05
-1.277162807507937390e-05
-6.428268303427836171e-06
-3.312591016268809160e-06
-1.518287748907887985e-06
-2.422744470073417074e-07
9.024014419315644730e-07
2.179561337405637404e-06
3.866235440458329692e-06
6.223989594387152699e-06
9.480511058996902082e-06
1.368030324036510933e-05
1.804086606732009394e-05
1.913713470764523913e-05
5.455263225857244776e-06
-6.357555724877186627e-05
6.683395670247608026e-04
-7.540844962414768645e-04
-1.843563299250526859e-04
-6.392685595173184555e-04
-2.330968195705324715e-04
-3.381478368542312706e-04
-2.204170027921353522e-04
-3.539633099338184634e-04
4.368103758819026302e-04
4.663016738125562270e-04
-2.341206869913619790e-04
-6.205625344458696254e-05
-2.301970584066673523e-05
-1.204272322731813583e-05
-7.038211499115758178e-06
-4.323959106524334690e-06
-2.811609992846504120e-06
-2.051058158133585764e-06
-1.790690975764594241e-06
-1.992248615439835855e-06
-2.650666547526597179e-06
-4.054724573519575515e-06
-6.707152057715050781e-06
-1.220894944304603286e-05
-2.475704305202720774e-05
-4.602323697892402927e-05
-5.469720665741967377e-05
-5.402831462812062005e-05
-4.592144196751746422e-05
-3.684215217894158488e-05
-2.921041742073582766e-05
-2.468674576557032443e-05
-2.276248651915217802e-05
-2.309881051937386803e-05
-2.443772007293653955e-05
-2.512246351820201189e-05
-2.204600339053247894e-05
-1.277100513171518917e-05
-6.431358588485280501e-06
-3.315251860264740691e-06
-1.508888440571090643e-06
-2.472231960354695171e-07
8.874927975736296606e-07
2.181945426415419743e-06
3.872471184287193568e-06
6.230135590020913672e-06
9.526309923903325335e-06
1.391048478403871186e-05
1.915649068954213062e-05
2.434309626859119970e-05
2.793328237760288649e-05
1.891529287729315500e-05
-5.928652526157943137e-04
-3.802651367039877215e-04
1.011548839842387826e-04
4.041734334947312893e-04
5.238044747695972270e-04
-5.237435792694058968e-04
-3.597033004669967235e-04
-2.453995318103892233e-04
7.248957839516943910e-04
-5.481575028758674294e-04
1.995720002354341963e-04
8.156994616731433228e-06
-8.330634975372725671e-06
-8.827238047336876444e-06
-6.529890483277090140e-06
-4.417299271321319028e-06
-2.974527431805151978e-06
-2.158257536946845470e-06
-1.843781424787648937e-06
-2.004733612830767379e-06
-2.639076088816092040e-06
-4.019198073979423868e-06
-6.647664423314873607e-06
-1.194490639878307889e-05
-2.353409660299557359e-05
-4.189357052593854509e-05
-4.744557738124133262e-05
-4.490103200508626014e-05
-3.779303448965534235e-05
-3.125810902474620586e-05
-2.643036456874052156e-05
-2.445622061267255725e-05
-2.479629664405211050e-05
-2.733795139142251802e-05
-3.032604428584757957e-05
-3.169414721118389485e-05
-2.738019511572233465e-05
-1.556023919610439766e-05
-7.717218262394712227e-06
-4.035610097986109455e-06
-1.988323448954523566e-06
-6.499763041084561505e-07
4.669197708805666782e-07
1.642243807834525777e-06
3.093807833403421743e-06
5.000397526231850852e-06
7.397972918819411581e-06
9.633559732728224308e-06
8.174560517065799505e-06
-1.337691398924892309e-05
-1.343753271341927003e-04
-7.772503232701187363e-04
4.131271925123280227e-04
-4.787671895556636651e-05
-3.720879803742466315e-04
-1.832272129595235500e-04
-3.586588566617911265e-04
-3.626923607285358715e-04
-3.553545688984252214e-04
-5.580283502118963930e-04
3.222949983086938371e-04
-1.235310340624971740e-04
3.170149636809922755e-04
5.818657871600820165e-05
1.573422172304967444e-06
-7.244327214839573205e-06
-6.382438792618515509e-06
-4.438955002749945409e-06
-2.983895405871835858e-06
-2.163847339870973300e-06
-1.851724755156119505e-06
-1.999609391876733904e-06
-2.640565310052442689e-06
-4.032142462222154703e-06
-6.646642436035046214e-06
-1.194249131374252152e-05
-2.353363902511133982e-05
-4.189458647517888879e-05
-4.744998115526879919e-05
-4.489446685159079311e-05
-3.778723095983267557e-05
-3.125751151926383140e-05
-2.642291190783751313e-05
-2.445526019551147746e-05
-2.480436851735250302e-05
-2.733330025490517834e-05
-3.032201530517443405e-05
-3.169878928344967438e-05
-2.738084509237525185e-05
-1.556276844044478480e-05
-7.715508437332390209e-06
-4.034710708672157889e-06
-2.000984772578904894e-06
-6.495601035242262599e-07
4.771465266313422065e-07
1.639095390451790552e-06
3.090026826976048946e-06
5.005306588189986031e-06
7.423847550418615416e-06
9.830791661494277708e-06
9.540024290672648294e-06
-4.041480324091298677e-06
-7.010729333156976611e-05
-3.275228023329710705e-04
2.055089154523251631e-04
-3.053948550062555306e-04
-4.721285341184171822e-04
-6.210381220480573963e-04
-6.790647083356722916e-04
1.182013455103079477e-04
2.860595693036004842e-04
-1.905305840987663501e-04
2.229758698988119588e-04
2.619443804165502146e-04
-1.405269328130644515e-04
-3.994359083971268611e-05
-2.189381558650519747e-05
-1.239458451043047127e-05
-7.473387708883535174e-06
-4.666694223899111544e-06
-3.039958535916060360e-06
-2.177442354906511400e-06
-1.847555123452208708e-06
-1.998569391800954616e-06
-2.636296667424506174e-06
-4.023018560861907533e-06
-6.649145531244734600e-06
-1.194578261692371196e-05
-2.353688940552769762e-05
-4.189917004581524457e-05
-4.744721714372491150e-05
-4.489789128205929947e-05
-3.779158589186681260e-05
-3.125295212229567654e-05
-2.642882379708305830e-05
-2.446549539125773996e-05
-2.480361892204606994e-05
-2.733488118838374548e-05
-3.032633597798035173e-05
-3.169422252174031060e-05
-2.737633320500628754e-05
-1.555853422871416932e-05
-7.715667100887190109e-06
-4.035397891104109259e-06
-1.991872664473932176e-06
-6.563945401334651498e-07
4.620596912054291938e-07
1.642658583432168877e-06
3.097198400519499163e-06
5.009732955129130047e-06
7.451463400138631282e-06
9.958930483675690245e-06
1.016135585351880479e-05
-1.033395239495347955e-06
-5.546924983356506391e-05
-2.519798272093672423e-04
-4.483726469359815064e-04
4.789871793286535435e-04
-6.950417708970538493e-04
-6.957327486596364676e-04
1.081461603022058061e-05
-5.081435974711867457e-04
-5.429821891528734991e-04
-5.691964596471987782e-04
3.070177149730311697e-04
-3.214842092558057988e-04
-3.926782590955953849e-04
-7.337488691729293720e-05
-2.015712042862557839e-05
-1.121144990463797220e-05
-7.307869544444763029e-06
-4.761987624047781443e-06
-3.128331461010273094e-06
-2.196434541329585274e-06
-1.806789070778311850e-06
-1.898550024405083023e-06
-2.466062833195792673e-06
-3.730873160512605894e-06
-6.145389454431144566e-06
-1.088309705001096582e-05
-2.086139849709399844e-05
-3.578290592899753330e-05
-3.926874797523324817e-05
-3.672002813699968220e-05
-3.152394200096334046e-05
-2.748080236516777390e-05
-2.510698645753407272e-05
-2.550186731615908991e-05
-2.810762198543041520e-05
-3.282135645942208186e-05
-3.693372107309530371e-05
-3.779826914082910267e-05
-3.131749925210294144e-05
-1.715984923347542836e-05
-8.306933983893371751e-06
-4.356948379950199023e-06
-2.242698765664643677e-06
-9.162994504447335201e-07
1.518094939317518274e-07
1.235982518578081573e-06
2.572801525589192395e-06
4.401450854649347253e-06
7.020831611950250877e-06
1.077141753950481649e-05
1.606749113181971277e-05
2.335689611106647591e-05
3.243195106483434442e-05
3.327416611694838992e-05
-3.483702032010707974e-05
-2.946233900838315435e-04
5.691211833125743363e-04
4.249756612914518984e-04
-5.578379302235038492e-04
1.888540620300244730e-04
2.491065696172629950e-04
-3.504102390469228823e-04
-5.144183233197453190e-04
-2.162790301472013524e-04
1.172117252679790150e-04
2.806656111005224805e-06
-1.330824035464181420e-05
-1.100353922572656969e-05
-7.508248196094488520e-06
-4.858137673887494745e-06
-3.152580082539111123e-06
-2.206108848845379806e-06
-1.816206394534159283e-06
-1.893703990861088656e-06
-2.468352923202991405e-06
-3.744775947594080760e-06
-6.144708772768428993e-06
-1.088025148453986028e-05
-2.085791261296589394e-05
-3.577475683648000912e-05
-3.926358134552129629e-05
-3.671131319808866079e-05
-3.151816118447699206e-05
-2.747866893805345518e-05
-2.509904456603082590e-05
-2.550079805357690344e-05
-2.811851224561462623e-05
-3.282101298810102878e-05
-3.693370572155152350e-05
-3.781072193788039991e-05
-3.132588864868841725e-05
-1.716501415179631787e-05
-8.305808955559605591e-06
-4.353110264983961593e-06
-2.247600725792439839e-06
-9.098688670225106419e-07
1.635647893618654698e-07
1.233602935842915614e-06
2.570613926154597398e-06
4.406442102652339365e-06
7.041237648666258126e-06
1.093508394535006878e-05
1.718250989771635782e-05
3.071488069967267208e-05
7.971743011309098616e-05
3.265471994509952188e-04
-4.360709378998849713e-04
4.583676109497477670e-04
2.845215442174328733e-04
4.047419478908715544e-04
-4.761179331092751455e-04
-2.811622469890985012e-04
5.390044800293987632e-04
-5.961675705941900470e-04
3.829162113328600839e-04
4.786893312748418923e-04
-4.162981409032674111e-04
-9.731033126590461519e-05
-3.436332309322418161e-05
-1.568004300751374799e-05
-8.576135668955743843e-06
-5.110337754685207685e-06
-3.221937617518011888e-06
-2.223608887883163908e-06
-1.813510312139625346e-06
-1.892941186056037605e-06
-2.461276422541079847e-06
-3.732280129133078674e-06
-6.147856205460194158e-06
-1.088590766431085356e-05
-2.086379700149517256e-05
-3.578558841178663150e-05
-3.926760707880741930e-05
-3.671956376870801937e-05
-3.152661416185674318e-05
-2.747536429879234539e-05
-2.510196676866108647e-05
-2.550813090147414613e-05
-2.811613689852785977e-05
-3.282403294067625158e-05
-3.693765653802002396e-05
-3.779874036537234815e-05
-3.131464241961443159e-05
-1.715992622000950927e-05
-8.308078518844452378e-06
-4.356881417009205964e-06
-2.242985722545624362e-06
-9.211094761448953874e-07
1.457707243452347145e-07
1.235064787113292454e-06
2.576064479434242235e-06
4.409156389983042881e-06
7.061506174311805340e-06
1.101955299712757924e-05
1.755477329429700611e-05
3.218122762065797447e-05
8.440557307735681184e-05
3.383145143552568866e-04
-4.863770850912322598e-04
5.998658384806192364e-04
2.798252172389324483e-04
2.928737381971416786e-04
6.312499475098795436e-04
2.760816135876200186e-04
5.118625043272518075e-04
4.907741793307949249e-04
-1.868605563892884118e-04
-9.102240917818243602e-05
4.311401673983651303e-04
2.994195923890785875e-05
-1.281490435858411460e-05
-1.251063373034092005e-05
-8.319585500509784511e-06
-5.165867952840162408e-06
-3.225365753417765790e-06
-2.148181627412743044e-06
-1.676594760014188876e-06
-1.682151780617442930e-06
-2.138840861887090465e-06
-3.202101827222838880e-06
-5.258640847859106958e-06
-9.234235364355910955e-06
-1.746715006043792951e-05
-2.949817660743240467e-05
-3.213124165108883633e-05
-3.039139003488234929e-05
-2.706962659305911379e-05
-2.516794094338897195e-05
-2.495568996339534744e-05
-2.765803062159664677e-05
-3.246468695496545928e-05
-3.877331845056116447e-05
-4.240638169894395696e-05
-4.107237401902554468e-05
-3.232544337173033427e-05
-1.711997662301099448e-05
-8.124158189769869012e-06
-4.271269469411047490e-06
-2.264552171684143137e-06
-1.037558716687657328e-06
-6.191561164512901408e-08
9.227748686849200265e-07
2.176035263595354171e-06
4.017375470646193836e-06
7.020073935405547439e-06
1.234412391559258228e-05
2.289600746972226132e-05
4.721480346839846814e-05
1.154255965517512079e-04
3.523986004025923043e-04
-7.576896657052448918e-05
-5.242613706951322920e-04
-3.599723295810496417e-04
6.139627045321935589e-04
3.903815358473204829e-04
5.090289205062496942e-04
-6.957920079590597167e-04
-5.309387414186832882e-04
-5.667996610262156362e-04
-7.432097765022527888e-04
1.989327697523335956e-04
2.654428670363284865e-05
-9.173390865803201027e-06
-1.149369353760682999e-05
-8.148487991141655409e-06
-5.150613806464122146e-06
-3.220423427755269711e-06
-2.150773751109301962e-06
-1.683034677833862355e-06
-1.675140748297473171e-06
-2.139475055773220643e-06
-3.213558504927139246e-06
-5.255642965978176543e-06
-9.229996789610591995e-06
-1.746395222100042966e-05
-2.948860188621764712e-05
-3.212546242250005987e-05
-3.038873418541150292e-05
-2.706903506639806258e-05
-2.516647113085636941e-05
-2.494860334944225163e-05
-2.765719894704237258e-05
-3.247545765859856907e-05
-3.877070958817866478e-05
-4.239946549453930919e-05
-4.107944130919367399e-05
-3.233027953685570970e-05
-1.712181907573060485e-05
-8.123588940631663530e-06
-4.268397291038058983e-06
-2.266493905283752271e-06
-1.029975006359712716e-06
-5.238912426696644138e-08
9.186519024649931373e-07
2.172564415669787857e-06
4.013706811602849904e-06
6.985822429857549747e-06
1.217798969331209597e-05
2.200685033119318670e-05
4.254623540287991016e-05
9.205539389522295599e-05
2.478337551679033997e-04
4.032502918520041693e-04
6.723313379026115691e-04
-4.957387097769556505e-04
-2.978645156835492544e-04
2.280459544776094062e-04
8.532622450286306628e-05
2.834361998834711925e-05
-4.006743733772393976e-04
-1.261228564887344509e-04
-2.691772554657022505e-04
-1.977402962934907062e-04
-6.113722762200781151e-05
-2.997564869163731215e-05
-1.628655648471831799e-05
-9.277600648422443000e-06
-5.429397634194543721e-06
-3.298619031331555124e-06
-2.170973688399460634e-06
-1.683482095972946526e-06
-1.677213376399552468e-06
-2.132682513062149686e-06
-3.201079365095093577e-06
-5.261380150226770548e-06
-9.237665916120837834e-06
-1.746791345719694456e-05
-2.949781607270608047e-05
-3.212910486660041937e-05
-3.039545644638643121e-05
-2.707634330018715639e-05
-2.516251514920004532e-05
-2.494794057272842699e-05
-2.766160923529133373e-05
-3.247486470208037982e-05
-3.878175542063121395e-05
-4.241210993464530345e-05
-4.107073989411591703e-05
-3.232051802558118703e-05
-1.711888325087470607e-05
-8.126410534247770814e-06
-4.271921920826713920e-06
-2.263672928135819695e-06
-1.043055718417554740e-06
-7.114568442825076490e-08
9.187837573059541725e-07
2.177269824154316814e-06
4.018772579803569269e-06
7.021309769985814406e-06
1.234204928321901720e-05
2.277370796826813025e-05
4.553955656405524492e-05
9.803340130501397409e-05
1.962028145275980420e-04
3.256356446133517463e-04
-3.381646631330453932e-04
1.950466726631824410e-04
-4.317679452270703358e-04
-4.382702844995714606e-04
4.153064074001220989e-04
4.376237132833455767e-04
4.104074495896227492e-04
-3.437720541243691587e-04
4.842035171979764481e-04
-4.820056308093317214e-04
-1.188760470286047026e-04
-4.323691405491686374e-05
-1.945991866489242265e-05
-9.931314409935082196e-06
-5.429711872285138978e-06
-3.138768964143914274e-06
-1.963180865823944571e-06
-1.443681098419054390e-06
-1.370665574600656596e-06
-1.695240338927511334e-06
-2.505600955493552506e-06
-4.124926874597086192e-06
-7.278407406679315796e-06
-1.394173996653620001e-05
-2.394481551069424895e-05
-2.659548281297544701e-05
-2.584914563222263998e-05
-2.410281588094651006e-05
-2.402022404688268392e-05
-2.581715402504593238e-05
-3.073887771493955689e-05
-3.711900709547042587e-05
-4.312294705027062817e-05
-4.380015550307822899e-05
-3.956946779628339945e-05
-2.992400929924743112e-05
-1.554641900542700386e-05
-7.306142554554434112e-06
-3.870283470905312618e-06
-2.109368579137428265e-06
-1.050552709583827015e-06
-2.122268923113911660e-07
6.327052481143162809e-07
1.736174789570232238e-06
3.424132869719777763e-06
6.313972369627388048e-06
1.162488824737922311e-05
2.206630240312169354e-05
4.399252000997866890e-05
9.609495666294908640e-05
2.723180657191437404e-04
7.418858512723557367e-04
1.253663642288521489e-04
-4.856510228649677072e-05
4.586156654492642407e-05
4.506109346138320159e-04
5.516891595438974715e-04
-4.936809635335885583e-04
-2.245921165007039614e-04
-5.549109223157860666e-04
-7.525187452114026577e-04
4.004086479683949154e-04
8.382114933259245056e-06
-2.017579401774328816e-05
-1.527265623111971927e-05
-9.174430425083577936e-06
-5.293318403596591296e-06
-3.108855988225345504e-06
-1.961973572518329820e-06
-1.450045484233168392e-06
-1.365716889797319386e-06
-1.698929525736077353e-06
-2.520321388690712498e-06
-4.127540508347059743e-06
-7.279613498048850281e-06
-1.394268728955973492e-05
-2.393447271138101314e-05
-2.658810273248295169e-05
-2.585167014869489894e-05
-2.410530442318117262e-05
-2.401584493901726101e-05
-2.580576907387056125e-05
-3.073194636219861556e-05
-3.712313323979588860e-05
-4.311352263961008933e-05
-4.378434913083975051e-05
-3.957121074813441596e-05
-2.992725338693745949e-05
-1.554726598497298130e-05
-7.308054722115486417e-06
-3.869998832570364249e-06
-2.109791461834541276e-06
-1.043200581023000664e-06
-2.055490876197769533e-07
6.267249693690345886e-07
1.731121510777197335e-06
3.412443581898732605e-06
6.230284551271438331e-06
1.115931061391083940e-05
1.930268294996696408e-05
2.715637441950938635e-05
-1.072679442720619551e-05
-4.423386003845505799e-04
1.743150150315317924e-04
-5.159109320325465852e-04
3.485275831425249421e-04
4.597056534427262833e-04
-5.629306845331111904e-04
5.604736249563937360e-04
3.915328782625123491e-04
-1.796614861494783260e-04
-3.946019644807271750e-04
-3.410565442482239168e-04
-6.040752134649095186e-04
-1.224400342127117923e-04
-4.322515730470669575e-05
-1.976940141348922667e-05
-1.017042495446338013e-05
-5.540290692823490338e-06
-3.177826314016931174e-06
-1.977894975404802795e-06
-1.449686517536870417e-06
-1.366669710143561710e-06
-1.688420302550748404e-06
-2.503029237176492522e-06
-4.129832928580127628e-06
-7.285826517613924535e-06
-1.394485636719683680e-05
-2.394475395685527469e-05
-2.659494275029812549e-05
-2.585844294132492042e-05
-2.411210937919997449e-05
-2.401330085721972729e-05
-2.580471286690560730e-05
-3.073712984290183901e-05
-3.712876578093526680e-05
-4.313476863384518129e-05
-4.380460884329896774e-05
-3.956377140382354331e-05
-2.991705295960933218e-05
-1.554561277180191206e-05
-7.310640340365497414e-06
-3.871699563095123418e-06
-2.106342598689883984e-06
-1.054926130783398513e-06
-2.224751828245866374e-07
6.275228768241080010e-07
1.736818574225274209e-06
3.421769719815507182e-06
6.291095441831029615e-06
1.150621534995406375e-05
2.145724162222153696e-05
4.073136848170290743e-05
7.638108501842449656e-05
1.313896875538442472e-04
2.554194791039957361e-04
3.163868490873230645e-05
1.399595706407230893e-04
4.194042726969696719e-04
-5.224548157302921205e-04
-3.773081400570479091e-04
-2.194586772306407734e-04
-1.151806755826812877e-04
5.721926029154761296e-04
1.273028465386001054e-04
-6.223186726004574943e-04
-1.508764954174087131e-04
-4.897806698234079379e-05
-1.976045561155498104e-05
-9.250344171605506170e-06
-4.759233484810263266e-06
-2.633580701722521913e-06
-1.578809153966969939e-06
-1.106552196452459104e-06
-9.931867344571638246e-07
-1.192314454228279533e-06
-1.738615760972516814e-06
-2.893751704591833218e-06
-5.203696983234716645e-06
-1.036219799431025102e-05
-1.874859043779822298e-05
-2.196644670984322151e-05
-2.235190593925153054e-05
-2.203139390646955209e-05
-2.359615039938312876e-05
-2.722096221394598245e-05
-3.376347091100097790e-05
-3.970825114591581108e-05
-4.242759848429240356e-05
-3.923511195618716588e-05
-3.369763104547616100e-05
-2.507858179592747401e-05
-1.300475912539189869e-05
-6.115208947481212833e-06
-3.286667575346383562e-06
-1.849937119154289101e-06
-1.000677704965148324e-06
-3.363129779416415755e-07
3.179358981576080520e-07
1.169713193024952848e-06
2.474962654750206778e-06
4.733372632542910113e-06
8.994485640118723131e-06
1.808338697238645636e-05
4.050878119671456797e-05
1.005627819352051199e-04
2.155356525758831310e-04
7.947139142553139035e-05
-1.483766747499571650e-04
8.433462525114646720e-05
5.310261281746060007e-04
-4.017610843225820024e-04
6.613109725919610654e-05
2.870915520099379830e-04
-4.735927723053917323e-04
5.830520589578974027e-04
1.773855857073374312e-04
-4.124803694058717853e-04
-1.118570701137044574e-04
-4.039266503577497994e-05
-1.825795292396936901e-05
-9.044806891411041270e-06
-4.743577636260782357e-06
-2.633006701693236845e-06
-1.585747997439893070e-06
-1.115358145258320747e-06
-9.919737111833534333e-07
-1.199654668005677468e-06
-1.754571182361247026e-06
-2.897495659423715342e-06
-5.203819140543460174e-06
-1.036127879377257267e-05
-1.873306595100306975e-05
-2.195377808293827077e-05
-2.235614165806532091e-05
-2.203406156772918240e-05
-2.358811920763496581e-05
-2.720588501438296722e-05
-3.375219548144237162e-05
-3.970905240807090682e-05
-4.241839540337952565e-05
-3.922227947827584729e-05
-3.370632107928373764e-05
-2.508866983293277711e-05
-1.300753902903841251e-05
-6.118592007560652457e-06
-3.285696193596259315e-06
-1.844642083020897539e-06
-9.891527988654384158e-07
-3.281363907734847649e-07
3.136824244075651414e-07
1.166528951449357818e-06
2.464882247877031868e-06
4.653512648184895998e-06
8.602150159054617245e-06
1.622951316057878491e-05
3.314120382872941430e-05
8.391809851758211833e-05
3.179301706599286397e-04
5.661647140390354410e-04
5.824159538446380124e-04
6.156665932114747984e-04
-5.491557471289755044e-04
-1.655187041156208942e-04
-5.340578522245457071e-04
-3.372108521060279956e-04
4.448584299631789000e-04
7.562109695847995996e-04
-6.184298471461238504e-04
5.978209526671505623e-04
3.590402311481208039e-05
-2.150170838382962210e-05
-1.590180031351142126e-05
-8.823785009250456051e-06
-4.754919999119821506e-06
-2.649543554933190619e-06
-1.587997097981922769e-06
-1.112229081938486726e-06
-9.905982251669397214e-07
-1.185184004560144471e-06
-1.733961254611463654e-06
-2.899166057601576911e-06
-5.213217349798788972e-06
-1.036605915153293905e-05
-1.874735190992068352e-05
-2.196693697832873582e-05
-2.236615649746692130e-05
-2.204415519726089356e-05
-2.359035833734099712e-05
-2.720609496778274942e-05
-3.375729522645933641e-05
-3.971823552334257707e-05
-4.244434589612876507e-05
-3.924320670845891988e-05
-3.369464749535269022e-05
-2.507388905767107560e-05
-1.300391840900949809e-05
-6.118044802677568983e-06
-3.283640652484333727e-06
-1.839939817652496447e-06
-9.997830665871333028e-07
-3.440978852416772090e-07
3.139246678829266401e-07
1.171095119009449579e-06
2.469263947760288297e-06
4.684290299726577926e-06
8.759131418977395513e-06
1.717960909126948254e-05
3.892240678691601200e-05
1.197571748307281133e-04
5.520404949060296303e-04
5.473311248624468470e-04
-1.341084377087424853e-04
-4.304709241646562231e-04
-4.598831310483945901e-04
3.557749635472707791e-04
4.381701049545969214e-04
-4.863700411694490012e-04
5.348009800467254035e-04
-5.937265257859400012e-04
3.757470975348130770e-04
-3.950627917342183402e-04
-9.876623586886446135e-05
-2.859957686151962716e-05
-1.137716953403131218e-05
-5.450390428230321759e-06
-2.897938605027407012e-06
-1.653872487255681336e-06
-1.002045916047255556e-06
-6.924164126186956917e-07
-5.897325631837927099e-07
-6.870577995325618765e-07
-9.842566266410631651e-07
-1.675114387990347800e-06
-3.100023402732149810e-06
-6.544364985767899645e-06
-1.287214651076429171e-05
-1.683252680355523700e-05
-1.868544704101200810e-05
-1.998490901215975460e-05
-2.315135366403051818e-05
-2.811638261640153036e-05
-3.440358720232021100e-05
-3.673587428824044384e-05
-3.525801439631018043e-05
-3.051218294631417345e-05
-2.587814096359376256e-05
-1.936445137293571142e-05
-1.014739891393702534e-05
-4.803304489380288050e-06
-2.633768559449858847e-06
-1.543435286640053890e-06
-9.201499421990995334e-07
-4.536533293443782332e-07
-3.144814507388070975e-08
4.841511672210305500e-07
1.219860116895521682e-06
2.378580014908655976e-06
4.239976379542428921e-06
7.654936990157442991e-06
1.750308766790813496e-05
6.994926174925735027e-05
4.407177821235251538e-04
-4.144978482297918517e-04
5.004077437313755525e-05
7.115359874218089332e-04
4.131264766507004513e-04
5.649568299279085449e-04
3.577572555122347938e-04
-2.331127409161171419e-04
3.673120250254556214e-04
4.474123100748024820e-04
4.977983706062934091e-04
-7.189731322954265964e-04
-1.558899964659393961e-04
-4.436108204949335004e-05
-1.537570451725276161e-05
-6.482734599612160487e-06
-3.165471634071402158e-06
-1.722018431770100369e-06
-1.026676223180687470e-06
-7.050036697776308740e-07
-5.905865443084699241e-07
-6.941844715359831315e-07
-9.968241890363568812e-07
-1.676456642114332520e-06
-3.096530247107084497e-06
-6.538744417863290309e-06
-1.284705255158336232e-05
-1.680918898812151980e-05
-1.868727956474424104e-05
-1.998719282712005523e-05
-2.314351741103846138e-05
-2.810504324436633244e-05
-3.439855494198090265e-05
-3.674249706500594447e-05
-3.525194179243816968e-05
-3.049788329197398318e-05
-2.588374520091885509e-05
-1.937135259199740947e-05
-1.014641506160005197e-05
-4.806446808219754034e-06
-2.633269864644869268e-06
-1.534869111131942306e-06
-9.064901838534891266e-07
-4.453363784561092753e-07
-3.545248028018871132e-08
4.816260551926451917e-07
1.210494824814894781e-06
2.288079270679848268e-06
3.722455543231357442e-06
4.586152383771713068e-06
-6.792512376319198626e-07
-3.846748697354256845e-05
-2.169147545121189521e-04
2.027342894017880571e-04
-4.767567333473893797e-04
3.988295391881194044e-04
4.048966918426710098e-04
-6.165048481975554098e-04
-1.102146189490954667e-04
-1.407779559836663038e-04
7.018411631857570396e-04
-6.209668772461448974e-04
-1.100948864116663508e-04
3.687494299088089943e-04
3.846726395270047235e-05
-7.821707323596719036e-06
-8.444463585458313157e-06
-5.153182012722522099e-06
-2.908677605437029790e-06
-1.669077194622133947e-06
-1.010103544120319776e-06
-6.993577176554713248e-07
-5.900062428584630749e-07
-6.807441838956742110e-07
-9.774996023180415987e-07
-1.679658242085077811e-06
-3.109738529941707470e-06
-6.546176946528968810e-06
-1.286518956118835706e-05
-1.682932293186747294e-05
-1.870078738103456278e-05
-2.000008619745324644e-05
-2.314922077870680070e-05
-2.810425697405841689e-05
-3.439882968954840011e-05
-3.674931450360172672e-05
-3.527815447191956624e-05
-3.051939094485970683e-05
-2.587191203336843427e-05
-1.935740505897102235e-05
-1.014540831936225449e-05
-4.806038909776222502e-06
-2.629561406232311664e-06
-1.530466541627739153e-06
-9.175023819102173284e-07
-4.614315588775644189e-07
-3.616495484362305579e-08
4.848783943122966891e-07
1.207339139647732087e-06
2.271720626702160095e-06
3.573208063892455162e-06
3.501885947666488551e-06
-9.051034560822537008e-06
-1.066312236549642347e-04
-7.871695191816901506e-04
5.743903720039756191e-04
6.028498030467217047e-04
2.018367875706800554e-04
-5.869523464627723853e-04
3.527855354566165912e-04
-7.858661583529882204e-05
4.439952387667379691e-04
5.276538600774516394e-04
-2.953093545783292101e-04
-5.911386530698108533e-04
3.131179713639182464e-04
6.031319849571683530e-05
1.447315233465743465e-05
3.041513529575072551e-06
2.535317281397219916e-07
-3.737552827144952316e-07
-4.388016006320174111e-07
-3.498395728456622863e-07
-2.645478335423689048e-07
-2.010139029246609140e-07
-2.147621200149549088e-07
-2.837395049253154401e-07
-5.192575120055610690e-07
-9.982305772978958638e-07
-2.294228986867589059e-06
-5.126904762472595369e-06
-8.682963329507980042e-06
-1.200071354758285719e-05
-1.554769102339129827e-05
-2.029163392245732564e-05
-2.516059941156810649e-05
-2.838896781691023488e-05
-2.695312902048750827e-05
-2.442853127661439401e-05
-2.084827540253969240e-05
-1.809276016557348878e-05
-1.379077237388857293e-05
-7.360645471640543864e-06
-3.518911286086522677e-06
-1.982897141424711432e-06
-1.229952049850604349e-06
-8.336559663762618750e-07
-5.762442232701312971e-07
-4.059370785305513509e-07
-2.520710181879705277e-07
-8.974600338677898648e-08
8.891793290152677952e-08
1.407367452823856435e-07
-1.224674961687659215e-07
8.034138810992305073e-07
2.158778549157436733e-05
2.036656186236554034e-04
-6.413534527180454487e-04
-6.262637760959275995e-04
5.819083538351890262e-04
-5.307612171897750988e-04
4.243421038042373655e-04
5.331395816014836272e-04
-4.993702843425351515e-04
8.494957788382079538e-05
-3.730572501942422121e-04
-9.095334571714021289e-05
-3.955936532598675515e-04
-6.148436545402486699e-05
-1.315648812653787658e-05
-3.405993435043266113e-06
-1.334711869005616115e-06
-7.775255345083135249e-07
-5.450243940009169632e-07
-3.860152130875375838e-07
-2.811426302119292311e-07
-2.073482616876908086e-07
-2.247543167899738799e-07
-2.937725544405657278e-07
-5.179810690690948036e-07
-9.920914803430604208e-07
-2.286600864674704106e-06
-5.097502490065257362e-06
-8.654936127443475324e-06
-1.200366834378731627e-05
-1.555109281280044850e-05
-2.028390708142751325e-05
-2.515111350842077202e-05
-2.838614889505237037e-05
-2.695970976136185642e-05
-2.442220366254561000e-05
-2.083298640562679250e-05
-1.809597266137086816e-05
-1.379463818586128592e-05
-7.356760627650071554e-06
-3.523406903062365936e-06
-1.985134923355352351e-06
-1.220055108137957709e-06
-8.183287058083292693e-07
-5.671289185963885025e-07
-4.084837541643832352e-07
-2.510690645023217492e-07
-8.785075645426543584e-08
4.884274307120858764e-08
-1.151513373457424128e-07
-1.924884893712281576e-06
-1.194952285798075988e-05
-6.900327757311414145e-05
-4.485198487288444540e-04
2.770884345771124557e-04
-6.067253778507289115e-04
3.842841705506319216e-04
-4.809067113127444030e-04
5.399862252123545196e-04
5.403988073519642391e-04
-4.190665885359588479e-04
6.068936851246099903e-04
-3.257146864104101249e-04
-3.151869959320307613e-04
5.911466316589552520e-04
1.038344443347120590e-04
1.981364346305287871e-05
3.499518278200237039e-06
1.857877997511499372e-07
-4.274546322077725235e-07
-4.539836842407157679e-07
-3.550619232417710943e-07
-2.713940701516977152e-07
-2.037485764557561928e-07
-2.095614243349190598e-07
-2.749783166567612071e-07
-5.226843354099856728e-07
-1.008937027435522050e-06
-2.296259609482892061e-06
-5.116685811681681056e-06
-8.676290835891219423e-06
-1.201422338828320020e-05
-1.556140377399003818e-05
-2.028924015086466036e-05
-2.514769354998032291e-05
-2.838236385851981852e-05
-2.696572273654114681e-05
-2.444890792997473004e-05
-2.085501412357323452e-05
-1.808603847880929695e-05
-1.378488507683056198e-05
-7.360813374172474884e-06
-3.524397586949904264e-06
-1.980269943979486284e-06
-1.216834850315638717e-06
-8.314343873970883111e-07
-5.853166009955703433e-07
-4.122024909436147456e-07
-2.510836553300703359e-07
-9.756678887574588319e-08
1.467610323260382677e-08
-2.704027999539700907e-07
-2.234233810183177829e-06
-9.175609843097246263e-06
-1.855001585784861741e-05
1.107261629806345458e-04
5.016418788376159115e-05
6.798728287933786382e-04
-5.458713981694197768e-05
3.951508067654463147e-04
-1.941946014100417398e-04
-3.861454017913330708e-04
-5.659535294914165397e-04
-1.167920179605737860e-04
-4.721080357850379649e-04
5.036692511441812894e-04
6.443618180737503221e-04
1.145496975037050256e-04
3.339038127397184392e-05
1.184062527471374868e-05
4.488104289413696882e-06
1.667313081980108836e-06
5.685895998378671103e-07
1.901664502374656618e-07
9.176085387000934432e-08
1.316261590440312455e-07
2.035047329801227100e-07
3.511536325835133319e-07
5.587280856994672771e-07
1.046630127534971590e-06
2.162669040672102843e-06
4.015173803297597461e-06
3.267001679145318740e-06
1.077865656351303971e-06
-3.564605704882512697e-06
-9.074062384286819754e-06
-1.323974933340421150e-05
-1.518200399944005423e-05
-1.436766362245017605e-05
-1.360203188019397307e-05
-1.207148042314330462e-05
-1.110610113290176455e-05
-8.708576916625923944e-06
-4.778871409137573443e-06
-2.316504254668200307e-06
-1.364786505035072148e-06
-9.303160373735798108e-07
-7.560825320492237360e-07
-7.129926539057202827e-07
-8.047207400167226073e-07
-1.014361332907671295e-06
-1.369485017897146321e-06
-1.918189053617118670e-06
-2.890276672604031227e-06
-5.081855482089763973e-06
-1.263815136905487382e-05
-5.253347565874841188e-05
-3.242996518932013731e-04
3.875781398770267042e-04
-2.160800448311249824e-04
-4.101429182375156504e-04
-4.201367781304434792e-04
-7.374533302140997724e-04
-7.054458847888626927e-04
4.300049963010976100e-04
-3.521532871613284764e-04
-1.161908618614094807e-04
1.579773072387400464e-04
-1.468702325899892962e-04
7.273226738787450418e-06
1.108374740853909189e-05
6.654321246255256937e-06
3.147785728470253277e-06
1.306104750931440787e-06
4.664309086038400869e-07
1.550278881911828744e-07
7.680522883179359212e-08
1.219288586489715447e-07
1.914667206301181524e-07
3.442158722478263842e-07
5.627233089536878234e-07
1.054311570719133354e-06
2.169863190297846702e-06
4.043531959196071938e-06
3.293180339145767188e-06
1.069883099604808537e-06
-3.571262801498294727e-06
-9.064706249028522898e-06
-1.322748069224514895e-05
-1.517616198121638865e-05
-1.437046170941974358e-05
-1.359548857390693221e-05
-1.205870342811978104e-05
-1.111166785040568718e-05
-8.715311852459300672e-06
-4.777470105135570880e-06
-2.325261505952139159e-06
-1.370584685243280657e-06
-9.189932754723020450e-07
-7.390350974235266192e-07
-7.034400363050141053e-07
-8.053654015406517179e-07
-1.006906178441944748e-06
-1.345013160951250319e-06
-1.837299829770837764e-06
-2.391510579058634838e-06
-2.091835398379193679e-06
5.785485424416064685e-06
6.653009827791336980e-05
4.868512657986502927e-04
-5.657883886452202927e-04
-7.156250210634227142e-04
-6.475329635523269364e-04
-2.284974609330979825e-04
2.328273604557276697e-04
4.281773049143713298e-04
-3.917768858496555495e-04
4.368164357573673371e-04
-3.182772505271112655e-04
-4.136808832262641898e-04
-2.168459896216981618e-04
1.580444767966725580e-05
1.973540424847948177e-05
9.678898332756804534e-06
4.097103593242096341e-06
1.594536348128382954e-06
5.624412291437528836e-07
1.911992272100441795e-07
8.684145716180766494e-08
1.277619998983609725e-07
2.085537578949073499e-07
3.631629517100542086e-07
5.585154340881590913e-07
1.036656361268930791e-06
2.160145205944834601e-06
4.026184637261001930e-06
3.274655988581185490e-06
1.064898675192082215e-06
-3.577991021721840866e-06
-9.071061060566425383e-06
-1.322474174974816167e-05
-1.517228846939446068e-05
-1.437837783200472084e-05
-1.362337384552440040e-05
-1.208039551617726857e-05
-1.110162948238609852e-05
-8.705150545527504761e-06
-4.780623677413879608e-06
-2.322729548446279897e-06
-1.361458254895251974e-06
-9.157516770442777205e-07
-7.536022218774111303e-07
-7.229797841198665341e-07
-8.126265856551095136e-07
-1.013490836404554920e-06
-1.372814465642887491e-06
-1.961815196537612306e-06
-3.107400777722497351e-06
-6.063688024908519739e-06
-1.647036098287856800e-05
-6.293956677316294975e-05
-3.124000254094185512e-04
3.799895766180718228e-04
-5.684366891270246133e-04
4.023230547772392259e-04
2.528259196476006186e-04
-2.202353434484454592e-04
4.879620405146815497e-04
-6.544475262673986413e-04
-4.323159021296685175e-05
5.956202753599395411e-04
-7.288550055497653325e-04
-6.295511494496693321e-04
-2.854505999767851588e-05
1.972060309168507263e-05
1.269990073264025511e-05
5.951570161111422503e-06
2.532830123765550733e-06
1.030853003751604982e-06
4.623836404095823159e-07
3.086629226745909333e-07
3.824020032167491100e-07
5.644531512195557546e-07
9.310314679634791928e-07
1.569854997523852727e-06
2.985469918825247662e-06
6.424008269478715980e-06
1.286409713030988591e-05
1.529887356235631689e-05
1.527846634811056133e-05
1.178715697460036041e-05
7.636179897086540583e-06
3.334632195537302874e-06
-1.317017656654696532e-07
-1.982998476333988360e-06
-3.537344522778904322e-06
-4.041626109649120451e-06
-4.651624013158438609e-06
-3.954851247804750648e-06
-2.338416524960344503e-06
-1.174623610391136560e-06
-7.747277610890461192e-07
-6.464943806225764365e-07
-6.928632149163010092e-07
-8.729695594159280671e-07
-1.245678000156852310e-06
-1.846424812339260649e-06
-2.740236246372407372e-06
-3.972232205629376495e-06
-5.616388594234975459e-06
-7.791409150086690439e-06
-1.113395977836172122e-05
-1.514187178562580008e-05
2.986632168592234394e-05
1.524092232189547479e-06
6.201039668774440978e-04
4.494447547593957313e-04
2.456269334625492645e-04
4.640648844089266620e-04
-2.233379231290082319e-04
5.220569763268878430e-04
-2.009531874686962456e-04
-2.199955309323153754e-05
9.891074632430908883e-05
4.740641817751147695e-04
1.134300505967562260e-04
3.571960271650899340e-05
1.370652408720257280e-05
5.671569002238909920e-06
2.361959551936053484e-06
9.620695997858386412e-07
4.348613319811315258e-07
2.968595246025962784e-07
3.698549449965780774e-07
5.514555641000196537e-07
9.287467082875648511e-07
1.578681049851345820e-06
2.997650379368847489e-06
6.435037626258947416e-06
1.289623499430326233e-05
1.532817356430099599e-05
1.526900153890693016e-05
1.177524231269140472e-05
7.639565644855332154e-06
3.340585513491249576e-06
-1.286520295108703252e-07
-1.982907590005858403e-06
-3.528916532210114189e-06
-4.028058223937187102e-06
-4.654493069538304075e-06
-3.959281537846400834e-06
-2.335542496193977231e-06
-1.184387374209493466e-06
-7.820362836077178664e-07
-6.338495987865241947e-07
-6.769226157907773722e-07
-8.676921854146908084e-07
-1.248843997808902540e-06
-1.836960995394865600e-06
-2.703367229285205152e-06
-3.825278735764206760e-06
-4.771492459611046007e-06
-3.195161206450985764e-06
1.301182482325068494e-05
1.058528739943563547e-04
5.820165219039322678e-04
-6.641704509033163721e-04
3.491888835208826537e-04
-5.595833783574961570e-04
-5.155808118039637532e-04
2.453747056060270838e-04
3.662414448311490536e-05
-4.253454251920167281e-04
-4.655748244147370641e-04
1.412518839129514250e-05
5.015309792664862914e-04
3.756572836759255215e-04
7.252802617086561245e-05
2.877761118816231513e-05
1.347032330042276245e-05
6.083377996556454350e-06
2.594425844107093589e-06
1.065854284330239307e-06
4.763118131063472832e-07
3.065165074381867164e-07
3.772020653727988300e-07
5.689597138018631668e-07
9.464850378788917588e-07
1.574905733937057189e-06
2.979645040819419392e-06
6.423593193712707053e-06
1.287641297657273036e-05
1.530675501517905144e-05
1.526424122868590309e-05
1.177044235427761855e-05
7.633965087276214239e-06
3.346620649570077007e-06
-1.204771935540730361e-07
-1.989373036134784098e-06
-3.554981432488010238e-06
-4.048592012246578819e-06
-4.646873367604356298e-06
-3.952413501094854357e-06
-2.341179624893988553e-06
-1.181479665172454285e-06
-7.709872124387009108e-07
-6.313033923161072077e-07
-6.904085474354609845e-07
-8.833789810074072725e-07
-1.254652873827580698e-06
-1.846074093641394666e-06
-2.742745570614574433e-06
-4.010148750423041253e-06
-5.816514417317783274e-06
-8.914214923375605066e-06
-1.785133732687342370e-05
-5.823853157404193937e-05
-2.648504447082285890e-04
-3.022846966256428534e-04
2.921348468128727856e-05
-7.009448126035480655e-05
5.852836727216236597e-04
-4.527209932241267392e-04
6.248900979636901271e-04
4.243399415956851882e-04
3.686345114839892313e-04
-5.396973530014900246e-04
6.395508216485718943e-04
6.929408482573398741e-04
1.267629445505927873e-04
3.515938524667029197e-05
1.292021916400619609e-05
5.170968476932354276e-06
2.052386090505159625e-06
8.032907808846236465e-07
3.894723707350620478e-07
3.504903776053771488e-07
5.388826349666766070e-07
8.701181342819639997e-07
1.468570903991367806e-06
2.524353018107119557e-06
4.760737339332778103e-06
1.004443786811043156e-05
1.951527780726305944e-05
2.273580269809072010e-05
2.219546559778951344e-05
1.882486318635183804e-05
1.632131076877358757e-05
1.414683874396314449e-05
1.222011254178645206e-05
9.589578768069437759e-06
6.410870000542364850e-06
3.992561448130592599e-06
1.812049112876268751e-06
7.814466189613045344e-07
8.595160820037170038e-08
-4.548209283799090969e-08
-1.951863741628517373e-07
-3.744695751365903999e-07
-6.475888256527873978e-07
-1.066750924031025715e-06
-1.754385710366430189e-06
-2.817800372139764690e-06
-4.401854175820791493e-06
-6.642930343623268886e-06
-9.739343623571840021e-06
-1.461257261422383401e-05
-2.905619055604831115e-05
-1.080305602036880518e-04
-6.016076196241354089e-04
6.971556615752031241e-04
2.317737886298947372e-04
3.175039371831131366e-04
4.977678764598326413e-04
-2.229805542295389069e-05
-3.952096375293655522e-04
-3.707844640084125910e-05
-5.900511699126766672e-04
-6.979322101556580246e-04
6.960866649828126871e-04
7.137635315226666631e-04
1.643912966099624268e-04
4.164452503898875634e-05
1.338420210749836266e-05
4.950648940922566002e-06
1.915881775721476202e-06
7.444033033475356456e-07
3.680335858928321001e-07
3.431597192881990396e-07
5.261068455074345498e-07
8.597012501818005709e-07
1.473699489251082079e-06
2.538818422662062828e-06
4.775917963676850822e-06
1.005469104787930901e-05
1.954201350361121369e-05
2.275936455067624028e-05
2.218080189208292195e-05
1.880664897641132625e-05
1.631789253156267148e-05
1.414433734220486040e-05
1.221715356494714738e-05
9.589575727926113839e-06
6.419000324100148713e-06
4.006769734298111571e-06
1.813854889019195308e-06
7.818639629217639248e-07
9.173068549794610390e-08
-5.525809946228448938e-08
-2.027919461267078138e-07
-3.590273891297697995e-07
-6.311127229975820079e-07
-1.063322720008086930e-06
-1.756570429441370691e-06
-2.806297644121151181e-06
-4.364300479869535669e-06
-6.484271203211362405e-06
-8.790644599503144195e-06
-9.191578248340819045e-06
1.876987627396488601e-06
7.051608003009145458e-05
4.476220013636910658e-04
5.176411159782594393e-04
-6.638544292079643803e-04
5.000083006868525064e-05
-3.552579756368928255e-04
6.392919402442761841e-05
5.264902119419248485e-04
-2.632113078004981541e-04
-1.366556137399657623e-05
-4.408132786359583504e-04
-3.483188062205341481e-04
-5.793924384276079916e-04
-4.127899639217960686e-05
1.733619344496456689e-05
1.197230956460760563e-05
5.566725586971461936e-06
2.288450675703544396e-06
9.016266802893127668e-07
4.236786302084514196e-07
3.538194501066658974e-07
5.333731179425124551e-07
8.736453542960013537e-07
1.485235241960001121e-06
2.531725432210000405e-06
4.756610385316339907e-06
1.004338996062832169e-05
1.952569622258219385e-05
2.274300900445418058e-05
2.218225760241554964e-05
1.880708513514123414e-05
1.631388196328330086e-05
1.415279526571036029e-05
1.222870173432771880e-05
9.584995485687153950e-06
6.396582956986564993e-06
3.988606575818179666e-06
1.818618848409183848e-06
7.845584872858623400e-07
8.324129704801802260e-08
-5.229106451442921013e-08
-1.907125432169660651e-07
-3.586219459562055208e-07
-6.441310724289606280e-07
-1.075518230248921566e-06
-1.762398827542023939e-06
-2.816814802804911254e-06
-4.401855690739394687e-06
-6.662481918906932579e-06
-9.807241895629118398e-06
-1.482542105509774104e-05
-2.951131105183745068e-05
-1.074771871129571283e-04
-5.886862197146649133e-04
-2.259513053595166494e-04
5.753547455029459773e-04
4.390536539642186735e-04
3.389698119941346368e-04
-2.699786674859114147e-04
5.456344173853289094e-04
4.322410886703219909e-04
1.593974613417830049e-04
4.656332043770768591e-04
6.208795733629804284e-04
-2.496665357851778934e-04
-1.197078720002296980e-05
2.993701746040914663e-06
2.542987740681791685e-06
9.361799404277860525e-07
1.314983568212252810e-07
-9.189523978052799335e-08
-8.554496322396996457e-09
2.278111249760986139e-07
6.068099466195030973e-07
1.123538940233721094e-06
1.964230503825213357e-06
3.409958773072053935e-06
6.305978240650254599e-06
1.274942796914270513e-05
2.330168214944339672e-05
2.588016387366521363e-05
2.469807060120306544e-05
2.154131742363359431e-05
1.977309538430293268e-05
1.871175119667967335e-05
1.882269802425165078e-05
1.805089086881177664e-05
1.556901194143250216e-05
1.215988014006407782e-05
8.563147722687473447e-06
5.688269065390419657e-06
2.578958384928060563e-06
1.105494283830812008e-06
3.876877869465188877e-07
-1.077763899387018240e-07
-6.151160701068968314e-07
-1.288112367596669141e-06
-2.326651668056503988e-06
-3.943340765576450358e-06
-6.435942411492799827e-06
-1.013801374982068596e-05
-1.519427876415292078e-05
-2.043708540795665475e-05
-1.962960509687761075e-05
1.053988169521531564e-05
1.309428311494634028e-04
-4.461234056577500508e-04
-3.144309777347373941e-04
1.784255329959367066e-04
5.726006607089252198e-04
-5.622449525268344728e-04
-3.353698608920444133e-04
-1.681565761571158666e-04
5.864212260672201484e-05
-1.269488851437869793e-04
-1.214061119832332157e-04
4.394921754359232074e-04
9.702281770628927036e-05
1.798916721697433368e-05
3.925722541828688632e-06
8.044256901281496197e-07
2.651045079159254312e-09
-1.505303641433715848e-07
-2.675983130120090104e-08
2.232710764672596099e-07
5.927402656458442068e-07
1.115211563654386577e-06
1.975345906570760276e-06
3.426698521834243790e-06
6.319824892664667725e-06
1.275429367782981684e-05
2.331699898498098891e-05
2.589456957017428185e-05
2.468043913088704288e-05
2.152246179214355141e-05
1.977116138612533040e-05
1.871083599753197194e-05
1.882233194901002118e-05
1.805444508876664483e-05
1.557536309143045625e-05
1.217024714734204460e-05
8.564205734682511130e-06
5.688309164863431529e-06
2.583291986972611349e-06
1.092936615727829677e-06
3.779189269906195442e-07
-9.188165241652009734e-08
-6.008164677374733100e-07
-1.287807809954825760e-06
-2.325855084825677716e-06
-3.928832623229461909e-06
-6.409617872690126911e-06
-1.005107357892080091e-05
-1.467587012114437581e-05
-1.757388523059580593e-05
-3.869586405446164333e-06
9.894854572634722482e-05
6.432476871912590861e-04
2.890907402182919198e-04
-6.763362850349796522e-05
-2.066476559453179617e-04
-3.905047309630795888e-05
-1.147891936412873869e-04
4.815119134001546704e-04
3.986462842832999218e-04
4.213467957034894946e-04
4.556669460588804029e-04
-5.856702926850132105e-04
-3.969314602389027052e-04
-6.562325142456139208e-05
4.179242099234481673e-06
5.440615945685205374e-06
2.277091811236427882e-06
6.221427255034547013e-07
7.567852951544859665e-08
4.427366872265371936e-08
2.355992121977583098e-07
6.001846059813006334e-07
1.125195339499894040e-06
1.980179601531513303e-06
3.417637815382398276e-06
6.303141792496601688e-06
1.274799700429750031e-05
2.330989341043717300e-05
2.588778589648684596e-05
2.468957834967143119e-05
2.152709569113688798e-05
1.976539695171265472e-05
1.871554743038213224e-05
1.882969821005311698e-05
1.804708001374319496e-05
1.555558592941631317e-05
1.215571941407710948e-05
8.568895466082140694e-06
5.690934149512710851e-06
2.576385935953583262e-06
1.099320473645999890e-06
3.926793994163942335e-07
-9.273149091265232732e-08
-6.117110128917841674e-07
-1.295309701484554565e-06
-2.333451750033393290e-06
-3.941701276474900736e-06
-6.434566689644331140e-06
-1.014998245326845015e-05
-1.520807639142406592e-05
-2.021303361697822419e-05
-1.629444202164299888e-05
4.515563012951488893e-05
4.530247482784192665e-04
-2.554078514506926962e-04
2.550122407893102476e-04
2.302426103809384220e-05
6.009972591316211418e-04
-4.680334010491732778e-04
4.271261828707547292e-04
-4.407857206299349183e-04
2.074318315077746625e-04
7.430970861892863570e-04
-5.324547249335496264e-04
8.293410535041804835e-05
1.195238400610927986e-05
-6.094750920848123416e-06
-6.069861851810190299e-06
-4.023245466600884585e-06
-2.418395131704076467e-06
-1.349944578642590441e-06
-6.033367752096146106e-07
-5.443144017244433494e-09
6.054181569131983555e-07
1.323303164231125579e-06
2.402086577082474495e-06
4.199590376241178465e-06
7.621178575586903069e-06
1.481116727219721006e-05
2.572147746371557790e-05
2.788271062822771538e-05
2.644120413728905282e-05
2.329322216919279431e-05
2.152222219616850958e-05
2.048497027962110621e-05
2.118061605672977302e-05
2.193194821431949893e-05
2.171827574101981470e-05
1.921367085953512303e-05
1.512771772157391759e-05
1.059710454617348158e-05
5.090578101343144151e-06
2.261411020881435421e-06
9.658128158672178860e-07
1.517851646714645289e-07
-5.882658111711312652e-07
-1.512896330979028609e-06
-2.909608015401328887e-06
-5.132138167891162117e-06
-8.748982899520664711e-06
-1.468145784771447911e-05
-2.440765420039330873e-05
-4.003013437973147829e-05
-6.315857944162481621e-05
-8.179866329401638337e-05
4.949921072251725683e-05
1.831595838737301390e-04
-5.224661850977254177e-04
5.002789725686749515e-04
-4.682371508164599435e-04
4.063596775865146917e-04
4.980072394269964217e-04
-2.716072640103245682e-06
3.494339256105088260e-04
-8.388100026606201242e-05
5.805555787695227191e-04
5.687681097732890777e-04
7.620703016252499502e-05
-5.005840871067778015e-06
-7.812223943778317042e-06
-4.785427335078895730e-06
-2.664229503804036521e-06
-1.429566139484879066e-06
-6.227496155871700890e-07
-9.132557681833278481e-09
5.880707807869875441e-07
1.315002608294991764e-06
2.416033570525875160e-06
4.215463437578459079e-06
7.633513356951838463e-06
1.481423841116128362e-05
2.573090598230153556e-05
2.789462814319489619e-05
2.642662165552324597e-05
2.327587897744221946e-05
2.152102636144414817e-05
2.048594036255297054e-05
2.118474594382961299e-05
2.194186122994548169e-05
2.172691197998353381e-05
1.922439481437083711e-05
1.513175467986680115e-05
1.059919522134693921e-05
5.094611299277711515e-06
2.247542387548936428e-06
9.548711697710778936e-07
1.668889842200769751e-07
-5.789508797572902218e-07
-1.519080754626060742e-06
-2.908860863909817805e-06
-5.118774213586574941e-06
-8.740804662948380011e-06
-1.469200508243823845e-05
-2.449427492925408898e-05
-4.092790130204322218e-05
-7.131084904533823376e-05
-1.498741757839602048e-04
-4.924210208508120103e-04
4.524036171586046421e-04
-4.621668009300692486e-04
-4.881314794342276079e-04
6.140496737089451602e-04
4.323070353605844621e-04
-7.510244307849417737e-04
4.698380371707396139e-04
-3.943105371946100139e-04
4.587497881725673002e-04
-1.503916982587975338e-04
-3.543521689184118083e-04
-7.070051732259780204e-05
-8.129598711056858080e-06
-3.304231619718143846e-06
-2.585300070069647798e-06
-1.876471553762972752e-06
-1.166666579792881690e-06
-5.476330390764846930e-07
2.066851660181228762e-09
5.962894987322625571e-07
1.323693527312199244e-06
2.418317242763298519e-06
4.209595539979200070e-06
7.623570263509512731e-06
1.481335885533168948e-05
2.572884922581736498e-05
2.788922336554438351e-05
2.643497586771188627e-05
2.328099033483555845e-05
2.151476138279429681e-05
2.048872946675458012e-05
2.118878224712657550e-05
2.193190075292278501e-05
2.170835133016714398e-05
1.921009819625583181e-05
1.513200817473605504e-05
1.059799290419418198e-05
5.086884981944434109e-06
2.255242443052164032e-06
9.706358287839097443e-07
1.651422943325701409e-07
-5.846214035656495655e-07
-1.517333693549614902e-06
-2.914471239138460418e-06
-5.130160104318429901e-06
-8.749632137445853634e-06
-1.471507189600136167e-05
-2.461708278148413298e-05
-4.144363925482642401e-05
-7.329466224954732172e-05
-1.577555558665258602e-04
-5.416397200396362143e-04
5.966660827651795122e-04
-4.650979693410335299e-04
4.896926655797702397e-04
5.477003609177578426e-04
-4.505485252891000287e-04
-2.508049434549253828e-04
-3.959074315493821966e-04
-4.988024570342365323e-04
3.758391149224168427e-04
4.882906553120261624e-04
2.853005802087373336e-04
6.061705855186007251e-06
-2.397916720601681249e-05
-1.658371277832001298e-05
-9.312363109757251575e-06
-5.018264655611881450e-06
-2.632674961494477849e-06
-1.230575069665020183e-06
-2.791464241336345946e-07
5.547021242870038125e-07
1.457653969899393378e-06
2.746045028695538900e-06
4.844417529490221272e-06
8.715931156720641866e-06
1.660407906607955594e-05
2.816386814799800006e-05
3.043904566126395898e-05
2.879758675379088812e-05
2.527727158000938855e-05
2.296653401305028143e-05
2.130989375508957225e-05
2.157948098633730470e-05
2.250307362604593502e-05
2.380335045540122276e-05
2.319500035748323587e-05
2.009049102684741964e-05
1.476409317778455066e-05
7.348355271485849499e-06
3.324048357911301822e-06
1.496401316892502406e-06
3.872595391408457602e-07
-5.618257146786852144e-07
-1.702281892338769082e-06
-3.398582777384489058e-06
-6.134185542572117321e-06
-1.073836625408374546e-05
-1.871789616973470446e-05
-3.290047411347076645e-05
-5.873398932503076056e-05
-1.069001129150801550e-04
-1.982477811123926231e-04
-3.834647523964263309e-04
-3.610193793342496879e-04
-5.777315734121433446e-04
4.031927237882442080e-04
-6.878108128147299811e-05
-5.052283903451591177e-04
-1.043902613194133011e-04
-7.197518826368038422e-04
-1.724157819205303940e-04
-2.918699565044294742e-04
-1.439950040181671800e-04
-5.073803313179405146e-04
-1.146785246803531624e-04
-4.825717021150618757e-05
-2.163361082908893683e-05
-1.040198412798626930e-05
-5.257061593123242388e-06
-2.693663313737068531e-06
-1.238056585989561921e-06
-2.750819047639709611e-07
5.398921862469434968e-07
1.453911783252457359e-06
2.763734690991847793e-06
4.857508313495702798e-06
8.725058134558660234e-06
1.660531383742029963e-05
2.816671150751256966e-05
3.044601884627645073e-05
2.878451001356332103e-05
2.526130546258619210e-05
2.296475066487704893e-05
2.130959998424312388e-05
2.158436993228324375e-05
2.251681272837796022e-05
2.381439229008597044e-05
2.320756826611654943e-05
2.009873677790925117e-05
1.476716344138166424e-05
7.350540523330918732e-06
3.310463098821636861e-06
1.488470158187145131e-06
4.056426634927339380e-07
-5.537030032497091007e-07
-1.711911276380188731e-06
-3.396849864673687088e-06
-6.123981426440264333e-06
-1.074439760182541674e-05
-1.876038576210105506e-05
-3.309284846300885691e-05
-5.975389799076227744e-05
-1.124631131211808088e-04
-2.282656735004803589e-04
-5.380000918171053094e-04
4.339039106632023679e-04
-5.837056214265546467e-04
-5.134954763857361862e-04
-9.981895807477234777e-05
5.200206829676632704e-04
4.488195843846464546e-04
5.787326578818991190e-04
2.718452639174212255e-04
-5.525975098171501338e-04
-5.395352941976567455e-04
-3.324878931254453079e-04
-1.121990028625075546e-04
-3.439862726342834449e-05
-1.564355717151461676e-05
-8.280292029007297970e-06
-4.569813890347431791e-06
-2.473162679842635710e-06
-1.180433682083881837e-06
-2.713086309104386760e-07
5.454287378327590181e-07
1.458351074830068635e-06
2.761116414538007117e-06
4.852934567441866042e-06
8.718469935572841962e-06
1.660446200958792107e-05
2.816541830249926265e-05
3.044048598589150012e-05
2.879130884497045438e-05
2.526596725850299149e-05
2.295806816827414241e-05
2.131201835972810745e-05
2.158848545973889304e-05
2.250789981400277452e-05
2.379909860648584787e-05
2.319380623708283245e-05
2.009406392815517309e-05
1.476294698302526572e-05
7.343069081253070591e-06
3.317966648620992009e-06
1.501155485813026596e-06
3.990342898009902358e-07
-5.567908955360029939e-07
-1.702603290215329840e-06
-3.401095756501428462e-06
-6.132045474967738855e-06
-1.073765678996627949e-05
-1.873431347162608164e-05
-3.296761205801692414e-05
-5.892219230890858705e-05
-1.063324594560357693e-04
-1.801923513520546269e-04
-1.491351141265305198e-04
4.041246130785325569e-04
4.486376482878130204e-04
-1.117951621831437555e-04
-4.392555455008687547e-04
-4.179253715393674491e-04
-6.685248699193173383e-04
-4.276650848438251409e-04
4.484118700661885977e-04
7.257427990783589609e-04
5.098875048418634011e-04
4.225903647296613808e-04
-7.631771011103698340e-06
-3.831961891578898404e-05
-2.372443134713817872e-05
-1.274004673402778216e-05
-6.753083990345144253e-06
-3.551345381991000140e-06
-1.720865598175182345e-06
-5.199076009940133111e-07
4.797546799528675671e-07
1.518743069432521091e-06
2.957319964997115369e-06
5.278466579072337826e-06
9.543315714931633543e-06
1.828498593302780551e-05
3.123443727744583317e-05
3.425693861590000191e-05
3.239402289607100024e-05
2.808584402190410096e-05
2.477653868404877132e-05
2.211883492196795858e-05
2.146888606901744268e-05
2.171893930254260779e-05
2.316657200887621359e-05
2.371965720244766925e-05
2.220283804481137433e-05
1.724684647331797713e-05
8.939396853762329476e-06
4.130841188834559776e-06
1.910202481919118778e-06
5.743749030642952786e-07
-5.295946647198759350e-07
-1.813690071397659499e-06
-3.684769590819026096e-06
-6.691735383082351878e-06
-1.178340635865261782e-05
-2.071395001387951417e-05
-3.683806223204806905e-05
-6.697099116463337757e-05
-1.261784253559368170e-04
-2.529751377489038730e-04
-5.712335482902107433e-04
-4.412995822482707877e-04
2.523522708179048437e-04
-1.823247356910103747e-04
2.938155614343970789e-04
1.515680209946076464e-04
-7.333339831925593977e-05
-6.618791849159601313e-04
4.807785482364776561e-04
-6.531396387146892746e-04
-6.976851459971227833e-04
-4.175827618358828454e-04
-1.478158005526244425e-04
-6.066150685239267860e-05
-2.706581652157757082e-05
-1.312927606602089294e-05
-6.756941677842821435e-06
-3.541099846323180698e-06
-1.706137612713357089e-06
-5.073901863500354975e-07
4.688453078698842442e-07
1.522003401658782785e-06
2.981537411927676870e-06
5.291898258256428563e-06
9.550580374676968895e-06
1.828382853845136283e-05
3.122891986923224467e-05
3.425684671226504466e-05
3.238165267370399626e-05
2.807051354016153045e-05
2.477222659841830880e-05
2.211637996817763201e-05
2.147472494948333242e-05
2.173488891302972404e-05
2.317594261424161286e-05
2.372903255412887636e-05
2.221180623307418965e-05
1.724931629456397591e-05
8.939905584711413318e-06
4.118817016486549443e-06
1.904227632022487228e-06
5.914734843927570286e-07
-5.268019409712928149e-07
-1.828320270940453670e-06
-3.681472065379901923e-06
-6.681957464643211838e-06
-1.179553645337009831e-05
-2.076186389556645520e-05
-3.701723288842198855e-05
-6.756184847548754092e-05
-1.270364553270763848e-04
-2.416198099508131433e-04
-3.940547030682548381e-04
-2.475801444871157512e-04
-2.300015852042518606e-04
-5.070951827140933628e-04
5.314503960753515417e-05
6.125815729339413194e-05
1.652388382573291158e-04
-2.136750629536688382e-04
-5.457286645753941633e-04
-1.275902238448226587e-04
4.801679716130206020e-04
-6.730842228896813297e-04
-1.713228334208526593e-04
-5.736151874166697378e-05
-2.479797661995460824e-05
-1.224144359581721239e-05
-6.451057144202008384e-06
-3.433409120690055794e-06
-1.680928918073780961e-06
-5.124574611247668138e-07
4.699346452579533375e-07
1.517240847335825377e-06
2.966418421076001195e-06
5.281337439003725796e-06
9.544061614145613127e-06
1.828449575347028134e-05
3.123278868206106728e-05
3.425500025088532783e-05
3.238815247682850850e-05
2.807542777174264101e-05
2.476652309857822333e-05
2.211807742071215892e-05
2.147688265447859915e-05
2.172610176863725410e-05
2.316580628908424127e-05
2.372017534272944449e-05
2.220697925063145381e-05
1.724646209801365280e-05
8.935222628803570779e-06
4.126169339144585387e-06
1.913485740058532434e-06
5.813009919892062021e-07
-5.258462553946441721e-07
-1.811654515275391183e-06
-3.685929748655911885e-06
-6.690165398605205008e-06
-1.178360196881760583e-05
-2.073204666124569932e-05
-3.693850083431219846e-05
-6.757522717209702725e-05
-1.301764251621643402e-04
-2.815090581473390940e-04
-7.918335655470999613e-04
-4.097321573564312162e-04
6.241868620507096685e-04
4.000666754708587995e-04
-6.264712245353647744e-04
4.744701574202247530e-04
6.430045760152845952e-04
4.729129850792912243e-04
-5.230805163271878052e-04
-4.046662855469900020e-04
-2.025332008178614654e-04
-5.284353575411306590e-04
-1.200004740754580246e-04
-5.090272643205944549e-05
-2.461992254414910151e-05
-1.297572342565890765e-05
-7.141762923670730063e-06
-3.933226106091266456e-06
-2.006081001279922107e-06
-6.989055487821457764e-07
3.887409268553660536e-07
1.497646959115219192e-06
3.004069644901651920e-06
5.430996788306080400e-06
9.958199336136879605e-06
1.954624273075000187e-05
3.444747025385354121e-05
3.903783626857238831e-05
3.730637188294036775e-05
3.199689876974143451e-05
2.728938023244940376e-05
2.327616482454599521e-05
2.142861975938848183e-05
2.063284204279479969e-05
2.142314749100354603e-05
2.203756682985851149e-05
2.154728477733165203e-05
1.757403038358880097e-05
9.520219160532985287e-06
4.511904478157644154e-06
2.121247735380583929e-06
6.711057737481992352e-07
-5.052696476585285846e-07
-1.834637015553916237e-06
-3.720126558353537320e-06
-6.692490962140520137e-06
-1.163542567238088993e-05
-2.009253674800609462e-05
-3.471163122722022658e-05
-5.985822812679338393e-05
-1.010802834393538844e-04
-1.553396015436084342e-04
-1.408322803052775203e-04
3.378956390596179983e-04
6.265583486119260430e-04
5.813251078222993152e-04
-3.435006509191554911e-04
2.941720114926021598e-04
-4.602714574893436070e-04
7.456882884702662221e-04
-6.189234815664693828e-04
-6.565599109122476768e-04
-6.245654774246073293e-04
-7.331250300955349493e-04
-1.734209835585223908e-04
-5.074944570504947851e-05
-2.244425193373302444e-05
-1.197576194142193642e-05
-6.789685945593285302e-06
-3.830254166202395513e-06
-1.966361699909134447e-06
-6.790476430085417008e-07
3.809853495158824936e-07
1.503563173726996541e-06
3.027270311889746481e-06
5.438092528671058965e-06
9.959459331972081336e-06
1.954309839012757715e-05
3.443734786434106095e-05
3.903286450626850104e-05
3.729556996099363177e-05
3.198389989092949575e-05
2.728545102375022196e-05
2.327454525276920579e-05
2.143603177587715598e-05
2.064836486658496326e-05
2.142663639161052901e-05
2.204007189802321593e-05
2.155557477975252018e-05
1.757650016803943103e-05
9.520360172035019188e-06
4.504019081956818226e-06
2.119514888415821181e-06
6.882820569912082913e-07
-5.041644536705230232e-07
-1.849026480425682466e-06
-3.713259138124675510e-06
-6.684469145498935760e-06
-1.165662600614389144e-05
-2.017128127536807928e-05
-3.510559460315981712e-05
-6.191881267967978960e-05
-1.123095335447931429e-04
-2.196520904943191003e-04
-5.321591453515409553e-04
-5.285917394503315001e-04
5.414417964017266115e-04
-5.451284449952605591e-04
4.204193312486281375e-04
-3.241600813121144173e-04
3.706496842332837691e-04
6.029018161493679027e-04
7.352915170906919925e-04
4.840753113529039787e-06
-2.869654535033865648e-04
-7.876907928958806955e-05
-9.753592164146643979e-05
-4.947448478012393599e-05
-2.374665952002317113e-05
-1.242031387918902934e-05
-6.892159224993298756e-06
-3.842423094257568286e-06
-1.975039952369606447e-06
-6.921771539796830091e-07
3.796448814758485523e-07
1.495844746782479551e-06
3.010278687935128697e-06
5.432711081743020217e-06
9.959773487707930639e-06
1.954517403401948527e-05
3.444178625947487686e-05
3.903079190903201287e-05
3.729941039896280254e-05
3.198778214708206341e-05
2.727944841097491388e-05
2.327349840235014134e-05
2.143534520724601878e-05
2.064134111393590662e-05
2.142461187228376335e-05
2.203874961450357568e-05
2.155116541398523761e-05
1.757372715858894331e-05
9.516298825563408332e-06
4.507768982444634478e-06
2.122107724728277701e-06
6.728986735077966762e-07
-5.021728237574712033e-07
-1.829784295015799209e-06
-3.719433914486485231e-06
-6.691505691594350111e-06
-1.163596748990127119e-05
-2.010289044028769505e-05
-3.475631243070908855e-05
-6.002724824920183458e-05
-1.015660990930292970e-04
-1.548799994586939942e-04
-1.172700084075123915e-04
-5.125300191597497151e-04
2.075955483342503812e-04
2.782722253395838945e-05
-1.566845389291185691e-04
-3.662164960442435414e-04
-6.564123228462192573e-04
1.232943716471680124e-04
-6.986988446140638938e-04
5.722281601674789270e-04
-6.337227315802902456e-04
5.943882756213408024e-04
9.050899927673386404e-05
-5.391905801163793481e-06
-1.296932891194967896e-05
-9.996037594697576830e-06
-6.565071972982623880e-06
-3.983402540018353672e-06
-2.168010236268488379e-06
-8.428875678586050198e-07
2.761357432370023061e-07
1.396685633034469777e-06
2.887420045928265374e-06
5.279373401746718181e-06
9.834641263165612841e-06
1.989793890642200706e-05
3.660459067172635098e-05
4.359218884982825728e-05
4.309585212392347877e-05
3.717559710639013889e-05
3.085941235118106358e-05
2.515216911585275319e-05
2.184047282061091872e-05
1.981810705933902697e-05
1.962143038212228209e-05
1.966219492448563976e-05
1.937054846607803431e-05
1.622215400937443834e-05
9.080345620239409639e-06
4.387984450723206350e-06
2.070800320617503572e-06
6.434890951097320592e-07
-5.076915038609361605e-07
-1.781023531970856770e-06
-3.538108892504660661e-06
-6.230525804003788678e-06
-1.056906867707945671e-05
-1.770079252316208662e-05
-2.935201091578590029e-05
-4.775705554510358165e-05
-7.370557049207498068e-05
-9.716974152596284317e-05
-6.828650142682438150e-05
-5.020953281763345603e-04
-5.051512249332841455e-04
6.150842218730150860e-04
-6.790412382751815062e-04
-5.393340116142242681e-04
-3.019453071192884663e-04
-1.280488291150972346e-04
-7.323913564542107544e-04
-4.289629602521522248e-04
-6.555486455441270977e-04
3.117088455658956810e-04
4.017819124203932894e-05
5.132280176659068136e-07
-9.079870227937672863e-06
-8.555734502871864666e-06
-6.102886292146542926e-06
-3.851236052939876639e-06
-2.121037658163510096e-06
-8.209495714053024940e-07
2.718284034024275205e-07
1.403232108999912200e-06
2.905614651314263696e-06
5.278000293733095386e-06
9.828674655074569905e-06
1.989261402663433258e-05
3.659185742272487744e-05
4.358523939448087273e-05
4.309109095379150690e-05
3.717025916800357089e-05
3.085846600589900484e-05
2.514978673931620378e-05
2.184601712018270330e-05
1.983144906001145280e-05
1.961973080959619495e-05
1.965823005431344969e-05
1.937620801855126276e-05
1.622158118750007585e-05
9.078364572272409183e-06
4.386596929908680682e-06
2.078454562576788156e-06
6.650978398527637498e-07
-5.052071830495888632e-07
-1.794199979372640858e-06
-3.530560731011615028e-06
-6.226383326919015588e-06
-1.059559497564522303e-05
-1.779066134578546175e-05
-2.983304102680871066e-05
-5.033991578013786631e-05
-8.754166343743317196e-05
-1.704867091651408298e-04
-4.461451035018362300e-04
-4.951151239380519519e-04
4.651688184583993232e-04
-4.425338622123724621e-04
6.982636248201100045e-04
3.801937455984802784e-04
-2.729653942142936003e-04
-5.199792753861750758e-04
7.269525556093652939e-05
-4.888932846601872504e-04
3.720455636816582547e-04
-2.017888330478738738e-04
-3.076669720315342206e-05
-1.511028740842215788e-05
-1.282364968148770086e-05
-9.501898517790289414e-06
-6.344542824932894460e-06
-3.909622130743707033e-06
-2.142915530606202910e-06
-8.354735848329504757e-07
2.697471712169882400e-07
1.394076909187438555e-06
2.888020597286946590e-06
5.277444023196517357e-06
9.835589410880210196e-06
1.989742963464629630e-05
3.659905767148279634e-05
4.358509116882410781e-05
4.309216884912733412e-05
3.717116547522630198e-05
3.085127629478129758e-05
2.514779607626678465e-05
2.184555087531686094e-05
1.982750209070870915e-05
1.962394484358424309e-05
1.966126160930854031e-05
1.936965589203914044e-05
1.621755449103755208e-05
9.073911732564436767e-06
4.383246772108125094e-06
2.069392101646421321e-06
6.421195113128822263e-07
-5.027078950921305233e-07
-1.772031438889496239e-06
-3.534825826659448926e-06
-6.230378743605338199e-06
-1.057114205555132028e-05
-1.771074267810231366e-05
-2.939679864360596458e-05
-4.789672304361852534e-05
-7.356218967024016453e-05
-8.838822809186583764e-05
4.672321005346520160e-05
3.077409584577383921e-04
4.672731936622614491e-04
-3.291887860623563260e-04
-6.620712879407670117e-04
-2.422511719970692516e-04
-2.758477700880209837e-04
-1.650617890737137087e-05
-2.583526347306595210e-04
-2.828207467251644285e-04
6.297225656102713870e-04
5.310119158820546205e-04
1.004141169451006754e-04
9.011677951997946906e-06
-8.462137485287621233e-06
-9.090906738770228394e-06
-6.637487177163368882e-06
-4.227729690439760984e-06
-2.379953538703291346e-06
-1.004039124201223987e-06
1.344521273454835395e-07
1.228560311363198094e-06
2.634356043131025441e-06
4.857279819460361368e-06
9.153398785429630821e-06
1.897441725064895056e-05
3.626460333623261501e-05
4.557630705833567254e-05
4.792852512252266734e-05
4.295917237804289018e-05
3.550033704706812075e-05
2.789577663854478530e-05
2.284337363562053536e-05
1.941789446709219486e-05
1.810055227543371111e-05
1.730808345084347227e-05
1.668109265889092079e-05
1.391590656920126989e-05
7.832597521754809680e-06
3.789565592185505102e-06
1.756314264046336399e-06
4.853448435889184722e-07
-5.512488729722648104e-07
-1.692049126928982505e-06
-3.232573578191239555e-06
-5.517449309161199619e-06
-9.059180996242777967e-06
-1.461673508212685859e-05
-2.321230732263732682e-05
-3.590287573748464107e-05
-5.124526582691554176e-05
-4.842504698428348655e-05
1.267951178180139118e-04
6.657352565632182429e-04
-3.590385940970343718e-04
5.359381098714960335e-04
-4.191931841372795306e-04
-4.360798204512675498e-05
6.788501325627967252e-04
-2.039903421189724782e-04
-3.153590310982974675e-04
-5.790088356681674740e-04
3.856659901025509323e-04
3.034477260597708828e-04
5.840295925381193615e-05
3.905247644380985185e-06
-8.194268453360528841e-06
-8.611249963389687570e-06
-6.414376492349956541e-06
-4.152919298003250060e-06
-2.350354653121742898e-06
-9.891007236778668737e-07
1.323694455775040842e-07
1.237838154478481447e-06
2.652342569117710204e-06
4.854371777561669306e-06
9.145350820139685514e-06
1.896956076134087644e-05
3.625172854996746137e-05
4.556929487297961404e-05
4.793041843944568066e-05
4.296076058716675691e-05
3.550059414676397625e-05
2.789152382879826094e-05
2.284766515627823172e-05
1.943092904909679087e-05
1.809572657956076396e-05
1.729916090517058424e-05
1.668656141569177005e-05
1.391625337560073358e-05
7.829773379115091529e-06
3.791105020692566330e-06
1.764427437631279572e-06
4.998705399010033837e-07
-5.547804029946909313e-07
-1.705271636568924106e-06
-3.224261646076216219e-06
-5.514965529307198870e-06
-9.083397177023752034e-06
-1.469183066317766055e-05
-2.364045492281509369e-05
-3.828153950232919225e-05
-6.444207934200067917e-05
-1.219634692384654099e-04
-2.849942401196214545e-04
3.646307008095578026e-04
6.987005614372879519e-04
1.960855972555093760e-04
4.847456680138247792e-04
-3.556131024712342009e-04
4.495485842143954607e-05
-5.847579798415030589e-04
-5.775646719801116663e-04
5.800009450346170796e-04
-5.110602281049857491e-05
-1.485075869900267956e-04
-1.301233178997077930e-05
-1.124099807193041309e-05
-1.173625920628705715e-05
-9.507730523282335896e-06
-6.650603951634339528e-06
-4.215034454030283256e-06
-2.370672764050969684e-06
-9.994093914917312015e-07
1.291044657187688476e-07
1.223648671913063479e-06
2.629743570470250109e-06
4.854324457974243256e-06
9.156237195179642169e-06
1.897648819762795273e-05
3.626159799708328585e-05
4.557137829817123223e-05
4.792915616843764620e-05
4.295977558694038113e-05
3.549423004772754033e-05
2.788990626379388496e-05
2.284650200677640014e-05
1.942728160029405645e-05
1.810337794799080484e-05
1.730524488518703335e-05
1.667668446581948639e-05
1.390931937812592220e-05
7.825594803859634233e-06
3.784408934774481758e-06
1.750721282249986039e-06
4.777915993257848815e-07
-5.485436699430228852e-07
-1.682817849866507144e-06
-3.228314510512441363e-06
-5.518742538339603598e-06
-9.064530748997858532e-06
-1.464294732139187476e-05
-2.338707341982260146e-05
-3.703419120563242742e-05
-5.877757846231079704e-05
-1.006071148164336306e-04
-2.535929489920446360e-04
-4.571966466861833813e-04
7.322832655400987210e-04
4.447633224142688232e-04
5.369061329611831595e-04
4.743088756853942054e-04
1.711247200970510086e-04
7.025964261118026284e-04
3.609303664600642001e-04
-6.811129807979002465e-04
5.662181035975378347e-04
-7.120574473062252793e-05
-3.374781510118770450e-05
-2.674671976540945879e-05
-1.933292046952383105e-05
-1.292512436596733228e-05
-8.185181837169318574e-06
-4.924026384561224324e-06
-2.722657417088475771e-06
-1.203991086059869445e-06
-3.065629474028191540e-08
1.022366874554998280e-06
2.304833975523319447e-06
4.269766637325746181e-06
8.078774913762203021e-06
1.695685561293281424e-05
3.314237752466700699e-05
4.326711622079710997e-05
4.897810236065894805e-05
4.746194995841159419e-05
4.074650422851077775e-05
3.166510506118419484e-05
2.464952342033052316e-05
1.958204532926560273e-05
1.699280086891714900e-05
1.523754970334095003e-05
1.394484065333027156e-05
1.115346336448143119e-05
6.038294012835234780e-06
2.827086212908845986e-06
1.224702096788624819e-06
2.094630687962376878e-07
-6.505681650753640109e-07
-1.617186355928176060e-06
-2.914401458469208388e-06
-4.780268218745559575e-06
-7.544616814347826404e-06
-1.162489960986809276e-05
-1.749978262002524983e-05
-2.575819580942596829e-05
-3.736264582665244359e-05
-5.712980908897860312e-05
-1.271469730966421567e-04
-2.903627757821033886e-04
3.901322647901767212e-04
3.437392800598333123e-04
-4.063669242693041775e-04
4.802801728216421180e-04
8.221735429063254633e-05
7.230669265469154370e-04
-3.229764163881125127e-04
5.435442110871968472e-04
3.561782736549800417e-04
-1.974282108619481086e-04
-6.143103434374102840e-05
-3.033567688053958786e-05
-1.932779103830011282e-05
-1.266396973552813713e-05
-8.051962647667498251e-06
-4.877100209965385136e-06
-2.702425150363319240e-06
-1.190754877675049685e-06
-2.662040537041987538e-08
1.033627660979574870e-06
2.318232522098798893e-06
4.262296278964198027e-06
8.068144184802839922e-06
1.695268482261135843e-05
3.312908308195697114e-05
4.325728826593849315e-05
4.898168109932786099e-05
4.746715401448130825e-05
4.074835463451559125e-05
3.166197724097434102e-05
2.465450709881355411e-05
1.959423388542988229e-05
1.698409207786631957e-05
1.522289079321659091e-05
1.394913445558218622e-05
1.115482339054007652e-05
6.034535223544595564e-06
2.830291658921397623e-06
1.231653947168279313e-06
2.159599576293020552e-07
-6.597951768319988433e-07
-1.630422608767114907e-06
-2.907773698014590584e-06
-4.780692015523885821e-06
-7.561768452882663895e-06
-1.165777219008968610e-05
-1.770303393447282588e-05
-2.686738588205467838e-05
-4.333968053686877372e-05
-8.997345469367145482e-05
-3.124577388047214822e-04
-7.310834805991878269e-04
-6.187658629599275453e-04
-3.678711030739863328e-04
-9.922350764536851282e-05
-4.533310553142962888e-04
1.617562623098735438e-05
-2.954106688153526679e-05
1.103872365215505534e-04
3.698385214358411660e-04
-8.362082292117529721e-05
-5.300441733970262797e-05
-5.152093915450743915e-05
-3.326823152593069114e-05
-2.083263287485838812e-05
-1.318452833326781393e-05
-8.212917722499758207e-06
-4.926045257187909272e-06
-2.718750158126204898e-06
-1.198560333597576501e-06
-3.204494680512604123e-08
1.017446627016202088e-06
2.296708853797432602e-06
4.266498910532030928e-06
8.082870472428445121e-06
1.695965590287943188e-05
3.313911864339053813e-05
4.326171179377994141e-05
4.898128972819848839e-05
4.746759180631014566e-05
4.074390362901531606e-05
3.165964318273456669e-05
2.465199573726873955e-05
1.959197915957841603e-05
1.699697179337266879e-05
1.523395727476035689e-05
1.393714556656539222e-05
1.114495052248773248e-05
6.030932702784231781e-06
2.820753194530701712e-06
1.213955349907956072e-06
1.965191490902131106e-07
-6.488573790770555630e-07
-1.606663004579342855e-06
-2.908521990092436407e-06
-4.783055850212942955e-06
-7.551405175811833706e-06
-1.164553028289684873e-05
-1.761369481438660072e-05
-2.626693084738758937e-05
-3.893721241709482208e-05
-5.486995011424124251e-05
-2.156606194523979714e-05
-4.677718567564679263e-04
-3.472806907521099116e-04
-6.191379586234123855e-04
-4.423516804314197659e-04
-1.713390763786504548e-04
1.736967087624202667e-05
-4.154727733865418290e-04
-1.890447825296416183e-04
-4.639838675541634429e-04
-5.002235032060094655e-04
-2.544767235143691924e-04
-1.053433341928030264e-04
-5.734780078522836160e-05
-3.133992817785076035e-05
-1.766833186598409957e-05
-1.010384924475067877e-05
-5.726574890806212434e-06
-3.077070092025057432e-06
-1.393477793190976809e-06
-1.881251934096101621e-07
8.124679992771112916e-07
1.955393814722063566e-06
3.629088304681771779e-06
6.851497823416071695e-06
1.440187601129528038e-05
2.828990099560998176e-05
3.726957434513375429e-05
4.450045794292225492e-05
4.733406840399267300e-05
4.450761014419865304e-05
3.587244101606344227e-05
2.722149078012719319e-05
2.027865579051421618e-05
1.614967188168956412e-05
1.316460236754455318e-05
1.085113839716717002e-05
7.766508315112014048e-06
3.760345554685024441e-06
1.602183727733623955e-06
5.444335266513758449e-07
-1.530869994597703533e-07
-8.072841675451469519e-07
-1.596208204656911923e-06
-2.681476801655177963e-06
-4.217543088959009310e-06
-6.396014039621258900e-06
-9.346510253350034703e-06
-1.293886951952340874e-05
-1.628436518032885948e-05
-1.589870259424470508e-05
2.288277738869044052e-06
1.117069569807229009e-04
3.443671274198137323e-04
-4.505463601206384072e-04
6.480839607739174914e-04
-1.196460105074353481e-05
6.043569935507240188e-04
4.226609135642230995e-05
2.305891970310067012e-04
6.053003753679773915e-04
-5.106935564456088804e-04
-2.354989094250449825e-04
-3.434448627774531462e-04
-1.382496392004264592e-04
-6.086243224804880383e-05
-3.127213464205344192e-05
-1.742804738865344971e-05
-9.996759464600839503e-06
-5.691025783261209134e-06
-3.062625851512591285e-06
-1.381819214771766952e-06
-1.788510939615666093e-07
8.262348786068578344e-07
1.966490569433002953e-06
3.620430360406685621e-06
6.840044778587157479e-06
1.439680978629384980e-05
2.827344825218138397e-05
3.725503890315110146e-05
4.450386820437784058e-05
4.734078991709111251e-05
4.450812191617846842e-05
3.586693278817201921e-05
2.722345073015910170e-05
2.028769991220296038e-05
1.613785831659458504e-05
1.314443712690243408e-05
1.085137862370488477e-05
7.766317482733978793e-06
3.757073704913226774e-06
1.612522940110532096e-06
5.579902119425577828e-07
-1.472422428985455143e-07
-8.165657312586400659e-07
-1.606480109852272423e-06
-2.676808878485335220e-06
-4.221939797309254717e-06
-6.407232473103829079e-06
-9.338017476944902176e-06
-1.289541247660215929e-05
-1.585836371285169940e-05
-1.222673867401239175e-05
2.989020015597234931e-05
2.997382185893164835e-04
-1.868514954367325774e-04
-1.628335115849122139e-05
-5.326055130765063169e-04
-2.972390292760700983e-04
1.846067573427946792e-04
-7.552126434845955836e-04
-6.633735637082584366e-04
1.436118316281961994e-05
5.925597010906556803e-04
-4.119750931500969823e-04
-4.767761996778062893e-04
-1.350363083630631920e-04
-5.879925833324671866e-05
-3.111608495364159279e-05
-1.753595545767148452e-05
-1.006095141738164780e-05
-5.719558808603325390e-06
-3.073080085926045375e-06
-1.386420212898480482e-06
-1.857709445131162656e-07
8.077896637401497814e-07
1.944910188964377408e-06
3.626109659446274862e-06
6.856346731882369582e-06
1.440438761734981780e-05
2.828569878625984484e-05
3.726364389817722123e-05
4.450566753002337171e-05
4.734324742002984839e-05
4.450654897246083679e-05
3.586579114389655928e-05
2.722303040367807648e-05
2.029001341011113990e-05
1.615717653593565480e-05
1.316185822298241973e-05
1.084049626446305408e-05
7.756818203092382565e-06
3.756244645731870969e-06
1.601501916488037093e-06
5.373302316971413605e-07
-1.639356149131507732e-07
-8.040587561249433439e-07
-1.585708810950324275e-06
-2.677051534771699438e-06
-4.224891609024979361e-06
-6.408324804184671707e-06
-9.377296899066816355e-06
-1.311611541198808488e-05
-1.729394388328399720e-05
-2.171552025647783635e-05
-3.320807324257046725e-05
-1.271840865270496522e-04
-2.154695094976240559e-04
5.584420491952360644e-05
-6.737834205885840982e-04
-7.352352802158766427e-04
-1.050035936256392969e-04
-1.451630505933416287e-04
2.317767774502095144e-04
-4.490733282220450576e-04
2.085334414182314253e-04
-4.878716345560328463e-04
2.101636945225497687e-04
-5.487083094911740408e-05
-5.773779017380597763e-05
-3.526297523414538126e-05
-1.991418804386044041e-05
-1.112095216784071973e-05
-6.155274840863147287e-06
-3.260254820252566539e-06
-1.499659052685979504e-06
-3.019550844727646566e-07
6.305779730276918148e-07
1.634011927054562164e-06
3.029609752495597266e-06
5.688014328600692784e-06
1.190093682361554574e-05
2.323152446487869341e-05
3.006155632956730600e-05
3.640682735287572051e-05
4.113028013258250988e-05
4.332580292514127387e-05
3.864736787348064476e-05
3.009388825535874327e-05
2.131703509626214191e-05
1.517088930885616190e-05
1.040896800001226224e-05
6.582297835768465077e-06
3.290558461191794810e-06
1.010243285409926760e-06
2.258256108318482817e-07
-1.935529757166416762e-07
-5.495076254223441957e-07
-1.004676535119370869e-06
-1.648003882586211637e-06
-2.597355746090488198e-06
-3.968709102616101264e-06
-5.909339689939252585e-06
-8.455229671067435377e-06
-1.130425528060146783e-05
-1.340688096193690588e-05
-1.325365788529176585e-05
-2.111636292621328157e-05
-1.765806109347630858e-04
-6.900317106960125865e-04
-5.732658132613747959e-04
5.318745239023609439e-04
2.360827834858050768e-04
-7.075936362661098536e-04
1.690476223832422975e-04
-3.164140235881831068e-04
-3.391763577436400024e-04
1.832147377184059059e-04
-9.771568093455655223e-05
-6.547002603089899968e-04
-1.780631093431779370e-04
-7.180299423570514613e-05
-3.663913319008506574e-05
-1.996392605884199126e-05
-1.110184782371050616e-05
-6.150109453537604274e-06
-3.258797659484031594e-06
-1.492367283523348736e-06
-2.891459949338891800e-07
6.464109786565770366e-07
1.643667954235049568e-06
3.022040911208099369e-06
5.678476594230267961e-06
1.189791087745623355e-05
2.321657313583928709e-05
3.004804442621900135e-05
3.641461465128763140e-05
4.114015096331048553e-05
4.332303114285230634e-05
3.863559581646623821e-05
3.008890344769343404e-05
2.132031698587201187e-05
1.515716284467986826e-05
1.038859159143794106e-05
6.587027477627539853e-06
3.298943056344025178e-06
1.013516107525680081e-06
2.408820949950782090e-07
-1.811537742238231188e-07
-5.510216750444944899e-07
-1.016812184258836850e-06
-1.655255221637165859e-06
-2.593831453716216447e-06
-3.976767650554767563e-06
-5.922648455989641068e-06
-8.459565700463381185e-06
-1.132352113667784796e-05
-1.318476323282127805e-05
-9.383414007670819082e-06
1.936915206818471519e-05
1.856280140041231298e-04
-7.204681955348186300e-04
4.924800336956780848e-04
-3.365147092318083164e-04
3.740290315789228598e-04
-6.207648313784147826e-04
5.283489587584070746e-04
-2.701928635289875644e-04
1.961871430814159751e-04
-6.337783447999212425e-04
2.446871527371877490e-04
3.965850385390727833e-04
-3.294064628473593266e-05
-5.524530118808753569e-05
-3.481305776544303682e-05
-1.981964218942191091e-05
-1.110648415256029577e-05
-6.160034368251047483e-06
-3.260891629231630905e-06
-1.493119548359760006e-06
-2.978176019109027608e-07
6.248481757461771419e-07
1.620864204679121344e-06
3.026730563616158212e-06
5.693919173962226688e-06
1.190430493521300370e-05
2.322801020301061168e-05
3.005656451554950125e-05
3.641447756248602390e-05
4.114171979455245089e-05
4.332380826252452838e-05
3.863636392589473725e-05
3.009152263787377851e-05
2.132754081790434625e-05
1.518222469464049253e-05
1.041099146199490307e-05
6.574443097644958896e-06
3.284836407684378389e-06
1.011507234445848876e-06
2.286005459602449760e-07
-2.019919369828248283e-07
-5.633388315398651395e-07
-1.003621423430789850e-06
-1.638437673824909957e-06
-2.593296455423573826e-06
-3.977838326218547800e-06
-5.925102177836306109e-06
-8.497081654300673060e-06
-1.152363846230252042e-05
-1.446671040504614833e-05
-1.770494864228924962e-05
-3.504216966629970098e-05
-1.769331125805561462e-04
1.739278750489515828e-04
6.395930365932257777e-04
-2.540073832348002810e-04
-8.659619752046730356e-05
4.514316352448101183e-04
-4.203469658734566719e-04
-4.236413422968341520e-04
-1.249146385067557996e-04
2.941472305632680502e-04
-5.056005476178732864e-04
-5.301376407030068943e-04
-1.870158111188220218e-04
-7.867848883247317881e-05
-3.785413517027476067e-05
-1.986286383302728929e-05
-1.085809967049093620e-05
-5.977383886723898849e-06
-3.166776722301487778e-06
-1.477841084971458929e-06
-3.508416816389085282e-07
4.932018662702119690e-07
1.364061873893834130e-06
2.518298918684659891e-06
4.699492553527555042e-06
9.771810197996124103e-06
1.887894123152556865e-05
2.359056580340773674e-05
2.801122733271882185e-05
3.168810734532625058e-05
3.560849811099350761e-05
3.570041912541485580e-05
3.055205471941317913e-05
2.113069373046202163e-05
1.242249454549279115e-05
5.120816353213744195e-06
-1.888827022682167570e-07
-2.604571385032334507e-06
-2.107446140685552060e-06
-1.198802479232243577e-06
-9.277100012029484496e-07
-9.476097409275610144e-07
-1.226790240448948439e-06
-1.767684822650415033e-06
-2.667028531888362535e-06
-4.053824399880541718e-06
-6.136893278208505659e-06
-9.065587155355435525e-06
-1.262095927063973837e-05
-1.474669433918147479e-05
-4.586752217867155548e-06
7.182475528819394863e-05
4.929127952316218449e-04
4.415487559362096738e-04
4.638422342058995829e-04
-4.949917667568612010e-04
5.867047333593266743e-04
6.579801262549467766e-04
3.280005665037164994e-04
-5.637863564079759800e-04
5.126288030748694068e-04
4.584342148544786862e-04
7.414502531548034599e-05
-5.713068823754111764e-04
-1.862652600374721523e-04
-7.923442293185722712e-05
-3.838648178341381084e-05
-2.013193283490540092e-05
-1.097429021026840776e-05
-6.021004321106603689e-06
-3.182772682642373746e-06
-1.477951537431977843e-06
-3.395887046115172322e-07
5.059749145245943530e-07
1.368567379405868384e-06
2.509816602386971627e-06
4.690805457229775308e-06
9.769643825939515892e-06
1.886415018619069092e-05
2.357696917110492434e-05
2.802350986863835715e-05
3.170349130165701581e-05
3.560778523672489932e-05
3.568953449138098112e-05
3.054498530874150900e-05
2.113041296242095882e-05
1.241011611456050181e-05
5.104495335527974820e-06
-1.787267867069329575e-07
-2.590345196513781011e-06
-2.100778882714750663e-06
-1.182403501108186642e-06
-9.192563815080191160e-07
-9.584864602321867906e-07
-1.243973398069900262e-06
-1.774778456665374369e-06
-2.667528898128325793e-06
-4.067661151381646188e-06
-6.161630404193659871e-06
-9.146254103368033327e-06
-1.312698290173974984e-05
-1.767584050621106410e-05
-2.160241951406835842e-05
-2.945719893623675604e-05
-1.311096149504393062e-04
-1.666560705414296564e-04
2.568180358456348031e-04
-5.624895202908700674e-04
-5.162067629336656357e-04
4.757706211391032934e-04
-3.912071460584895456e-04
-4.045450873019710691e-04
5.596764451647124109e-05
-4.989191524140656466e-04
5.360785862125441639e-04
-7.379090558359240179e-04
-1.840489237956994390e-04
-7.285440724352124466e-05
-3.628747401297620253e-05
-1.957719564229523716e-05
-1.083161535517151876e-05
-5.988213368406642631e-06
-3.171393379011989381e-06
-1.472230430212720380e-06
-3.453145329386301258e-07
4.871534265713737027e-07
1.349739933558713397e-06
2.515993412953467251e-06
4.706008605901689555e-06
9.775348835063337355e-06
1.887564447554420155e-05
2.358703405034161360e-05
2.802298007971868319e-05
3.170416544343794118e-05
3.560835290193095995e-05
3.568689012518341748e-05
3.054478926854521881e-05
2.113745986438222844e-05
1.243466683660960041e-05
5.124668438152243480e-06
-1.973951847834916929e-07
-2.610736304912915412e-06
-2.104638455771743562e-06
-1.194168126759906646e-06
-9.366628986536185341e-07
-9.632641324817907171e-07
-1.227509604734699230e-06
-1.758658059033431755e-06
-2.662661545879907237e-06
-4.063152457418679204e-06
-6.156818704597949516e-06
-9.138640842883807494e-06
-1.303785270074806994e-05
-1.701682239246394385e-05
-1.645977132761016718e-05
1.154717172865546892e-05
1.940417483418248085e-04
-5.742084910218747597e-05
5.671040912425878364e-04
4.594155169015983657e-04
4.607575946991833581e-06
2.939026258515629766e-04
-3.701296277293357625e-04
3.405420184263052881e-04
1.447671619553550699e-04
4.079325813972107671e-04
5.476669659928510691e-04
-6.851894808490677051e-04
-1.620987145974709916e-04
-5.601703313240111534e-05
-2.782336160904130921e-05
-1.563576674644459377e-05
-9.024865852399630980e-06
-5.155097153854274378e-06
-2.796671225778273312e-06
-1.333144733763255196e-06
-3.398569473121245109e-07
3.969875570085893794e-07
1.144763220980705992e-06
2.099784063184445760e-06
3.904408226460830211e-06
8.086978464483220912e-06
1.548898067246716031e-05
1.857393843250100201e-05
2.124084199304817009e-05
2.293122121396902910e-05
2.534966316213375554e-05
2.572272862905540845e-05
2.282955417839878940e-05
1.436210608569794757e-05
3.929400878668287002e-06
-4.478438291709384442e-06
-9.065061353896772974e-06
-9.016054822859425648e-06
-5.200523592092908123e-06
-2.545716659709800492e-06
-1.606223343483761741e-06
-1.319479868621434673e-06
-1.451454357307708772e-06
-1.927182352163094802e-06
-2.839061338945356316e-06
-4.366807246698392727e-06
-6.871293473486797571e-06
-1.088467685052804101e-05
-1.718356388767419595e-05
-2.627893978585591142e-05
-3.394359495753598632e-05
-2.350698450252389866e-06
3.124454060266471534e-04
3.678843228079981768e-04
5.064783406159503601e-04
-1.399577936914301126e-04
1.531076143873819355e-04
5.900039305602592429e-04
-5.738500468685814879e-04
5.288864020593037150e-04
-6.988161256563803735e-04
4.624121537566149064e-04
4.187551363615723003e-04
4.927501723707445463e-04
8.370220327248237900e-06
-3.857048611630125012e-05
-2.712031650406634801e-05
-1.611413108004153733e-05
-9.284473070763326334e-06
-5.249634379480307473e-06
-2.827236507066466449e-06
-1.336819269027101002e-06
-3.276257672701585911e-07
4.086202962537122326e-07
1.145526733964005625e-06
2.090391045376420964e-06
3.895168211084437730e-06
8.083267096555719086e-06
1.547154742382452028e-05
1.855718825120386285e-05
2.125408332649176722e-05
2.294917777229652745e-05
2.535132773694569755e-05
2.571751280597087214e-05
2.282713526554453024e-05
1.436366391985232382e-05
3.919714577963438751e-06
-4.494780563557717458e-06
-9.058863948482055638e-06
-9.005337908682008765e-06
-5.195625453429542869e-06
-2.530354536542386311e-06
-1.601310442613984960e-06
-1.337053510276168527e-06
-1.470731234851538704e-06
-1.932462851359925210e-06
-2.842273916131466413e-06
-4.383363353571615715e-06
-6.899538675005631470e-06
-1.099958742211891158e-05
-1.788738069203961223e-05
-3.030945484650782333e-05
-5.689997097062536634e-05
-1.333361696135814116e-04
-4.332691693165697318e-04
-1.819801046585261650e-04
-5.734254105947392179e-04
-2.954034260877534224e-04
-4.241507598741831443e-04
4.629562548159596100e-04
-5.117420192680379376e-04
-8.550848315388808168e-05
5.696502897844602040e-04
-5.591703400693268664e-04
5.743995568537911198e-04
5.485147349625805416e-04
3.986068191288919384e-05
-2.534461959792447402e-05
-2.332540008142552996e-05
-1.510771638211823280e-05
-9.016780665367687118e-06
-5.183387266015781465e-06
-2.808079901153165680e-06
-1.329303874733252066e-06
-3.334651804421756231e-07
3.908286214339864760e-07
1.129689500671803839e-06
2.097387377059640308e-06
3.910315266099825127e-06
8.089454902953154635e-06
1.548457968232150886e-05
1.857049153591914151e-05
2.125514022837002531e-05
2.295101734086469353e-05
2.535238026192509805e-05
2.570996278228680472e-05
2.282074245128319428e-05
1.436696702155979852e-05
3.941678962431656899e-06
-4.475462199650587754e-06
-9.076261237234102674e-06
-9.023322851425072958e-06
-5.195163834088602748e-06
-2.536281211000076123e-06
-1.611619564315525048e-06
-1.334230401613328010e-06
-1.453279989209068762e-06
-1.919414464808898836e-06
-2.835448455738466725e-06
-4.376665595759773926e-06
-6.894965686322142181e-06
-1.098434734568914614e-05
-1.777386416138350783e-05
-2.968784650039072727e-05
-5.336883114050417984e-05
-1.130437981681133713e-04
-3.211544896219077237e-04
-5.430982962048122478e-05
4.136464220000313718e-04
2.781400070969251696e-04
1.358609226695118015e-04
3.829525020373778042e-04
-6.335155794721545816e-05
-5.225213440010857214e-04
-2.624341318381284965e-04
-4.334353328489197314e-04
4.138440425375482625e-04
-7.428371836655309072e-04
-1.567526808852205667e-04
-4.079918768968592339e-05
-1.823916754640201075e-05
-1.078993009271712787e-05
-6.706071169997866613e-06
-4.057055348017308165e-06
-2.285304918101163059e-06
-1.118362713213948358e-06
-2.926089202771027763e-07
3.263824615292802585e-07
9.574493147808130631e-07
1.742162083712217294e-06
3.238632291189684276e-06
6.702928804014600841e-06
1.276592173195291311e-05
1.462328486758122351e-05
1.591675669602001650e-05
1.575216299512496642e-05
1.580213850584131981e-05
1.351262202330532570e-05
8.513788871253888477e-06
5.639133048644154326e-07
-7.711157455429314735e-06
-1.393813018549013575e-05
-1.678916560741971624e-05
-1.446501296147943537e-05
-7.793327513602001300e-06
-3.683676423405373990e-06
-2.178931556846709510e-06
-1.635835324937992527e-06
-1.649806389020485338e-06
-2.082280324272091698e-06
-3.023570378274244767e-06
-4.700350053580962858e-06
-7.604744638873968321e-06
-1.260707380441411125e-05
-2.142846648181197824e-05
-3.752762071807473333e-05
-6.748059482835997303e-05
-1.185743525095545530e-04
-1.469550363436515226e-04
-4.878657419752145371e-04
-4.300930960332746385e-04
6.441641611514202460e-04
-5.361694607082661016e-04
-5.157571266490832990e-04
3.050233449495727816e-04
-2.026663974516276269e-04
-5.633706977768793492e-04
1.436663574555047606e-04
4.248629294387332514e-04
-5.537052014935276312e-04
-9.214656277889608457e-05
-3.503888926793486877e-05
-1.915814073849932738e-05
-1.162195991786128093e-05
-7.072266792190668660e-06
-4.185477425474987011e-06
-2.326879063380202680e-06
-1.127340412172058908e-06
-2.828611207446834873e-07
3.347864451658347215e-07
9.550071662522372165e-07
1.734547230134470598e-06
3.233247820091558389e-06
6.703172051775108823e-06
1.275221642753823866e-05
1.460857265599391164e-05
1.593262171798828547e-05
1.577096570697600830e-05
1.580185008092110474e-05
1.350604266211534547e-05
8.508984788828950126e-06
5.634898858699751837e-07
-7.716964009719087106e-06
-1.394972461245627670e-05
-1.678294556148890600e-05
-1.445551413570770455e-05
-7.788956530963447414e-06
-3.668599619222650984e-06
-2.175692336587597263e-06
-1.657024513625494719e-06
-1.668310057169899916e-06
-2.084442767554171863e-06
-3.028072537462390707e-06
-4.716409651703241299e-06
-7.625326751633829483e-06
-1.268700968861607356e-05
-2.190310502047706969e-05
-4.009389305713813886e-05
-8.132253975525549703e-05
-1.946966668113306602e-04
-5.801485990397587181e-04
3.703217427528007321e-04
2.586116963990260187e-04
5.105770254320287846e-04
-7.677441790335120012e-05
-2.661135598244337226e-04
-6.780852927669019049e-04
-5.574748886891807800e-05
-1.265675955395093185e-04
-1.541734160657047732e-04
-3.041873932771986012e-04
6.001279330549476451e-04
6.954183882309966148e-05
-7.767359445623751366e-06
-1.392329004685984332e-05
-1.045660704913497515e-05
-6.773960710323945902e-06
-4.109070479216227531e-06
-2.304754435895114702e-06
-1.118035337444457560e-06
-2.871346007506077900e-07
3.198285189448095039e-07
9.425463233332760008e-07
1.740439712312849237e-06
3.244561526698984519e-06
6.704803999230846500e-06
1.276043506380486561e-05
1.461894166649108013e-05
1.593078407704560823e-05
1.577202202788629409e-05
1.580465777830935634e-05
1.349896343107857995e-05
8.503923102113143445e-06
5.691274509372707843e-07
-7.695240418268203142e-06
-1.393111841518042977e-05
-1.679901207089013122e-05
-1.447274161369976146e-05
-7.788230810043506139e-06
-3.672514539727643550e-06
-2.181863266077721804e-06
-1.649514497957780400e-06
-1.652130492819524172e-06
-2.074885651720741996e-06
-3.019210466573071037e-06
-4.708276381750359455e-06
-7.625775565573673487e-06
-1.269361627554468174e-05
-2.191726996374231996e-05
-4.023531988555293889e-05
-8.250841989826610402e-05
-2.047749964897428959e-04
-6.703103622621445689e-04
1.726280813711720901e-04
5.255456340610018201e-04
-5.384259397617784148e-04
-4.311365239756930075e-04
6.184219440004162143e-04
-5.532320232202913224e-04
-3.606931365797196856e-04
-2.929387786921536382e-04
-1.853292842074641498e-04
-5.374041933646260755e-04
-1.769028259157439124e-04
-3.420928994976283222e-05
-7.026934993002832264e-06
-7.062765895055597560e-06
-6.273892577744758639e-06
-4.621307859016448470e-06
-3.038610986575291066e-06
-1.792283200187849269e-06
-9.056572148540315338e-07
-2.459158053731060462e-07
2.556732818774171865e-07
7.729966739347518396e-07
1.398356126463420525e-06
2.608738715315557515e-06
5.403066005773098215e-06
1.022272083565571008e-05
1.098605796983876087e-05
1.098552062304112690e-05
8.954753043747360283e-06
6.450207114781475839e-06
1.894375339918315673e-06
-3.158135103393433946e-06
-8.155720780676884463e-06
-1.309076710104480134e-05
-1.732905784682835037e-05
-1.981048904217467784e-05
-1.724746065796601264e-05
-9.347751956464489461e-06
-4.450692224056022090e-06
-2.579638719142721870e-06
-1.857712432005483702e-06
-1.786520269286587359e-06
-2.186307124216619508e-06
-3.136995356374537516e-06
-4.876464406803745832e-06
-7.916424771874400892e-06
-1.313791392107201985e-05
-2.216390920474679043e-05
-3.791293690521009671e-05
-6.584332912250408438e-05
-1.215989728400413908e-04
-3.098160554066529287e-04
-3.410737232925740059e-04
-6.285505092137198737e-04
-4.702764617399693339e-04
5.917809934380564027e-04
5.192814233160314430e-04
-4.467819343730305981e-04
5.230610114415628785e-04
1.152076512029392253e-04
5.931153107723841338e-04
-3.558374742460813857e-04
4.623350359898379790e-04
7.823756203418151371e-05
1.835052206423733386e-06
-8.196908334100021232e-06
-7.276596132461822560e-06
-5.044503377826315806e-06
-3.183055162604849547e-06
-1.839322333878311255e-06
-9.198283553499931803e-07
-2.407813933415636406e-07
2.594514523072615558e-07
7.672835006246185228e-07
1.392483826746050944e-06
2.605748072160771291e-06
5.403888729900078524e-06
1.020957477353281370e-05
1.097148277800503805e-05
1.100205644193531913e-05
8.973881172125172472e-06
6.449571714313549295e-06
1.888098693834895808e-06
-3.164656067403748780e-06
-8.157861839291600007e-06
-1.309206351244616801e-05
-1.733302302356215722e-05
-1.980122525258113655e-05
-1.723687860856748793e-05
-9.343899134789849807e-06
-4.438057815565944097e-06
-2.579750802436985038e-06
-1.882695331689257491e-06
-1.803632106554732228e-06
-2.184364566659796102e-06
-3.139949821488241638e-06
-4.888087576355321513e-06
-7.924071624889151294e-06
-1.316127022835255596e-05
-2.227957872587002980e-05
-3.815149811051346952e-05
-6.428443215589692034e-05
-9.338882906256974314e-05
-1.891613655168306024e-05
1.397739592716348823e-04
3.116060342839620874e-04
-4.025151479262690439e-04
-4.343535815473306976e-04
5.070821945266097263e-04
7.036526895302982337e-04
-4.918557387977647456e-04
3.248474635058887423e-04
8.441821474286147697e-05
-3.595200344329633167e-04
2.958589385976495524e-04
6.144360038179984588e-05
2.708784354324065070e-06
-6.810674128761817229e-06
-6.640757294218742340e-06
-4.806184833233835485e-06
-3.108251361146490977e-06
-1.814635046303800679e-06
-9.068579879616526109e-07
-2.410420968831462230e-07
2.489197244269208971e-07
7.581199775829376408e-07
1.395864388481003583e-06
2.612504817238860305e-06
5.402250962733376928e-06
1.021517014207642053e-05
1.098119417213719607e-05
1.099982465292676689e-05
8.975046554750615757e-06
6.452944499531805652e-06
1.880022413312333328e-06
-3.169923839303288301e-06
-8.151569329596229069e-06
-1.307211250892861558e-05
-1.731678462763835895e-05
-1.981511073358548113e-05
-1.725226799075557044e-05
-9.343004153303548955e-06
-4.440128221653251973e-06
-2.582314568366615917e-06
-1.872120598480886449e-06
-1.791167122831400167e-06
-2.180660892586242673e-06
-3.132135660716092897e-06
-4.881635261021411184e-06
-7.932679937318299571e-06
-1.319871106154452248e-05
-2.243379016106593858e-05
-3.882108437544030954e-05
-6.652539884211352856e-05
-9.512566073668484259e-05
4.747861368747483560e-05
2.632473008908957856e-04
6.619967843394337697e-04
-4.654607523004978360e-04
5.749511615772216321e-04
-4.389610385106556840e-04
4.855742722329096732e-04
-3.422478727851458098e-04
-4.998133699093447934e-04
2.019691944005756106e-04
-6.466787520440318978e-04
-1.267240200236748450e-04
-1.779355156658318562e-05
-4.699811525804987577e-06
-5.468926402072723828e-06
-4.827235462442840069e-06
-3.562056198215995824e-06
-2.377577202940932479e-06
-1.433000917277753034e-06
-7.505754373036486124e-07
-2.328009655405414604e-07
1.575873924195791330e-07
5.572722825638667420e-07
1.010932161173975079e-06
1.899939962481055130e-06
3.926767587041456848e-06
7.292089737406074758e-06
6.809976792412617390e-06
5.333981875338139458e-06
1.583168815056134777e-06
-2.324409472718971079e-06
-6.397505498085315261e-06
-9.478904536623985813e-06
-1.200590286809231085e-05
-1.468398038309555551e-05
-1.721314340997571739e-05
-1.900872906829485619e-05
-1.699301717664407054e-05
-9.566447195847702737e-06
-4.700151841742944051e-06
-2.732955254982265170e-06
-1.939721240609693686e-06
-1.826507009812640780e-06
-2.204760871713938330e-06
-3.138942011608582755e-06
-4.849628024917977173e-06
-7.791383902898971211e-06
-1.268583718141761587e-05
-2.068587868400833542e-05
-3.333138489570171243e-05
-5.176902879020014862e-05
-7.392183601722553924e-05
-9.393842337596673882e-05
3.545302134027121499e-04
3.827564856706441561e-04
6.202681454333704159e-04
1.382334140628566229e-04
-7.133550984887615152e-05
-5.029579977548545968e-04
7.280995358922890499e-04
3.989632561319135387e-04
3.348161911340296519e-04
4.394231823370956013e-04
7.304529527875356417e-04
1.011192213194997197e-04
8.852292699413571482e-07
-7.531273130455833260e-06
-5.975922564313225096e-06
-3.989645833939437061e-06
-2.513601730653016329e-06
-1.475580858203249285e-06
-7.649107876655883597e-07
-2.291451695879118134e-07
1.587229302073721369e-07
5.487442319741844223e-07
1.005599170776186170e-06
1.896729672713175741e-06
3.924782596854452178e-06
7.277253209953121037e-06
6.794694890088676966e-06
5.350632112470230004e-06
1.604015716431253759e-06
-2.320837962584319472e-06
-6.397374592095049900e-06
-9.482590252723693369e-06
-1.200972101049985464e-05
-1.468628174373375399e-05
-1.721871813419969979e-05
-1.900637835595940053e-05
-1.698800905169500211e-05
-9.566306238265655124e-06
-4.691714564779891406e-06
-2.736654522571696818e-06
-1.968553606220258781e-06
-1.843558090709379326e-06
-2.200405448337897112e-06
-3.140432867173954245e-06
-4.857239350631075618e-06
-7.793293335772164188e-06
-1.270378116002013279e-05
-2.081657569466822515e-05
-3.397646960776302364e-05
-5.472321122716151899e-05
-8.650675429757069481e-05
-1.388736253599659562e-04
-3.908754792683652836e-04
3.795368472182357586e-04
7.003705325122126747e-04
-6.842293043176576189e-04
-1.888000146835881212e-04
5.936513075373970770e-04
-5.298652390349553728e-04
2.490685216127159324e-04
-1.890513359413096856e-04
4.620894282463348783e-04
-1.275978778306947089e-04
-1.916922870755752328e-05
-6.479961269759995873e-06
-6.268613353608444149e-06
-5.131877148171040149e-06
-3.671151059519430803e-06
-2.416413454751163382e-06
-1.445754675062423367e-06
-7.495186281960584846e-07
-2.267744870222616763e-07
1.522697293713996706e-07
5.438945377898822336e-07
1.008620803861922452e-06
1.902651000388068921e-06
3.925051720283456297e-06
7.284973154186613585e-06
6.806955509620761306e-06
5.349745419045515642e-06
1.604065157042857271e-06
-2.320461986636345802e-06
-6.411072996326742320e-06
-9.493812604737585317e-06
-1.200656765511398823e-05
-1.466819787578340514e-05
-1.720196248437835403e-05
-1.901136031676673363e-05
-1.699454986972655780e-05
-9.560855725593408864e-06
-4.689251918182566525e-06
-2.734053438719274205e-06
-1.953756350590580687e-06
-1.833856897477816531e-06
-2.202398057262400981e-06
-3.135421560474741157e-06
-4.854864087152844289e-06
-7.814341502921459901e-06
-1.279725385159612046e-05
-2.128700272223810942e-05
-3.645468441765839854e-05
-6.759334044512836160e-05
-1.531241660000623895e-04
-4.892330542395139726e-04
-7.373045431998637112e-04
-1.839524105501494898e-04
6.845299854366152480e-04
-6.393161220817477220e-04
-3.948894751601512900e-04
4.456975494052362562e-04
-5.184971528388100008e-04
5.359229135654823605e-04
-2.444985390285495542e-04
1.766181508221814265e-04
-6.275193508933526477e-07
-3.012011660854480390e-05
-1.833540053639238639e-05
-9.096496951923289329e-06
-5.113381490323338328e-06
-3.154601749283685452e-06
-1.994938523574600295e-06
-1.206465351600923501e-06
-6.675320113544508216e-07
-2.702850414919467081e-07
1.131347083587524468e-08
2.785375448484639459e-07
5.250071192097675429e-07
1.005774576234324110e-06
2.041086441973157081e-06
3.504141426388998790e-06
1.544979954572288229e-06
-1.284682375990050516e-06
-5.583232528724268663e-06
-8.832000989469292234e-06
-1.115635994749054992e-05
-1.255872481459019238e-05
-1.360548725811272288e-05
-1.483999406334779042e-05
-1.605545314964013757e-05
-1.684787748101936744e-05
-1.501502592393800041e-05
-8.668903136027507041e-06
-4.392791002236095900e-06
-2.584870652586073393e-06
-1.843991256138956271e-06
-1.744570203143071706e-06
-2.121968872070913095e-06
-3.029680847616556616e-06
-4.665905030040265736e-06
-7.409418359836840547e-06
-1.179206146520649013e-05
-1.838246683139643369e-05
-2.650798877624001534e-05
-2.655478000762782025e-05
4.695042616158956776e-05
6.147031585451000896e-04
4.117164694501940095e-04
-4.508293841855675037e-04
2.242745762760851207e-04
5.421852641784257040e-04
-3.782077346525868447e-04
5.996515954446745601e-04
-3.800164523313814997e-04
-4.275229456002332647e-04
6.298895108186919377e-04
-3.653455878448448970e-04
-5.785345410707513686e-04
-1.259028037910804631e-04
-3.638602896179377890e-05
-1.329583873822601502e-05
-6.243322417016303171e-06
-3.489498873237219882e-06
-2.091758932023023336e-06
-1.236521801989059335e-06
-6.799854783789157394e-07
-2.672056589806137959e-07
1.057164053403631154e-08
2.680783174821735964e-07
5.219258732387834321e-07
1.005771944863472848e-06
2.041957093912334732e-06
3.495205108658380827e-06
1.535137854002875695e-06
-1.266141631102406463e-06
-5.562167420694441505e-06
-8.827372807458583323e-06
-1.115447282008965057e-05
-1.256389569571709074e-05
-1.361361805161342627e-05
-1.484390932483139908e-05
-1.606299744518976686e-05
-1.685268854707091580e-05
-1.501606639441223396e-05
-8.673458842541815252e-06
-4.388629330794304394e-06
-2.589327017564416584e-06
-1.872340599402956282e-06
-1.759527653066235319e-06
-2.116294338412170857e-06
-3.031803608871622197e-06
-4.672401145081761299e-06
-7.410199600738113867e-06
-1.181599561889473278e-05
-1.858515527079682942e-05
-2.790008946934431777e-05
-3.628864180047352715e-05
-2.426515233409914043e-05
7.016480588897144226e-05
5.430970011463028685e-04
3.645946400527003335e-04
-2.326477943490518649e-04
-3.938541416818727909e-04
-5.258675515993635821e-04
5.817783502650778187e-04
-1.733092510392206242e-04
-1.688858625336937401e-04
3.077554252232686484e-04
-4.655079322362204431e-04
-6.253261490122703466e-04
-1.332927454881035914e-04
-3.116748220395789695e-05
-1.072971271931065783e-05
-5.311467317200030023e-06
-3.180933825455052881e-06
-2.001500081414728082e-06
-1.208476526176728266e-06
-6.627062687890070590e-07
-2.609067309660633853e-07
1.084392072510430514e-08
2.707337935075854310e-07
5.268169234396142921e-07
1.011058167412948173e-06
2.041298287927022584e-06
3.498534703492362718e-06
1.542546655533607670e-06
-1.271571618386618861e-06
-5.567297095500109627e-06
-8.829352745355655276e-06
-1.116797738329405115e-05
-1.257414565441867508e-05
-1.360879908878382832e-05
-1.482713115302819828e-05
-1.604796556052929133e-05
-1.685173967230772270e-05
-1.501663593272374205e-05
-8.665491601362507025e-06
-4.383879957968779217e-06
-2.584745937999844982e-06
-1.855949070491501039e-06
-1.752857615322137924e-06
-2.122048812485042199e-06
-3.027246823772908798e-06
-4.671116424439852688e-06
-7.439046781512495195e-06
-1.195539903204783005e-05
-1.933183102397652281e-05
-3.197727542189671748e-05
-5.827054004866211731e-05
-1.404509128920341816e-04
-5.208827126096047524e-04
-2.583711850955503473e-04
4.859460130049386099e-04
5.104993293612888720e-04
4.049359915523852139e-04
5.202543921331047923e-04
-5.562686336029741855e-04
4.024568990750946847e-04
-1.969153101199705100e-04
-3.521761238381108786e-04
-6.812179060650681004e-05
7.561346774230287993e-04
1.033175623592806570e-04
9.136141763154016483e-06
-2.667746390211150309e-06
-3.203301493802464734e-06
-2.401421671324820981e-06
-1.643321629107581238e-06
-1.056218250469104709e-06
-6.478342341816667076e-07
-3.620173714998806240e-07
-1.920476272141495668e-07
-7.915516317265102218e-08
-8.696383698947139505e-08
-1.227109179989931820e-07
-3.283682012421639739e-07
-1.163527763485311314e-06
-4.455523448155567219e-06
-7.714100852223142879e-06
-1.098566565201100384e-05
-1.269157866371887343e-05
-1.354923282010269328e-05
-1.387253504487885875e-05
-1.400691650532237030e-05
-1.422011278154521574e-05
-1.437826664994082287e-05
-1.411147775807900987e-05
-1.212926477692563356e-05
-6.933122009857771057e-06
-3.563643547136183584e-06
-2.121621315587054469e-06
-1.554157996020064488e-06
-1.531294347853970559e-06
-1.938134741246644821e-06
-2.829352052207203416e-06
-4.396467150310113815e-06
-6.981860013715606170e-06
-1.108907218839738187e-05
-1.741372055056128557e-05
-2.666661620496122453e-05
-3.913766525076730306e-05
-5.736381099540784610e-05
-1.412699867930000068e-04
1.895635655290622606e-04
4.154894720930428866e-04
2.619486663574690068e-04
-5.601952778055857042e-04
-1.998638242107935760e-04
5.043836718375592845e-04
6.795402838303897085e-04
2.215498320319265677e-04
-6.242547969669461896e-04
-2.233706122524916092e-05
-7.552882903001852674e-04
-1.279934921014991094e-04
-2.902397339993795434e-05
-9.600298701048009468e-06
-4.621344642263074946e-06
-2.734038589753324957e-06
-1.722885990610988426e-06
-1.078037861669781887e-06
-6.580385934158215099e-07
-3.578080117933022961e-07
-1.927754375153397166e-07
-9.017308610349263333e-08
-8.784049483116434389e-08
-1.209184825927642967e-07
-3.266524007133498673e-07
-1.168393147555423567e-06
-4.461816550796072373e-06
-7.698271840745417763e-06
-1.097132313030093740e-05
-1.269254056990546987e-05
-1.354983024404854968e-05
-1.388005732517856258e-05
-1.401852295938990755e-05
-1.422301209153423972e-05
-1.438375762187057003e-05
-1.411899686699713492e-05
-1.213315825399009788e-05
-6.939968234033919658e-06
-3.561524722234831640e-06
-2.123234000098363758e-06
-1.575738624769401251e-06
-1.538085566810693844e-06
-1.927264413332334364e-06
-2.829624239872375670e-06
-4.400626965547828023e-06
-6.978484354525156161e-06
-1.108624042342817562e-05
-1.739578124440899377e-05
-2.627464712192349727e-05
-3.407499609354414750e-05
-4.848727680676439965e-06
3.478242635747721381e-04
2.697515117642679391e-04
6.278908187129629646e-04
3.104536846269588340e-04
-2.152903588894877155e-04
2.460053673904431413e-04
4.633874382749440606e-04
4.278930861901066919e-04
1.113249835571917395e-04
-6.729024816871890667e-05
-3.034927119310658989e-05
3.173486900124233159e-06
-2.078400052460726012e-05
-1.007578164904008920e-05
-5.813988270951815748e-06
-3.724802112348298188e-06
-2.488893824238710027e-06
-1.658565385049759794e-06
-1.058904790902836693e-06
-6.430186748625070787e-07
-3.514536068780162926e-07
-1.896144583438538324e-07
-8.404884733649593625e-08
-8.477131364004846476e-08
-1.187668689021071270e-07
-3.294531184573126217e-07
-1.169714205891839472e-06
-4.457542248649136443e-06
-7.702721163968091498e-06
-1.097291863409840241e-05
-1.268695363825575016e-05
-1.355544369032774049e-05
-1.388528393026222256e-05
-1.401026472831117141e-05
-1.420826240702526581e-05
-1.437303860436731174e-05
-1.411598238174347424e-05
-1.213204096518767148e-05
-6.933650754254292924e-06
-3.559118996578111237e-06
-2.121829523272838847e-06
-1.563416905622444017e-06
-1.539079174458780423e-06
-1.939652757321777947e-06
-2.827249291158556928e-06
-4.399367538117191616e-06
-7.005303667226172557e-06
-1.122058758222628892e-05
-1.814816393913188208e-05
-3.062566056959041343e-05
-5.994240661285656758e-05
-1.643716394130098331e-04
-6.774051069822538493e-04
-2.949409250830610355e-04
2.992067752977681998e-04
1.267667188334504450e-04
-4.903410200914365847e-04
4.722784342193777599e-04
2.546687298289706364e-04
6.641209410124552723e-05
-1.328510349120865604e-04
4.233718563609994968e-04
-5.068545220894730497e-04
2.228131917063113981e-04
7.437369745779186605e-05
1.879767856244816723e-05
2.238460060677726944e-06
-1.462091427981544823e-06
-1.795611055691559823e-06
-1.422899664510848338e-06
-9.994512784355261268e-07
-6.917626456927132929e-07
-5.056488594824109607e-07
-4.502623887274911775e-07
-5.141876547389909175e-07
-8.193094023146814720e-07
-1.457963211588173023e-06
-3.047446281313145007e-06
-6.194020619032182012e-06
-1.009282720054487231e-05
-1.264779548630515483e-05
-1.431898975901984879e-05
-1.471110827890515150e-05
-1.461913506274354146e-05
-1.419314429292667676e-05
-1.362677005348371280e-05
-1.292354841262275798e-05
-1.209317020258205374e-05
-1.071758408579546247e-05
-8.482227846842705748e-06
-4.539258473921972834e-06
-2.308615212978545325e-06
-1.391272196550005666e-06
-1.093636304929709270e-06
-1.199135934263151534e-06
-1.663251376497380959e-06
-2.553561590781108162e-06
-4.069215994190663872e-06
-6.538379896289015973e-06
-1.046650725831508899e-05
-1.658815722490274876e-05
-2.577870692814798758e-05
-3.857799993779647088e-05
-5.427519040657883452e-05
-7.978010487286531390e-05
6.671435715157896960e-04
-3.638585088143859135e-04
-2.037782409180905981e-04
2.536400479735056112e-04
-5.392223783518909500e-04
-4.369209508174504196e-04
7.969413463422386735e-05
5.574738538123564895e-04
9.679239174022483073e-05
-5.554230870953903460e-04
3.545596266190347989e-06
9.119221529024837053e-06
8.662663761613606998e-07
-2.240806680607265753e-06
-2.576598994561454923e-06
-2.079736247482838484e-06
-1.488439194128987336e-06
-1.016319714065216725e-06
-7.006755437325976614e-07
-5.001480608792099742e-07
-4.505186083965900041e-07
-5.253419336038079016e-07
-8.186494961190860163e-07
-1.456432019314111307e-06
-3.048739875847736029e-06
-6.201474126266143041e-06
-1.010393892627940388e-05
-1.264217714547747443e-05
-1.431394300524287602e-05
-1.471560269012816667e-05
-1.461901868645584216e-05
-1.419958650299914897e-05
-1.363901197925274333e-05
-1.292313118826568124e-05
-1.209356811881767171e-05
-1.072315603534168458e-05
-8.483524620347567387e-06
-4.543164182863590597e-06
-2.306313888436637258e-06
-1.391964163003078851e-06
-1.112480078896966901e-06
-1.203960150754966293e-06
-1.653663181261816505e-06
-2.555852828098100757e-06
-4.073397145617835949e-06
-6.537744018645543615e-06
-1.048813037806247406e-05
-1.676092000374043527e-05
-2.692641872010077358e-05
-4.572166434441865443e-05
-9.790536672360351605e-05
-3.492744222698390536e-04
-3.991171290399026178e-04
-3.161461304712414005e-04
-4.011981802197540133e-04
5.383029215427039601e-04
6.955799268174712828e-04
4.870628504603464809e-04
-5.551299696702908029e-04
5.842284776249224320e-05
6.084914616081650617e-04
-4.174464664088128039e-04
2.079334916594184623e-04
3.194794437731895775e-05
3.236469441702738191e-06
-1.743113756664684345e-06
-2.382884708989588690e-06
-1.999399297880474405e-06
-1.466610251475402416e-06
-1.009652645555010614e-06
-6.907645378733519746e-07
-4.972902786635970345e-07
-4.480957963991776095e-07
-5.193014673601317003e-07
-8.195873299909697270e-07
-1.456748652807004339e-06
-3.048993363086902732e-06
-6.198265738916171620e-06
-1.009208731918715507e-05
-1.263831889390604786e-05
-1.431137665930003520e-05
-1.470665814804759262e-05
-1.462210063381555235e-05
-1.420493287783720216e-05
-1.363215058976572193e-05
-1.291501447093895401e-05
-1.208998961708653733e-05
-1.071927558448062721e-05
-8.480980749149546349e-06
-4.538517554180092525e-06
-2.305583368934023460e-06
-1.391123160961687810e-06
-1.100053665795664013e-06
-1.206507500812202641e-06
-1.666671062783100511e-06
-2.552267455412136059e-06
-4.069168671872407835e-06
-6.549981539656293009e-06
-1.053691865039403164e-05
-1.696615165396765651e-05
-2.762780199494814859e-05
-4.666612056410092223e-05
-8.279747190498188845e-05
-1.176980974353176914e-04
3.260012107818423092e-04
-7.450584754459691015e-04
-7.312108581657452127e-04
-8.931452966650377110e-06
4.131076629919164809e-04
-4.593269421260514078e-04
4.685532327498703460e-04
-4.355668721508717828e-04
-3.103401959279336402e-04
-5.395644081440319987e-04
5.229137048861135211e-04
8.963931818586182740e-05
1.711236670835108138e-05
9.948280599269693739e-07
-1.971374149285901591e-06
-1.983837607598033329e-06
-1.498541235776658807e-06
-1.065189113018943663e-06
-7.941936706027398226e-07
-6.867680613290328157e-07
-7.427893789672737373e-07
-9.951790052126687827e-07
-1.614410116591101319e-06
-2.872675540390382490e-06
-5.766865943643504929e-06
-1.074116276839039432e-05
-1.437212110498360463e-05
-1.574066883089814771e-05
-1.604996573204833113e-05
-1.552700648829516343e-05
-1.476721717069513799e-05
-1.368332686136254350e-05
-1.240061219840531702e-05
-1.066403878597516391e-05
-8.696591897132497579e-06
-6.121678193793781856e-06
-3.815652634600377453e-06
-1.579077007296323225e-06
-7.655326764093096856e-07
-4.966926161302364469e-07
-5.293163944067142248e-07
-7.916378085396505169e-07
-1.325121198558520239e-06
-2.218868548171012024e-06
-3.688052721480664745e-06
-6.059841969321139069e-06
-9.854472767799652726e-06
-1.575398780600663511e-05
-2.383841658111183822e-05
-2.815320476589689216e-05
1.869761170998183945e-05
4.399093748338846264e-04
-8.115965696480857683e-05
-6.242631133206483392e-04
4.837532654897289033e-04
-1.370724519249213048e-04
6.104105488450874660e-04
3.752802389483105450e-04
-6.883844907712546911e-04
1.897998798705254953e-04
6.618731367391968937e-04
-7.141139530178393932e-04
4.342150139295882253e-04
7.557814630483367276e-05
8.576779229628143247e-06
-1.845227158509095151e-06
-2.788268172985116899e-06
-2.200262595214049752e-06
-1.544280065048092181e-06
-1.077280732961874340e-06
-8.039395459385869667e-07
-6.831027268098969162e-07
-7.460378377439509078e-07
-1.009837724593683379e-06
-1.615529136363682335e-06
-2.872671441150418751e-06
-5.768849177804369298e-06
-1.074481973151747500e-05
-1.437909402232604312e-05
-1.573663170389118173e-05
-1.604697954788997696e-05
-1.552983415887771712e-05
-1.476390883110903406e-05
-1.368711740064282623e-05
-1.241372690770712060e-05
-1.066421144540380540e-05
-8.696924854280441025e-06
-6.130477030667732914e-06
-3.820526839307072043e-06
-1.585486272893282714e-06
-7.672042551091565179e-07
-4.986110440954787363e-07
-5.442736318509567003e-07
-7.931192407157225051e-07
-1.316499528444085608e-06
-2.222987626104738529e-06
-3.692174673967754535e-06
-6.059494839628530405e-06
-9.880592619526258513e-06
-1.597548374104394150e-05
-2.554343881611612004e-05
-4.066733267078976883e-05
-7.228919075596088463e-05
-2.272922781707626880e-04
9.582987284978777506e-05
-6.343656073992295615e-04
-3.862297592539888137e-05
-6.330593640764017828e-04
-2.714507876805298488e-05
2.499567330598301336e-06
-2.347584362624924987e-04
-3.375742089626107144e-04
-5.669012949495591059e-04
1.413195702703966803e-04
-5.145768378397954680e-04
-6.956606813565394305e-05
-1.273097514498724845e-05
-4.934991046560658834e-06
-3.198207367369837746e-06
-2.241577783152777894e-06
-1.551830859718907924e-06
-1.077628415086727190e-06
-7.952230579369106817e-07
-6.796124097407497271e-07
-7.395355238176980546e-07
-9.987400662852442043e-07
-1.615683054944625741e-06
-2.873237057553926867e-06
-5.769251900641769314e-06
-1.074630451095787015e-05
-1.437326825157911157e-05
-1.573712021200380202e-05
-1.604816491531511725e-05
-1.552146342242257377e-05
-1.476529057850245595e-05
-1.369220898678279836e-05
-1.240748970849785689e-05
-1.066040746802014839e-05
-8.696217309122574837e-06
-6.121062877587528787e-06
-3.811153385787586297e-06
-1.576838164934146091e-06
-7.634375076968080228e-07
-4.958583887074836573e-07
-5.321966139305002720e-07
-7.974161130467329100e-07
-1.329368709206593692e-06
-2.217831223978087623e-06
-3.685062796218809173e-06
-6.060429172175131658e-06
-9.876012398295646951e-06
-1.591641577049457916e-05
-2.494625709342303241e-05
-3.570104321696258360e-05
-3.429273149649974883e-05
5.629125057776573795e-05
1.246165608725969566e-04
4.343062357563837335e-04
2.174993653241674685e-04
-7.050787211407401279e-05
6.707201492415479143e-04
8.264249384168579206e-05
-6.369834522869236623e-04
-5.198046503888227804e-04
3.251833866565801193e-04
3.820060223309514340e-04
-3.029834204899590371e-04
-4.715707023468006725e-05
-1.267876267467131974e-05
-7.331915290340927623e-06
-4.570204310054263954e-06
-2.826603794916997621e-06
-1.786275844519766512e-06
-1.203128049269926918e-06
-9.220975406772225365e-07
-8.763774444777441672e-07
-1.033591353934525750e-06
-1.466441237803032585e-06
-2.377288245530853879e-06
-4.196612312113203795e-06
-8.177350284651348342e-06
-1.440732191188472641e-05
-1.733061423284989390e-05
-1.757797633262250082e-05
-1.686043697132801937e-05
-1.560733151065536782e-05
-1.423316795987214311e-05
-1.238492344823466892e-05
-1.018320591974274641e-05
-7.078207537129492673e-06
-3.730862324225621470e-06
-3.661321123786570083e-08
1.761773142407383455e-06
1.662927822191183928e-06
8.487384802850653985e-07
4.217701771902252872e-07
5.251188057356527198e-08
-3.621146640473435657e-07
-9.557046090041552309e-07
-1.838939935713276072e-06
-3.242006900624558985e-06
-5.505024492367899582e-06
-9.270181085397961155e-06
-1.580281864377592590e-05
-2.802684270921720607e-05
-5.487534426909334808e-05
-1.345555828831876410e-04
-4.782867025399139063e-04
5.862275629444979120e-04
4.832031035214435079e-04
-2.022677158486121512e-05
3.309373191437756491e-04
-1.798707431209987343e-04
9.315374092166295176e-05
-2.240847273225164682e-04
3.715681375372727126e-04
6.969600855726552392e-04
6.641507961732017644e-04
2.666997808284892304e-04
1.134724425083026145e-05
-1.337353340583923166e-05
-8.637120689654663133e-06
-4.923914760005629122e-06
-2.887781267527112870e-06
-1.781809669328540425e-06
-1.200745367459868300e-06
-9.280315769126056111e-07
-8.717463235629870757e-07
-1.037567681768332149e-06
-1.482408628925838296e-06
-2.379131260760061842e-06
-4.196589420047525252e-06
-8.176685674326864418e-06
-1.440207910593631832e-05
-1.732825764986970185e-05
-1.757220788227168294e-05
-1.685809051432851888e-05
-1.560928563873699361e-05
-1.422993880728635280e-05
-1.238892376146580479e-05
-1.019908247530728445e-05
-7.082411146283781167e-06
-3.734942965667455101e-06
-5.302997944285552851e-08
1.749320220208892513e-06
1.654134804676895804e-06
8.468143279295441969e-07
4.230267012438930728e-07
4.526598941273352876e-08
-3.580786783088249400e-07
-9.462852111599660671e-07
-1.842897326215090471e-06
-3.244128588652679477e-06
-5.496196517160261135e-06
-9.236564788591018472e-06
-1.559699620168405619e-05
-2.672487413633302362e-05
-4.587378550854232537e-05
-6.835525369650185417e-05
2.673604204483890647e-05
-3.986038439238806259e-04
5.713326281621245546e-04
-7.556221245394169296e-04
-6.619776736104525817e-04
-6.325134115939476387e-04
4.661192077442952641e-04
-2.223091862437350224e-04
5.246742148948784065e-04
3.944145543893243732e-04
-5.745576709884059590e-04
-5.012072095262090328e-04
-1.147429140544643003e-04
-3.200252220006208483e-05
-1.171709482158849453e-05
-5.475517456867681209e-06
-2.998642451581441439e-06
-1.814147340015681453e-06
-1.208045082936386633e-06
-9.214641319806484744e-07
-8.684570110069359748e-07
-1.027908193022115296e-06
-1.467413412884003684e-06
-2.379493465920714388e-06
-4.199120821550559759e-06
-8.179332804189198117e-06
-1.440950233675556341e-05
-1.732893595048883158e-05
-1.757705904272687211e-05
-1.686269695299793387e-05
-1.560144184336325653e-05
-1.422765396796860054e-05
-1.239063071230067978e-05
-1.019107835772957222e-05
-7.080117784458518748e-06
-3.733953227231405597e-06
-3.624344283446565603e-08
1.765440951254502345e-06
1.663597080458553399e-06
8.483452660285072936e-07
4.226081476055394057e-07
5.295405617076555808e-08
-3.663335347219340494e-07
-9.611672510269162758e-07
-1.839001538284667614e-06
-3.236966724680380997e-06
-5.492777363298638722e-06
-9.216927554203223965e-06
-1.552785225515979461e-05
-2.658473412181868887e-05
-4.741063144566074177e-05
-9.758927858193194057e-05
-3.102871876967141476e-04
-7.463446577558950201e-04
-6.008893982550116098e-04
-6.890431122314673610e-04
7.370538380653411832e-04
-5.907397692003741414e-04
-5.334252622613526321e-04
6.337080272964069677e-04
-1.725181707522135336e-04
-6.613825673569107650e-04
-6.326266657508840653e-04
4.376728405474853540e-04
2.784477629024737508e-05
-1.946323213310766450e-05
-1.258658152838193968e-05
-6.535944137072780338e-06
-3.449151458523444590e-06
-1.974696601240131907e-06
-1.289818866769235678e-06
-1.015283272451604225e-06
-1.030103339186331189e-06
-1.272298673444692120e-06
-1.854692110109219152e-06
-2.996666078928065644e-06
-5.270277553641414388e-06
-1.011849041700607243e-05
-1.729647322107492733e-05
-1.946482385740703745e-05
-1.871528622307293196e-05
-1.706130357808144019e-05
-1.502805627446030877e-05
-1.288420832279203990e-05
-9.983116643888657516e-06
-6.473051676330095888e-06
-1.595411077763283047e-06
3.065276667692246003e-06
7.145751443697980122e-06
7.572888829997731098e-06
4.742207995675808186e-06
2.313487792197822569e-06
1.246680100641997488e-06
5.842489200036012205e-07
4.632191199396968249e-08
-5.828032994280894526e-07
-1.425119772283299975e-06
-2.703345511108400781e-06
-4.717930729869916547e-06
-8.081938890175007075e-06
-1.413970889404820696e-05
-2.650747841287272170e-05
-5.734424356079102059e-05
-1.568686709541909185e-04
-5.693363218365524560e-04
-3.795645099911363306e-04
-5.275150035805449252e-04
-5.420217053296328682e-04
1.024640008885271942e-04
7.256011309579731786e-04
7.136275432261976297e-04
3.151954614320533134e-04
4.192175799963919459e-04
1.415367484938637535e-04
-5.201302529979493546e-04
-4.071343989533192419e-04
-9.443729307160847583e-05
-2.632386341902659180e-05
-1.128363629120335259e-05
-5.712432988069226685e-06
-3.142038912901969242e-06
-1.866894456463650034e-06
-1.260192929588041289e-06
-1.012880096788513432e-06
-1.022075475911869932e-06
-1.274590401591912823e-06
-1.868625802601611493e-06
-2.996572937892202473e-06
-5.269195529388937698e-06
-1.011843361995828782e-05
-1.729008685364448737e-05
-1.946215426942677989e-05
-1.871601352170233797e-05
-1.706468152638098904e-05
-1.503118489049197559e-05
-1.288224445370807580e-05
-9.987539896139318679e-06
-6.488671050084269652e-06
-1.597044005585733218e-06
3.068339921047386613e-06
7.134790923366484123e-06
7.563921372530585393e-06
4.736725031701287970e-06
2.311056497877866900e-06
1.246971259707973552e-06
5.799276597929893969e-07
5.150685185059325973e-08
-5.753936656373513437e-07
-1.430500027293456573e-06
-2.705572125889506970e-06
-4.706676281636354690e-06
-8.029147833296460793e-06
-1.383015636774973847e-05
-2.478058113747564546e-05
-4.757460358601134712e-05
-1.017596753109760026e-04
-2.680227308018159568e-04
2.014902720496677567e-04
2.870779641195702605e-04
4.227948939038601579e-04
3.063566606574831937e-05
-5.850728163787674964e-04
3.157982248742899800e-04
-6.461858774107438535e-04
-5.123637664352588463e-04
-2.231901035640339586e-04
5.137387098931987155e-04
-3.036428913474674245e-04
-9.520708168515443421e-05
-3.405248153571977822e-05
-1.419600869883918954e-05
-6.589910863923970981e-06
-3.391701350039269814e-06
-1.942312468194278374e-06
-1.279168645122047330e-06
-1.011579148721136683e-06
-1.021921794953637315e-06
-1.265061035051551030e-06
-1.853138468539914349e-06
-2.999042776662547217e-06
-5.273336056903480397e-06
-1.011877504791451120e-05
-1.729554975705158834e-05
-1.946211297448466741e-05
-1.871884221325525164e-05
-1.706751740028964300e-05
-1.502210821132517082e-05
-1.287589915193762463e-05
-9.986053131278071080e-06
-6.482472475271069578e-06
-1.602912755067774639e-06
3.060631594219585261e-06
7.148484801209805471e-06
7.578822978496193060e-06
4.744146880522614080e-06
2.312016184121617309e-06
1.246819491982459272e-06
5.859256993225655204e-07
4.154349460868888283e-08
-5.912060677504063254e-07
-1.427751397807527643e-06
-2.697950349606960130e-06
-4.697263880947680110e-06
-7.973701806137145200e-06
-1.350998937598413659e-05
-2.274864118470923898e-05
-3.433494159714692604e-05
-1.235177699491618242e-05
3.654061517734422072e-04
-2.350398277484178609e-04
-6.460604079446815662e-04
9.606850736469485605e-05
6.159352881255112603e-04
-2.541483183080215898e-04
-5.998830194409501002e-04
-2.587552314380741074e-04
7.380692913228776566e-04
-5.689475523446967673e-04
-4.896092545465644983e-04
1.472641981220590738e-04
-3.336445084217333411e-06
-2.008963943082403515e-05
-1.157278152058800462e-05
-5.879095308386397467e-06
-3.089842771230345825e-06
-1.792123015948533449e-06
-1.223072573905308307e-06
-1.026126677942862344e-06
-1.112578819680148059e-06
-1.417932086921304755e-06
-2.099247084421423314e-06
-3.385541725748524369e-06
-5.995442265127454445e-06
-1.161210558373299160e-05
-1.985543841983803006e-05
-2.145549026258123767e-05
-1.968032366653860659e-05
-1.689979791140819545e-05
-1.379208813717647604e-05
-1.052004149448632485e-05
-6.045086114944445304e-06
-7.629401260083072839e-07
5.890616430216869733e-06
1.082538267812232659e-05
1.398946823525998038e-05
1.256039342190040599e-05
7.243949568408279654e-06
3.481832960352190351e-06
1.909705926546444046e-06
1.023924383537558545e-06
4.011009127793767576e-07
-2.365442950356883189e-07
-1.009178425968319375e-06
-2.105647221525060361e-06
-3.716215250278213624e-06
-6.201630718272846984e-06
-1.027637730453688869e-05
-1.794003627866727971e-05
-3.677708603427889381e-05
-1.007806697499040357e-04
-3.710583824239502108e-04
3.509056902711886667e-04
5.275993967847707449e-04
2.987894011826631416e-04
3.880750941182374418e-04
-4.221516236811794593e-04
-7.536607144562168081e-04
-5.693724069786225243e-04
-5.218917388047566519e-04
-6.056059084101496738e-04
3.236806788494335529e-04
-5.520661439969994739e-04
-1.144610894040863890e-04
-2.617732500296224290e-05
-9.755273577044128492e-06
-4.784708823863859720e-06
-2.675010859090541802e-06
-1.648937276710434815e-06
-1.184320969415499281e-06
-1.022052414347666889e-06
-1.106375948561916261e-06
-1.423551281238668050e-06
-2.116746230402009230e-06
-3.391125308775871094e-06
-5.999694750905396202e-06
-1.161608740194173968e-05
-1.984829648648139290e-05
-2.145143435753714609e-05
-1.968670866352455448e-05
-1.690687702494721021e-05
-1.379284676001590950e-05
-1.051410326329168716e-05
-6.043519785322244277e-06
-7.719836806962111771e-07
5.895422309939931131e-06
1.083647390009322541e-05
1.398273315232112793e-05
1.255208809701095127e-05
7.238965133282716837e-06
3.476676289256341352e-06
1.907318693567422798e-06
1.021311798311423616e-06
4.066945381419330706e-07
-2.307226206598543281e-07
-1.015001942530231481e-06
-2.107769010544720101e-06
-3.705736597250811993e-06
-6.158244289939623608e-06
-1.005080507252406961e-05
-1.688725337377726732e-05
-3.198885667998038529e-05
-8.001495180902245023e-05
-2.871040136738699190e-04
4.671864225435657519e-04
-4.861140995794448975e-04
-3.725245528397241402e-04
2.048941697252612776e-04
-4.044365629072706430e-04
5.345270978064171809e-04
4.143924470845392841e-04
-5.548941367953285405e-04
-5.519524157744696256e-04
-5.543239655512240561e-04
-2.665659937565457690e-04
-8.982645666506741818e-05
-3.291377911299971689e-05
-1.299404323482695609e-05
-5.839627540212021999e-06
-2.989314692766232196e-06
-1.742707682932686800e-06
-1.206567857562404670e-06
-1.021722873558464028e-06
-1.105179741525805774e-06
-1.409959308153015270e-06
-2.096085602142191638e-06
-3.390005677803620280e-06
-6.002403484780111257e-06
-1.161465631550131812e-05
-1.985473317676319437e-05
-2.145434660392696099e-05
-1.968910019820263756e-05
-1.690855705313420914e-05
-1.378456457782575956e-05
-1.050687466832521592e-05
-6.042464244196712027e-06
-7.717311249049909551e-07
5.879812794861334726e-06
1.082192331956521755e-05
1.399610372889810533e-05
1.256828928538592134e-05
7.245675357645248742e-06
3.478267727055445232e-06
1.909280481298747573e-06
1.027989406970044417e-06
3.977190648301440466e-07
-2.456776595535373464e-07
-1.012846309725836322e-06
-2.100518811620986740e-06
-3.697945888336997361e-06
-6.118977668109967827e-06
-9.849699117383622050e-06
-1.576502892652909568e-05
-2.608346640105822738e-05
-5.172283355342103357e-05
-1.751653283906646986e-04
-4.978242409722461815e-04
1.134480812831675632e-04
-2.914896270460173508e-04
-5.201061650745744495e-04
-1.816333452160642044e-04
3.662670134141914920e-05
4.968746952663334517e-04
-2.649044284284887002e-04
-2.499769138601871834e-04
-2.317655587334895028e-04
1.194928021664524173e-04
2.793414764071875991e-05
-2.147985836214374604e-06
-4.233371738693896763e-06
-2.964654296401237794e-06
-1.895596606692125527e-06
-1.285133637937197624e-06
-1.014806761258024734e-06
-9.536185212447481786e-07
-1.114555256751490376e-06
-1.454761397210578608e-06
-2.174129703007384362e-06
-3.502443827563490759e-06
-6.298262018328313762e-06
-1.255265836750262127e-05
-2.211657528938467554e-05
-2.350966821729963345e-05
-2.063768124618863396e-05
-1.628025150267709977e-05
-1.150467791749896719e-05
-6.409788902972532524e-06
3.428540366931487186e-07
7.377210818311018988e-06
1.443182798655395290e-05
1.778417200610554730e-05
1.922105054252924231e-05
1.620377712936058544e-05
9.055734143430054132e-06
4.336430799757022270e-06
2.406564131570007408e-06
1.365283580531534585e-06
6.898786973167353369e-07
5.994163123384400533e-08
-6.389027889378948983e-07
-1.558337825193568695e-06
-2.767127537100261585e-06
-4.294599768940598259e-06
-5.803647596963571208e-06
-5.483263385846509623e-06
5.138950075147888250e-06
6.932474880069603882e-05
4.391315062873656495e-04
-4.924863874586490279e-04
4.555201455863082025e-04
-3.545190610450106518e-04
-2.084688762195052746e-04
-4.244712227728717055e-04
5.850480824654645919e-04
-3.460886114364805318e-04
-1.475979289790096574e-05
3.384967353049968828e-04
4.544213898159542471e-04
4.079489898133733996e-04
3.384786987661701644e-05
7.467473679874563631e-07
-2.296488659822624421e-06
-2.069378538217227855e-06
-1.550749662467154106e-06
-1.161432819564712154e-06
-9.815523276317578514e-07
-9.515914190244572545e-07
-1.112145261657061328e-06
-1.464102987716361410e-06
-2.192886717508892518e-06
-3.509061516827908793e-06
-6.301220773433701818e-06
-1.255467337389833363e-05
-2.210443999097031444e-05
-2.350085833715620190e-05
-2.064663731397030670e-05
-1.628841965406520811e-05
-1.150239460049186026e-05
-6.400402506139608119e-06
3.486786597251784455e-07
7.371400251199248846e-06
1.443630955776486228e-05
1.779226208602502029e-05
1.920754798196323295e-05
1.618906174475964526e-05
9.049345197711142035e-06
4.330157173823538827e-06
2.405050693457665697e-06
1.368562581945989066e-06
6.997360852903700714e-07
6.733831821650326838e-08
-6.429128508651592866e-07
-1.558466593714194286e-06
-2.754846441798163469e-06
-4.252581515321097190e-06
-5.599545456798329464e-06
-4.616633875951061446e-06
8.291539125311804355e-06
7.546082051199566739e-05
3.907442648794771283e-04
5.936753334863957218e-04
4.834182153276351699e-04
-5.762897532045224182e-04
-5.159229784902170587e-04
3.055311028388117385e-04
-3.953363776239176880e-05
-6.247597831778130880e-04
3.197756219112025023e-04
-6.232633284935946158e-04
-2.404550390526876389e-04
-4.644076276985163341e-04
-6.196877076644433525e-05
-1.113867126672329872e-05
-4.592790665582517909e-06
-2.712219555278235444e-06
-1.757740800362750865e-06
-1.228352297874800625e-06
-9.962468087584401356e-07
-9.498331469408287762e-07
-1.108807353551342395e-06
-1.446395777698051990e-06
-2.168678488358787892e-06
-3.507198391356176771e-06
-6.307149799492739447e-06
-1.255582046678119270e-05
-2.211456897669008208e-05
-2.350948519638698569e-05
-2.065138417855740121e-05
-1.629245343156631397e-05
-1.149824066765548461e-05
-6.394129413014136322e-06
3.499870282644540539e-07
7.368288721195286296e-06
1.441621555125933217e-05
1.777726875558706613e-05
1.922527803170866165e-05
1.620977117719555466e-05
9.057812112239947296e-06
4.334769686862736014e-06
2.410770609259263940e-06
1.376436342323094975e-06
6.917671673824259525e-07
5.315440090753672491e-08
-6.416731489189181309e-07
-1.552865927235155778e-06
-2.752777266256764531e-06
-4.244648287419654342e-06
-5.578923217119196918e-06
-4.529504311582111186e-06
8.389040386353782184e-06
7.253712486503107544e-05
3.486090603577072177e-04
6.984404482285254097e-04
-4.726651054484030359e-04
1.150327739197307293e-04
-4.104408821619126178e-04
4.003597711662827750e-04
5.197207517849573031e-04
1.679851567530930617e-04
5.411592747616171453e-04
-3.522420269558240811e-04
2.719263797555949427e-04
5.304226650164908883e-04
9.276136804349467604e-05
1.578452241214878452e-05
2.372045554845915056e-06
-1.937273643549008973e-07
-6.719491966351746813e-07
-7.303424099089260855e-07
-7.633581979952691645e-07
-8.349083528726304489e-07
-1.051891990288043927e-06
-1.393696976462657371e-06
-2.089029817258243283e-06
-3.349218142494506735e-06
-6.121583110239179134e-06
-1.265887124810497188e-05
-2.343703723646027283e-05
-2.522896424622700259e-05
-2.143894458734265014e-05
-1.482690768543134910e-05
-7.331467249222413187e-06
6.495881741020996332e-07
9.996699020344841280e-06
1.699086128660435863e-05
2.188866590010208921e-05
2.274561606713764234e-05
2.271915102296456098e-05
1.870182630680566953e-05
1.034030393947113827e-05
4.965264465340202184e-06
2.785528951430962253e-06
1.634212367017480249e-06
9.230072385235360208e-07
3.007123586940905356e-07
-3.499313239775542581e-07
-1.174616970190327760e-06
-2.219603361749608607e-06
-3.509759218049938864e-06
-4.910277020453008774e-06
-6.378416288082405715e-06
-1.177104112628032718e-05
-6.010559309266006828e-05
-4.492630104176490412e-04
4.100055719216819041e-04
5.740056136849941426e-04
-9.478160151954386371e-05
-6.795315319422829022e-04
-6.993550336128928797e-04
-2.908498609574398691e-04
1.780262642418657941e-04
-6.168903695056823832e-04
4.976061559693717960e-04
-7.156916664762016629e-04
-5.771997468865722571e-04
-4.373112767053330321e-05
3.604327764068725577e-06
2.398261813262768091e-06
3.385037885199450834e-07
-4.240443842221672644e-07
-6.379299913061842150e-07
-7.398928898643340595e-07
-8.348327884379847166e-07
-1.051287473590036776e-06
-1.402807464539330983e-06
-2.104490191027471844e-06
-3.353552223243712528e-06
-6.121056854427680610e-06
-1.265652219354920537e-05
-2.341599479043710700e-05
-2.521030730250754836e-05
-2.144623972713630239e-05
-1.483515329614669409e-05
-7.329471714736002568e-06
6.555439617379315313e-07
9.996972960426983717e-06
1.698021833476081376e-05
2.189111076353075392e-05
2.275634081070742470e-05
2.271012731046000645e-05
1.869186051388372550e-05
1.033894546570180268e-05
4.959893333821804917e-06
2.783766488547743508e-06
1.640857864482249815e-06
9.344940587116848664e-07
3.066568716718507573e-07
-3.554195130588156609e-07
-1.175063145557879207e-06
-2.207263669294611878e-06
-3.463614740826423225e-06
-4.618952683838416653e-06
-4.622415685628731413e-06
-9.161776019750789925e-07
8.669816102432732776e-06
-4.552815417311494009e-06
-7.602598156688077243e-05
-1.815846240090107655e-04
-3.964832014653295995e-04
-6.696880443708064972e-04
4.331021173630402810e-04
5.166498487992420398e-04
8.351230446493353968e-05
2.261763852523417172e-04
-3.667643662618036557e-04
1.912033283901396920e-05
7.158974295627563034e-04
1.072898403456642796e-04
1.816144632260701386e-05
2.922704221158434070e-06
6.850551739479106152e-09
-5.877086633146451919e-07
-6.922189916297642117e-07
-7.501856596113202998e-07
-8.342942623432985792e-07
-1.049635982830320515e-06
-1.386423046498850665e-06
-2.081604066708551780e-06
-3.353121051044402260e-06
-6.130652634169739832e-06
-1.265996485942977141e-05
-2.342923617434964102e-05
-2.522493505001428222e-05
-2.145350487026162451e-05
-1.484125199966188652e-05
-7.328412657699615828e-06
6.627807179721933578e-07
1.000270033472289234e-05
1.697877999886558513e-05
2.186993677713942790e-05
2.273985589384972116e-05
2.272686234953296726e-05
1.871036511856789613e-05
1.034362503060811704e-05
4.963713534105411322e-06
2.790917536976484055e-06
1.648342199848007920e-06
9.265856565706507610e-07
2.938042444692764095e-07
-3.534259907179121129e-07
-1.169509609150338613e-06
-2.207998829847603172e-06
-3.473469744982362354e-06
-4.705095435125429190e-06
-5.079794947385656257e-06
-3.054158017199375018e-06
1.300349499326454706e-06
1.961204366604102542e-06
-7.202783076178552110e-04
-4.411141970509826192e-04
-4.845570151800017216e-04
1.298370757060153470e-04
2.524654670094797016e-04
-5.246664830529881472e-04
4.332997842745595746e-04
6.258660248774360361e-04
4.958518847458198535e-04
2.666774424509262063e-04
-4.095845118405370771e-04
-4.445268708299621830e-05
-1.339104789896320869e-06
1.536158904015278576e-06
6.866301573339472280e-07
-6.071168127875209144e-09
-3.569278875320057955e-07
-5.641361229523065255e-07
-7.117656488391018760e-07
-9.457037857683478978e-07
-1.253325380458980774e-06
-1.869013425423397163e-06
-2.955825776310158950e-06
-5.436092426054440270e-06
-1.149933319471112999e-05
-2.208142101677169872e-05
-2.427291526398177909e-05
-2.032924862799757569e-05
-1.091303448949995571e-05
7.465111690035605405e-07
1.241692306972538992e-05
2.226004023942933249e-05
2.590555337464866233e-05
2.755340811301779829e-05
2.643704399827878315e-05
2.543739639609616770e-05
2.073109246934306033e-05
1.141012649890901672e-05
5.501270858518337698e-06
3.110515308190219204e-06
1.863352991186627474e-06
1.117378562749723938e-06
4.945754409285777103e-07
-1.370752863943770117e-07
-9.465420899609133093e-07
-2.029976765345693139e-06
-3.542072501093812313e-06
-5.571641085719087779e-06
-7.814081782623450608e-06
-7.897088429439017614e-06
7.718857172141554431e-06
1.193085610219615160e-04
4.484342770446425402e-04
6.873009700542409908e-04
4.999221540800569564e-04
-2.072847077421952967e-04
5.855250013124861869e-04
5.068261119138151721e-04
-5.071047546451940740e-04
-1.033404416771237585e-04
8.038020561440950792e-08
3.598238950090449587e-04
4.326590020566646318e-04
6.002482992918928268e-05
1.445114130448901872e-05
4.442582165439447502e-06
1.371842077143420040e-06
1.958445103478581015e-07
-2.927060141053900877e-07
-5.518474342585365487e-07
-7.159984721392814078e-07
-9.509709898189502969e-07
-1.265694436931184980e-06
-1.882483556527618981e-06
-2.957967344504721956e-06
-5.433079051583098376e-06
-1.149505416756337150e-05
-2.205630587538701389e-05
-2.424997257486391405e-05
-2.033803652820451724e-05
-1.092249367081607066e-05
7.487293865869647202e-07
1.242176395947426438e-05
2.225907804031308795e-05
2.589583390353281692e-05
2.755665005310325663e-05
2.644902483017252877e-05
2.543091387825866740e-05
2.072418998234777903e-05
1.141154571967038366e-05
5.494304126823442229e-06
3.105979975176909910e-06
1.872060079854809098e-06
1.131487408420952661e-06
5.011584020095421926e-07
-1.416070038134278048e-07
-9.452516571764267449e-07
-2.023431100824622283e-06
-3.541333050154142328e-06
-5.506949977076815808e-06
-7.233266253024401469e-06
-3.283851351694682046e-06
4.275907232657291451e-05
3.752179059842330111e-04
-3.845022800697736869e-04
2.823889428786198605e-04
1.941967036875396843e-04
-3.183705026693443027e-04
3.075752314012249861e-04
-6.145228996673292917e-04
2.859965553011240978e-04
2.735367445229157628e-04
8.061851050337197659e-05
-6.331161796528790272e-04
-2.285216789608086397e-04
-3.495880584665319370e-05
-6.007240352267530807e-06
-1.542609738585573752e-08
3.603883615030674225e-07
-4.501821364716892402e-08
-3.457885994067577429e-07
-5.564615619343358845e-07
-7.136122552169218784e-07
-9.467149531762668208e-07
-1.247556842677218156e-06
-1.859838783548816088e-06
-2.958706491321355491e-06
-5.446153558258996347e-06
-1.150062159558616558e-05
-2.207031254187872036e-05
-2.426530828032191314e-05
-2.034178171609570112e-05
-1.092562930343257903e-05
7.502117307796737320e-07
1.243127482678901865e-05
2.226810404364898885e-05
2.589434117265461782e-05
2.753433095450546374e-05
2.643159534203641284e-05
2.544544062747003513e-05
2.073831688608173337e-05
1.141117981689495527e-05
5.496953226272641696e-06
3.114470313920141406e-06
1.877909739160542514e-06
1.120776871659022324e-06
4.865777867080246985e-07
-1.418371685937301817e-07
-9.425449223884131870e-07
-2.026053451684863181e-06
-3.555007885102468929e-06
-5.658788125299164359e-06
-8.324149244973542367e-06
-1.093722512791354987e-05
-1.192553861167287957e-05
-2.274495789309230749e-05
8.901271716774221941e-05
4.752451268241379505e-04
-3.422611782628326720e-04
1.610421410331642534e-04
2.145258855377311393e-04
-5.106303182959012277e-04
2.954509698206945621e-04
4.704951849780231610e-04
7.421839607221606717e-04
-5.990722163730174575e-04
3.963294531031177491e-05
8.808735001347822494e-06
4.859053539271227477e-06
2.979902527157477404e-06
1.301099646328360273e-06
2.992990628050522726e-07
-1.937465432918844874e-07
-4.591582712000359542e-07
-6.131374799478814413e-07
-8.173526737206729478e-07
-1.056710340854773353e-06
-1.547570576224526416e-06
-2.379429809206431737e-06
-4.329917539386113222e-06
-9.110881073572691405e-06
-1.737818193747945784e-05
-1.806231149117941526e-05
-1.345024088798717473e-05
-1.386040120057636993e-06
1.406659186080854275e-05
2.700225296046817485e-05
3.385692202553613708e-05
3.386956896375867244e-05
3.306888187829339526e-05
3.047645748403679582e-05
2.849996738486673762e-05
2.297367716274360843e-05
1.256706701112686034e-05
6.070830655940179777e-06
3.440922585838444070e-06
2.084933680517869939e-06
1.296397344522893438e-06
6.685133499881199108e-07
4.760500481898374542e-08
-7.689189572570030386e-07
-1.960377183466254190e-06
-3.909181106254762580e-06
-7.284084803537296179e-06
-1.322100399673675669e-05
-2.306149809215510491e-05
-3.412741515466486422e-05
-9.613235462329632847e-06
7.518279214513648055e-04
3.159752409301099787e-04
3.027094995628908558e-04
2.744896579784432628e-04
2.213969256949321180e-04
-6.486502922564744110e-04
6.387049026671744352e-04
-1.288273956778610593e-04
2.276993738388554778e-04
-9.616677958796110827e-05
3.095331803206917204e-04
5.992052517112451970e-05
1.405121265458175047e-05
4.757959865563064738e-06
1.721997818592472561e-06
4.292138109944940977e-07
-1.517228109615570035e-07
-4.522043010617668838e-07
-6.177389277323744350e-07
-8.269404908414360671e-07
-1.071769459033301647e-06
-1.558310312026056324e-06
-2.378841828119356364e-06
-4.325007366388844796e-06
-9.106479392268075518e-06
-1.735365642123161498e-05
-1.804117683834781057e-05
-1.346443660456926078e-05
-1.399302829270023180e-06
1.407016098381137372e-05
2.701006749539973888e-05
3.385933456036878414e-05
3.386370010671900142e-05
3.307196382483620824e-05
3.048526159551025167e-05
2.849039627680779207e-05
2.296320845363890241e-05
1.256565746643152803e-05
6.059902528744151537e-06
3.433653055001630019e-06
2.096413268074599687e-06
1.313864679510157482e-06
6.762834172964336577e-07
4.539504473320194770e-08
-7.642051134091533815e-07
-1.963233795524050377e-06
-3.987078156548032302e-06
-7.683521017279007259e-06
-1.548065561892914560e-05
-3.612688736198009829e-05
-1.103051794282101998e-04
-4.582089948533122942e-04
2.636481360139794378e-04
-2.099578635255602843e-04
-5.186569448407478931e-04
-2.933405687897708237e-04
-1.526262775265532778e-04
3.936461563933563190e-04
1.764796423289092208e-04
-3.416692726924327192e-04
-2.982739065414173412e-04
-6.869912998020067567e-04
-6.736464896261312729e-04
-1.119033124529480793e-04
-1.302097676677294396e-05
2.909290770200401233e-07
9.793796159880854848e-07
3.023112928368730386e-07
-1.654668265970028099e-07
-4.455532616167723212e-07
-6.139700891419956404e-07
-8.199478020253249626e-07
-1.051274109262790694e-06
-1.535168260261435015e-06
-2.378987719259489001e-06
-4.339077028658185032e-06
-9.112514746650750340e-06
-1.736622145404482918e-05
-1.805375392744757994e-05
-1.346227989065403686e-05
-1.398284423827186279e-06
1.407102705183237379e-05
2.701885666905546121e-05
3.386819469202491400e-05
3.386028671981742812e-05
3.304886330876278784e-05
3.046883432154297170e-05
2.850575422619090732e-05
2.297846955386225612e-05
1.256665238881374368e-05
6.066002801080997868e-06
3.445878485330955783e-06
2.101199339013257475e-06
1.300033877360214323e-06
6.593497470490069111e-07
4.109871573986927172e-08
-7.668122083784916279e-07
-1.964814289842279263e-06
-3.968187457642799856e-06
-7.625400167835798908e-06
-1.514217954163339330e-05
-3.369838512301877732e-05
-9.232015891211516685e-05
-3.235589306594154665e-04
5.513367326732195473e-04
-6.539925501009070420e-04
3.043986608596172959e-04
5.623747450764015427e-04
7.301208442476902127e-04
3.229383632473893520e-04
7.332667569943168359e-04
7.489707827340237080e-04
4.040453735852386026e-04
5.067524740332882789e-04
4.897088145324374241e-04
1.082852708654916547e-04
2.623154129373208305e-05
7.029286698975482536e-06
1.821856181085077736e-06
2.322778599482608772e-07
-2.747364711447033439e-07
-4.697711922494335079e-07
-5.503701143096677951e-07
-6.750148100058093080e-07
-8.142695611830086620e-07
-1.143175959216481771e-06
-1.664225143997687211e-06
-2.932458359490700286e-06
-5.943480318904021221e-06
-1.074346287567650556e-05
-8.748701234482749288e-06
-2.716592353172868904e-06
8.901921760427139663e-06
2.252931519109495511e-05
3.567593311330831429e-05
4.314981312603985138e-05
4.269904608059921491e-05
4.028479980232110852e-05
3.609241098639618702e-05
3.267283972002825454e-05
2.589284786240289107e-05
1.401294092204747632e-05
6.760527714547228448e-06
3.820992162555672750e-06
2.326312893104609141e-06
1.483719649544893434e-06
8.550327170826664549e-07
2.685670098004690893e-07
-4.923012477293456650e-07
-1.645274010171517927e-06
-3.669657419417196344e-06
-7.367213200964320732e-06
-1.349073390208175712e-05
-1.845873042009751869e-05
1.520746164145714597e-05
3.453518602697288058e-04
-5.439594646759110313e-04
2.818446431395698194e-04
-1.805251681294727840e-04
1.573296966935653577e-04
1.822284101043347866e-04
-7.591738072516501594e-05
3.376772116891948051e-04
4.062990693820712085e-04
6.286347751683488204e-05
1.960262559235805826e-04
4.354645248148413146e-04
1.027106716751839888e-04
2.706916113362694700e-05
7.737758462757677897e-06
2.143130749004405754e-06
3.620637188029126304e-07
-2.317783917492247970e-07
-4.610846373762972283e-07
-5.534465616795717691e-07
-6.881920426170037525e-07
-8.306315846894700448e-07
-1.148903647928938829e-06
-1.658087267683514433e-06
-2.922490722640136241e-06
-5.935032332987747887e-06
-1.071550528300612483e-05
-8.725266381520937166e-06
-2.733061569049193943e-06
8.883121056455383399e-06
2.252716553514478174e-05
3.567793314009926606e-05
4.314983727298874356e-05
4.269626612111947743e-05
4.029000004462056621e-05
3.610258421727733931e-05
3.266697253308185320e-05
2.588585233579771211e-05
1.401418442956194766e-05
6.750169994685649002e-06
3.813567833813920202e-06
2.339312304386335480e-06
1.499373750897049882e-06
8.567674866198380653e-07
2.620039587146954855e-07
-4.888253603886090485e-07
-1.654698646312280056e-06
-3.781673521745234537e-06
-7.955614917448012999e-06
-1.690434166293103640e-05
-3.875182084617780846e-05
-1.083508103533179677e-04
-4.321727664009819385e-04
1.649013865501705199e-04
7.248913457453254588e-04
3.214439613923376389e-05
1.674177202239532033e-04
-4.762969768379819984e-04
-3.181375399569731969e-04
-2.916554632256579578e-04
3.986265825159212022e-04
-4.729629553580082550e-04
5.770059077848379778e-04
-5.015627342440229968e-04
-6.277275910031061975e-05
-3.761375315821922895e-07
3.348745726063991936e-06
1.509140112262543906e-06
2.876825405867455408e-07
-2.241623962560635124e-07
-4.491372678882404609e-07
-5.504315277878885208e-07
-6.796266860769565968e-07
-8.095614092876984796e-07
-1.127332451238868447e-06
-1.658485281715168504e-06
-2.937426038862813846e-06
-5.943004090011483132e-06
-1.073028326677117994e-05
-8.740038061546884351e-06
-2.729980332132145959e-06
8.886336164944696109e-06
2.252862439339471697e-05
3.568967644338376610e-05
4.316271241784748415e-05
4.269419002539467922e-05
4.026867910824478530e-05
3.608703574263644583e-05
3.267922278414541024e-05
2.589695753356045162e-05
1.401179018926742622e-05
6.755320092259097187e-06
3.826473986806024686e-06
2.343164852701235546e-06
1.486985085278591586e-06
8.448099455912374855e-07
2.606367933283017085e-07
-4.914511408816391958e-07
-1.653833143310140901e-06
-3.748990300134582085e-06
-7.817216497751439675e-06
-1.601162569652653535e-05
-3.237623173807527906e-05
-6.088930408303470509e-05
-6.696259011407773413e-05
-2.440870557599753683e-04
-3.980357977773736015e-04
4.168753787715764772e-04
5.615340991128932747e-04
5.723138263532953282e-04
5.432114619987910443e-04
5.547567226010742449e-04
-2.398672922263484923e-05
4.871130764698915726e-04
1.829798640411561936e-04
6.992062682124240182e-04
1.278484690066789930e-04
2.065855463374256324e-05
2.794407899904770785e-06
-3.652018347415979356e-07
-7.971189529769036290e-07
-7.171328063619474265e-07
-6.115241647720324975e-07
-5.221835045007428364e-07
-5.176755915793587914e-07
-5.265236690357623141e-07
-6.578395234470421618e-07
-8.225105777759478246e-07
-1.315588103619525924e-06
-2.361075309179932503e-06
-3.507805848516416230e-06
8.618313633431626961e-08
5.046879824657318309e-06
1.279501727233454696e-05
2.200663578816037228e-05
3.409231808068742488e-05
4.548674999330372631e-05
5.005220375525754051e-05
4.875745818297075188e-05
4.354383254005305776e-05
3.828968801724114644e-05
2.971603632182893832e-05
1.585150085124400774e-05
7.614153064347922041e-06
4.270517655458754114e-06
2.597166426482493539e-06
1.685906176130691452e-06
1.065755283274427158e-06
5.586780825886193429e-07
-3.001812243133318189e-08
-8.867906499109510992e-07
-2.467930028348525040e-06
-5.662070936542680448e-06
-1.195870512854873200e-05
-2.233951111519187491e-05
-2.888109694715466691e-05
1.744393788232195464e-05
-3.105990429532365068e-04
4.043661363476124242e-04
-2.336110487808649506e-04
5.372347781218813137e-04
1.955034957086194719e-04
-3.529608647716060850e-04
4.103853623598030607e-04
-1.478459217869203311e-04
-1.485565512922087342e-04
-1.992629334632368737e-04
3.230588183615353123e-04
8.891660244211182216e-05
2.235943012316248703e-05
4.757912245644404942e-06
3.977828266160124268e-07
-5.420365715849144234e-07
-6.430676595894876351e-07
-5.922522681000012336e-07
-5.197393103979416429e-07
-5.305550434761354563e-07
-5.398986249470190410e-07
-6.557501902619410015e-07
-8.106996918112230056e-07
-1.303123489706267972e-06
-2.354245992417386305e-06
-3.486256575305122127e-06
1.032245192025598842e-07
5.025377749147474212e-06
1.277084287859922550e-05
2.199898874347305702e-05
3.408704892337813968e-05
4.548137777178802056e-05
5.004953376810133443e-05
4.876283135145828123e-05
4.355566769484659536e-05
3.828988508567741624e-05
2.971486947283722441e-05
1.585590945976834846e-05
7.604158227523414858e-06
4.263022940705049351e-06
2.612302344299676861e-06
1.701743237033473663e-06
1.065774626220932761e-06
5.532666950473658234e-07
-2.353656022881402900e-08
-8.921000161901676378e-07
-2.543755111923228228e-06
-5.986915289911826833e-06
-1.348253856605534133e-05
-2.868926540203577314e-05
-4.733088494444795071e-05
4.953450032346067776e-05
-6.567366608701479891e-04
5.372293442774949291e-04
4.389775543882058696e-04
-4.669913980745221183e-04
-4.994721464135418176e-04
6.540329255724496591e-04
4.161057966175928016e-04
-5.074425568530219026e-04
-9.865741773937602348e-05
-3.149699393649383326e-04
-6.211115067052186466e-05
1.393397534894065111e-06
8.261785024808827659e-06
2.584429821780690628e-06
1.323689635326489501e-07
-5.545992788693728899e-07
-6.234408061552739919e-07
-5.805720648500425475e-07
-5.203160530529212609e-07
-5.237471840353649131e-07
-5.231327604512384388e-07
-6.409730715562798068e-07
-8.147064596335512503e-07
-1.319096733924429849e-06
-2.361429339078302453e-06
-3.496679088334995464e-06
9.412732874446744000e-08
5.034583949805206619e-06
1.277851002434511984e-05
2.200093160147074310e-05
3.410018709240652439e-05
4.549699309382776652e-05
5.004901941570734489e-05
4.874468187987287784e-05
4.354151758432459068e-05
3.829782991040994847e-05
2.972064167086923056e-05
1.585025650472381197e-05
7.609005913667777135e-06
4.276755796211057342e-06
2.614836393910810001e-06
1.690495299673573673e-06
1.057395679578089744e-06
5.520696159878776644e-07
-2.802869243350159593e-08
-8.935599164339318838e-07
-2.536895347646869713e-06
-6.043286041673945885e-06
-1.406751858654596172e-05
-3.400756729295886652e-05
-9.411031334213501316e-05
-3.543631238308848452e-04
-4.613666522285987670e-04
-2.409999820031705805e-04
-6.557769618047488589e-04
2.130518445990356652e-04
-6.519315495165351566e-04
4.315986857003321778e-04
5.711009169743462306e-04
-7.284853724764475420e-04
-4.216435509866791622e-04
5.439258186512265685e-04
-5.193677234927850670e-04
-1.008146606381423772e-04
-3.165616209209286399e-05
-1.170461150506187856e-05
-5.124121069085055529e-06
-2.540342033821490204e-06
-1.365652557837954092e-06
-8.032326503311989394e-07
-4.900012573625941325e-07
-3.290007949492404587e-07
-1.879280604967200186e-07
-9.246202631301457966e-08
1.328066026184813739e-07
4.469331268275254638e-07
1.257405533075736263e-06
3.006482301151965752e-06
6.538165756294096838e-06
9.465920522471526284e-06
1.404685110105093262e-05
1.976618850483880018e-05
2.899918992788742424e-05
4.049708576250723253e-05
5.058158688158448374e-05
5.442993123127375755e-05
5.095059511017009857e-05
4.458400347305745229e-05
3.409901993129909703e-05
1.795632883131131723e-05
8.584536274321824038e-06
4.767616332037691537e-06
2.885787934593294518e-06
1.895187268751115421e-06
1.293302542776171312e-06
9.095210670990472817e-07
6.134105207204325098e-07
3.424200464144723585e-07
-1.358407243290251672e-07
-1.435324238086246468e-06
-5.336667067800841008e-06
-1.689977070560236356e-05
-4.857675240383337359e-05
-1.128300278361255780e-04
-5.727953362668160081e-04
-6.988010679155711499e-04
1.295823317804068527e-04
4.764918177171026370e-04
6.717530165561091081e-05
5.148714621351458765e-04
-4.612445058067075302e-04
4.618022944071328763e-04
-6.559195073571279146e-04
-1.486059733662195527e-04
8.190112390999848698e-06
-8.709873231495365427e-06
-8.629191118779632496e-06
-5.997457206809145747e-06
-3.649248369505889743e-06
-2.140468061197647259e-06
-1.262108251035979761e-06
-7.748041462619875894e-07
-4.832202979928254498e-07
-3.425784784469011729e-07
-1.989688011220483479e-07
-8.455432099841100959e-08
1.462217980489276199e-07
4.572720067717654294e-07
1.258346741194803097e-06
3.016631840952788331e-06
6.546613038472425213e-06
9.442153672474434662e-06
1.402243215292330863e-05
1.976013672552654114e-05
2.899561273325919396e-05
4.049433953200932859e-05
5.058250063746805715e-05
5.443376072546738623e-05
5.095855699463602427e-05
4.458306602863586351e-05
3.409625396441744183e-05
1.795766063208198554e-05
8.571366188665063547e-06
4.758567395099022440e-06
2.901877562329035281e-06
1.910952854057655282e-06
1.293812530991947297e-06
9.098421477184208998e-07
6.272397633379755006e-07
3.454938035586041302e-07
-1.773099640171042613e-07
-1.614217537940604595e-06
-6.312532815858543537e-06
-2.253937162022209172e-05
-8.405303054809578082e-05
-3.599896207719379890e-04
3.427135105343157473e-04
-6.403126408731347032e-04
5.421581548923853173e-04
8.448113778213076324e-05
5.668599448500102585e-04
-5.036858167425527395e-04
6.741873880696741886e-04
4.776706035582553751e-04
-1.418877041013411337e-04
-3.427161210676544535e-04
-3.269688449845921884e-04
-9.122732969054770226e-05
-2.437900629038566386e-05
-8.998351916774202262e-06
-4.213147455578073129e-06
-2.250689712023303842e-06
-1.272972559859626648e-06
-7.757019156305331285e-07
-4.901124272897850611e-07
-3.378810517003297057e-07
-1.867601839909164635e-07
-7.639403605903385596e-08
1.408738421293851337e-07
4.448417842331995172e-07
1.256940857019638104e-06
3.015643738079907001e-06
6.546544263609624086e-06
9.458112402025407612e-06
1.403363500915629879e-05
1.976020282005462917e-05
2.900510049277327333e-05
4.050584599255378098e-05
5.057916029940720288e-05
5.441806216645162625e-05
5.094796544137903478e-05
4.459092148270393525e-05
3.410260354319953477e-05
1.795488197363553768e-05
8.580235034761487126e-06
4.774759360635456369e-06
2.903065064887851150e-06
1.900062254909979254e-06
1.286296479523332434e-06
9.036405709472439464e-07
6.163868141556842977e-07
3.408147228143438503e-07
-1.726668154532944041e-07
-1.612945742678057669e-06
-6.147143145777642419e-06
-2.028203726736819393e-05
-6.014385319986123558e-05
-1.295404181654468594e-04
-6.703971541797971697e-04
2.334159583774156766e-04
-4.433191076979154342e-04
2.720320395787010075e-04
7.300840446145519464e-04
-4.999923393581652597e-04
-3.499577724417958263e-04
6.749579383314142055e-04
-6.248079325545744791e-04
-6.082242757515340026e-04
-5.531551285289637836e-04
-1.216200013177065956e-04
-4.235162793763265184e-05
-1.731968692757729453e-05
-7.698794344724511863e-06
-3.622419738003170507e-06
-1.762336831741419515e-06
-8.758178320187790784e-07
-3.897523110758324492e-07
-8.933112532683275595e-08
1.990625033252890117e-07
5.337768156377388813e-07
1.161396453930786038e-06
2.265829394965834062e-06
4.701039473520370358e-06
8.547586671783998183e-06
1.148401432261582402e-05
1.272133478060946649e-05
1.504765214807823239e-05
1.816645997253691524e-05
2.453330073600621758e-05
3.355732883817128990e-05
4.471226535289558928e-05
5.329977618987321805e-05
5.464697658476225445e-05
4.947937771675642348e-05
3.801597194528809549e-05
1.993791724100804714e-05
9.523792815367191394e-06
5.244086476096069601e-06
3.154524166301327131e-06
2.082862721791265332e-06
1.502372274250792495e-06
1.257545078481394520e-06
1.310848904761513705e-06
1.807775497697933367e-06
3.005321017900884077e-06
5.395329958963438434e-06
9.520888271148320649e-06
1.390412380102055478e-05
5.127476605599272825e-07
-1.607100829073834032e-04
6.880608255271610570e-04
-5.327736543341614556e-04
6.972190911195782527e-04
6.145416337344477556e-04
-9.247686929761266700e-05
-2.409662926649717215e-04
1.438859968086853263e-04
-3.893413007472518346e-04
2.297295443901179140e-04
3.204199045088221265e-04
6.846705141840433951e-04
4.786648003932133464e-05
-1.157311201887943150e-05
-1.082319869627413662e-05
-6.153697987488239588e-06
-3.224703558983374553e-06
-1.665425855230797053e-06
-8.484388096106913394e-07
-3.827317303715660526e-07
-1.066568836893500871e-07
1.875813205678454484e-07
5.439978886240360284e-07
1.173430380709033223e-06
2.274353413969152308e-06
4.700137580707223021e-06
8.552026104754942954e-06
1.149020043583395783e-05
1.270067724865350356e-05
1.502463823578287020e-05
1.816122763705995644e-05
2.453233510740134298e-05
3.355998571242683809e-05
4.472017987423092624e-05
5.330620134491218616e-05
5.465467955410647003e-05
4.948082668028415079e-05
3.801508043098011453e-05
1.993866258189963274e-05
9.510130213080884894e-06
5.235106626751699569e-06
3.169327619791350494e-06
2.093268326264613958e-06
1.496232857869226096e-06
1.256183840778470470e-06
1.326055732829521209e-06
1.818306529396950016e-06
3.009438477508063135e-06
5.441053147441880004e-06
9.814176045623145429e-06
1.593705808327915659e-05
1.555619072196437998e-05
-4.062015972906994399e-05
-7.472818420593583611e-04
-5.084987530906507356e-04
-1.207505845719944020e-04
1.924880792504111423e-05
-3.756328351102085090e-04
-1.870593436839664578e-04
6.807293428876311919e-04
2.552595566815087072e-05
5.996722356208105016e-04
-6.343017040791506514e-04
-4.564305225303089716e-04
-1.239401593979663253e-04
-4.294667438500730875e-05
-1.703911859154856251e-05
-7.502717944435085301e-06
-3.545576684191521883e-06
-1.735918351542062913e-06
-8.699236729003293484e-07
-3.971915668024890079e-07
-1.026172701415609223e-07
1.985457814289393998e-07
5.501893123626483926e-07
1.171978876018856213e-06
2.269157015258190303e-06
4.704342436752994707e-06
8.555965699349478269e-06
1.149112674459761267e-05
1.271540721872129258e-05
1.503613110044181881e-05
1.816092000843229999e-05
2.453976137949939523e-05
3.356760018578499498e-05
4.471355675242194669e-05
5.329138722118540231e-05
5.464485067629982877e-05
4.948472833564388043e-05
3.801762321845151448e-05
1.993525219603603551e-05
9.519871731511028693e-06
5.251511184674638395e-06
3.170344763251494476e-06
2.087734902098957710e-06
1.496882683286731862e-06
1.252457742275859462e-06
1.315222324781731796e-06
1.811585017378438135e-06
2.993475821488915540e-06
5.344179335098087802e-06
9.345157414415179771e-06
1.353971829301302431e-05
2.312598041299706604e-06
-1.255785751951169285e-04
-2.578503570588707035e-04
3.746851879825328956e-04
-4.284131214618985286e-04
2.803065512182477729e-04
-4.959102351735379926e-04
1.771850533348781587e-04
6.732127352185386833e-04
-3.772890371444201341e-05
-2.461596101925884864e-04
1.841924736829675933e-04
4.387188296392140413e-04
-5.385912428749664125e-06
-2.756673173759947496e-05
-1.501226814473124512e-05
-7.261728311976622388e-06
-3.477404005907644050e-06
-1.633989787034116003e-06
-7.120831799792308603e-07
-1.798617183640761836e-07
2.017268565318096599e-07
6.077794420571560836e-07
1.166878989204414371e-06
2.177939395135700827e-06
4.027242941735456662e-06
7.923099448221098586e-06
1.359352816597272920e-05
1.608929931753395201e-05
1.602258313172407047e-05
1.655404797989003756e-05
1.758215068583261192e-05
2.144962351112050214e-05
2.751558739071451531e-05
3.677208955114576817e-05
4.626929754443784629e-05
5.197305767335082808e-05
5.021691726303572435e-05
3.981499774214268485e-05
2.113874743522621281e-05
1.018204221163543565e-05
5.585845955467823812e-06
3.338703109127846131e-06
2.197533323580861309e-06
1.629343352775807151e-06
1.488490265562846371e-06
1.814580006034521948e-06
2.934804743273441500e-06
5.597696559723555564e-06
1.167439337453269593e-05
2.609323018483619062e-05
6.384267952553768937e-05
1.806713394449887785e-04
6.356741306895182615e-04
3.652550635857784462e-04
-4.852595604100760755e-04
2.679778774443686545e-04
4.164438825413544875e-05
4.899204860855470561e-04
-1.207972978400214607e-04
1.172889142094164138e-04
1.822458842501408968e-04
4.574694478391258166e-05
6.981534028459595751e-04
-6.544385083300276185e-04
-1.127089963876282808e-04
-3.000216460123546531e-05
-1.299070125983742801e-05
-6.437476403235867169e-06
-3.227601450750099968e-06
-1.574656438379962558e-06
-6.919448600807586505e-07
-1.715499715305112650e-07
1.846443498591365626e-07
5.998963649363776756e-07
1.180480030504249668e-06
2.187103283887081870e-06
4.032440596200762916e-06
7.920196237539444583e-06
1.359170543915485601e-05
1.609156838250472670e-05
1.600475303856026461e-05
1.653344349266066174e-05
1.757692117632579678e-05
2.144798149150707985e-05
2.751902175517340258e-05
3.678340010719661807e-05
4.627835393671701124e-05
5.198362385763640830e-05
5.022456467350216969e-05
3.981796249279218806e-05
2.113852515366543015e-05
1.016767988647879571e-05
5.578208339426555717e-06
3.354384225533042781e-06
2.206580555627190686e-06
1.620348058097321780e-06
1.486452899657058499e-06
1.828711043711435354e-06
2.947987245970105757e-06
5.635300199563788144e-06
1.188417415038585411e-05
2.715735772266236533e-05
6.893520961332569633e-05
2.027360488658480728e-04
7.095305187084775290e-04
3.855935069632939285e-05
-4.916960606799586873e-04
-4.447424997731181588e-04
-4.308647528724297501e-04
-5.419276438941231233e-04
-2.293455859561870211e-05
-6.538675072495478456e-04
-3.966686532251972722e-04
3.185046173629489555e-04
3.984449421178235017e-04
-5.344028145849190597e-04
-1.282609668547123082e-04
-4.392019469425195130e-05
-1.780229675800211006e-05
-7.903656862734534087e-06
-3.660290545064539920e-06
-1.690342355831077547e-06
-7.312978108520202645e-07
-1.929836007104766854e-07
1.867062445331837776e-07
6.072086827942297925e-07
1.182077822608741504e-06
2.187040877058441812e-06
4.030773267438504854e-06
7.924868611730243926e-06
1.359663744238058594e-05
1.609177104141082889e-05
1.601654556201802040e-05
1.654315305174256531e-05
1.757568199816025043e-05
2.145480804401587587e-05
2.752658479434620493e-05
3.677781657378017529e-05
4.626654449884363740e-05
5.197352312487239155e-05
5.022185515229751117e-05
3.981448582764027228e-05
2.113363996433115441e-05
1.017755064838354191e-05
5.593173893436304272e-06
3.353701353692043181e-06
2.204665516840268643e-06
1.627557071975500012e-06
1.485190118017225611e-06
1.820130693731123694e-06
2.941670519881729144e-06
5.599283084613163715e-06
1.167850012954374689e-05
2.606264063299828861e-05
6.303577578821549651e-05
1.704996531355122355e-04
5.280040527154434421e-04
-4.291273413038251675e-04
-3.295331506397382770e-04
-7.263094163697003973e-04
-7.218520400660118552e-04
-5.201315658416691586e-04
1.307184006425181214e-04
5.080906657442569186e-04
-2.613787962142111979e-04
-4.266579791831946961e-04
-3.047386547911010417e-04
-4.745740514455988254e-04
-8.300353732533719670e-05
-1.807384225376322870e-05
-7.989989369271388960e-06
-4.213229142538089326e-06
-2.141002772193261384e-06
-9.582893522965838405e-07
-2.909270082418649353e-07
1.460036465356157533e-07
5.296457813937178841e-07
9.988216106268506602e-07
1.731197810004062304e-06
3.062556921551612866e-06
5.582522099321050190e-06
1.090444004725430581e-05
1.865446711898671145e-05
2.119515605665640035e-05
2.011443112822368818e-05
1.896926154421903939e-05
1.808249200897828145e-05
1.978354153921064396e-05
2.318445296308004912e-05
2.977106649267833392e-05
3.749737808714864935e-05
4.447006792196840988e-05
4.581387970389327755e-05
3.825800413401307676e-05
2.093268449207528640e-05
1.029061298634678766e-05
5.665383563545376337e-06
3.370280714098727907e-06
2.192796780951357509e-06
1.621814170288404158e-06
1.504908187405415732e-06
1.896937643046426793e-06
3.134457893593489573e-06
5.964642860813873802e-06
1.200543947600422407e-05
2.420950864332532942e-05
4.485940316546029787e-05
5.094988158172388437e-05
-1.883192943931918690e-04
-4.688091807729404979e-04
6.703421687418850347e-04
-1.296091146932891393e-04
-6.079665168312426652e-04
-1.320363749494834430e-04
-4.345047104655781322e-04
2.484734968685279612e-04
-5.702674662960400360e-04
4.453929929245118379e-04
2.603922994180842086e-04
5.205815486253864352e-04
4.943579992191985773e-05
-2.288549092268253194e-06
-5.813347267562750411e-06
-3.863873213922943720e-06
-2.075830754564727092e-06
-9.555098370505386464e-07
-2.856837339843805473e-07
1.520576241120754920e-07
5.137680297474914595e-07
9.975355912075137729e-07
1.751290390586731615e-06
3.071790089532961930e-06
5.585465623498921521e-06
1.089922952421908733e-05
1.864546487788881031e-05
2.119199265185142762e-05
2.009808306599735142e-05
1.894853466210924913e-05
1.807291430081681504e-05
1.977852990812109532e-05
2.318854761926636564e-05
2.978550713876711788e-05
3.750674111120911393e-05
4.447970719855157644e-05
4.582288483297379365e-05
3.825969083549881315e-05
2.092778416796698852e-05
1.027371827817102613e-05
5.658200612035159053e-06
3.386476156593455429e-06
2.202740807832327614e-06
1.613655009425584781e-06
1.504428509135795181e-06
1.910053722438148739e-06
3.147317181086381995e-06
6.019864483358914723e-06
1.234184738072089075e-05
2.616988917211710659e-05
5.615695456062758605e-05
1.163554159817381436e-04
1.903753415173159251e-04
-2.090495218210363293e-05
8.175439234415078334e-05
-5.213008676902959561e-04
-6.163476429213746123e-04
-6.320149392106511705e-04
-6.869097141081846733e-04
-5.810320082237352673e-04
2.207265001602465532e-04
-2.051981769910664658e-04
5.756075333266862061e-04
9.328531578732364373e-05
1.160808125568581987e-07
-1.912220714195871766e-05
-1.128830402376203305e-05
-5.607066999296417804e-06
-2.613523009377400588e-06
-1.107221862385050447e-06
-3.362923228362543022e-07
1.278114133220580150e-07
5.129182886400746873e-07
9.958344359016457523e-07
1.740392847991777418e-06
3.066101176110770513e-06
5.584448036684443733e-06
1.090578514961629362e-05
1.865509083713653242e-05
2.119453100491412931e-05
2.010805655802704489e-05
1.895815565302427680e-05
1.807433076943675308e-05
1.978661706570349641e-05
2.319498529108223500e-05
2.977954997607970675e-05
3.749856316706986868e-05
4.447211609569091235e-05
4.581870606235640938e-05
3.825694463046337690e-05
2.092691480855751862e-05
1.028663176974244497e-05
5.672000931535324991e-06
3.382360539614178624e-06
2.199712825607088973e-06
1.620833218887999711e-06
1.501119001408789019e-06
1.901704225046425150e-06
3.141084432076496124e-06
5.973516135963211396e-06
1.207813016126192976e-05
2.477993239677605064e-05
4.919721756042374757e-05
8.416701552844731160e-05
6.540750670938566492e-05
5.350085164583268538e-04
6.654232177032394979e-04
-6.322936721695003159e-04
-1.949225800471613053e-04
2.243494139892588518e-04
9.236931753495695617e-05
-7.310159504394573952e-04
5.184908627637913221e-04
-5.379159444435831564e-04
-2.355922370949381820e-04
-4.296633865116366571e-04
-8.233388719211534525e-05
-1.222691930674710692e-05
-2.928213915486487815e-06
-1.182643110668524578e-06
-4.432447247934601524e-07
1.537533967697247739e-08
3.084883712753352048e-07
5.526963844628377859e-07
8.612725286936016051e-07
1.324990933126870982e-06
2.147955846542334170e-06
3.685206780448124814e-06
6.719653446432056381e-06
1.333420318290526060e-05
2.346191976899919513e-05
2.677807204121295765e-05
2.517621002525181260e-05
2.243167024204655477e-05
1.964803434966743036e-05
1.932295156416263240e-05
2.041713302145808386e-05
2.450521725403241482e-05
2.971975340135334941e-05
3.570156637342913609e-05
3.817631338246499942e-05
3.361734638410765588e-05
1.913539646264985540e-05
9.690584481925344478e-06
5.386115276527110212e-06
3.194330233547447917e-06
2.038082541087011568e-06
1.459225921257919677e-06
1.285838410297063594e-06
1.531724405079658577e-06
2.403881060153999785e-06
4.368337988015927091e-06
8.446845225995778080e-06
1.686620754161606540e-05
3.507391954932009229e-05
7.931145166525796963e-05
2.071291521625717291e-04
-5.327241689791159009e-04
9.646788853880252203e-05
5.374313489155324239e-04
2.041341519810782970e-04
3.823226765228502624e-04
-3.249553431568161493e-04
2.194232218553846252e-04
-5.862840214108050538e-04
2.121300038612263514e-04
-2.537726017907166332e-04
-1.877289857306609847e-04
-6.548904519088359168e-06
3.713998337351295202e-06
1.424837724409683209e-08
-7.047794105201585579e-07
-3.835125248787303709e-07
5.865940860532750860e-09
3.078826569691617850e-07
5.569127953851220082e-07
8.463627443067156240e-07
1.326034809258867507e-06
2.166610724487511165e-06
3.687382226041056272e-06
6.715817652477218587e-06
1.332650568803282729e-05
2.344852140741582910e-05
2.677055822220192867e-05
2.516152568582270054e-05
2.241295694897354205e-05
1.963854818067929667e-05
1.931951402388712048e-05
2.042434057807246100e-05
2.452067421292075506e-05
2.972344773188034540e-05
3.570306591198862901e-05
3.818217702146964809e-05
3.361929765618749678e-05
1.913229684743284725e-05
9.679243991393991897e-06
5.384472511273515187e-06
3.211047434960780320e-06
2.046768787548239108e-06
1.450892215094244888e-06
1.285996663861012716e-06
1.542837721594788661e-06
2.410438151161667507e-06
4.393081341545866460e-06
8.631949563629211439e-06
1.815010604498432131e-05
4.381992698812144462e-05
1.396277840480957043e-04
6.263083029799734747e-04
4.236407659439887655e-04
3.104965628503352990e-04
-8.061240068049193891e-05
-6.165664252399125425e-04
-3.995279574784208203e-04
-3.062563134639615238e-04
1.310040373645812316e-04
-6.182694326057810172e-04
5.746668747877355663e-04
-2.278923604737033155e-04
5.716751711501350842e-04
8.840832253005306450e-05
1.831225479999906650e-06
-4.038805309679476141e-06
-2.368537804723899536e-06
-9.341706656447886740e-07
-1.549630407167191209e-07
2.546580620844753796e-07
5.334227995528565619e-07
8.450737996677709172e-07
1.321711925734293857e-06
2.154158956685877556e-06
3.687493371866976384e-06
6.722399623667931443e-06
1.333525859761655156e-05
2.345921972950826688e-05
2.677279468998072209e-05
2.516813416013277823e-05
2.242111811010499671e-05
1.964076204774183244e-05
1.932580142854400712e-05
2.042705731082820170e-05
2.451508585926252492e-05
2.972288026751245424e-05
3.570360885386208945e-05
3.818059595345445607e-05
3.361645563049643089e-05
1.912964587958508787e-05
9.686897746326041228e-06
5.390763884437799122e-06
3.202139039428186656e-06
2.043312156491116092e-06
1.457453374908026600e-06
1.281683788762586941e-06
1.535442944368067661e-06
2.403506571143866596e-06
4.344730305852516866e-06
8.337099626502351838e-06
1.636810344937275903e-05
3.291957299521668486e-05
7.130854257922643693e-05
1.871600777814889764e-04
7.206172855939554965e-04
-5.991664626125886876e-04
-3.442423368503366070e-04
-7.364193831248229752e-04
7.350652060665491564e-04
-3.545621333160161562e-04
6.175728651459768195e-04
-5.189020047024886289e-04
-3.503670504039803888e-04
4.582442169652868949e-04
-4.967429988809714215e-04
-8.350090094360630971e-05
-1.015016627502731722e-05
2.687638003713085386e-07
1.421331355477952926e-06
1.337170077128042229e-06
1.150518839256933765e-06
1.020609589761240973e-06
1.002928793618936197e-06
1.167675836669964806e-06
1.556408962764838503e-06
2.374388306738130150e-06
3.968007504845748917e-06
7.259622864526168243e-06
1.475199947549561535e-05
2.707555543565576934e-05
3.197540190032426390e-05
3.091293688370896420e-05
2.700467306074464454e-05
2.237291324768340736e-05
2.003601281865330022e-05
1.904345205443739491e-05
2.099040474964949384e-05
2.387382803354238099e-05
2.815129746804623007e-05
3.022470480926003788e-05
2.760520884964340772e-05
1.622344213823299138e-05
8.457367411205760568e-06
4.746158106059084620e-06
2.800436583924865687e-06
1.732748554821558746e-06
1.161123376315335836e-06
8.921101161967566047e-07
8.702653337279564017e-07
1.102635861371293504e-06
1.613361560347023029e-06
2.340427388422734135e-06
2.737207272052721807e-06
5.387667118570018700e-07
-1.056592457525823051e-05
-3.460348030608339240e-05
4.121918853195718417e-04
-3.706383727495296044e-04
-4.092626192328894380e-04
3.500552226245375064e-04
-3.715121599647953736e-04
-5.209063737308637643e-04
-3.125918932824811635e-04
1.325986415496914570e-04
3.172821378181799393e-04
-3.746359828616285174e-04
5.638429177306254888e-04
8.662288758598493297e-05
1.806496116568789186e-05
4.879693518833977250e-06
2.116142764568251180e-06
1.414083151382205528e-06
1.137983587949052367e-06
1.016749947411805782e-06
1.005760001029051779e-06
1.155161612260564540e-06
1.557775214120033482e-06
2.387516842896498308e-06
3.961099385563609648e-06
7.247947999382890909e-06
1.474194586093553959e-05
2.706106738638384404e-05
3.196900739172704676e-05
3.090711252164878497e-05
2.699502588454582059e-05
2.236608585869460364e-05
2.002996335442292050e-05
1.904696267554964830e-05
2.100133725168633271e-05
2.387208898837417593e-05
2.814975074427401630e-05
3.023234608286115837e-05
2.760945112070627410e-05
1.622017516402659117e-05
8.448332938348470113e-06
4.748226493564484764e-06
2.819676333443358955e-06
1.745046881576053701e-06
1.158564297003990150e-06
8.941182593671965113e-07
8.759298569106550110e-07
1.094060799690539617e-06
1.556194083307850368e-06
2.045112483541002678e-06
1.064383823804893485e-06
-9.261176314927066337e-06
-6.828213031569471236e-05
-3.736892116355731812e-04
-7.236512500086196694e-04
3.535082297734474382e-04
-5.184602797102825979e-04
-3.615731840986662862e-04
-4.844641057267496634e-04
-7.085290487188094285e-04
3.235308198562105234e-04
-6.611469388834520381e-04
-1.114694659758339138e-04
3.394835569311827192e-04
3.821149053004708942e-04
8.064156492071669440e-05
1.078216724959315173e-05
1.518637528047515721e-06
8.777754868143457336e-07
1.008058577278641773e-06
1.018295253542741329e-06
9.770923593565174949e-07
9.891448112491833388e-07
1.155395953006627841e-06
1.552592979661995650e-06
2.374976184821908392e-06
3.966632420591006791e-06
7.261827469655944102e-06
1.475416561706633562e-05
2.707443664435354972e-05
3.197131264274740738e-05
3.090730674488613834e-05
2.699692011762389805e-05
2.236721610095662914e-05
2.003782350752225644e-05
1.905166716039037329e-05
2.100108641905016675e-05
2.387818400037173302e-05
2.815170938735459894e-05
3.022501959739381624e-05
2.759968487177458544e-05
1.621280891570256921e-05
8.450366484373483496e-06
4.748578251484622843e-06
2.808591661887315103e-06
1.742000391505862949e-06
1.162008261925721096e-06
8.886359819753035151e-07
8.709010697407251869e-07
1.092209073983945324e-06
1.549012476153264319e-06
1.991199610608205394e-06
7.584617931103107113e-07
-1.100670885429005388e-05
-7.947636207574645625e-05
-4.547122949885087917e-04
1.654247703353590939e-04
-3.061223978743785523e-04
4.235514995544622336e-04
3.127448758110351308e-04
7.278867072238067153e-04
3.698991788340855375e-04
4.462388639137845371e-04
-1.445253447724623185e-04
-1.691769587522918260e-04
3.068962333646636635e-04
-6.763687076721669597e-04
-1.120431425207079744e-04
-1.238951223201955972e-05
2.767828508359288153e-06
4.143557411625861004e-06
3.354756322540376319e-06
2.463550918051702523e-06
1.827304175947775090e-06
1.476613301226903234e-06
1.434495942537729216e-06
1.685076067524632804e-06
2.406994316345447268e-06
3.903609212390171486e-06
7.134685794352395763e-06
1.477141070725180227e-05
2.816483559500796777e-05
3.477985773771378873e-05
3.575749981884069739e-05
3.201432831113771161e-05
2.607075614166900563e-05
2.175804679925829330e-05
1.877887146123945666e-05
1.885044932723673795e-05
1.978873153583709523e-05
2.243788873228684530e-05
2.353530340641715152e-05
2.176929150757272037e-05
1.289100316603811114e-05
6.821483842061832004e-06
3.832621564393905293e-06
2.236468175001384858e-06
1.323324409928279738e-06
7.909703938237990363e-07
4.355690285817182431e-07
1.491813498145520524e-07
-2.162030976656454489e-07
-8.980555163219018711e-07
-2.298264276172204856e-06
-4.573731776148798282e-06
-3.696792943233523846e-06
3.677279590451299033e-05
3.748265319025252044e-04
1.725608914784070599e-04
2.243728922133408866e-04
-4.943091650997208548e-04
-6.546478814280585340e-04
5.409863116890915565e-04
-5.860336151256678684e-04
-4.268257636424314418e-04
-3.583871285105650869e-04
1.718726076707537468e-04
4.627139061655742309e-04
-2.362340937321033118e-04
-1.853106248275193611e-05
3.905232716826611819e-06
5.445566410755524508e-06
4.491035271378794415e-06
3.358329804392825724e-06
2.433645452531713925e-06
1.815731462271007374e-06
1.475349501866180315e-06
1.424861661606521176e-06
1.689024531200154936e-06
2.419659279524331693e-06
3.895632432685926789e-06
7.121865205778956317e-06
1.476285443783058138e-05
2.815197808637561963e-05
3.477494030422542280e-05
3.575725702015277699e-05
3.200851352808742670e-05
2.606240411621643451e-05
2.174817763462126856e-05
1.878205310388106499e-05
1.886243933265082875e-05
1.978690405078061741e-05
2.243569091697570557e-05
2.354272866511460783e-05
2.177156844402299138e-05
1.288382920464657821e-05
6.814232452142693182e-06
3.840234892929401854e-06
2.259052882226992622e-06
1.336341924846763225e-06
7.898519705776415246e-07
4.357546244315195710e-07
1.484630307247424070e-07
-2.328671409223840932e-07
-9.976433448503908893e-07
-2.846163089082324190e-06
-7.826738300042064905e-06
-2.379450685636595305e-05
-9.152567034204184639e-05
-4.719018491607037693e-04
-2.341508278458046834e-04
-3.536818590342794238e-04
1.362579185734961841e-05
-5.901151073810611595e-06
3.979726803416540706e-04
4.225963019353761330e-04
1.508782161941600011e-04
1.587719412565166189e-04
4.078006590445821373e-04
-5.138081855040940032e-04
3.072534654735526133e-04
3.128960362067132128e-05
3.674958378327271898e-06
3.754776585898161242e-06
3.817513982803185845e-06
3.145794335526945876e-06
2.374608554721832586e-06
1.797924676840755709e-06
1.468635112655495615e-06
1.425518416882719763e-06
1.679453839307978979e-06
2.402634486267635342e-06
3.901590352791665572e-06
7.139193866386566104e-06
1.477660463688211069e-05
2.816693952699530698e-05
3.477777453645422914e-05
3.575317371900235328e-05
3.200792461419588349e-05
2.606663532901088454e-05
2.175916453759166392e-05
1.878597393238777517e-05
1.886223453764631307e-05
1.979423284153011150e-05
2.243637323941227385e-05
2.353122835156998556e-05
2.176046758466426061e-05
1.287909129664439116e-05
6.815376885895090959e-06
3.835474931038969200e-06
2.244738089383149290e-06
1.331879606112726360e-06
7.901860357340239559e-07
4.325413940222460581e-07
1.483235529599525652e-07
-2.288945819718733495e-07
-9.616477649311446693e-07
-2.628303600378759074e-06
-6.379244978961402034e-06
-1.386151659413276821e-05
-2.127893936043768664e-05
4.348564522268670904e-05
-2.139975134962729592e-04
-5.805044444533038290e-04
-7.039033903082979153e-04
1.440151242333113240e-04
-3.944797797040014930e-04
5.746803414871332148e-04
-4.858853759008473151e-04
4.995171879822496615e-04
-5.189182565328327853e-04
-7.327387872743127209e-04
3.689046664024364652e-04
4.294977521461533141e-05
1.532689885687441142e-05
1.177907754070051982e-05
8.784699139018463930e-06
6.068102045038853488e-06
4.045131303685997770e-06
2.724518995777202600e-06
1.955966242786010719e-06
1.655319367536755788e-06
1.725413108108227664e-06
2.289472600806506214e-06
3.574352800546524630e-06
6.471617639706326523e-06
1.350059124766330057e-05
2.634260671355328118e-05
3.360450062846442990e-05
3.725154584031293052e-05
3.576978621928049180e-05
3.017151585410200818e-05
2.436683982031179730e-05
1.949574249009251308e-05
1.782498280011310927e-05
1.711791530912715615e-05
1.840683140686415773e-05
1.843449990199794693e-05
1.679997892957241999e-05
9.652530632055895347e-06
5.056482891449645406e-06
2.800105686099097951e-06
1.596755304198350524e-06
8.752421021736696493e-07
4.144787855435798763e-07
1.820784648246694642e-08
-4.486326877433259066e-07
-1.231793258064072650e-06
-2.744979924835956293e-06
-5.724895009414890315e-06
-1.106269368075882709e-05
-1.819272397507358402e-05
-1.893466315281536102e-05
3.477975169417237859e-06
-2.672202753174634138e-04
2.802069408579812258e-04
-4.283030326560861639e-04
-6.507929634003167428e-05
-7.095957175239778810e-04
2.069256627261493780e-04
4.622452212878764405e-04
-1.886667577844256352e-04
-1.853087596470001923e-04
3.013733143721697514e-04
5.852227057293584583e-04
1.079456708630462510e-04
2.801572614077148997e-05
1.384950309292158277e-05
8.996481004576904278e-06
6.036241774183670659e-06
4.009040272665285556e-06
2.711217176994893587e-06
1.955502766908387602e-06
1.652123410552602847e-06
1.731581025483730309e-06
2.298776995409863996e-06
3.563456441383859365e-06
6.456186555418130774e-06
1.349045289990988637e-05
2.632785334323039530e-05
3.359765525499208130e-05
3.725322520556244093e-05
3.576638872454641720e-05
3.016343506616099370e-05
2.435910114817664511e-05
1.950181671502807063e-05
1.783538370915625348e-05
1.711065522202440378e-05
1.839925459678896821e-05
1.844170387347608412e-05
1.680779864955073225e-05
9.651764840700599590e-06
5.052924009510316701e-06
2.803439610272190679e-06
1.608230666425598880e-06
8.809512094990023049e-07
4.121075458071383214e-07
1.596035306466625920e-08
-4.506181677813423285e-07
-1.243324894280563263e-06
-2.809193612565617524e-06
-6.005829400335141377e-06
-1.223065869814782456e-05
-2.204735586304116041e-05
-2.104250973216224393e-05
1.377469523676059257e-04
-2.886938154150793935e-04
-5.214664891034436704e-04
3.451226513764286594e-04
6.962497675857608160e-04
-3.289294300192338659e-04
-3.679327046825064257e-04
-4.190645123272475456e-04
-3.450707064783371499e-04
-2.537584969898648763e-04
-1.705537928371875223e-04
-5.409821695026551490e-04
-6.089233999755219929e-05
4.962037240415785262e-06
1.056465632998977761e-05
8.536068819305532376e-06
5.978021059553485667e-06
4.003581751307902048e-06
2.711095972577123328e-06
1.955313486882602557e-06
1.652278764700011625e-06
1.720432014000302981e-06
2.282071546342344932e-06
3.572279292097207548e-06
6.477176099090902960e-06
1.350618113532412757e-05
2.634509657032071253e-05
3.360264793327634203e-05
3.724749785564059485e-05
3.576509160500164741e-05
3.017075361334476381e-05
2.436897936965089990e-05
1.950294363608016783e-05
1.783757132956486401e-05
1.712442819266903965e-05
1.840474396434660162e-05
1.842826023908004853e-05
1.679122198985998524e-05
9.641661711899898886e-06
5.048871394766126319e-06
2.798088106281891078e-06
1.602080520857371133e-06
8.833092744396900912e-07
4.147358375352661191e-07
1.665845808525225455e-08
-4.517445555543511943e-07
-1.240100010800564538e-06
-2.767687157515587353e-06
-5.813465819256446958e-06
-1.142765772898199394e-05
-1.982275342782239351e-05
-2.779730830927302094e-05
-6.009283517538688339e-05
-4.145865544600918712e-04
-4.946131137296122917e-04
-2.032231641815284416e-04
-2.750537532985414756e-04
3.320982270190252325e-04
-6.603424164759439698e-04
-3.001043084897210577e-04
-7.269796770285797847e-04
-5.218491078602085142e-04
-7.507544004563924001e-04
-5.682863081949439442e-04
-4.456326775358699564e-05
2.117606263803945796e-05
2.148495875739253827e-05
1.481847464231919145e-05
9.398455310192525275e-06
5.825519203125652946e-06
3.654930302230303979e-06
2.409171626154289528e-06
1.824048193296486772e-06
1.695521549515948136e-06
2.072391217248336995e-06
3.086913175772928233e-06
5.490656202654204150e-06
1.141447459541869432e-05
2.242004911959511905e-05
2.880228629402532118e-05
3.377780511040528376e-05
3.540118473144424820e-05
3.275602498450891039e-05
2.707518923980338027e-05
2.084084273418845362e-05
1.753265476455382878e-05
1.532972323571101011e-05
1.537510672814138444e-05
1.427700565238935439e-05
1.237022223928645601e-05
6.593348963928277693e-06
3.325147897570986327e-06
1.767689442510926524e-06
9.558051117514071961e-07
4.435652498558520079e-07
8.432900500556499840e-08
-2.925332097178115928e-07
-8.152711564343414804e-07
-1.758172031420379099e-06
-3.654498992275059190e-06
-7.717706027554131258e-06
-1.675434600441563595e-05
-3.775980333028969516e-05
-9.103014429755741069e-05
-2.594636095743213370e-04
2.845236857906594625e-04
6.289866969710045629e-04
-3.776408868663555778e-04
6.262330735789202116e-04
4.808725879109571944e-04
6.162876211167576121e-04
5.350357467078235060e-04
-5.976058022041609227e-04
-2.590956841978550411e-04
4.072269160490762821e-04
5.455669232025168623e-04
1.135893487253077176e-04
4.160172165226697327e-05
2.376533498845501550e-05
1.490457607737255381e-05
9.321834273039316274e-06
5.782201944658725399e-06
3.639239032882951754e-06
2.407500004130532270e-06
1.826329602860518567e-06
1.705712835555254984e-06
2.080659649027632222e-06
3.073700672685703456e-06
5.471361010376030592e-06
1.140161522054820986e-05
2.240501017440912586e-05
2.879558391550190625e-05
3.378031006958524720e-05
3.539854666540215701e-05
3.274455228978002068e-05
2.706538981947175215e-05
2.084507220998102424e-05
1.753927342621074253e-05
1.531998583523469783e-05
1.536583914242862177e-05
1.428230416862105421e-05
1.237375283852864875e-05
6.589031611310470121e-06
3.322369674959045484e-06
1.774338041738844744e-06
9.687292925549189105e-07
4.523373575371848876e-07
8.502281217006829360e-08
-2.964606325576852339e-07
-8.166083669383617403e-07
-1.768056300516271389e-06
-3.705409094754154812e-06
-7.944939150408090181e-06
-1.778401757588785254e-05
-4.224629086765881110e-05
-1.083938082174061991e-04
-3.075018762739571590e-04
-5.007737809715620623e-05
-3.168841190372276360e-04
-1.823797147502352720e-04
9.621106358545664713e-05
-5.301082153991935452e-04
-3.950224111098423765e-04
4.768334866474464276e-04
-5.702314435591609000e-04
-6.723978586637621973e-04
-4.886450516895460570e-05
-3.341901019588355772e-04
-3.560008792669046941e-05
1.980136463371250525e-05
2.095541987261161223e-05
1.467530344048715968e-05
9.352920397454097791e-06
5.803900782690537795e-06
3.649273948557345020e-06
2.413017336324930536e-06
1.825861936154871664e-06
1.691239964171411858e-06
2.062397235967324510e-06
3.084368434289573579e-06
5.496669467738887722e-06
1.142074734990216580e-05
2.242389949458761789e-05
2.880078717229764661e-05
3.377256749778544619e-05
3.539710646704081782e-05
3.275765895923662171e-05
2.707769635723002215e-05
2.084803566673910455e-05
1.754659551603058307e-05
1.534053020012265904e-05
1.537616357408679764e-05
1.426799781085205153e-05
1.235743565365490565e-05
6.582691276480275941e-06
3.322448166142026004e-06
1.773205046020988533e-06
9.667122869340392050e-07
4.510452591180784175e-07
8.249349169894448691e-08
-2.946104129733597864e-07
-8.192092207657476598e-07
-1.762728948940951594e-06
-3.642547944749622169e-06
-7.578474569751563780e-06
-1.567129045739095377e-05
-2.975040488891490459e-05
-3.178944053626759779e-05
1.858941186752411626e-04
7.355501199671642034e-04
5.453129079123253441e-04
-2.441316330516943962e-04
7.034167715286565028e-04
6.520056679030259794e-05
-6.225908809327681528e-04
-3.735394394288338044e-04
-4.726536961789252339e-04
4.479375798390064305e-04
3.000398130014514711e-04
4.226056801595855510e-04
1.411619438324675300e-04
7.233043337064527149e-05
3.990284232123197510e-05
2.257422246970827866e-05
1.295787817543541070e-05
7.530044208236254607e-06
4.473885539898880481e-06
2.770283748086378188e-06
1.922265155374366243e-06
1.610287983439916081e-06
1.803702104106634242e-06
2.538963595056223436e-06
4.405648849612403412e-06
9.064207668158102767e-06
1.774037800326524789e-05
2.241008173487037461e-05
2.682041094503699935e-05
2.976398805756334145e-05
3.096787260521694212e-05
2.807577862970879216e-05
2.208851850333726674e-05
1.745515333787939617e-05
1.376274879908276873e-05
1.239954043970661551e-05
9.971576934632155016e-06
7.715073015100906283e-06
3.585124640979653539e-06
1.698276254479279989e-06
8.298066846477068038e-07
3.867456186943136794e-07
6.902359082174207029e-08
-1.794709266548598086e-07
-4.796959678965590916e-07
-9.217796031109077697e-07
-1.698451096611176806e-06
-3.182840095604774019e-06
-6.377937475267012790e-06
-1.426692525014834898e-05
-3.697006438451586665e-05
-1.100957385119098649e-04
-3.395852019384408452e-04
2.628339343506416390e-04
2.841117425927247022e-04
3.436796991732492452e-04
-4.842361827001599901e-04
-7.923804509133735067e-05
2.306411205239065725e-04
5.839308856732021782e-04
3.931861925146043686e-04
-6.399542410701157796e-04
5.524818462211089848e-04
1.059690780797579247e-04
1.115091675087452567e-04
6.438765519101838819e-05
3.779199232013717794e-05
2.198083968557816559e-05
1.278156169750809104e-05
7.474658715982262646e-06
4.454869413172017372e-06
2.767970336490631107e-06
1.930606961087226118e-06
1.624024364374463851e-06
1.808851232591805903e-06
2.523283443069156662e-06
4.387090493762720161e-06
9.055225208222661347e-06
1.773028609736228717e-05
2.240933890850371356e-05
2.683400540563889248e-05
2.977007616311804319e-05
3.095289789743357417e-05
2.805776446425265209e-05
2.208622475892389335e-05
1.745596301839978063e-05
1.375283635923029654e-05
1.239683893611477576e-05
9.984251381079976837e-06
7.720945903339813759e-06
3.583639555093196389e-06
1.701333915654675380e-06
8.318434324939863573e-07
3.877671934934156104e-07
7.768202713285215375e-08
-1.736191803477034834e-07
-4.863865379153271898e-07
-9.265845292240069095e-07
-1.707290869400945970e-06
-3.230738955805005083e-06
-6.646501292316962952e-06
-1.586553533403407151e-05
-4.729476130686319089e-05
-1.808953942628722228e-04
-8.496977442349443492e-04
4.022483044150561662e-04
-4.829684657457586523e-04
-5.559728687432041738e-04
2.983255900313546674e-04
-6.369638240943949854e-04
-5.388766108837935104e-04
-2.870695931224849767e-04
-2.676927886372754226e-04
6.052981064978219449e-04
-5.138633822852259727e-04
-1.531993962728535219e-05
7.856986718097648125e-05
6.405717523431867357e-05
3.868566070890262776e-05
2.237368499578655783e-05
1.291632138265702838e-05
7.514403751836630697e-06
4.471133847370404881e-06
2.776521458638816292e-06
1.926780819627220174e-06
1.604790965819717847e-06
1.790017090370557184e-06
2.535765375461607763e-06
4.413304766259851375e-06
9.072551464694110761e-06
1.774665800331208428e-05
2.241159826803853315e-05
2.681809088683201941e-05
2.976129497379302640e-05
3.096598958949868969e-05
2.807385581169285829e-05
2.209516081757447497e-05
1.746941740035805988e-05
1.377743569637716038e-05
1.240645041912221962e-05
9.964483090260677268e-06
7.703573624163796119e-06
3.578225599436600277e-06
1.697286974128816144e-06
8.319915213311530225e-07
3.926503725770227044e-07
7.691755127978596753e-08
-1.785018432649559347e-07
-4.876414588714713691e-07
-9.327770438647313159e-07
-1.703270322799840700e-06
-3.176173853420923381e-06
-6.336316179745579721e-06
-1.415712138548754996e-05
-3.769560634921593795e-05
-1.267251153366905872e-04
-5.486246186213562326e-04
2.543705860764836416e-04
2.089934075411395984e-04
3.558787839028465082e-04
-3.067697501831005659e-04
-1.352959767461913722e-04
2.844031960125369520e-04
6.063491897394770102e-04
1.797045886404847299e-04
5.224965159117857380e-04
5.685592676775019652e-04
7.543676646950120673e-04
2.623648019276085845e-04
1.127650443958128676e-04
5.402575380686810698e-05
2.807517460422126696e-05
1.532732466497455914e-05
8.610116712948850972e-06
4.961371118387346574e-06
2.953502533923142193e-06
1.923837858435208929e-06
1.473521272110956906e-06
1.508879373891917538e-06
1.987569503216921167e-06
3.346320307316275874e-06
6.785814774488838721e-06
1.317945390454023958e-05
1.610066152569125252e-05
1.908392552982920217e-05
2.119945731714380769e-05
2.368367047997039916e-05
2.390157708599171187e-05
2.070781286372283837e-05
1.581383258682128690e-05
1.067229772207475010e-05
7.415792148748299508e-06
3.839248741623238488e-06
2.054235707041921561e-06
5.007190755993779630e-07
1.811931208351419399e-07
-4.349901495799016957e-09
-1.046172375477115305e-07
-2.368754138278601955e-07
-3.857214073485242635e-07
-6.024138283844015725e-07
-8.926042318669788073e-07
-1.282899808916672580e-06
-1.662638429325739579e-06
-1.524560546356438886e-06
1.418734681454675837e-06
1.726283581202715843e-05
9.012456799611664549e-05
3.976340409537908226e-04
5.122690350318204189e-04
5.240730504908372141e-04
-5.438614151579035817e-04
-3.922906376788495571e-04
5.164521537141483244e-06
3.811505443083685273e-04
2.822067689008609108e-04
5.721046735499083760e-04
-6.767697237198852609e-04
5.990858499580140875e-04
5.411145039290198066e-04
2.094909407773786901e-04
9.978092285393088431e-05
5.131887790419026768e-05
2.755139116013240934e-05
1.522511644165481487e-05
8.587480753962585504e-06
4.952388217259160889e-06
2.954076246538318059e-06
1.935785230203481196e-06
1.486218564701558488e-06
1.508263010955444582e-06
1.970504639786580222e-06
3.329448529410668264e-06
6.777871255983024467e-06
1.317009502093084225e-05
1.609850645284437433e-05
1.909874902950091545e-05
2.120932329845940777e-05
2.367386631456953482e-05
2.388809099717647454e-05
2.070939441518588651e-05
1.581472719606683635e-05
1.066277270590855315e-05
7.418172878196703553e-06
3.858683281560809315e-06
2.066832253080712346e-06
5.035055214352911234e-07
1.905729352153972204e-07
6.741379129907901081e-10
-1.139488100393611404e-07
-2.465633428968938648e-07
-3.873796255190446722e-07
-6.031253974341218621e-07
-8.961913739193186703e-07
-1.289499691392543592e-06
-1.684627850299488563e-06
-1.594511835776224581e-06
1.379910942092411085e-06
1.921638063072497781e-05
1.165426859878566305e-04
6.618696117247263632e-04
3.867632041570806013e-04
-5.169136903523685080e-04
1.563357659554870382e-04
-4.581628828485055866e-04
1.998856076265806848e-04
-1.555897327130019295e-04
5.679597349567837338e-04
2.509332306906870438e-04
-6.194088455839496512e-04
5.076643738618631359e-04
6.505486367484216012e-04
2.366926860482579875e-04
1.051248405008078061e-04
5.222883129658357397e-05
2.768204298549250541e-05
1.524331579623178500e-05
8.588725272801503883e-06
4.958899398979630669e-06
2.961552704579069530e-06
1.930896516117298472e-06
1.467896266111187437e-06
1.493816134886374528e-06
1.984686921587346748e-06
3.354441174255751100e-06
6.794438534677899878e-06
1.318657581359553226e-05
1.610193984400914717e-05
1.908154799617982532e-05
2.120144483216143769e-05
2.368671177565619281e-05
2.389979254217532959e-05
2.071084905803139513e-05
1.582276269040941625e-05
1.068604515120898319e-05
7.424557486435894350e-06
3.832475293676349239e-06
2.044464676167211344e-06
4.977423952460933142e-07
1.865311206217735377e-07
2.923870781185671918e-09
-1.056753108434285155e-07
-2.406440962845977746e-07
-3.840884899921322504e-07
-6.021788638349190141e-07
-8.969997295236034962e-07
-1.285317312436050140e-06
-1.660947008612187881e-06
-1.497064805817673885e-06
1.709948785603625929e-06
2.029270726914517522e-05
1.205407699759792375e-04
6.888303667658770852e-04
4.513802579498965009e-04
4.267029667458063953e-04
2.350638025488831261e-04
-1.351139283826013609e-05
-2.840792153386830984e-04
-3.390233721466848161e-04
4.431962284653033469e-04
-5.119540942092447056e-05
7.121587548424314611e-04
2.725037010469875541e-04
6.394825105143643173e-04
2.235247893851033006e-04
9.953686635032655151e-05
5.046243867578691105e-05
2.730060637150687246e-05
1.523994857119883896e-05
8.633374846580136913e-06
4.958547161456705256e-06
2.899551112833503982e-06
1.810403309325902383e-06
1.284572895963840260e-06
1.198590849405194089e-06
1.457881504177853710e-06
2.362980201715542665e-06
4.700250495546563481e-06
9.058220213698037624e-06
1.052726981493011584e-05
1.213712967474061859e-05
1.276377641983567571e-05
1.416572233868003287e-05
1.411424509427009573e-05
1.258977743756084205e-05
8.063176300692329309e-06
2.443046684944128007e-06
-1.815090358807215157e-06
-4.405274172124951653e-06
-4.240960150456761035e-06
-2.531815558932604824e-06
-1.210718726114913640e-06
-7.347093585362393996e-07
-5.416626955906446799e-07
-5.184872920517539808e-07
-5.782771254102890623e-07
-7.363093401019525334e-07
-9.470373869606402710e-07
-1.137486512522457866e-06
-1.001763597207038215e-06
2.362657385549363969e-07
4.316760231978116544e-06
1.343770810365778838e-05
1.894367897268433819e-05
-8.380183508466274923e-05
5.021608683581849216e-04
-2.471414520626611603e-04
-9.797177496023415551e-05
-3.621747271900721478e-04
-5.757696455462234198e-04
-1.873514892857106235e-04
6.541999807969613905e-04
2.177124103407950667e-04
4.234421344464785295e-04
-6.377654676854558095e-05
-1.302270983418604103e-04
8.837656269406587094e-05
8.049702174704945873e-05
4.825045364504720706e-05
2.725741876164941750e-05
1.532839235424254668e-05
8.675411261629104143e-06
4.971815799050263585e-06
2.909085605496700971e-06
1.826154607660268495e-06
1.296147652273419934e-06
1.194304732267116029e-06
1.437389293509491600e-06
2.342411161424898777e-06
4.691060015876840223e-06
9.053945234288484403e-06
1.053271466585563723e-05
1.215693531363158345e-05
1.277541144644446436e-05
1.416091612849981495e-05
1.410278952217377029e-05
1.258581617475859198e-05
8.056707809736071775e-06
2.431850433121963047e-06
-1.805908328684132285e-06
-4.379948903799768753e-06
-4.229568487402826693e-06
-2.531820955014334278e-06
-1.212550379759774088e-06
-7.485074480572462229e-07
-5.524710183509099841e-07
-5.245644712581503365e-07
-5.850792963331757339e-07
-7.400072308558234328e-07
-9.542692545191930553e-07
-1.146820079363873354e-06
-1.032553248225559680e-06
9.857275121057648226e-08
3.764773393765260686e-06
1.149818573500106123e-05
1.434592164315965724e-05
-7.841160604767239285e-05
-4.103498665984430275e-04
7.523210539075504298e-04
-6.578903556921347675e-04
-2.967737041113128332e-04
3.828533947478643894e-04
-4.524890912664240893e-04
-5.908284176186184540e-04
-5.715311284607435755e-04
1.302679532815311851e-05
-4.445298458677222051e-04
5.360037007557885312e-04
2.077125164141370992e-04
9.463340356807781390e-05
4.942525759818735756e-05
2.713140949482924853e-05
1.522446292400226779e-05
8.634039517020631111e-06
4.963271625225205168e-06
2.910430859171310655e-06
1.819044399859071493e-06
1.278517472413261212e-06
1.182592635804096615e-06
1.453428474936318355e-06
2.368823823899437396e-06
4.708382610968117065e-06
9.068559091636348564e-06
1.053465567819902274e-05
1.213941361440376941e-05
1.276744634349361185e-05
1.416916461148273367e-05
1.411060195908463644e-05
1.258773470408695501e-05
8.068556362615471100e-06
2.459431649417929491e-06
-1.801766851618519107e-06
-4.409268921923511227e-06
-4.249762915313396048e-06
-2.535167384501200138e-06
-1.209241882031021409e-06
-7.307308693575326154e-07
-5.367336428257287374e-07
-5.140515502151213663e-07
-5.764130900351234356e-07
-7.393392035309670192e-07
-9.526480595544364773e-07
-1.143636128542521557e-06
-1.026956008048774225e-06
6.564476769132206499e-08
3.111456511589748476e-06
5.059814433961307409e-06
-3.896235490266659879e-05
-4.868016659736843247e-04
5.852632884842737249e-04
4.798843129634773738e-04
7.330806904656484097e-04
4.424792974915128319e-04
6.911298107257770554e-04
4.126322267423710973e-04
-5.775212926449341125e-04
-4.934091455059601370e-04
2.181462850699215613e-04
3.448592804193548233e-04
4.455299710738136552e-04
1.321295989469209041e-04
6.063087045128370486e-05
3.645352740701066080e-05
2.216724459683553925e-05
1.320285713105867299e-05
7.727795636101555642e-06
4.496751255336748723e-06
2.618576708398809802e-06
1.585594600696843427e-06
1.043810279761545704e-06
8.713948903843462025e-07
9.411548437262741852e-07
1.430664272929629790e-06
2.750816413378732276e-06
5.257739291670741659e-06
5.494443798801909091e-06
5.918833186734974596e-06
5.114513412427604108e-06
4.895462223699951441e-06
2.883343143156469752e-06
4.719300788959622651e-07
-4.105484333702742302e-06
-8.003188160053702863e-06
-1.147167700859038559e-05
-1.224064782931778805e-05
-1.013694846951860846e-05
-5.318666467937544362e-06
-2.508685655556570488e-06
-1.420826364829486174e-06
-9.459356877054606912e-07
-7.856064154706051763e-07
-7.961194373193770356e-07
-9.573650384278572551e-07
-1.229521603493442596e-06
-1.544882230862454813e-06
-1.598619350811885449e-06
-4.612753794534154971e-07
4.949840934542727115e-06
2.662002293756305220e-05
1.227422112755299603e-04
6.280653125453037906e-04
2.822736058148510698e-04
4.486871187978587797e-04
6.311950331951769440e-04
-2.106390416788499469e-04
-6.159071434069453461e-04
7.017538443866833510e-04
5.241486020495114782e-04
6.243041086888951284e-04
-2.032873212652667972e-04
-6.263865850210783908e-04
-5.149314621943559692e-04
-2.576757092203110281e-05
4.511749167119427927e-05
3.625330777730531682e-05
2.281788760757237080e-05
1.349910027069158163e-05
7.831103431110552758e-06
4.528619127455986388e-06
2.631314672284376041e-06
1.601517795579459586e-06
1.057403551251220968e-06
8.705637266685366335e-07
9.244440862266068670e-07
1.417016505088497996e-06
2.752495608775479482e-06
5.257542893731526995e-06
5.493316039408650876e-06
5.931948982640166249e-06
5.121732451954062867e-06
4.884612033622985664e-06
2.868062165794933631e-06
4.709574765921576954e-07
-4.105108360874937313e-06
-8.010738267255815197e-06
-1.146083450759214416e-05
-1.221478506006998180e-05
-1.014068910079317945e-05
-5.325088959633787667e-06
-2.489090236483227392e-06
-1.414151019869319269e-06
-9.492328959725103468e-07
-7.836291026411741971e-07
-7.903220262122514643e-07
-9.530259817488918295e-07
-1.234684845253483280e-06
-1.559233585316185542e-06
-1.659900609878312782e-06
-7.935739832836050279e-07
3.075930666529310594e-06
1.586002203502870952e-05
5.965295018162646560e-05
2.469495153043887287e-04
-2.488990686411602640e-04
3.886449101332616171e-04
-3.458649903877322003e-04
1.696925910674357599e-04
6.221544436094631619e-04
2.333637429637112459e-04
-5.440795141623199719e-04
-1.813129289369108611e-04
-5.229598510876255378e-04
-1.360462688748367746e-04
5.282021196896362087e-04
1.492400117950491234e-04
6.879770464937784078e-05
3.903047303343525466e-05
2.294129381250596756e-05
1.342819820801628833e-05
7.790569070023481692e-06
4.516940156529961711e-06
2.631926328887133979e-06
1.595788951358123073e-06
1.039400143201387740e-06
8.564235118169691202e-07
9.371400749761022294e-07
1.437492203102956207e-06
2.759828082486341160e-06
5.264919405978950034e-06
5.496688489213306924e-06
5.918116328636191277e-06
5.115703617710810449e-06
4.895446495415192214e-06
2.878683256535091358e-06
4.704727247910078968e-07
-4.099270267503693762e-06
-7.985025156088877452e-06
-1.145658539443189690e-05
-1.224261200162063811e-05
-1.014859813707310321e-05
-5.323408252734422041e-06
-2.499811761913895582e-06
-1.411725838038332363e-06
-9.431880839963315022e-07
-7.828038417767683931e-07
-7.914588917526390877e-07
-9.554096866928894442e-07
-1.229858892858852055e-06
-1.546369422589695620e-06
-1.607503237729973686e-06
-5.329146887687214005e-07
4.358761071314416528e-06
2.190820198979108140e-05
8.546580411674851128e-05
3.323886770099240091e-04
1.241701638242106792e-04
3.022860371773252093e-04
1.648839458260257628e-04
-3.979480410405002275e-04
-5.140218561586796815e-04
-3.411631530375626567e-05
-3.106521447383358116e-04
-6.972540877231461461e-04
-3.513008383008715645e-04
-6.501443813717557507e-04
-3.451697539215572248e-04
-8.096788314619070853e-06
2.521658590840330057e-05
2.444694446361963988e-05
1.693470192275081321e-05
1.058232583040871816e-05
6.331737803079609128e-06
3.723473299618629486e-06
2.161811208711156363e-06
1.269514778273329179e-06
7.637247968352152949e-07
5.318169199089155870e-07
4.256660527907911753e-07
5.189729167725266958e-07
8.443939838499205902e-07
1.516942709832803492e-06
5.376287817394809942e-07
-1.879816901057980771e-07
-2.338350906840752121e-06
-3.832279498656054640e-06
-6.608354288490788996e-06
-8.000556947595855383e-06
-1.076578389132201273e-05
-1.285666642715995916e-05
-1.600000454221690637e-05
-1.676642832382455061e-05
-1.444944621141045534e-05
-7.616232346276007639e-06
-3.663458087326226539e-06
-2.063015286165880556e-06
-1.338372149416746615e-06
-1.050767894588973099e-06
-1.034446908315652236e-06
-1.259563038044624600e-06
-1.742101957270862099e-06
-2.537657697118444042e-06
-3.666192800814349626e-06
-5.095588886945994869e-06
-7.011709280822623072e-06
-1.307082274285689578e-05
-5.495023255470393568e-05
-3.647487964571605569e-04
-3.268764406125168826e-04
1.652022774384560605e-04
-4.038958321521522884e-04
6.414426058204148731e-04
2.841931999012449928e-04
-4.168508635768827146e-04
5.100655542753094367e-04
-6.041086487009254791e-05
2.932585752540339320e-04
1.984793335005391370e-04
-5.731745460678473779e-04
-6.473703075580544133e-05
2.516347786735390223e-05
2.683630732810872381e-05
1.805765138070899808e-05
1.097660326691546290e-05
6.460503451756548804e-06
3.759634916392509981e-06
2.171924083186832728e-06
1.284060977956950211e-06
7.721605370589866229e-07
5.278450170321349294e-07
4.174608960634515044e-07
5.089893564478354779e-07
8.470754792756306591e-07
1.538594149324064460e-06
5.587916231243945712e-07
-1.728097753680993179e-07
-2.334900281022902438e-06
-3.845774692708178604e-06
-6.626720650836049218e-06
-8.009340236462465134e-06
-1.077374242425848102e-05
-1.286596894129270581e-05
-1.598537097128552732e-05
-1.672397803506810350e-05
-1.444286052397698419e-05
-7.650697483867336909e-06
-3.679189082751670865e-06
-2.065889578667006348e-06
-1.346491132568451182e-06
-1.054906972238696997e-06
-1.028774140220215440e-06
-1.253174700523238133e-06
-1.741718175820361526e-06
-2.550044895843420409e-06
-3.735385518837678355e-06
-5.476742200415731597e-06
-9.099424675172034410e-06
-2.426307756885576902e-05
-1.141623832081721534e-04
-6.774683752734865201e-04
6.358747583140538341e-04
6.055855396268975928e-04
-4.156979463001089390e-04
-2.317123921863512047e-04
1.120219381127851978e-04
-1.569242750618613533e-04
1.080798596061923657e-05
-2.849088540191421922e-04
5.477254044316937466e-04
-1.877219660901310308e-04
-8.753368381167957621e-06
4.341918242675095707e-05
4.474815025565467185e-05
3.002425494199646795e-05
1.846043046168821910e-05
1.099349413716509613e-05
6.441062623114483794e-06
3.755190657803679206e-06
2.178225220788212613e-06
1.280690243396401199e-06
7.574593180734564661e-07
5.148212527423722219e-07
4.193537782782795454e-07
5.186059343013475656e-07
8.498521674474621240e-07
1.533229886461950788e-06
5.474042894050410295e-07
-1.909745616120141238e-07
-2.341374429119939475e-06
-3.837675682584984879e-06
-6.620677736688373203e-06
-8.010937518420577027e-06
-1.076554590102400497e-05
-1.283524375053195029e-05
-1.597301380390953084e-05
-1.674968520291850497e-05
-1.445514677691473560e-05
-7.640731126110741938e-06
-3.668990199813629846e-06
-2.047305796868425324e-06
-1.326224850376526094e-06
-1.045130432727474903e-06
-1.029903306835047437e-06
-1.257232906579890768e-06
-1.740851495099095706e-06
-2.533269638376039148e-06
-3.634920609444576074e-06
-4.869552939566681558e-06
-5.364917912842764586e-06
-9.958128075870184355e-07
3.410628045392247735e-05
2.964387036296808301e-04
-3.376538019120165412e-04
5.280248764171804584e-04
-4.531015577932534510e-04
-4.673059287825031085e-04
6.633256700381131915e-04
-3.391545556645277223e-04
-7.175200636740266917e-04
-4.948368141998616288e-04
-5.363494117426187164e-04
4.653655299089201028e-04
5.446815529193651173e-04
1.573551082188255569e-04
5.455312769047152271e-05
2.588920894955497724e-05
1.407452425808283241e-05
8.066708623114944736e-06
4.701488371548947721e-06
2.752581795693589377e-06
1.586486273371825911e-06
8.948788203647224720e-07
4.559228459959101770e-07
1.728152365757992714e-07
-1.059874952326311705e-07
-4.163776205582495271e-07
-1.113661234524501023e-06
-2.333869746107692568e-06
-4.602997663715593243e-06
-6.398930821589795546e-06
-9.306186547220108660e-06
-1.054112938076656230e-05
-1.208798576740195935e-05
-1.196773757402122996e-05
-1.361901743803078235e-05
-1.485414767631277999e-05
-1.764612845786972127e-05
-1.854407649268508099e-05
-1.685719143411198220e-05
-9.340036096099178250e-06
-4.694756322224615441e-06
-2.669911557066364972e-06
-1.714707936690460241e-06
-1.308365369415142592e-06
-1.270812559164363462e-06
-1.582615155567303407e-06
-2.335688153728434831e-06
-3.753710335949237278e-06
-6.207165973693191189e-06
-1.018370229362543405e-05
-1.584172464997143353e-05
-2.052861940269362271e-05
-6.797832792564283080e-06
1.119386131537557531e-04
5.087273457089656894e-06
5.890027136404714066e-04
6.127713209583290519e-04
9.043533370322612774e-05
3.385629886680906891e-04
-8.463290267876556584e-06
4.452864970584260811e-04
-5.900254471107367702e-04
9.628320159781301416e-05
-3.672330573266745614e-04
4.832132983827614478e-04
1.244183116856263107e-04
5.490678276849952010e-05
2.752893864065965185e-05
1.483795176396308800e-05
8.336125321489518507e-06
4.791612465937301889e-06
2.778524469152187984e-06
1.591227917190984810e-06
9.011025163238030770e-07
4.571950234293735901e-07
1.799897608001497682e-07
-9.194397981183775807e-08
-4.117483731889701308e-07
-1.089349022016016172e-06
-2.286212470960407826e-06
-4.584229976101048047e-06
-6.399848996111960366e-06
-9.319940188142353206e-06
-1.056011484395268386e-05
-1.208358500177056105e-05
-1.196322780438825506e-05
-1.362559420425064401e-05
-1.485784215064275494e-05
-1.763913254172931952e-05
-1.853511900910993093e-05
-1.689080882491945083e-05
-9.402060496552299367e-06
-4.728185633643344158e-06
-2.677573944726334909e-06
-1.726055931828432099e-06
-1.314075658439297807e-06
-1.264769658374716780e-06
-1.570818613508823840e-06
-2.329401143742050523e-06
-3.767087271353240260e-06
-6.278845829504704624e-06
-1.056703795517275612e-05
-1.782080221817151222e-05
-2.998353946848093490e-05
-4.748532768203251280e-05
-2.948632761332238770e-05
4.219593528506501907e-04
3.716702416786145098e-04
6.482330712622621626e-04
3.693143316676784373e-04
5.472942799053440556e-04
-1.852028729611232625e-04
-6.094659962057372669e-04
7.266200338770203082e-04
-5.492092215204301929e-04
-2.249780393717320571e-04
5.035534510015294250e-04
1.652915318790254421e-04
6.583265884580288179e-05
2.964638588319862855e-05
1.514030847394408709e-05
8.356183543909694592e-06
4.779499373387636891e-06
2.775754498546451945e-06
1.597738735593309498e-06
8.983608074214340114e-07
4.426810599532494702e-07
1.571906656327734985e-07
-1.044205651384611831e-07
-4.081910693444212427e-07
-1.101125107355187013e-06
-2.311206268217211722e-06
-4.585074738987715799e-06
-6.395800140235440334e-06
-9.314140619665232113e-06
-1.055432689762717322e-05
-1.210084936975639712e-05
-1.197799940758723311e-05
-1.361612945620799749e-05
-1.482760835614807444e-05
-1.762686680146690734e-05
-1.855172688999128202e-05
-1.688060139270816250e-05
-9.365814930149972184e-06
-4.706365469508879975e-06
-2.671311968137634756e-06
-1.716671254243940964e-06
-1.310668405133893523e-06
-1.271885749000051590e-06
-1.582404768099978706e-06
-2.334579805296494955e-06
-3.751618509525862953e-06
-6.201631129594485626e-06
-1.015402309080458919e-05
-1.563985763665590422e-05
-1.924317672172890360e-05
4.430165205928368063e-07
1.450597260345863279e-04
-4.375532897683005848e-04
