5.975317354624157902e-04
-6.150638988637456995e-04
4.845844309445344325e-04
4.828094160738343539e-04
-1.305967570833926081e-04
3.820834027459182880e-04
-6.015547639728095145e-04
2.523205778748462786e-04
5.035720279728866846e-04
4.071225690401522883e-04
4.030493047347598833e-04
6.989486968938986170e-04
1.365151945890128588e-03
2.581262656485479659e-03
4.434103265140809484e-03
7.109905157712642990e-03
1.079120201046868642e-02
1.563015233120644554e-02
2.166219508920305334e-02
2.877827671420450997e-02
3.668570486168021977e-02
4.498893084327508507e-02
5.435869301170095924e-02
8.246792001268195282e-02
1.466424247774832101e-01
2.007020451125899330e-01
2.765743130491756796e-01
3.719562774533702321e-01
4.636536228041546748e-01
5.288509490696107207e-01
5.622818192586429564e-01
5.734806971883283921e-01
5.671062370872529401e-01
5.423982745868748401e-01
4.890582256712841525e-01
3.960571312425310020e-01
2.200970060760375213e-01
1.291153370087937402e-01
9.188211527256882893e-02
6.531311887376001213e-02
4.552484719237333277e-02
3.090903811710352805e-02
2.043171783240279801e-02
1.307792865980764337e-02
8.066463345578617217e-03
4.732564613622095712e-03
2.579890320491160134e-03
1.233372283764531344e-03
4.351646222479417406e-04
1.726506080531694586e-06
-2.579635862690327747e-04
3.095311952825966135e-04
-3.748739408163433834e-05
-4.838611879669935134e-04
3.342833991192422244e-05
4.084681066691465447e-04
-3.462338344478559093e-04
-1.333724712345016252e-04
3.140422714924218594e-04
-1.527837341373574091e-04
-2.097426140678215333e-04
-3.839165267725775320e-04
3.266769182191589928e-04
6.918144207947985423e-04
1.361258927322142208e-03
2.580295338196624596e-03
4.433878430881275576e-03
7.109851497086417532e-03
1.079119047754794475e-02
1.563015230714092166e-02
2.166219508620198173e-02
2.877827558141482153e-02
3.668570347220760641e-02
4.498893110480376573e-02
5.435869679031180013e-02
8.246792577150921510e-02
1.466424205040467998e-01
2.007020304381498810e-01
2.765743104475640313e-01
3.719562879793738008e-01
4.636536303552733496e-01
5.288509518150040778e-01
5.622818206997317603e-01
5.734806945841632864e-01
5.671062348458500990e-01
5.423982742972757176e-01
4.890582239629158723e-01
3.960571338539483066e-01
2.200970093009054496e-01
1.291153383569664803e-01
9.188211414140726174e-02
6.531311621357351049e-02
4.552484729622718190e-02
3.090903886151342636e-02
2.043172161692876840e-02
1.307793166249816667e-02
8.066460084023813204e-03
4.732562847690135154e-03
2.579889717972950764e-03
1.233345609673639539e-03
4.350779801766049425e-04
2.269772003875502613e-06
-2.447325885324312862e-04
3.827350179480151315e-04
-1.859649878808520152e-04
-4.461372027204032770e-04
-1.840378165083295765e-04
-5.631592351276633584e-04
4.130101886256988325e-04
-6.365988804532576569e-04
-3.047662246127314520e-04
-6.531879770264698796e-04
1.898846740506324689e-05
1.308357814367372754e-04
3.837411080988075720e-04
6.983043381703380468e-04
1.364040192661266455e-03
2.580959824782590607e-03
4.434020368875804356e-03
7.109879854700853000e-03
1.079119605105570423e-02
1.563014908323274652e-02
2.166219072778149610e-02
2.877827775067496457e-02
3.668570852777861685e-02
4.498893096489851168e-02
5.435869432364295872e-02
8.246792644302657072e-02
1.466424270582592781e-01
2.007020429404455242e-01
2.765743109370913388e-01
3.719562716544983494e-01
4.636536213999012945e-01
5.288509540880380611e-01
5.622818222261065646e-01
5.734806922964997833e-01
5.671062310115703164e-01
5.423982800585812614e-01
4.890582361563755032e-01
3.960571272171972135e-01
2.200969934191582267e-01
1.291153338487333324e-01
9.188211995380407560e-02
6.531312694316560030e-02
4.552485451123665372e-02
3.090904047780416997e-02
2.043172549754524586e-02
1.307793320800071206e-02
8.066457161312686266e-03
4.732561694119472549e-03
2.579846637125308029e-03
1.232952716949563569e-03
4.324792424309609846e-04
-1.386057405758968499e-05
-3.487294728306896828e-04
-4.785407237665528709e-05
-5.193059639029009265e-04
5.050168667744816750e-04
-6.943590512401867599e-04
-5.480946119228589019e-04
-4.223991084385600035e-04
-4.450648224534723579e-04
-4.650725020907629093e-05
-1.177735670158176659e-04
-4.040819199057882989e-04
-5.543599764560383503e-04
3.204170519614966072e-04
7.552263787241503571e-04
1.538817973168323102e-03
2.952676195984605713e-03
5.119674896239297460e-03
8.287076007966170249e-03
1.270816873206410090e-02
1.864254801520132815e-02
2.622237285092162556e-02
3.547483729978476164e-02
4.617648272559327083e-02
5.809652618698839949e-02
7.245026298656423447e-02
1.133422124611689619e-01
2.035833542370863725e-01
2.766069628963465088e-01
3.620040527949594522e-01
4.467066844451167418e-01
5.102672393922144112e-01
5.476371324729983892e-01
5.631843808532405182e-01
5.657808056020261489e-01
5.567799511159355896e-01
5.337456969287694974e-01
4.853920066264632571e-01
3.989272830736835251e-01
2.269240259225660528e-01
1.357666253775644261e-01
9.794300528733301814e-02
7.034920231990048067e-02
4.946863840527104816e-02
3.384670604084658030e-02
2.254213948365545520e-02
1.453347128643000391e-02
9.029642621868397973e-03
5.335202889807500078e-03
2.929476279417965196e-03
1.410830756949103077e-03
4.986278822884232780e-04
-2.170448123683700874e-05
-4.351515278541853780e-04
6.234780574645061720e-05
-4.187710571122568379e-04
-3.798243711881624696e-04
2.211953100040949980e-04
7.271894680376553375e-04
1.257189081360283230e-04
-4.125027268475978180e-04
-4.951872474169126013e-04
-4.875889175864853243e-06
3.472783458911034293e-04
-2.920093201680087794e-04
3.456115654267080672e-04
7.574711317802615201e-04
1.538504294965695315e-03
2.952436856391571496e-03
5.119586328642813239e-03
8.287051467226858037e-03
1.270816494785760066e-02
1.864254479788082439e-02
2.622236651150578260e-02
3.547483584078010843e-02
4.617649067930888057e-02
5.809653011044334930e-02
7.245025315169234537e-02
1.133422117246183775e-01
2.035833680294074355e-01
2.766069613830204887e-01
3.620040432882165038e-01
4.467066787284349472e-01
5.102672419637848122e-01
5.476371411341811601e-01
5.631843812187199427e-01
5.657808047446870603e-01
5.567799472922425608e-01
5.337456896568300024e-01
4.853920303587233032e-01
3.989273053854187623e-01
2.269239982491760843e-01
1.357666098949341926e-01
9.794302016449107917e-02
7.034920823937886036e-02
4.946863655327720516e-02
3.384670310078003591e-02
2.254213860410866910e-02
1.453347101233161583e-02
9.029637229921724101e-03
5.335202747829644390e-03
2.929510351975920818e-03
1.411093407861410860e-03
5.003550945165719400e-04
-1.176109732278452717e-05
-3.824320932864678385e-04
1.116447698199437490e-07
4.731543425978748099e-04
2.532661503206448043e-04
-4.745366675172323100e-04
7.368621957883217735e-04
5.129769794839638287e-04
-2.241642804450722252e-04
6.571963627232618819e-04
-4.823212072725739609e-04
-2.085636196495188046e-04
4.148237918792294348e-04
4.412191140267510050e-04
7.710953940670173690e-04
1.545271133390945613e-03
2.954343826219784329e-03
5.120082644297965432e-03
8.287178814023540493e-03
1.270819770047715118e-02
1.864254983882279379e-02
2.622236361217456999e-02
3.547482617186296233e-02
4.617648462344061538e-02
5.809654240524505381e-02
7.245026410471759604e-02
1.133422028046703611e-01
2.035833627825123227e-01
2.766069817782549345e-01
3.620040523538637367e-01
4.467066567233499153e-01
5.102672314740258619e-01
5.476371458899081945e-01
5.631843808894303471e-01
5.657808141314918382e-01
5.567799602494271083e-01
5.337456814698778862e-01
4.853920222217057434e-01
3.989273194126677913e-01
2.269240035023017688e-01
1.357665978599331136e-01
9.794301099542714051e-02
7.034921309189420824e-02
4.946864095830450642e-02
3.384669976078878706e-02
2.254213970658589666e-02
1.453347242982563035e-02
9.029636676003146428e-03
5.335205448515070552e-03
2.929476215844232980e-03
1.410791606669315476e-03
4.986222996912428483e-04
-2.008296261363265954e-05
-4.145500012395471139e-04
-5.408005769329733454e-05
-3.339137919670178713e-04
-7.209724296417002092e-04
4.301534613424846270e-04
2.532059983656519218e-04
-1.816136944143993659e-04
2.102924751789784661e-04
-5.166123374203296934e-04
3.558628923298689877e-04
2.746271497038624233e-04
2.616319623887916135e-04
4.262094618624545704e-04
7.921662295028540765e-04
1.637866422036993218e-03
3.177016143868728517e-03
5.563054932974268590e-03
9.099102412813558916e-03
1.411477290699619629e-02
2.100349126613952969e-02
3.004161661125935232e-02
4.149321744647715277e-02
5.531118205123095738e-02
7.161841124471363118e-02
9.226853018089579972e-02
1.479864546996178254e-01
2.648546388341290192e-01
3.501111615767569241e-01
4.301928221186706591e-01
4.938993430420642872e-01
5.334974126671303551e-01
5.538684445888298891e-01
5.601148546965659669e-01
5.577130211416002625e-01
5.443040250422148674e-01
5.162569641383171204e-01
4.635990889983249152e-01
3.777996596158009757e-01
2.160515320010905349e-01
1.309243119063047966e-01
9.598121178310405066e-02
7.004397306032224269e-02
4.994996932053542144e-02
3.461271812625240502e-02
2.331056645466051541e-02
1.518253209757488773e-02
9.520072460322479002e-03
5.674186493429374083e-03
3.143004997620030879e-03
1.529537500162935241e-03
5.484435987344627459e-04
-3.221282215916525417e-05
-5.794493704831888336e-04
-6.159432720080249175e-04
-5.390191659686290960e-04
4.012678591663716926e-04
-4.080887074279445389e-04
7.777459140707339682e-05
-5.656653544032759582e-04
-5.178105122743883321e-04
-9.251038170121582134e-05
-5.059715498141185205e-04
1.419931551131537470e-04
3.795550822682181242e-04
4.318960863663790276e-04
7.916308768008800375e-04
1.637783083542889264e-03
3.176974158069827570e-03
5.563044913485385053e-03
9.099103641083201160e-03
1.411477593768493619e-02
2.100348977639445586e-02
3.004161198324622681e-02
4.149321746971154634e-02
5.531118768030542088e-02
7.161841835008019019e-02
9.226852950739761194e-02
1.479864479206577932e-01
2.648546376113579681e-01
3.501111588436975897e-01
4.301928178223695109e-01
4.938993422415030032e-01
5.334974162344805482e-01
5.538684525446313511e-01
5.601148559674478111e-01
5.577130174822163555e-01
5.443040231941822515e-01
5.162569571246103939e-01
4.635990920720752251e-01
3.777996738654247899e-01
2.160515270383676356e-01
1.309243064822702696e-01
9.598122043454501706e-02
7.004397803317262416e-02
4.994996640903646978e-02
3.461271210508105184e-02
2.331056411475824000e-02
1.518253209677853689e-02
9.520068096434422533e-03
5.674187772278489229e-03
3.143063872054051560e-03
1.530024872720507243e-03
5.519051949697768638e-04
-8.936816866005598586e-06
-4.170002234691806589e-04
3.630511185846037022e-04
-5.634614536755191538e-04
-4.417754890115394234e-04
-5.770466935117855465e-04
1.896805973744879160e-04
-6.777419486694873010e-04
-2.449922789467701709e-04
5.757534375208232021e-04
5.415184126282291668e-04
-1.760140890470080746e-04
5.588438681508383840e-04
4.628491471235197333e-04
7.969460817625257688e-04
1.640888532324456719e-03
3.178014673429325598e-03
5.563353259489586984e-03
9.099191637147703918e-03
1.411479977235244147e-02
2.100349443714947389e-02
3.004161410418466904e-02
4.149321423193186309e-02
5.531118163946839583e-02
7.161842127918470469e-02
9.226852946485958329e-02
1.479864419646717277e-01
2.648546423718427523e-01
3.501111724410905790e-01
4.301928235031275416e-01
4.938993313848587530e-01
5.334974079107016598e-01
5.538684567195601982e-01
5.601148577214692947e-01
5.577130169448702990e-01
5.443040282522793039e-01
5.162569560796053114e-01
4.635990935958829162e-01
3.777996887803453108e-01
2.160515252459497271e-01
1.309242941448959807e-01
9.598121603973826244e-02
7.004398040076305343e-02
4.994997025274808267e-02
3.461271166421114875e-02
2.331056226352657204e-02
1.518253222439771601e-02
9.520071414746944863e-03
5.674191819300824537e-03
3.143026399702961420e-03
1.529678037568483508e-03
5.495383172304888625e-04
-2.441265105806848280e-05
-5.237076009597511385e-04
-3.854321235713277635e-04
5.914040878510871003e-04
-5.682667242749889387e-04
-4.699214482501936252e-04
3.300185183023087972e-04
4.557869344337063728e-04
-5.491016629899576115e-04
6.807645028731106008e-04
3.955689526326215547e-04
-2.240508716630780050e-04
3.341486557242592738e-04
3.803930668713708827e-04
7.674682159884468457e-04
1.647638700960767609e-03
3.257051225024453454e-03
5.768690837276491123e-03
9.539997737677649581e-03
1.497507880486832928e-02
2.261204006239189365e-02
3.289645606429945218e-02
4.640341139902429829e-02
6.334416253673452735e-02
8.434179621797037452e-02
1.118114360945627189e-01
1.822772521972936266e-01
3.223415007262539489e-01
4.111008009482708947e-01
4.780016270432718151e-01
5.224894368101450359e-01
5.462496612991202261e-01
5.570370171499113843e-01
5.574232545047350662e-01
5.496185516524262349e-01
5.284672578480389404e-01
4.896409309606743476e-01
4.261879876271614798e-01
3.384433963051478034e-01
1.918617411983952192e-01
1.173799829673346506e-01
8.781492929664118374e-02
6.548975489674552231e-02
4.760732167442704305e-02
3.356665524809816781e-02
2.293460769389841711e-02
1.512859638706007086e-02
9.588552008589403680e-03
5.772379478936140972e-03
3.229671869534777445e-03
1.594258202840263122e-03
5.942218635242632998e-04
1.126639370123866186e-05
-4.681395364864727711e-04
9.190044013650705860e-05
-7.218383720897483726e-04
-2.803801616374129225e-04
2.050511893139540928e-04
3.295086350389348526e-05
3.695783429615333770e-04
6.844785673354871576e-04
-5.106214998227349066e-04
3.256081978050271494e-04
-1.076634554997397221e-04
-4.241164767386719665e-04
2.856659024187017731e-04
7.555418899018346039e-04
1.646039465461669607e-03
3.256920515992962287e-03
5.768722568190969534e-03
9.540023746921090855e-03
1.497509164176155823e-02
2.261204144700285773e-02
3.289645392001989271e-02
4.640341467923728147e-02
6.334416446612291252e-02
8.434179447292215748e-02
1.118114355578067320e-01
1.822772524787506232e-01
3.223415030741691445e-01
4.111007993818456274e-01
4.780016223552565058e-01
5.224894344829887904e-01
5.462496607233690016e-01
5.570370224139382653e-01
5.574232580778113455e-01
5.496185445981138784e-01
5.284672564846132348e-01
4.896409409647063393e-01
4.261879915130719065e-01
3.384433894947780352e-01
1.918617329690499029e-01
1.173799827497749998e-01
8.781493601628252710e-02
6.548976072967029050e-02
4.760732359834014826e-02
3.356665001756272554e-02
2.293460151913570555e-02
1.512859602018438478e-02
9.588551761162446285e-03
5.772380491215931345e-03
3.229713884120423081e-03
1.594572186810392072e-03
5.959759746490794329e-04
1.887837818374439258e-05
-4.496562730245888778e-04
-1.938018671916793699e-04
-5.306902871867747980e-04
-1.041376342371940909e-04
1.697489913974710907e-04
4.925448432818371877e-04
-3.068313077640941883e-04
-3.466304106547334236e-04
3.529524059296040763e-04
-1.766482203463068271e-04
-2.834214556761269609e-05
-5.170833894482365677e-04
2.692292708921714944e-04
7.528453281265093952e-04
1.646456358478631029e-03
3.257107068277862068e-03
5.768775789838780609e-03
9.540039073751354140e-03
1.497509489512271162e-02
2.261203962072348694e-02
3.289645305255371743e-02
4.640340964069615548e-02
6.334415972190596267e-02
8.434180334186792971e-02
1.118114399997738595e-01
1.822772405828224918e-01
3.223414980904111826e-01
4.111008088532104865e-01
4.780016279740976759e-01
5.224894289866282016e-01
5.462496569645570732e-01
5.570370305193526050e-01
5.574232602382716006e-01
5.496185356857349324e-01
5.284672578023572598e-01
4.896409414837982754e-01
4.261879848792919923e-01
3.384433981374934119e-01
1.918617437042846319e-01
1.173799811668526233e-01
8.781492922356555486e-02
6.548976098825741443e-02
4.760732848316870380e-02
3.356664601048298807e-02
2.293459678681287681e-02
1.512860053956325591e-02
9.588556907139361707e-03
5.772381699660455480e-03
3.229692712464788708e-03
1.594388320846256866e-03
5.949321478681068127e-04
1.431525725309497677e-05
-4.609190113424137801e-04
-1.239444234284814504e-04
5.820154259769947432e-04
-7.462749396895126215e-05
4.276272675975823618e-04
-2.196862057505226547e-04
-6.267537953139859681e-05
-2.392467825397652796e-04
1.605066556293836941e-04
-3.053898992904660278e-04
-4.797415591180370794e-04
-3.940468448788087886e-04
2.473413701404540287e-04
7.119528255337373608e-04
1.602885350416578857e-03
3.211548622687929698e-03
5.743791409305516391e-03
9.595510121220224634e-03
1.522955025511292179e-02
2.330400317178231429e-02
3.442363759473117402e-02
4.946346948482441275e-02
6.892372071882124640e-02
9.393857997817139927e-02
1.273109975640657199e-01
2.096238537846102090e-01
3.665473575339045498e-01
4.537048697204557612e-01
5.083928759044199497e-01
5.400637344735131906e-01
5.546421239068414222e-01
5.594969892952708079e-01
5.544619483219797029e-01
5.385909666687044295e-01
5.039617753225645869e-01
4.476028258630644907e-01
3.705127663282232198e-01
2.839371281761365329e-01
1.589024177603737820e-01
9.856813640015060773e-02
7.573699665997218888e-02
5.802074548632710910e-02
4.316530837042809737e-02
3.106739603131962457e-02
2.158406688530650069e-02
1.444338179631821095e-02
9.261812657880789251e-03
5.635752201531116397e-03
3.187536839747537494e-03
1.599948063625738050e-03
6.273272668163963487e-04
7.356453864517207436e-05
-3.691538340802808568e-04
-2.518115236928430566e-04
-5.781968225404763824e-04
3.822232612387526382e-04
-3.393804026910570608e-04
-4.811662280708077846e-04
-4.483541821359174969e-04
1.077431275487870856e-04
-5.451885171788653246e-04
7.474002232701017949e-04
5.923934207790500358e-04
-1.152343016287694618e-04
2.700173474764168348e-04
7.140524455152712268e-04
1.605896040504877333e-03
3.212608314321264372e-03
5.744131595811313024e-03
9.595617637297063074e-03
1.522958504889663188e-02
2.330400906238855319e-02
3.442363070428788169e-02
4.946346782496659905e-02
6.892372899814840082e-02
9.393858469189265981e-02
1.273109953819944462e-01
2.096238542294186213e-01
3.665473619279276396e-01
4.537048729694340143e-01
5.083928732849513077e-01
5.400637201896087980e-01
5.546421145943359887e-01
5.594969989288376411e-01
5.544619608396247346e-01
5.385909720587626071e-01
5.039617716827079485e-01
4.476028161544579609e-01
3.705127650581347409e-01
2.839371328950965889e-01
1.589024181934689528e-01
9.856813450198501081e-02
7.573699519700213822e-02
5.802075299146678550e-02
4.316531608764377637e-02
3.106738738807660744e-02
2.158405824313503613e-02
1.444338419396488590e-02
9.261812137519873436e-03
5.635751617853953371e-03
3.187578707705906837e-03
1.600285661564405807e-03
6.297093364913720903e-04
8.986936424076235122e-05
-2.508642357289025460e-04
5.431138809907409869e-04
3.028088345064764591e-04
-4.809814124162902003e-04
-1.154325262835328959e-04
-3.310658801357124282e-04
-3.208206179555305858e-04
9.568077657720539247e-05
3.593648327758797059e-04
2.596119201457624051e-05
-2.150312879986579029e-04
-3.539420103497649297e-04
2.206470535705770686e-04
7.045917627495464292e-04
1.602133756214731836e-03
3.211465777188834709e-03
5.743800372944169765e-03
9.595523261418801436e-03
1.522955530082883979e-02
2.330400094126050883e-02
3.442363511149054700e-02
4.946346539202047671e-02
6.892371937244050339e-02
9.393858682668275450e-02
1.273110028582920827e-01
2.096238517830270320e-01
3.665473571904517280e-01
4.537048768371388929e-01
5.083928762239583454e-01
5.400637200052436082e-01
5.546421192396090438e-01
5.594970036061541752e-01
5.544619509158753567e-01
5.385909618725756021e-01
5.039617818918074033e-01
4.476028219208805781e-01
3.705127545530624844e-01
2.839371305107989962e-01
1.589024256471831265e-01
9.856813586268144134e-02
7.573699148511640888e-02
5.802075527095142821e-02
4.316531698197230427e-02
3.106738162615384560e-02
2.158405858249276207e-02
1.444338949581205900e-02
9.261812190552547175e-03
5.635751725168512520e-03
3.187569310699016768e-03
1.600153516025866344e-03
6.286495581826181869e-04
8.182042094895912031e-05
-3.150973206311221526e-04
-1.074725468387493891e-04
7.459625112910520019e-04
5.230298235347955295e-04
2.254110743863181913e-04
2.637382810557878702e-04
5.138101564451331765e-04
4.794911757481784011e-04
5.914942455443185192e-04
5.299558901848782071e-04
-4.641392827670242824e-04
4.365879601822499523e-04
3.009250786615219673e-04
6.647669748670226222e-04
1.514899582108733284e-03
3.045973018987964409e-03
5.486572561644284356e-03
9.245519196441386381e-03
1.481375546675493642e-02
2.291798305270813935e-02
3.426641459170880200e-02
4.994267492011644077e-02
7.068707800042721423e-02
9.806178654867055144e-02
1.351961620885350768e-01
2.251302799982126401e-01
3.938331580084776795e-01
4.804953459598534926e-01
5.285085738161481306e-01
5.534318083085386641e-01
5.627163272365625080e-01
5.627713785618779774e-01
5.499286118055218830e-01
5.197396867949276578e-01
4.635690624802461524e-01
3.857231891670440671e-01
2.998927576845911713e-01
2.226384272800332187e-01
1.237151928172063459e-01
7.847967509422569543e-02
6.225213542050030135e-02
4.909465120390259230e-02
3.741751997867478335e-02
2.750595719902987693e-02
1.943644671129090770e-02
1.319552520261110633e-02
8.559863475823626180e-03
5.263838765210084383e-03
3.008945568729061958e-03
1.535958728076865102e-03
6.342038802106677664e-04
1.490235310600137534e-04
-9.658297050671158011e-05
6.188891831343907527e-04
-6.142260768094173849e-04
6.426156158781995940e-04
-1.097268525140109462e-05
-1.414906197498010684e-04
5.492238336926199812e-04
-4.594134244332364280e-04
-7.253066275529468886e-04
-6.303552593260482433e-04
-5.471927155282309057e-04
5.000372866102148874e-04
3.268258239565827476e-04
6.712706533240897760e-04
1.520115953418616677e-03
3.047777405185081445e-03
5.487138485179529276e-03
9.245691282263946917e-03
1.481380682876518376e-02
2.291799630975560262e-02
3.426641407042516074e-02
4.994267212230326519e-02
7.068708340936960544e-02
9.806179411642958199e-02
1.351961604128929795e-01
2.251302781980705214e-01
3.938331637923413453e-01
4.804953515667296227e-01
5.285085744085434856e-01
5.534317979219925965e-01
5.627163193053302814e-01
5.627713841672364881e-01
5.499286143062064314e-01
5.197396868515984369e-01
4.635690657911275547e-01
3.857231847413161163e-01
2.998927545616589807e-01
2.226384339938986823e-01
1.237151945740445347e-01
7.847967117320149566e-02
6.225213441147232213e-02
4.909465869296197188e-02
3.741752689804652560e-02
2.750595102224492883e-02
1.943643949824542042e-02
1.319552539256891623e-02
8.559862437097517582e-03
5.263839280552046196e-03
3.008962502365698094e-03
1.536042379011948178e-03
6.345520744154319655e-04
1.492348179385513771e-04
-1.144802690658363719e-04
3.684210023886480513e-04
6.095489007666900910e-04
2.628867240443148094e-05
-3.804435662097928675e-04
1.940472152935032474e-04
-3.639265483863352957e-04
-2.237138798819366563e-04
6.160627851981307019e-04
7.015047411377452885e-04
-2.427354815269309313e-04
-4.645784600909233096e-04
1.863578730406748062e-04
6.495384054287947715e-04
1.510729976096779293e-03
3.045131353835650850e-03
5.486429066433932272e-03
9.245503917109047093e-03
1.481375452973760116e-02
2.291798087485723973e-02
3.426641296598942343e-02
4.994266774393883029e-02
7.068707827506666430e-02
9.806179530844753856e-02
1.351961620282970677e-01
2.251302815772408261e-01
3.938331668705649102e-01
4.804953508163002374e-01
5.285085741380033397e-01
5.534317951065856889e-01
5.627163171788153173e-01
5.627713882312712634e-01
5.499286100840318214e-01
5.197396807915859451e-01
4.635690748346115164e-01
3.857231913502048304e-01
2.998927515724624238e-01
2.226384274008830766e-01
1.237151911859782211e-01
7.847967528855087638e-02
6.225213676250818118e-02
4.909465735920368057e-02
3.741752487231238267e-02
2.750594825499757395e-02
1.943644140617402025e-02
1.319552920957418538e-02
8.559860857953698401e-03
5.263840108758298907e-03
3.008980564625134049e-03
1.536168089343915378e-03
6.354583270894562010e-04
1.556568107418536179e-04
-6.546087505351005312e-05
5.734012237269477423e-04
-5.167059483746069349e-04
-5.888965150182711881e-04
-6.906061418032711325e-04
1.282983486980924517e-04
-2.797000263479797015e-04
-4.982147998807512313e-04
-5.312371197597493683e-04
3.928768533427103070e-04
-7.837502730633493528e-05
-5.386575412959734334e-04
1.345468441551907993e-04
5.712923268579193567e-04
1.353503947238396269e-03
2.743693120198702293e-03
4.975023033404603161e-03
8.442853318962649858e-03
1.362977774319230374e-02
2.125394788912639277e-02
3.204593898458812234e-02
4.712943099038224837e-02
6.738318599819247134e-02
9.458309484228201447e-02
1.322277173915884230e-01
2.239543958477558383e-01
3.985027394544740642e-01
4.896422498283543034e-01
5.396606005188636646e-01
5.641931519621899982e-01
5.704912355191806839e-01
5.634453209542247265e-01
5.359002645908776952e-01
4.814579932392305528e-01
3.975095650867128683e-01
3.041744698771839950e-01
2.233392541489930827e-01
1.634759239809432385e-01
9.136400976386845063e-02
5.969593348880847944e-02
4.892076815200294138e-02
3.963925282810815826e-02
3.088553626752651646e-02
2.314319518815387625e-02
1.660851767626098791e-02
1.142513809236028050e-02
7.489904637397009658e-03
4.650176841586514676e-03
2.683621056069885030e-03
1.389357292012044671e-03
5.912471725101030307e-04
1.495353800706491988e-04
-1.733271698350720338e-04
-1.508922506500319982e-04
-5.606853701995994938e-04
6.669253556515213240e-04
-6.996699317488684752e-04
-2.972075119224706300e-04
4.155637525511103548e-05
4.619384792399887927e-04
-1.899071223898062260e-05
7.359965805942423256e-04
1.746284710157296161e-04
5.156009446083000642e-04
2.883482213013032489e-04
5.947871832125079319e-04
1.362257102075466750e-03
2.746306306217731735e-03
4.975789297627699823e-03
8.443078643420774687e-03
1.362984430802220530e-02
2.125396580202128932e-02
3.204594138568339634e-02
4.712943025535416830e-02
6.738319032060249847e-02
9.458310191845793746e-02
1.322277182451987998e-01
2.239543943776972079e-01
3.985027432247353341e-01
4.896422584263339650e-01
5.396606029206100219e-01
5.641931365647013807e-01
5.704912238746374653e-01
5.634453285776225284e-01
5.359002705990936199e-01
4.814579918534716563e-01
3.975095674600576112e-01
3.041744693563547264e-01
2.233392486768160101e-01
1.634759245375375925e-01
9.136401465873675298e-02
5.969593381672647081e-02
4.892076356800691139e-02
3.963925652543048850e-02
3.088554554709806513e-02
2.314319213997887911e-02
1.660850965153004566e-02
1.142513700976211834e-02
7.489905086407939658e-03
4.650178516304432838e-03
2.683622033357737236e-03
1.389333158589661993e-03
5.913028665173041291e-04
1.523310447510347622e-04
-1.328629219068178699e-04
1.896310225077759174e-04
-3.561061499426017058e-04
-3.550313568575988736e-04
-6.448255628305584386e-04
1.550138578112286670e-04
-1.067551999844715456e-04
-5.093971728723105169e-04
-3.169160201126256893e-05
4.966759044179927789e-04
-1.773817832109318476e-04
-4.064522930791774269e-04
1.520088219032569052e-04
5.739805265418964318e-04
1.355195639320388740e-03
2.744314318899130495e-03
4.975235362153089362e-03
8.442922817703353219e-03
1.362979816075970442e-02
2.125395582486294330e-02
3.204594158705035417e-02
4.712942116437300599e-02
6.738318228158776679e-02
9.458310440094515326e-02
1.322277208705056606e-01
2.239543989688916603e-01
3.985027491288997137e-01
4.896422535132645693e-01
5.396605984828701796e-01
5.641931403304941695e-01
5.704912294400509287e-01
5.634453286050427057e-01
5.359002594359623117e-01
4.814579902374733766e-01
3.975095840713582240e-01
3.041744749095689482e-01
2.233392389824473412e-01
1.634759144134272368e-01
9.136401055608192601e-02
5.969593673832322700e-02
4.892076718605919972e-02
3.963925652451978643e-02
3.088554342458767893e-02
2.314318922725929276e-02
1.660851133906139990e-02
1.142514073027427884e-02
7.489902412589766710e-03
4.650178737257563630e-03
2.683657655837698268e-03
1.389602469184067013e-03
5.929773153219746514e-04
1.611468880187589279e-04
-9.225576289258710552e-05
9.813756654411838064e-05
3.359536460823357978e-04
-7.415862344700603626e-04
-4.848742062381390270e-04
4.808905272663535017e-04
-6.859282152055582989e-05
6.310136563645119337e-04
5.701037362506503709e-04
6.058730887533166987e-04
4.605612259694564278e-04
-5.882144108724230965e-04
8.186203179619094795e-05
4.696946485270163158e-04
1.127132417985700396e-03
2.296050516163630935e-03
4.184823477350477564e-03
7.140608022931232111e-03
1.159268107734066217e-02
1.817465874361146039e-02
2.755100519780395718e-02
4.072655169374186229e-02
5.859544040707375528e-02
8.290493777562275846e-02
1.174719609679347743e-01
2.041373810161119795e-01
3.772985622359170677e-01
4.790980072126874711e-01
5.405455197903926701e-01
5.707871637555420596e-01
5.748452692791060636e-01
5.553761789255977632e-01
5.015859252776445620e-01
4.124697312220326206e-01
3.059984455351488775e-01
2.155608867281127439e-01
1.527201877582677614e-01
1.125157205926116261e-01
6.404190697473859106e-02
4.317824560641431164e-02
3.638663500082114227e-02
3.012507825657084054e-02
2.388936939397579007e-02
1.817731914890202347e-02
1.321031543605614630e-02
9.186404449219221294e-03
6.074822266767650192e-03
3.801412105779096526e-03
2.210693044871287795e-03
1.157257425259935633e-03
5.051375340031443416e-04
1.518071463313251548e-04
-4.127566307548836299e-05
2.248756779843456442e-04
4.513791988402305927e-04
-7.423688743466812972e-04
4.179139947669101838e-04
-5.070665933412056223e-04
-5.572568978307330511e-04
-5.316461968443048384e-04
-6.587523107383648057e-04
-5.716006513880140735e-04
5.344786204523769907e-04
4.094897525820688435e-04
2.341478263740809330e-04
4.937358706733323971e-04
1.135632925172704207e-03
2.298671744671838043e-03
4.185614869071084022e-03
7.140844769314318337e-03
1.159275354939574322e-02
1.817467937688948751e-02
2.755100547633682409e-02
4.072654890842078435e-02
5.859544722785444554e-02
8.290494829894227979e-02
1.174719619107857244e-01
2.041373785330251045e-01
3.772985659639951361e-01
4.790980165667353963e-01
5.405455233196460041e-01
5.707871511423162625e-01
5.748452574521768499e-01
5.553761812954201016e-01
5.015859324529784447e-01
4.124697372763970749e-01
3.059984485983422986e-01
2.155608787769488222e-01
1.527201776117766974e-01
1.125157221542541219e-01
6.404191227401977160e-02
4.317824420779577815e-02
3.638662846195842709e-02
3.012508258302246458e-02
2.388938140614247849e-02
1.817731791300936095e-02
1.321030715996111306e-02
9.186403065554942654e-03
6.074823774462660697e-03
3.801413196221352549e-03
2.210660211092163423e-03
1.156902953377378579e-03
5.024976832871823383e-04
1.332382601142308685e-04
-1.763647726274940818e-04
-5.085322347647437940e-04
-6.708072684001328920e-04
5.040432345478727946e-04
4.215350098381529247e-04
6.587430623911194431e-04
-1.723161177725393285e-04
7.137441776026791883e-04
1.176383581366066381e-05
-6.270878308709677525e-04
3.463886961458330816e-04
3.273077551105956764e-04
2.114393794668447801e-04
4.888636036867900899e-04
1.134729074772032435e-03
2.298249421896060227e-03
4.185441190791287965e-03
7.140777985163312969e-03
1.159272651622175222e-02
1.817467369442120340e-02
2.755100581467835597e-02
4.072654235918120313e-02
5.859544269925816284e-02
8.290494960737841701e-02
1.174719636915126930e-01
2.041373852810116074e-01
3.772985740148844247e-01
4.790980087114857233e-01
5.405455144100255183e-01
5.707871570915088455e-01
5.748452690382633845e-01
5.553761821440303947e-01
5.015859216280053046e-01
4.124697370870915591e-01
3.059984563150613401e-01
2.155608752187846977e-01
1.527201712543203027e-01
1.125157198266482500e-01
6.404190998972565663e-02
4.317824621973113258e-02
3.638663537769493833e-02
3.012508546734271597e-02
2.388937758902086317e-02
1.817731252956371335e-02
1.321030755233365203e-02
9.186406184881156650e-03
6.074820259796900011e-03
3.801413913902251633e-03
2.210714970328390462e-03
1.157356426414405098e-03
5.056700619709719215e-04
1.538450252500529183e-04
-3.913656947489020351e-05
3.727387215024669919e-04
-7.352633730276092331e-04
3.437955276523680715e-04
1.746943125842366842e-04
9.605760808075544546e-05
-7.445038676078762595e-04
-5.559556723915111886e-04
5.479420822851932462e-04
5.862521062218419747e-04
-4.817757476637824355e-04
-5.338671585990774912e-04
2.643139686439124235e-05
3.394494516782802494e-04
8.273148598838743917e-04
1.696616379585522486e-03
3.106391934369932568e-03
5.321698825338208941e-03
8.675577635341946009e-03
1.364768497806454275e-02
2.076212431171310657e-02
3.077359750587021353e-02
4.446959490822612049e-02
6.326198752429018635e-02
9.080583417499071830e-02
1.623916539651538704e-01
3.159327614538236517e-01
4.265864074801385408e-01
5.093586890864119088e-01
5.542437917213492993e-01
5.561433979976376785e-01
5.134971113343701488e-01
4.208308656577177675e-01
3.045276245003841753e-01
2.029879230462735828e-01
1.352788288963963359e-01
9.502609777706094718e-02
7.144113412785239869e-02
4.153278484778682306e-02
2.866281048874270987e-02
2.459925865700550787e-02
2.064774278797871718e-02
1.656848265919782376e-02
1.274039376891227850e-02
9.342671541747220310e-03
6.547490730144377678e-03
4.356941219861320581e-03
2.741428704341577430e-03
1.602198140440354648e-03
8.439163006750050782e-04
3.730602742677284109e-04
1.250593632264146947e-04
4.054515196586304897e-05
3.343313616650194333e-04
-7.222488970388560249e-05
6.658129793638199690e-04
5.751289287445691522e-04
-5.184164677057633919e-04
2.046219706570597116e-04
4.108356971444786666e-04
4.032453763823217862e-04
9.007692141402898862e-05
-4.942175877842359174e-04
-3.118235386396658285e-04
8.370088491001213024e-05
3.519747839499466407e-04
8.351502732970363671e-04
1.699251003664222067e-03
3.107203621626974076e-03
5.321939785294756663e-03
8.675652428325596188e-03
1.364770960648548775e-02
2.076212603948622212e-02
3.077359267115082828e-02
4.446960040618401500e-02
6.326199946229235649e-02
9.080583546819571972e-02
1.623916498622567928e-01
3.159327647154547836e-01
4.265864169192026267e-01
5.093586922525898952e-01
5.542437829094302160e-01
5.561433892101591558e-01
5.134971100301917168e-01
4.208308697120946018e-01
3.045276313111343058e-01
2.029879263843146486e-01
1.352788197157129002e-01
9.502608847507612588e-02
7.144113794176132348e-02
4.153278937260682091e-02
2.866280744454053481e-02
2.459925220861619577e-02
2.064774830159805952e-02
1.656849560606623445e-02
1.274039289059705413e-02
9.342662537478339455e-03
6.547488573792391818e-03
4.356943056351307575e-03
2.741430713115892721e-03
1.602172319352357941e-03
8.436392051378569824e-04
3.711801749815761922e-04
1.136492819320234312e-04
-2.594243760868196407e-05
2.272353531345357484e-04
6.714913952406870471e-04
7.306267568051693761e-04
5.029768220613360262e-04
-4.578685379141955009e-04
7.267371947212837796e-04
-3.337231735280875322e-04
8.193504287644094415e-05
-3.984720018119454260e-04
7.160323424033045126e-04
2.124885311744309805e-04
1.406855036344793752e-04
3.577008096600707804e-04
8.352555573117404018e-04
1.699030221783154370e-03
3.107093332245554427e-03
5.321893417552656796e-03
8.675632187417521568e-03
1.364770697507435362e-02
2.076212626506290446e-02
3.077358725083354993e-02
4.446959793036771302e-02
6.326200078595484166e-02
9.080583822311127928e-02
1.623916596284457059e-01
3.159327745378717744e-01
4.265864051923765055e-01
5.093586775729070926e-01
5.542437888936199153e-01
5.561434032120825544e-01
5.134971076768936049e-01
4.208308546739858991e-01
3.045276328784767839e-01
2.029879384351056804e-01
1.352788197439480922e-01
9.502608457930517005e-02
7.144113684561084754e-02
4.153278472917379394e-02
2.866280726906504303e-02
2.459926143143836494e-02
2.064775298477297336e-02
1.656848991498039228e-02
1.274038553837093628e-02
9.342662646046924133e-03
6.547492723068006754e-03
4.356939987194464840e-03
2.741429669728786839e-03
1.602212863498442014e-03
8.439727475405207121e-04
3.734015585662070523e-04
1.267088270131388594e-04
4.834691792531073412e-05
7.060155420383273581e-04
-3.779605400045497497e-04
2.263946091858712908e-05
-5.435354388705758866e-04
-1.890405500117642887e-04
-4.659922564292952036e-04
7.441950500414590535e-04
-5.428041841314139624e-05
-1.244178607720681368e-04
-4.206972384511755672e-04
-5.571134873612529478e-04
-3.624085038304710675e-05
1.835460527040379730e-04
4.616462759675668505e-04
9.597955409690556248e-04
1.766353273768246808e-03
3.034710120462450703e-03
4.960124070909973856e-03
7.818504850879927706e-03
1.192267381890449451e-02
1.770526151695242176e-02
2.568880653733781813e-02
3.674215810396193327e-02
5.344637749812888861e-02
9.825219755988626180e-02
2.017751928953378515e-01
2.957652672921135539e-01
3.894071766216880004e-01
4.524248498661392892e-01
4.514056974904901431e-01
3.809079255199481762e-01
2.690155844487525649e-01
1.700569914643044744e-01
1.044962701524299320e-01
6.755672057888699455e-02
4.765506086801592212e-02
3.658498492589146861e-02
2.168321498559159718e-02
1.519208885909082395e-02
1.316462447528064447e-02
1.112882059533270261e-02
8.988646471179619069e-03
6.953225292986538186e-03
5.125120625287376067e-03
3.607197508796619340e-03
2.407742629576584917e-03
1.517973133216626684e-03
8.871776693869326633e-04
4.646488308420274613e-04
1.959692577186630000e-04
3.121946618723645868e-05
-1.332972089507323892e-04
-1.578334406780977368e-04
-4.663066783067365616e-04
6.574055613951157364e-04
2.645972929955775488e-04
1.214889165234424941e-04
3.428460187399796238e-04
-5.286086758156116616e-04
4.145520573684885923e-04
3.803968829200051415e-04
-6.454731598959370176e-04
3.753219741224866879e-04
8.416362606213061831e-05
2.008400636247387053e-04
4.703809069644254975e-04
9.624813619096407678e-04
1.767135814732390684e-03
3.034933811310043094e-03
4.960194056421946343e-03
7.818529064051308805e-03
1.192267456264090031e-02
1.770525507927162706e-02
2.568881218468457850e-02
3.674217159580284858e-02
5.344637849497531346e-02
9.825219102249278802e-02
2.017751950519998116e-01
2.957652777278024780e-01
3.894071809206337553e-01
4.524248414599262857e-01
4.514056848407723144e-01
3.809079180905743378e-01
2.690155882562191292e-01
1.700570039624154650e-01
1.044962769164920896e-01
6.755671052451354963e-02
4.765505184704296737e-02
3.658499032306627985e-02
2.168321900531307994e-02
1.519208434253248828e-02
1.316461777160536813e-02
1.112882672185331809e-02
8.988659724944824195e-03
6.953224648986257132e-03
5.125111186741045273e-03
3.607194285105110726e-03
2.407743185065537063e-03
1.517975180030124022e-03
8.871774071821864668e-04
4.645931004047719687e-04
1.955507115035273562e-04
2.835748744649242383e-05
-1.529417608255722466e-04
-5.174804321229014388e-04
-2.127457692822727544e-04
-6.633577527458993026e-04
4.541026132862615748e-04
5.261449827267530377e-04
-2.037491330208135519e-04
-7.793950620495679045e-05
4.624283546094792841e-04
6.365004690376529226e-04
-2.510132891639720813e-04
-2.540945948722815985e-04
1.654144493507543991e-05
1.932188927340289459e-04
4.673052383622710009e-04
9.616847777260009809e-04
1.766937175120026878e-03
3.034878159623533543e-03
4.960175300721749413e-03
7.818526803303683242e-03
1.192267458050334621e-02
1.770525301272439858e-02
2.568881213154025969e-02
3.674217212069843391e-02
5.344638110309997414e-02
9.825220261777793673e-02
2.017752068178843838e-01
2.957652639160195940e-01
3.894071617218974879e-01
4.524248462209808364e-01
4.514056973863919686e-01
3.809079133949443974e-01
2.690155745194736658e-01
1.700570066649692014e-01
1.044962893432480749e-01
6.755671086521598812e-02
4.765504666181073767e-02
3.658498924317384049e-02
2.168321386216119639e-02
1.519208322211242600e-02
1.316462869235817366e-02
1.112883280495094614e-02
8.988653068291250353e-03
6.953216606356597655e-03
5.125112219181500450e-03
3.607200135421735968e-03
2.407740139879010512e-03
1.517970889363563910e-03
8.871910249688200450e-04
4.647161063980185429e-04
1.964408162362525612e-04
3.396273314426473682e-05
-1.171255805761526654e-04
-1.967316407116468345e-04
4.974992465213545333e-04
4.240645669206462081e-04
3.751111595570107453e-04
5.277998710930873307e-04
5.674088374525387791e-04
-6.615987375443215185e-04
4.325565150133351029e-04
-4.511166874991866444e-04
-7.116063582320022660e-04
-6.562401239057670402e-04
-1.243679402670006364e-04
7.369256465680444279e-06
4.604700734510115906e-05
1.320765485325005773e-04
2.570128275764874126e-04
4.451222674179753486e-04
7.269195486683132810e-04
1.143598947680372338e-03
1.742085852473969874e-03
2.586404666156769550e-03
3.759931281399511542e-03
5.400037371343121943e-03
7.935055157933723277e-03
1.487180827366366490e-02
3.160232282539698206e-02
4.872133871381170017e-02
6.870269830656335064e-02
8.438324184222166513e-02
8.372429692452858230e-02
6.550917391663622913e-02
4.194916410512154747e-02
2.470236567572113226e-02
1.459019927314448434e-02
9.276560780657040414e-03
6.534703543932761892e-03
5.042190513672586451e-03
3.005047919515621904e-03
2.111403747187541417e-03
1.831499404318751760e-03
1.548313699266677494e-03
1.249887046888024369e-03
9.648192198393265454e-04
7.080164059816578025e-04
4.941544888860953562e-04
3.249641034192245876e-04
1.993177760506198600e-04
1.099839177986352217e-04
4.865354702434206624e-05
3.744720398870389456e-06
-4.600838774750956692e-05
-1.671919763914637123e-04
-3.624750299558447859e-04
4.664715630693154979e-04
2.456425600111631648e-04
3.150287240945188485e-04
-1.461020319776390475e-04
5.622657852152408622e-04
-3.628910823883309180e-04
6.189108654046979576e-04
2.277539550668660330e-04
-4.406321723938337923e-04
-7.224131883326384215e-04
-1.173343918860814860e-04
1.081445945118361297e-05
4.900549622194048699e-05
1.332351151986904518e-04
2.574043197838666273e-04
4.452447297447870264e-04
7.269643697046008915e-04
1.143617161195773727e-03
1.742084672865884835e-03
2.586396920509062124e-03
3.759936842306591410e-03
5.400052240299263798e-03
7.935057312496520548e-03
1.487180120429521316e-02
3.160232182656129429e-02
4.872134458698974824e-02
6.870270153429469673e-02
8.438323651057068331e-02
8.372428632844980401e-02
6.550916730417526146e-02
4.194916950803843220e-02
2.470238027722195320e-02
1.459020482360957188e-02
9.276546627259379951e-03
6.534693244374582474e-03
5.042196981457484385e-03
3.005051626320640653e-03
2.111397903153526025e-03
1.831492899275243133e-03
1.548321206555877076e-03
1.249901165957958840e-03
9.648198154671486747e-04
7.080079630141721762e-04
4.941505816343814495e-04
3.249623606846457078e-04
1.993192915564572475e-04
1.100169242414821604e-04
4.888776048217100510e-05
5.276709609708658512e-06
-3.708487591945454841e-05
-1.186100411625854296e-04
-6.205039752588203212e-04
3.720527909568951356e-04
1.114038430331551699e-04
-2.884209230736629230e-04
-4.759119550068352544e-05
2.141019679298992518e-04
-1.069996657878324143e-04
4.659819185120367570e-05
-3.526988302769997440e-04
4.945012453580310396e-04
-4.713104473633197952e-04
-9.650424245997662564e-05
1.238480766799169808e-05
4.988876991980735942e-05
1.334578426391790746e-04
2.574615993205115199e-04
4.452536702982665996e-04
7.269625076838280792e-04
1.143617747702827588e-03
1.742086053029740433e-03
2.586399931754503490e-03
3.759939279598174377e-03
5.400050947747412657e-03
7.935058175882967954e-03
1.487181167693135339e-02
3.160233060587502169e-02
4.872132469283972644e-02
6.870267904188072372e-02
8.438324750598108492e-02
8.372430681132952968e-02
6.550916654102108272e-02
4.194915568535718953e-02
2.470237666077347224e-02
1.459021226308382900e-02
9.276546907910529841e-03
6.534688654919367304e-03
5.042197162174077117e-03
3.005047356057579527e-03
2.111396986578879982e-03
1.831505515421932764e-03
1.548328281759239495e-03
1.249893547512853165e-03
9.648115151563281750e-04
7.080103816416022378e-04
4.941578791250077684e-04
3.249590718572598785e-04
1.993125581659271255e-04
1.099986662388943210e-04
4.873410180000609229e-05
4.311712982476102422e-06
-4.283956011003379419e-05
-1.527547061789791521e-04
-4.034419989660782495e-04
-4.978253533714155962e-04
5.127522910010934472e-04
6.445918922450175840e-04
5.732744280535800223e-04
6.366546098957396585e-04
5.210708766564544844e-05
-3.121068523119492448e-04
-5.636885700797756096e-04
-6.887821657085314029e-04
-7.488891993594038550e-04
-1.683874614647362818e-04
-1.527913467467107388e-04
-3.635451138948234259e-04
-7.028986201641780184e-04
-1.275670580560305141e-03
-2.190539949841669755e-03
-3.587379451852697101e-03
-5.665670191951636264e-03
-8.655478705407641457e-03
-1.287271233900728375e-02
-1.871423688497948074e-02
-2.683190129429682824e-02
-3.921658051369926457e-02
-7.270204481164972699e-02
-1.516468653458216409e-01
-2.278045623039026135e-01
-3.100663218600779314e-01
-3.698703235173569359e-01
-3.682682937980140681e-01
-3.001832580641639048e-01
-2.024015237916400867e-01
-1.236527483327208993e-01
-7.457087494982619913e-02
-4.789625325983504212e-02
-3.382509299686951854e-02
-2.610415514792768094e-02
-1.555239220605729618e-02
-1.093786879510011585e-02
-9.498798287711066046e-03
-8.045727817523917400e-03
-6.513525557806550126e-03
-5.052957296418371033e-03
-3.737936835366116421e-03
-2.643790310934602313e-03
-1.777166523785969621e-03
-1.133136944905611520e-03
-6.758631312111387053e-04
-3.704834941659565918e-04
-1.820544697294551367e-04
-9.373060194848668728e-05
-1.235839556139237930e-04
-4.622781313516107350e-04
-6.237718534853799873e-04
3.468122559038480787e-04
-5.375071419291519185e-04
1.555247173089237495e-04
-4.892835986824658773e-04
6.791398412426117486e-04
4.501718724915953801e-04
-4.400643338795747514e-04
-7.353087359486181829e-04
-6.338999812895108540e-04
-1.521868929150728368e-04
-1.499435342630766883e-04
-3.622270811431181170e-04
-7.024091174202354033e-04
-1.275500853778103278e-03
-2.190484568577144922e-03
-3.587353293013124337e-03
-5.665658137369814808e-03
-8.655482479987394381e-03
-1.287272116975618150e-02
-1.871423227646644080e-02
-2.683188728737213521e-02
-3.921657861752111257e-02
-7.270205135713078692e-02
-1.516468658556953952e-01
-2.278045562286805381e-01
-3.100663158160368305e-01
-3.698703246383562293e-01
-3.682683043784349963e-01
-3.001832681099755873e-01
-2.024015203365178706e-01
-1.236527336192516785e-01
-7.457086917778477098e-02
-4.789626647182849972e-02
-3.382510113437554866e-02
-2.610414717695466735e-02
-1.555238914604635189e-02
-1.093787639526122915e-02
-9.498805079696978973e-03
-8.045720101354025128e-03
-6.513512472022980546e-03
-5.052956432090522157e-03
-3.737943951283301345e-03
-2.643794164122074530e-03
-1.777168840188281555e-03
-1.133134079931251773e-03
-6.758060649489260529e-04
-3.700265917356900403e-04
-1.787309253201107000e-04
-7.077261589287040119e-05
3.923381567965446439e-05
1.445034997003568397e-04
-6.609377895430522528e-04
2.779820719295753831e-04
-4.994074491934802611e-04
-5.132088632991711058e-04
-4.462886305416859014e-04
-9.080544414351021394e-05
5.373319165254132309e-04
4.262256909216545443e-04
-5.046490994528056093e-04
-7.423977974962170682e-04
-1.624435135932069340e-04
-1.506804228846389689e-04
-3.604821560765346941e-04
-7.017263091869580015e-04
-1.275282226047756663e-03
-2.190425100500610622e-03
-3.587340314421686664e-03
-5.665656641958235519e-03
-8.655481140192503031e-03
-1.287271311220614806e-02
-1.871422628015626671e-02
-2.683188921545888103e-02
-3.921657912269773533e-02
-7.270204170638350227e-02
-1.516468579620609824e-01
-2.278045783802879753e-01
-3.100663400368173228e-01
-3.698703170490803549e-01
-3.682682882658235846e-01
-3.001832662565339649e-01
-2.024015278141719776e-01
-1.236527360267353354e-01
-7.457086245182702189e-02
-4.789626486203111405e-02
-3.382510575448132578e-02
-2.610414832789266504e-02
-1.555239456633462046e-02
-1.093787806972291825e-02
-9.498791781586978650e-03
-8.045713164377807716e-03
-6.513521805834485492e-03
-5.052965126851486320e-03
-3.737940075956571254e-03
-2.643785439791963322e-03
-1.777171344958425455e-03
-1.133140666463043969e-03
-6.758492413247015008e-04
-3.704138751870955301e-04
-1.812965424041468863e-04
-8.664184968725820168e-05
-6.058381861096330984e-05
4.752002847844856838e-05
-5.009141668040998112e-04
6.438111997914641813e-04
5.624212980897038685e-04
-2.247332620504097916e-04
-9.250452253127235472e-05
4.373489981327562440e-04
4.904702231767383864e-04
-6.236147190381397757e-04
-2.083340514583219662e-04
-2.210656937396224687e-04
-1.024278405346182801e-04
-2.723756223407065228e-04
-7.120156437339377701e-04
-1.459012493142819531e-03
-2.676974878718811190e-03
-4.597133351824356749e-03
-7.510975246915210096e-03
-1.183539843358557761e-02
-1.803331703022555479e-02
-2.675975366532966360e-02
-3.873692139221858455e-02
-5.521869650664860268e-02
-7.962950024833551077e-02
-1.437796022204403668e-01
-2.848869116910730526e-01
-3.948333297967197009e-01
-4.850481186448213911e-01
-5.370741211729779252e-01
-5.380553340920212202e-01
-4.848034341989299056e-01
-3.798921095670797499e-01
-2.624911240817527358e-01
-1.698048577175493568e-01
-1.118497901965562480e-01
-7.866194418804102473e-02
-5.960099215056570421e-02
-3.489032391098682850e-02
-2.422373579292655052e-02
-2.087834251163166871e-02
-1.758411995015089074e-02
-1.415666292314740095e-02
-1.092264511592890355e-02
-8.037915829472880649e-03
-5.655609186810935454e-03
-3.781743527889135786e-03
-2.395982455750668167e-03
-1.415775549004675898e-03
-7.603742019860622835e-04
-3.464050018604001679e-04
-1.048265286418345333e-04
1.000208828500685987e-04
5.087208895393793796e-04
3.339474701650252592e-04
6.036014590803623174e-04
3.239170116604888814e-04
-3.695782559078250053e-04
-7.543881494809750576e-04
6.035339497430050083e-04
3.386762760801400804e-04
1.689632252201436432e-04
-6.394922457884143294e-04
-2.240270346377192488e-04
-9.280097484936047545e-05
-2.695604894369151646e-04
-7.119500400820547937e-04
-1.458943481119530372e-03
-2.676930481153659124e-03
-4.597112818137750676e-03
-7.510957941098316860e-03
-1.183538971256589689e-02
-1.803332238013488631e-02
-2.675976274814771336e-02
-3.873691722499687795e-02
-5.521868311918259886e-02
-7.962949797294791021e-02
-1.437796081016944338e-01
-2.848869138900578246e-01
-3.948333275915907326e-01
-4.850481137435582735e-01
-5.370741190447246849e-01
-5.380553417538556094e-01
-4.848034438927755208e-01
-3.798921057331891560e-01
-2.624911092604313434e-01
-1.698048530339881512e-01
-1.118498029345265793e-01
-7.866195088477681563e-02
-5.960098357218141657e-02
-3.489032133865879043e-02
-2.422374429453740680e-02
-2.087834868239060726e-02
-1.758411217395505072e-02
-1.415665185072386908e-02
-1.092264405502348275e-02
-8.037921099061973856e-03
-5.655613062910968408e-03
-3.781746013696687773e-03
-2.395980005792958372e-03
-1.415741613927761367e-03
-7.601583497954928458e-04
-3.451852036172395203e-04
-9.906394104123083047e-05
1.215885345016380609e-04
3.963199446306672107e-04
-4.652709104543827794e-04
-4.055144980171904688e-04
4.873376290476731762e-04
4.162380530329455293e-04
-3.106425309229142733e-04
-3.671340942469514148e-04
4.894536618305891842e-04
4.765396511131773710e-04
-2.567615519945924403e-04
5.729320291162534308e-05
-6.485411138900365176e-05
-2.663726381613262632e-04
-7.079006544456837571e-04
-1.457653932549889684e-03
-2.676562244663844691e-03
-4.597015387156315989e-03
-7.510934704693200854e-03
-1.183538806912331348e-02
-1.803332144663645845e-02
-2.675975104218289088e-02
-3.873690905791382644e-02
-5.521868645645514745e-02
-7.962950051657209649e-02
-1.437796000911587824e-01
-2.848869064507535409e-01
-3.948333482795832183e-01
-4.850481358325381409e-01
-5.370741149068463116e-01
-5.380553309676766593e-01
-4.848034400432835733e-01
-3.798921061530570187e-01
-2.624911085138676992e-01
-1.698048464877338626e-01
-1.118498001821992688e-01
-7.866195512888338182e-02
-5.960098597052124192e-02
-3.489032800731722145e-02
-2.422374649300781599e-02
-2.087833453428392105e-02
-1.758410509639077995e-02
-1.415666227956868285e-02
-1.092265261711822429e-02
-8.037916464390285759e-03
-5.655604829208012857e-03
-3.781748976090321124e-03
-2.395986207948576450e-03
-1.415794706956814220e-03
-7.606222070215808368e-04
-3.481090983101092773e-04
-1.158532228562922888e-04
2.499350538929432408e-05
-1.700463826670799670e-04
7.799439519674487549e-05
6.412142211888610405e-04
-4.611527408722215825e-04
-6.832031020301591265e-04
-1.507252752034706801e-04
5.253391023706052579e-04
1.175401497826912848e-04
2.714955297769855338e-04
-6.702905520283541614e-04
6.519900080299160844e-05
-6.098721360538928744e-05
-3.709400969523889841e-04
-1.003444445994035794e-03
-2.091459563821512855e-03
-3.840448237003968746e-03
-6.577282512049979941e-03
-1.070609484631708519e-02
-1.681787755502138146e-02
-2.553988490819632598e-02
-3.780794511423461041e-02
-5.449768346647156786e-02
-7.728204807135378995e-02
-1.100076220788881731e-01
-1.930171595563452969e-01
-3.625092629104809672e-01
-4.681919736158927647e-01
-5.355794761801513371e-01
-5.692464908055532291e-01
-5.726370872526244105e-01
-5.472947245410636485e-01
-4.819236854952777538e-01
-3.814515108686417078e-01
-2.727135863596872323e-01
-1.879507781133621380e-01
-1.324173724297680321e-01
-9.812581094257383230e-02
-5.626313747246589059e-02
-3.828374801375731412e-02
-3.250140804852359733e-02
-2.706214635990492404e-02
-2.156713715356308944e-02
-1.648669958233248134e-02
-1.203360453889053099e-02
-8.404948025873777706e-03
-5.584247855925374496e-03
-3.515552004401159471e-03
-2.062346764945690615e-03
-1.094573586978630792e-03
-4.844409358579384976e-04
-1.234014026586864295e-04
2.056482611231200412e-04
4.809430383601319176e-04
2.132417710091903847e-04
9.963774048925472021e-05
-1.495783421953614668e-04
-5.424036848182495294e-04
-6.252800046179556254e-04
4.605338517864450377e-04
-7.121111002714752315e-04
2.848898733532317777e-04
5.975132927687113295e-04
2.830361014434422070e-04
-1.368066223523954395e-05
-3.617845760274361220e-04
-1.001517529580349354e-03
-2.090946996524340688e-03
-3.840298815759939435e-03
-6.577235733249711669e-03
-1.070607100752450636e-02
-1.681786789177451905e-02
-2.553988946376997346e-02
-3.780795292771569477e-02
-5.449767985124361058e-02
-7.728203734141583792e-02
-1.100076216493548753e-01
-1.930171658236514709e-01
-3.625092665147297555e-01
-4.681919745533734689e-01
-5.355794721185785923e-01
-5.692464846389496680e-01
-5.726370902871139590e-01
-5.472947319217668083e-01
-4.819236816384035449e-01
-3.814514988835827625e-01
-2.727135852082754885e-01
-1.879507913767571869e-01
-1.324173784525368713e-01
-9.812580270487900047e-02
-5.626313549443343054e-02
-3.828375643549360163e-02
-3.250141223914920080e-02
-2.706213830411476409e-02
-2.156712868365727453e-02
-1.648669773237093281e-02
-1.203360674306047304e-02
-8.404951826032864420e-03
-5.584251104407181830e-03
-3.515551087223023514e-03
-2.062331304790799950e-03
-1.094491080580164673e-03
-4.841486518443198950e-04
-1.238598167698784372e-04
1.851052035065073515e-04
6.020089933592423156e-04
-8.685777548626127812e-05
-4.563859114390297336e-04
3.152110975178672500e-05
1.838588375850486146e-04
6.074179134736438015e-04
6.494596818440772018e-04
2.077187694304574099e-04
-4.741029177333953631e-04
4.306025822225450052e-04
2.594412447487391368e-04
-2.006377274512698527e-05
-3.630943230696320853e-04
-1.000206003066465279e-03
-2.090349390043058642e-03
-3.840095592346272693e-03
-6.577176633239726830e-03
-1.070605623241628092e-02
-1.681787007183773580e-02
-2.553988934608247482e-02
-3.780793823333072901e-02
-5.449767039994551920e-02
-7.728204273069325114e-02
-1.100076274760301842e-01
-1.930171612744353560e-01
-3.625092592927567359e-01
-4.681919900899352283e-01
-5.355794889581121376e-01
-5.692464795004654743e-01
-5.726370806157795590e-01
-5.472947282100287802e-01
-4.819236815248228445e-01
-3.814515008861328882e-01
-2.727135825272871683e-01
-1.879507882852320122e-01
-1.324173806356331307e-01
-9.812580430681624999e-02
-5.626314217431748615e-02
-3.828375865907712033e-02
-3.250139780021665120e-02
-2.706213168972659844e-02
-2.156713964453456714e-02
-1.648670442598552943e-02
-1.203359998192656162e-02
-8.404944180339345150e-03
-5.584254774633841747e-03
-3.515557856430454649e-03
-2.062392643519358158e-03
-1.095004496861880531e-03
-4.872801811458478708e-04
-1.405724691448241126e-04
1.017188882861263811e-04
-1.864246926634184327e-04
-3.612852400744769347e-04
-4.538099922387910275e-04
-5.757578437742230009e-04
4.823779846393330467e-04
5.320328190883855416e-04
-1.672944003381766865e-04
4.443551587158660896e-04
-5.537248459727095408e-04
-6.404337474297049733e-04
-1.068725688601021199e-04
-7.423429727249039091e-05
-4.589403442590130815e-04
-1.248226301283631790e-03
-2.585912633339145558e-03
-4.724013520783191741e-03
-8.048860536759454287e-03
-1.303246461479231136e-02
-2.037414465300946970e-02
-3.079344849439051568e-02
-4.539159071918575511e-02
-6.506790800411335618e-02
-9.161874283477298986e-02
-1.286687275296529709e-01
-2.195961320518139692e-01
-3.947490469906346777e-01
-4.888127135423513958e-01
-5.415245293104080648e-01
-5.672978295675128457e-01
-5.728274330761594646e-01
-5.623913674220433201e-01
-5.277299635465587668e-01
-4.628007169597661008e-01
-3.698927650837013914e-01
-2.750846319442810661e-01
-1.990714991027631164e-01
-1.457406014644026804e-01
-8.186397273136244990e-02
-5.406114593231641646e-02
-4.475369383661121497e-02
-3.655648290966205527e-02
-2.867535389228911824e-02
-2.161713823038433069e-02
-1.559532182438785539e-02
-1.078224769416277935e-02
-7.103575542804955491e-03
-4.436526752153355756e-03
-2.581215960788055437e-03
-1.354067619248230415e-03
-5.892966033448882686e-04
-1.597653358217920319e-04
1.208375157119713321e-04
-8.413910395191291614e-05
-6.515165854282489429e-04
-6.206772338110273226e-04
6.929089561811093345e-04
4.455903907905473232e-04
1.563441221235395179e-04
-6.005899541259738725e-04
-7.051867957564798145e-04
3.171690240810416976e-04
-9.132514615563701516e-05
7.379698768520253369e-04
5.655200327454897708e-05
-4.380825640377143866e-04
-1.242785004985088454e-03
-2.584467330220703227e-03
-4.723614890385737473e-03
-8.048745393748507268e-03
-1.303242317710857391e-02
-2.037413190058729590e-02
-3.079345259530509582e-02
-4.539159873813583546e-02
-6.506790683125299180e-02
-9.161873587482291525e-02
-1.286687282487495587e-01
-2.195961362085516733e-01
-3.947490472365883796e-01
-4.888127136036475862e-01
-5.415245266204844476e-01
-5.672978235149650494e-01
-5.728274354630085163e-01
-5.623913746081224962e-01
-5.277299603399266958e-01
-4.628007070347498475e-01
-3.698927642678159766e-01
-2.750846422292853033e-01
-1.990715030290768905e-01
-1.457405943134491288e-01
-8.186397254933021339e-02
-5.406115494246459263e-02
-4.475369671153667239e-02
-3.655647617029417207e-02
-2.867534982098377677e-02
-2.161713588761815866e-02
-1.559532022431054689e-02
-1.078225072588877287e-02
-7.103578187167326058e-03
-4.436524918065242601e-03
-2.581197469055933336e-03
-1.353889398360959718e-03
-5.878726175229761390e-04
-1.490910987851019919e-04
2.038457693862490714e-04
3.415451326543394008e-04
-5.429790220019661872e-04
-3.264175869154617763e-04
-3.034890847385561725e-04
3.093184150135949912e-05
-4.625626668751534813e-04
3.487613291459809280e-04
7.159703836121558392e-04
-4.911259637092859004e-04
-9.914858773914975480e-05
5.528765770629921143e-04
1.922944990058806896e-05
-4.446255730422700274e-04
-1.242793842173033200e-03
-2.584326931286642925e-03
-4.723564466742076820e-03
-8.048733268502838642e-03
-1.303242146535208562e-02
-2.037413928629534798e-02
-3.079345353930809312e-02
-4.539158195490140130e-02
-6.506789644983722309e-02
-9.161874094340090313e-02
-1.286687346599069692e-01
-2.195961347542773057e-01
-3.947490411480039652e-01
-4.888127250643818922e-01
-5.415245410201153797e-01
-5.672978194843625310e-01
-5.728274263910794195e-01
-5.623913699670162192e-01
-5.277299588167025934e-01
-4.628007099048100925e-01
-3.698927641760765828e-01
-2.750846391745965236e-01
-1.990715045915285586e-01
-1.457405968880806646e-01
-8.186397985273605182e-02
-5.406115717505036861e-02
-4.475368270242462143e-02
-3.655647071197236364e-02
-2.867536128950853511e-02
-2.161714054857793652e-02
-1.559531162038643379e-02
-1.078224409886942466e-02
-7.103581692264241895e-03
-4.436531977401349594e-03
-2.581272257726154127e-03
-1.354537792315684908e-03
-5.922984800920735177e-04
-1.771932714815342431e-04
2.053720156156122763e-05
-6.335079301387122044e-04
-6.921469158131804281e-04
-5.600376608925483612e-04
5.764340516330655436e-05
7.900412031345652874e-06
5.115190940570005706e-04
-5.145507645808107170e-05
-5.977490835677821013e-04
9.120948877984370732e-05
-4.090445683266294191e-04
-1.954017159926209270e-04
-1.268712294448253342e-04
-5.432140051912289370e-04
-1.437296293053988861e-03
-2.939133221969786325e-03
-5.326809978919838477e-03
-9.012341303907909357e-03
-1.448957079040267756e-02
-2.249224080291843328e-02
-3.374628864799432415e-02
-4.936952339185987637e-02
-7.016161147115747287e-02
-9.778432266808929907e-02
-1.354829762138898830e-01
-2.267103703504957379e-01
-3.980246993069573858e-01
-4.854727012987222201e-01
-5.330477932907347061e-01
-5.570561092555905702e-01
-5.651918313385733139e-01
-5.634515402751196778e-01
-5.468557860829510453e-01
-5.100106137874091949e-01
-4.451406372442559545e-01
-3.608520940132644017e-01
-2.748846820517806822e-01
-2.026454437143089538e-01
-1.126498124947535179e-01
-7.212643634898012468e-02
-5.784742041651606825e-02
-4.605747493150042643e-02
-3.538204309643262074e-02
-2.619423689166395022e-02
-1.862054748664309506e-02
-1.271175107656372094e-02
-8.289111187549986007e-03
-5.127923200271548854e-03
-2.954876685491314697e-03
-1.528808717968540513e-03
-6.472852004708344251e-04
-1.572005031473027923e-04
1.545064096828488985e-04
-3.375225153809228735e-04
2.522229017669587654e-04
5.949461987876447167e-04
-5.242095140524107542e-04
1.775656477635224797e-04
-5.305714862335916653e-04
-4.040322969350489471e-04
1.533698967987399660e-04
2.540644383596326900e-04
1.799896886088537499e-04
4.738893552894452867e-04
-2.164419878768845383e-07
-5.204673391246739155e-04
-1.430217212039958411e-03
-2.937015067006089764e-03
-5.326184774245164809e-03
-9.012155543113672951e-03
-1.448951017249333964e-02
-2.249222407951016744e-02
-3.374629087330990873e-02
-4.936952969025012322e-02
-7.016161117301883410e-02
-9.778431771474324630e-02
-1.354829760383481629e-01
-2.267103723485906774e-01
-3.980246982611878037e-01
-4.854727020158281503e-01
-5.330477927270897975e-01
-5.570561039695327565e-01
-5.651918336963207556e-01
-5.634515482123790830e-01
-5.468557841323550273e-01
-5.100106050875130581e-01
-4.451406350456313388e-01
-3.608521001416761242e-01
-2.748846843125227757e-01
-2.026454386798597074e-01
-1.126498139642372748e-01
-7.212644468682942456e-02
-5.784742122496389777e-02
-4.605747017383937658e-02
-3.538204433618329092e-02
-2.619423428716392832e-02
-1.862054261876351646e-02
-1.271175439741460168e-02
-8.289113352229305481e-03
-5.127920768301893681e-03
-2.954876410412894585e-03
-1.528798915599199155e-03
-6.472404888362633417e-04
-1.571201995286720813e-04
1.544862539190986221e-04
-3.155077102998784578e-04
-9.337387801298528993e-05
6.754931505329383741e-05
4.925374891285194028e-04
4.410969220291689774e-04
-6.006193182972372445e-04
-4.918366161887518769e-04
5.588187411556497534e-04
2.301766334045242651e-04
-1.910705615327617211e-04
-2.259876959538293796e-05
-7.527701562143698268e-05
-5.322731301186400289e-04
-1.433113238309959622e-03
-2.937778962873236702e-03
-5.326401955090842057e-03
-9.012219220665538058e-03
-1.448952832833823312e-02
-2.249223803339591224e-02
-3.374629342940087262e-02
-4.936951322510472334e-02
-7.016160332903947916e-02
-9.778432359014163633e-02
-1.354829823002348943e-01
-2.267103741328843902e-01
-3.980246945640882883e-01
-4.854727093281789863e-01
-5.330478037582242479e-01
-5.570561011362319404e-01
-5.651918258792983929e-01
-5.634515421013209791e-01
-5.468557790724168921e-01
-5.100106064230338632e-01
-4.451406367999722891e-01
-3.608520986488182314e-01
-2.748846878079684308e-01
-2.026454439569932708e-01
-1.126498208688959807e-01
-7.212644489481125076e-02
-5.784740681390562744e-02
-4.605746563244544206e-02
-3.538205620841021470e-02
-2.619423797798352618e-02
-1.862053474154448315e-02
-1.271175155283149616e-02
-8.289117966606191282e-03
-5.127926515718340093e-03
-2.954930804048781258e-03
-1.529248687911417045e-03
-6.501490232994195078e-04
-1.739467612082111741e-04
5.960469135418395117e-05
-5.095860754274474059e-04
-4.599987680744632257e-04
1.402113161284890036e-04
-4.069878944877917634e-04
-2.196976587983635258e-04
-2.055701284498604202e-04
4.102215214000690092e-04
-2.835970483955237154e-04
4.041016148435314201e-04
2.267944456692299248e-04
-5.879301048194314179e-04
-2.119991465592640882e-04
-6.170753483926597971e-04
-1.565225911913028546e-03
-3.156882411388708867e-03
-5.669042739686311339e-03
-9.507272363225828526e-03
-1.514732796988391660e-02
-2.327645617740321457e-02
-3.454177665032115430e-02
-4.990046041351060141e-02
-6.994115047537928509e-02
-9.595152749032710704e-02
-1.308394083812106923e-01
-2.161395044537173793e-01
-3.773728814083782135e-01
-4.640010912592028580e-01
-5.157814460343199681e-01
-5.446667374368977521e-01
-5.572008128721309683e-01
-5.604558486571692422e-01
-5.532951648997017635e-01
-5.336088245376663375e-01
-4.928527139932435963e-01
-4.295866664542687396e-01
-3.486096836072721250e-01
-2.640823712952004021e-01
-1.473038257787086802e-01
-9.196753384994525715e-02
-7.139068241478122023e-02
-5.522458807351959126e-02
-4.142685996536153714e-02
-3.003897886718038743e-02
-2.100033491989146406e-02
-1.413337984072276718e-02
-9.111187567529774670e-03
-5.577370518157365870e-03
-3.180135953489853212e-03
-1.619914773501947899e-03
-6.590465567076889998e-04
-1.061404492517375737e-04
3.559137917949957452e-04
4.108670641559412288e-04
7.316104412187661096e-04
2.522716660284550277e-04
4.863903711935017816e-04
-9.760425879662603863e-05
-5.580571795553491456e-04
3.266303501318574892e-04
-5.498159299036218172e-04
7.490110849837036157e-04
-5.978690475176777312e-04
6.764206832183587920e-04
-2.134976471884617770e-05
-5.871361605217484923e-04
-1.553506321183552698e-03
-3.153473134208132841e-03
-5.668085722868980610e-03
-9.507002448473616391e-03
-1.514724728075190867e-02
-2.327643383190989429e-02
-3.454177370345812292e-02
-4.990046132426500386e-02
-6.994114991967505246e-02
-9.595152695428958711e-02
-1.308394110115747300e-01
-2.161395076085656786e-01
-3.773728804549794646e-01
-4.640010912304941004e-01
-5.157814457928676655e-01
-5.446667321509649495e-01
-5.572008140305932944e-01
-5.604558557637797644e-01
-5.532951640712475694e-01
-5.336088187458206678e-01
-4.928527129514144178e-01
-4.295866703909400619e-01
-3.486096851673359809e-01
-2.640823680002900020e-01
-1.473038271152564416e-01
-9.196753952766581475e-02
-7.139068026977664350e-02
-5.522458543470906700e-02
-4.142686638639282715e-02
-3.003897560589663396e-02
-2.100032670446431646e-02
-1.413338336628336411e-02
-9.111189717349614178e-03
-5.577367984691238879e-03
-3.180147618851927524e-03
-1.620036448521526172e-03
-6.602298441553318149e-04
-1.162412386463250057e-04
2.727930249102689586e-04
2.727680917026132100e-05
-7.150503417562079208e-04
1.220338227603844962e-04
5.282376507387138683e-04
3.477705837828301409e-04
3.294045068042115998e-04
6.040474111620262182e-04
3.824772209848927018e-04
2.206271740566004183e-04
3.918853079357066845e-04
5.108468175200837685e-04
-7.061668955727887405e-05
-5.977271238792509784e-04
-1.558084902009474870e-03
-3.154986164781545862e-03
-5.668556022557266760e-03
-9.507141559053708044e-03
-1.514728541007109505e-02
-2.327645415804431919e-02
-3.454177769228002071e-02
-4.990044578975069006e-02
-6.994114531877759777e-02
-9.595153359963186357e-02
-1.308394165180920554e-01
-2.161395125016788710e-01
-3.773728802704236496e-01
-4.640010949431866982e-01
-5.157814532009681319e-01
-5.446667308035612054e-01
-5.572008076542696031e-01
-5.604558478868632010e-01
-5.532951561703965959e-01
-5.336088202315983908e-01
-4.928527173963261898e-01
-4.295866695695199633e-01
-3.486096883030778137e-01
-2.640823739128602687e-01
-1.473038329014151049e-01
-9.196753927638789960e-02
-7.139066855306186454e-02
-5.522458294517017946e-02
-4.142687710510590399e-02
-3.003897630407001765e-02
-2.100031824648835449e-02
-1.413338330600550502e-02
-9.111195020912838186e-03
-5.577372663750501322e-03
-3.180174187583124836e-03
-1.620228414356751417e-03
-6.614029297422361698e-04
-1.228177664793821068e-04
2.332658000305451180e-04
-5.284881356879623029e-04
3.777476301948582121e-04
5.535683230258325871e-04
2.052955423945383869e-04
2.506313679465868474e-04
-2.526078898630251335e-04
-3.571579495025291014e-04
4.930616174863186292e-04
-3.053921659633577275e-04
-6.928772718338291553e-04
-5.069899119460457041e-04
-2.571739159776762211e-04
-6.730967075062882369e-04
-1.637399213465939689e-03
-3.249504072668564589e-03
-5.773653802971494969e-03
-9.584729402093169690e-03
-1.510723109006475301e-02
-2.292238321345094892e-02
-3.353080265356366690e-02
-4.761172594790395729e-02
-6.547058104634843889e-02
-8.790281629012121345e-02
-1.174651681787615698e-01
-1.922026011758026509e-01
-3.384390996123282092e-01
-4.269145396495788169e-01
-4.893952297141692109e-01
-5.289483668923448123e-01
-5.491408498754898337e-01
-5.577949159825661418e-01
-5.565114353717018902e-01
-5.465348827133786891e-01
-5.217411600497874336e-01
-4.778737164156175998e-01
-4.099562488107908464e-01
-3.219318965084908002e-01
-1.817216211937063564e-01
-1.116023366552598983e-01
-8.417664479918401943e-02
-6.331616460914035738e-02
-4.637686553521201682e-02
-3.292625433421426939e-02
-2.262986862250725845e-02
-1.500910634369303880e-02
-9.561625195695765828e-03
-5.789699909586843926e-03
-3.265778429803716919e-03
-1.638936265087649656e-03
-6.459008124572439844e-04
-7.953989220826074833e-05
3.588255800378761903e-04
-6.583567781737416412e-05
4.147596665853103912e-04
-6.005365394581142855e-04
4.597046291169838380e-04
-5.640501092930504893e-04
-4.472826338014776817e-04
3.339051663748262514e-04
4.283627039008943891e-04
3.509907351088261589e-04
2.562305088503536495e-04
5.956479922956067243e-04
-1.093829030797010713e-04
-6.515229937277345132e-04
-1.627189024848277104e-03
-3.246458543535877140e-03
-5.772786870153454736e-03
-9.584481624043602113e-03
-1.510715747851754630e-02
-2.292236320127467863e-02
-3.353079882934145717e-02
-4.761172507238910223e-02
-6.547058269634353778e-02
-8.790281967313529066e-02
-1.174651696665093281e-01
-1.922026008726612500e-01
-3.384390966770454146e-01
-4.269145392942713113e-01
-4.893952310194407129e-01
-5.289483626431831231e-01
-5.491408497480283479e-01
-5.577949221414061354e-01
-5.565114368723764748e-01
-5.465348811861608924e-01
-5.217411603290871280e-01
-4.778737168635393551e-01
-4.099562477112929093e-01
-3.219318935231911261e-01
-1.817216214746560088e-01
-1.116023394616048048e-01
-8.417664051042347828e-02
-6.331616453592760208e-02
-4.637687629035238540e-02
-3.292625081915441509e-02
-2.262985889203898704e-02
-1.500911083514635050e-02
-9.561628080370112442e-03
-5.789695891887248168e-03
-3.265761915664088227e-03
-1.638794691139837910e-03
-6.450714757061640128e-04
-7.497805658825010353e-05
3.845378605886542751e-04
2.057912850997558241e-04
-5.607162391196484014e-04
3.129972468512153840e-04
1.522344979635723201e-04
4.576760778477983712e-04
1.565951012101022980e-04
2.117341018765473619e-04
4.022867089348793512e-05
3.735928915070782941e-04
5.262993321145357801e-04
-6.136000505652599397e-04
-2.666509879362047438e-04
-6.734439886373825949e-04
-1.636488365550928031e-03
-3.249183949306750935e-03
-5.773559448958820797e-03
-9.584695118037682773e-03
-1.510721263557801217e-02
-2.292238770135335973e-02
-3.353080377017046004e-02
-4.761171139749822284e-02
-6.547058145729574286e-02
-8.790282691078250832e-02
-1.174651733943698345e-01
-1.922026066606206118e-01
-3.384390994277338138e-01
-4.269145401907301074e-01
-4.893952339600757817e-01
-5.289483611066472246e-01
-5.491408445878371847e-01
-5.577949142112417213e-01
-5.565114285988715936e-01
-5.465348843197792572e-01
-5.217411671430293163e-01
-4.778737150532726963e-01
-4.099562486469177092e-01
-3.219318992130126844e-01
-1.817216258487279468e-01
-1.116023386366022802e-01
-8.417663152720589181e-02
-6.331616301917007694e-02
-4.637688446271621273e-02
-3.292624922743057903e-02
-2.262985218941297727e-02
-1.500911477862712333e-02
-9.561633406191073770e-03
-5.789698490134103682e-03
-3.265767291438240877e-03
-1.638780611534357062e-03
-6.446293156944801848e-04
-6.919850031915704576e-05
4.446722621227388933e-04
4.291215490007678338e-04
-6.445226029736568106e-04
3.723270428834452635e-04
1.709103614342702914e-04
1.394670067023427804e-04
1.712244455426023500e-05
4.136347980152746471e-05
-4.300767637712930034e-04
4.869080192167918753e-04
-2.973817316405847505e-04
3.567090540916385334e-04
-1.986168216220246042e-04
-6.928322595157550192e-04
-1.640869415963115609e-03
-3.211471403274856681e-03
-5.645413550268874904e-03
-9.270294666834747246e-03
-1.444085417489574148e-02
-2.159755564349433860e-02
-3.107084025858454501e-02
-4.322080386750149633e-02
-5.807766463734527485e-02
-7.591504942386120836e-02
-9.878487119940930483e-02
-1.594321499992386870e-01
-2.843684294429985049e-01
-3.716162475218217076e-01
-4.477728091347374928e-01
-5.046755022566454807e-01
-5.382497973976994032e-01
-5.548780562159507657e-01
-5.590239582317945155e-01
-5.550046432347892633e-01
-5.395073562250042309e-01
-5.085980555670083225e-01
-4.529660964816173974e-01
-3.666002501252731416e-01
-2.093188467862391600e-01
-1.272647510676619964e-01
-9.388455844450986632e-02
-6.897675043319424770e-02
-4.948936297216150609e-02
-3.448809025949187840e-02
-2.334287652846242858e-02
-1.527611453917685803e-02
-9.623726026580403659e-03
-5.767339367814251078e-03
-3.220384068367981596e-03
-1.596221839582277280e-03
-6.204564462430079558e-04
-9.653087286985675595e-05
1.745990881596161631e-04
-7.711858129731622834e-04
3.429352335703188433e-04
7.114642405326252611e-04
5.799673652065266130e-04
-5.019865610579368732e-05
-6.228650192993499942e-04
-7.138226812835909811e-04
-4.648684063148885359e-04
-3.787753382384160942e-04
6.680704157337497180e-04
-3.396693899098532821e-04
-2.746208228706298674e-04
-7.005591822792941016e-04
-1.640004470469667158e-03
-3.210735726174561173e-03
-5.645105800027054241e-03
-9.270184192046015265e-03
-1.444081670379757099e-02
-2.159754480976472379e-02
-3.107083654262352349e-02
-4.322080017351059150e-02
-5.807766689696594598e-02
-7.591505640678758438e-02
-9.878487309008358863e-02
-1.594321483467965594e-01
-2.843684258709483492e-01
-3.716162463907907720e-01
-4.477728104423940869e-01
-5.046754981598475798e-01
-5.382497962610759412e-01
-5.548780620709277134e-01
-5.590239618282872858e-01
-5.550046442098832689e-01
-5.395073556185905339e-01
-5.085980512722476643e-01
-4.529660929621371901e-01
-3.666002487228838813e-01
-2.093188464585538366e-01
-1.272647508931688820e-01
-9.388455336604666079e-02
-6.897675501202119031e-02
-4.948937877831662696e-02
-3.448808729886546076e-02
-2.334286555083270320e-02
-1.527611859192530910e-02
-9.623729644172138512e-03
-5.767335097634470990e-03
-3.220336235149073682e-03
-1.595789383740512908e-03
-6.174820492411198973e-04
-7.701283822716839490e-05
3.080080069242202264e-04
-4.494068817069593152e-05
4.085004988779156578e-04
-5.358263184933133630e-05
1.453148375146688209e-04
5.500391263273790013e-04
-3.981006244628862672e-04
6.505939608859543985e-06
-2.603768874535349639e-04
-6.533760090121324034e-04
4.217946894471192622e-04
-4.251278587046982468e-04
-2.967084029838428210e-04
-7.054803408283427365e-04
-1.645459733671602578e-03
-3.212648192362363257e-03
-5.645703690691963872e-03
-9.270358112287416588e-03
-1.444086170544196975e-02
-2.159756601272791107e-02
-3.107084196988422337e-02
-4.322079069091346037e-02
-5.807766902246823404e-02
-7.591506306936185444e-02
-9.878487350587640548e-02
-1.594321518620967770e-01
-2.843684284756508029e-01
-3.716162431683267542e-01
-4.477728085196838181e-01
-5.046754979193495139e-01
-5.382497956516764104e-01
-5.548780566395553615e-01
-5.590239531686673757e-01
-5.550046474870112823e-01
-5.395073644201975327e-01
-5.085980500355586909e-01
-4.529660930175075095e-01
-3.666002533853588985e-01
-2.093188468961337534e-01
-1.272647467470083560e-01
-9.388454566723444805e-02
-6.897675457327195891e-02
-4.948938592730790093e-02
-3.448808603971652287e-02
-2.334286210842458423e-02
-1.527612526767767841e-02
-9.623732715241431479e-03
-5.767335984775256302e-03
-3.220357256353866601e-03
-1.595942946244180817e-03
-6.186193939946078206e-04
-8.530826959527851902e-05
2.425105640133911201e-04
-5.931320947919360318e-04
-5.134460783695055227e-04
1.863362428524429617e-04
-2.907778082669325889e-04
3.218149791170700469e-05
-5.118368985735195168e-04
6.567563722115565914e-04
-5.729056879008536480e-04
6.617149590775431734e-04
6.180069941435402132e-04
-4.254592237106281948e-04
-3.131556915324598960e-04
-6.991688479728286852e-04
-1.572071367065485401e-03
-3.035181622236204045e-03
-5.282126533794239548e-03
-8.582256576985391669e-03
-1.321314676226013549e-02
-1.947590526754152535e-02
-2.754475810055657253e-02
-3.751402833492236549e-02
-4.920473858187774524e-02
-6.248148316085463255e-02
-7.876115443123897497e-02
-1.243230632692109427e-01
-2.233376627679489190e-01
-3.012883855570345215e-01
-3.863841311831889835e-01
-4.646693919143258245e-01
-5.196234565812963835e-01
-5.504537484619986820e-01
-5.623158626729749532e-01
-5.631306822435772075e-01
-5.529590967097059995e-01
-5.289498590411523260e-01
-4.800931823311812563e-01
-3.943825179284844440e-01
-2.251383816719606523e-01
-1.353606782665683905e-01
-9.814631674904374103e-02
-7.083391745132784634e-02
-5.002415833866698941e-02
-3.436460799392546811e-02
-2.297459856668017733e-02
-1.486933285006016014e-02
-9.276413967437750416e-03
-5.508529365698946675e-03
-3.048285496188568068e-03
-1.495270591061416106e-03
-5.733523413154645613e-04
-8.898268061210223661e-05
1.573141591536217647e-04
-5.227800304317248813e-04
-6.282571089994180109e-04
5.795534663631271653e-04
-5.648116697459302886e-04
3.035716089238766919e-04
-5.180182964695999949e-05
3.093310418767778532e-04
-2.338276672732370000e-04
-5.508118722248864013e-04
-6.249583018869895841e-04
-4.175937368140616524e-04
-3.358550065641756647e-04
-7.047792990616270209e-04
-1.572928869164535396e-03
-3.035245240061673882e-03
-5.282087590968911374e-03
-8.582227958362354317e-03
-1.321313437250534566e-02
-1.947589990892881553e-02
-2.754475242800679194e-02
-3.751402183455163769e-02
-4.920474270902142067e-02
-6.248149484953510052e-02
-7.876115765509868194e-02
-1.243230608470047016e-01
-2.233376587675560687e-01
-3.012883834715724962e-01
-3.863841324513881403e-01
-4.646693884286492993e-01
-5.196234544007268807e-01
-5.504537527635318117e-01
-5.623158666740245559e-01
-5.631306850253182672e-01
-5.529590961516002157e-01
-5.289498513450957562e-01
-4.800931771217075705e-01
-3.943825190733553643e-01
-2.251383818057534625e-01
-1.353606759149677263e-01
-9.814631141702448436e-02
-7.083392507992235243e-02
-5.002417590621757032e-02
-3.436460522536009116e-02
-2.297458786087109087e-02
-1.486933671590343585e-02
-9.276418658491958694e-03
-5.508527422072495919e-03
-3.048234909068225570e-03
-1.494830307286068062e-03
-5.707513474754395731e-04
-7.604257369104195242e-05
2.119275199749694866e-04
-4.212960547884064366e-04
-5.019633770375283872e-04
-5.427000136708910434e-04
-6.095623101146024165e-04
-3.475374053401986650e-04
6.395747959354836044e-04
-2.630590986003153073e-04
-5.418872608339383350e-04
-7.178487064013904960e-04
-1.305966795687266405e-05
-3.724601591986492397e-04
-3.136940836459398878e-04
-7.002906240818004575e-04
-1.574611782226459887e-03
-3.036032647382953375e-03
-5.282370716011468639e-03
-8.582316176555073936e-03
-1.321315604739543154e-02
-1.947591247400815365e-02
-2.754475565041035814e-02
-3.751401486471653973e-02
-4.920474558864677828e-02
-6.248150023147414772e-02
-7.876115660468224755e-02
-1.243230635257477623e-01
-2.233376617405742337e-01
-3.012883774578698493e-01
-3.863841272178178410e-01
-4.646693904382301343e-01
-5.196234583577332700e-01
-5.504537490432491742e-01
-5.623158568339099439e-01
-5.631306879812786326e-01
-5.529591067180809061e-01
-5.289498500241464063e-01
-4.800931748540531729e-01
-3.943825227083304630e-01
-2.251383811159972936e-01
-1.353606724706839237e-01
-9.814630824427439393e-02
-7.083392596721639622e-02
-5.002417925128949810e-02
-3.436460125028002743e-02
-2.297458551137078822e-02
-1.486934413605556227e-02
-9.276419123470294043e-03
-5.508526241585431048e-03
-3.048259887412861288e-03
-1.494998322839099407e-03
-5.717182538299396283e-04
-8.058853210018492605e-05
1.950114146783090319e-04
-3.719968064782324291e-04
-4.223725968505969005e-04
3.222896949955601970e-04
-6.900203753985754626e-04
1.902397947471963632e-04
-5.067140359009040087e-04
-4.578250709943753921e-04
-6.081252184890262921e-04
1.780450655244228224e-04
3.502897968949378891e-04
4.837638412544190548e-04
-1.984711979662513064e-04
-6.353789009681670708e-04
-1.410217508747444413e-03
-2.708346982670273642e-03
-4.676068310176045677e-03
-7.525435202856561867e-03
-1.146233873340834174e-02
-1.667069909722590157e-02
-2.321232994843375544e-02
-3.101079788527100201e-02
-3.978467689726743889e-02
-4.916990752169866918e-02
-5.999705797136668101e-02
-9.196162403585744771e-02
-1.642915046835198845e-01
-2.248315157912545437e-01
-3.053265171051905424e-01
-3.991329318329416842e-01
-4.818394275398907300e-01
-5.366817084178122643e-01
-5.631026985638755145e-01
-5.709458483714348054e-01
-5.638065429043305210e-01
-5.403122839218938989e-01
-4.896356719105962041e-01
-3.995618255786685946e-01
-2.243213495177956429e-01
-1.326098756912479637e-01
-9.481152690677104034e-02
-6.761581835710357702e-02
-4.726226322356703174e-02
-3.217008950469599921e-02
-2.132366084414603208e-02
-1.368931918574453101e-02
-8.473771657597354776e-03
-4.994483466088531567e-03
-2.743293249428045005e-03
-1.334460138004915425e-03
-5.036487986674081279e-04
-6.510728027024840071e-05
1.693282486380809381e-04
-4.147710093934456332e-04
-6.968243344045484805e-05
-5.269917673151110638e-04
-3.480930547313021753e-04
1.505260528933876629e-05
-3.535279325822686435e-04
-4.941456062818660533e-04
7.268286138650988364e-04
5.391775652813286411e-04
5.101120169464265323e-04
-3.270139155433078007e-04
-2.971053476318792652e-04
-6.480049628812012972e-04
-1.413794498353159639e-03
-2.709125374056110900e-03
-4.676210978936902116e-03
-7.525453242403338378e-03
-1.146233965932051506e-02
-1.667069645912067077e-02
-2.321232320526221346e-02
-3.101079049815903127e-02
-3.978468293849479753e-02
-4.916992156213539911e-02
-5.999706030405905360e-02
-9.196161984938996947e-02
-1.642915009253472780e-01
-2.248315148093081861e-01
-3.053265199742563607e-01
-3.991329291244547495e-01
-4.818394232665084709e-01
-5.366817104138356109e-01
-5.631027032473174820e-01
-5.709458537384601851e-01
-5.638065429130335593e-01
-5.403122724026084844e-01
-4.896356639688030365e-01
-3.995618288907467064e-01
-2.243213498795940120e-01
-1.326098707855925818e-01
-9.481152212794516365e-02
-6.761582993279108278e-02
-4.726228249652689867e-02
-3.217008726316179790e-02
-2.132364983662213970e-02
-1.368932084327642226e-02
-8.473776322716260537e-03
-4.994483043713905841e-03
-2.743230186594168649e-03
-1.333861302104299680e-03
-4.996042313938857784e-04
-4.000976015219735493e-05
3.277101617079189108e-04
3.664390580212731493e-04
-7.465424629685042408e-04
-4.896410201262011986e-05
-5.572446011401348829e-04
-5.051610466920618487e-04
-2.861237885275496771e-04
2.190625665221025968e-04
1.193564046834982330e-04
4.779968523123205018e-04
-2.762257596433852018e-04
4.553468037975793052e-04
-1.841043872498971453e-04
-6.312725297355411278e-04
-1.410601001545311881e-03
-2.708525917285653940e-03
-4.676116174684254168e-03
-7.525439833469487090e-03
-1.146233322569523150e-02
-1.667069810500453400e-02
-2.321232510839687374e-02
-3.101078897800203446e-02
-3.978468781354706219e-02
-4.916992510160005103e-02
-5.999705766715286714e-02
-9.196162255556671050e-02
-1.642915056781752425e-01
-2.248315072653878088e-01
-3.053265107300146552e-01
-3.991329306111258135e-01
-4.818394292203538876e-01
-5.366817079853142269e-01
-5.631026937907435137e-01
-5.709458573628581890e-01
-5.638065552407017789e-01
-5.403122714949928351e-01
-4.896356596012567119e-01
-3.995618313185427817e-01
-2.243213488645539322e-01
-1.326098689009961584e-01
-9.481152299344995649e-02
-6.761583086215734728e-02
-4.726228150558402924e-02
-3.217008149834107988e-02
-2.132364952567314398e-02
-1.368932834842843602e-02
-8.473773481992574741e-03
-4.994479851105636942e-03
-2.743265833481692458e-03
-1.334139220090876108e-03
-5.013636954747645877e-04
-4.957122194960358354e-05
2.798726484143710985e-04
2.474256199818349782e-04
-3.903354776475612695e-04
-4.164864538653126119e-04
-5.537778375541264030e-04
-3.910028745337968824e-04
5.587745307666135489e-04
1.222673784703148618e-04
-3.430268294505132293e-04
-2.106622286059842912e-04
3.054761441433459686e-04
-4.172228748086282855e-04
-2.908744754686840581e-04
-5.575219804955701018e-04
-1.178859499896512406e-03
-2.239135243855772551e-03
-3.835665458181947932e-03
-6.121999735879675268e-03
-9.239812086094161339e-03
-1.328963812894905748e-02
-1.826776288459241657e-02
-2.403056276225990634e-02
-3.028678550741867315e-02
-3.663203962465908653e-02
-4.346396340809889625e-02
-6.456888503473041940e-02
-1.132796423483208720e-01
-1.540657396751116959e-01
-2.168783737870940143e-01
-3.079976727498934252e-01
-4.135416381333200664e-01
-5.028967211965253981e-01
-5.553042116057217426e-01
-5.755072319269967096e-01
-5.705986091238536284e-01
-5.415711843374306778e-01
-4.796123094188967650e-01
-3.789378243504324950e-01
-2.048530885569826432e-01
-1.180360475914865870e-01
-8.324720031307965284e-02
-5.889133679418705192e-02
-4.089715602280897394e-02
-2.769204512319260389e-02
-1.825209646191966809e-02
-1.165260834159354345e-02
-7.169748540126880815e-03
-4.201482341597704423e-03
-2.294189848567656110e-03
-1.109360638621971267e-03
-4.145497144985798264e-04
-5.046036302156553440e-05
1.213645773944229761e-04
-6.011585566647578748e-04
4.217200237681605025e-04
-5.190503398546282305e-04
-5.535375391188609865e-04
-7.446822692963190595e-04
4.254210525465397020e-04
3.973510482778482423e-04
1.755675326621755519e-05
-4.392876839668695887e-04
5.157439031911378044e-04
6.011193449012846180e-05
-2.384426862916816110e-04
-5.519972827208542493e-04
-1.178724057233614250e-03
-2.239057718731245986e-03
-3.835596859194650033e-03
-6.121964843790695873e-03
-9.239801114033304244e-03
-1.328963184576859198e-02
-1.826775312877487734e-02
-2.403055380527722648e-02
-3.028679270229076015e-02
-3.663205511383380714e-02
-4.346396524163451819e-02
-6.456888030657138844e-02
-1.132796394712109744e-01
-1.540657393615878501e-01
-2.168783769488448199e-01
-3.079976698914264066e-01
-4.135416318451072271e-01
-5.028967221565039392e-01
-5.553042182970227003e-01
-5.755072400663988619e-01
-5.705986093526198566e-01
-5.415711688431877890e-01
-4.796122986963830548e-01
-3.789378304073970360e-01
-2.048530903083733701e-01
-1.180360410671808941e-01
-8.324719574075037376e-02
-5.889134920786303490e-02
-4.089717301602675131e-02
-2.769204170509201660e-02
-1.825208509244732533e-02
-1.165260755783516927e-02
-7.169752489725814311e-03
-4.201483703999807882e-03
-2.294137800518638703e-03
-1.108854792551635911e-03
-4.110912627373364834e-04
-2.817187245413813141e-05
2.723385937593198760e-04
3.881473826390472196e-04
5.918667578584120136e-04
-3.077190779776341418e-04
-4.604040956991927976e-04
-4.670945916582557381e-04
3.766745554831391605e-04
3.376498583377302433e-04
-7.040204575278375277e-04
-1.012543200957853032e-05
-5.410414602016777900e-04
3.564211429209038391e-04
-1.721235511713279710e-04
-5.391700149542785411e-04
-1.174779645372927986e-03
-2.238046311422820737e-03
-3.835358013253390656e-03
-6.121907735848005142e-03
-9.239782236851637465e-03
-1.328962696351895963e-02
-1.826775390061264812e-02
-2.403055624665173876e-02
-3.028679847361647956e-02
-3.663205712298266831e-02
-4.346396247882743785e-02
-6.456888402091744139e-02
-1.132796453747063614e-01
-1.540657295623898693e-01
-2.168783641429835873e-01
-3.079976719661483009e-01
-4.135416409703823182e-01
-5.028967213062225383e-01
-5.553042083669451623e-01
-5.755072424575402579e-01
-5.705986226233359382e-01
-5.415711702849568265e-01
-4.796122936835628403e-01
-3.789378293618846927e-01
-2.048530847641585328e-01
-1.180360374046576649e-01
-8.324720005792660138e-02
-5.889135275450332885e-02
-4.089717153545552319e-02
-2.769203740338946340e-02
-1.825208850771823862e-02
-1.165261548876010515e-02
-7.169746464632062270e-03
-4.201478152013396472e-03
-2.294181796491672701e-03
-1.109257974092729433e-03
-4.141184693028035360e-04
-4.926407313872673184e-05
1.211420349225467743e-04
-7.047267136833949624e-04
3.437938728956465044e-04
-4.371857583578202082e-04
2.111773138753521425e-04
4.090609672896372670e-04
5.353951619171703515e-04
-7.119479070476788206e-04
3.621084121437517268e-04
3.621826496188504212e-04
5.143807134609152841e-04
-5.100038529173925046e-04
-2.568912972644622631e-04
-4.218010953263743668e-04
-8.730424640015074442e-04
-1.637040557649612448e-03
-2.783571559798333865e-03
-4.412580255889941329e-03
-6.612577155039396810e-03
-9.431817642647130281e-03
-1.284374992498101865e-02
-1.671370341774160856e-02
-2.081346186502640999e-02
-2.482675268827356022e-02
-2.892077100893453850e-02
-4.197125542932699654e-02
-7.209707201653239861e-02
-9.610696392120141041e-02
-1.364889541390881256e-01
-2.049657744834371409e-01
-3.063126096121080444e-01
-4.230555082818188151e-01
-5.142339132577609107e-01
-5.573761093745137618e-01
-5.546584633955161658e-01
-5.112041317485274128e-01
-4.280656460443986178e-01
-3.181996662827842881e-01
-1.634123687360780897e-01
-9.147901091820427599e-02
-6.367344325714975606e-02
-4.479232216965905317e-02
-3.096378245369351204e-02
-2.090553025716090224e-02
-1.372616989496354932e-02
-8.730570568647977661e-03
-5.347245362716542168e-03
-3.119791435531733305e-03
-1.695664727908778981e-03
-8.158428733284454762e-04
-2.986500155973384929e-04
-6.610214177743595733e-06
2.789144046343537534e-04
6.771465984774493454e-04
4.196784308493936539e-05
6.399494016210811268e-04
6.274411436106643340e-04
4.428461419875688327e-04
-8.806565234125804278e-05
-7.335501287459951156e-04
-5.423161727411881508e-04
3.420873700465246517e-04
1.576996907618351512e-04
-5.084161276106700022e-04
-2.451278755568129099e-04
-4.183266859475655189e-04
-8.687798447264189925e-04
-1.635541395166685303e-03
-2.783093342319150395e-03
-4.412433474595117873e-03
-6.612536954877000842e-03
-9.431802772602996751e-03
-1.284373592081557679e-02
-1.671369269406876648e-02
-2.081346979400197292e-02
-2.482676923393137280e-02
-2.892077275449436713e-02
-4.197125034481233308e-02
-7.209706940029950162e-02
-9.610696373347864252e-02
-1.364889573995008987e-01
-2.049657718643120852e-01
-3.063126018335385892e-01
-4.230555083585466614e-01
-5.142339222670728738e-01
-5.573761211478464039e-01
-5.546584652586485920e-01
-5.112041127344286728e-01
-4.280656313050291151e-01
-3.181996734284240347e-01
-1.634123713313050397e-01
-9.147900260758935753e-02
-6.367343844289112542e-02
-4.479233482215628365e-02
-3.096379768374329933e-02
-2.090552732694454796e-02
-1.372615984325025774e-02
-8.730568105253031300e-03
-5.347247737537780266e-03
-3.119794570330280351e-03
-1.695646553177383112e-03
-8.156973461136377435e-04
-2.983442188400600346e-04
-1.065072507223304994e-05
2.042650038811434773e-04
-1.532415503760883239e-04
6.517202194478766738e-05
-6.357880517372200635e-04
6.285199712150623839e-04
3.215016439943056063e-04
5.749054912551946304e-04
5.315124729606869342e-04
-2.251796242247525290e-04
-5.798934564985515783e-04
5.356529456356356198e-04
2.831780798929484631e-04
-1.323944004219956166e-04
-4.015620342616229460e-04
-8.645826029369168891e-04
-1.634601647666878961e-03
-2.782894147019556851e-03
-4.412390328394705068e-03
-6.612522148016515729e-03
-9.431796233915934469e-03
-1.284373670907858200e-02
-1.671369847049098550e-02
-2.081347556334580892e-02
-2.482676901520152954e-02
-2.892076926585351870e-02
-4.197125425997131482e-02
-7.209707569064989496e-02
-9.610695224427258376e-02
-1.364889434780242050e-01
-2.049657777926743585e-01
-3.063126166947031659e-01
-4.230555101256467387e-01
-5.142339112031159010e-01
-5.573761197836863968e-01
-5.546584753809385981e-01
-5.112041128448346905e-01
-4.280656239920803130e-01
-3.181996707674194513e-01
-1.634123666217351944e-01
-9.147900285042136204e-02
-6.367344822698910167e-02
-4.479233904288293378e-02
-3.096379237353371131e-02
-2.090552183004329434e-02
-1.372616526751511620e-02
-8.730576293503912455e-03
-5.347240907993074457e-03
-3.119787195336540513e-03
-1.695658220342164280e-03
-8.157900923922886379e-04
-2.988950552088259316e-04
-1.297561140985359332e-05
2.002748075634212322e-04
1.434522533485359077e-05
9.318190437990359488e-05
4.663624730600468690e-04
4.044618021056074677e-04
3.300879205337991563e-04
-4.563119942773294032e-04
4.002761473079056477e-04
6.289301205407362306e-04
3.353507209260687808e-04
5.203877433401781242e-04
-3.236451962677082173e-05
-8.419038033109140103e-05
-2.270807589624679876e-04
-4.978462334747559438e-04
-9.272338402986393365e-04
-1.565961824190679292e-03
-2.468123548916625280e-03
-3.678722111772145947e-03
-5.217073116815492198e-03
-7.060915757808430664e-03
-9.128007256855998758e-03
-1.128774766554429577e-02
-1.336485507820297895e-02
-1.541512931331746189e-02
-2.203125242255067964e-02
-3.711516805672760572e-02
-4.845024609803622734e-02
-6.851306457787068038e-02
-1.060954077698873510e-01
-1.720464388352164198e-01
-2.721174982011170806e-01
-3.835272992811539217e-01
-4.547431526784764255e-01
-4.550181515518566533e-01
-3.931737667674155556e-01
-2.986034507972787910e-01
-2.044666657539606636e-01
-9.942543173582091276e-02
-5.413138749098281993e-02
-3.716601594716079093e-02
-2.599940615869357832e-02
-1.789340743991473665e-02
-1.205393473990113221e-02
-7.890841260010200003e-03
-5.005714751541443311e-03
-3.055194809160671418e-03
-1.776428429760398961e-03
-9.617412121755466699e-04
-4.609494044412156466e-04
-1.693009950140008757e-04
-1.909732697366180675e-05
1.569462068479052707e-05
-6.543738267693908822e-04
2.409733772329122371e-04
4.395632858692391618e-04
7.025814166012185570e-04
4.985163003166707919e-04
-1.721881330117981483e-04
-4.614787127196146380e-04
-6.718096276315142432e-04
-1.846851365547190005e-04
5.066571861587244874e-04
6.203015489118261176e-04
-6.681014873149674238e-06
-2.163539515476206663e-04
-4.898649844068965042e-04
-9.246376471753123272e-04
-1.565174517535227686e-03
-2.467890434880104511e-03
-3.678658806383422290e-03
-5.217052356237076964e-03
-7.060899505505597272e-03
-9.127995633378627183e-03
-1.128775534850472509e-02
-1.336487092952029672e-02
-1.541513027752618170e-02
-2.203124730795709765e-02
-3.711516674963128565e-02
-4.845024720317395867e-02
-6.851306823861151585e-02
-1.060954045388394634e-01
-1.720464278078361053e-01
-2.721174950499716805e-01
-3.835273097538198228e-01
-4.547431686054706490e-01
-4.550181548029217371e-01
-3.931737434830744338e-01
-2.986034328343359912e-01
-2.044666749486557522e-01
-9.942543701567320424e-02
-5.413137989832118163e-02
-3.716601203815459581e-02
-2.599941858058595068e-02
-1.789342068843300521e-02
-1.205393263316504281e-02
-7.890832943265041130e-03
-5.005711055146295878e-03
-3.055195786231737834e-03
-1.776430729648352221e-03
-9.617061941129022903e-04
-4.605807230823040326e-04
-1.665360059884549908e-04
8.690177069126908373e-07
1.672089539525045438e-04
4.953938482839642362e-04
-4.750701409461086967e-04
-6.720418499201860543e-04
-1.915967443956578735e-05
2.665929223485404378e-04
5.925987203295156065e-04
7.458051393926430910e-05
7.485283924161892106e-04
2.473092541990124795e-05
3.764362014711088514e-04
6.660007753643534855e-04
1.676599546343146612e-05
-2.112393012552849880e-04
-4.903337724000938862e-04
-9.249646492833154968e-04
-1.565305805976601339e-03
-2.467933717022843289e-03
-3.678667633141774734e-03
-5.217050906601520405e-03
-7.060902267112701726e-03
-9.128004296733159204e-03
-1.128776059876425604e-02
-1.336486860136769719e-02
-1.541512646832145748e-02
-2.203125170340924227e-02
-3.711517309480222987e-02
-4.845023293747661303e-02
-6.851305157865419937e-02
-1.060954124999033549e-01
-1.720464467379606566e-01
-2.721175000488442186e-01
-3.835272993226747640e-01
-4.547431638435920354e-01
-4.550181613631147926e-01
-3.931737427341246982e-01
-2.986034250914770261e-01
-2.044666714230966298e-01
-9.942543217862685745e-02
-5.413138264507179331e-02
-3.716602624112030906e-02
-2.599942355265747254e-02
-1.789341208613173459e-02
-1.205392609131218304e-02
-7.890839360940043665e-03
-5.005718082260829371e-03
-3.055188301632877010e-03
-1.776422305254347998e-03
-9.616882793634827986e-04
-4.604206283643033659e-04
-1.653979669424818016e-04
8.364611449582560308e-06
2.147029519778805506e-04
5.081056849592274815e-04
-4.831317074386161305e-04
2.945768598954384438e-04
1.425172869608734301e-04
-4.153939361165261590e-04
-3.550600306250275033e-04
-3.297580231187990669e-04
2.306102408355112385e-05
-2.207583376226465450e-04
-2.163100763083771730e-04
-4.257659334782439627e-04
-6.177300574824051303e-05
-3.819445928948167121e-05
-9.684095622720348580e-05
-1.582726514843135908e-04
-2.525723383919079262e-04
-3.872523885923420455e-04
-5.680987782983833775e-04
-7.972057580478550051e-04
-1.070812423796354976e-03
-1.376187319608808890e-03
-1.693892009419982383e-03
-1.998215610891510789e-03
-2.296584438243477917e-03
-3.263582289936621701e-03
-5.455609877758108538e-03
-7.069706542801259923e-03
-1.000480045848538627e-02
-1.574315030776454044e-02
-2.657685858813276306e-02
-4.518131399245446655e-02
-7.034512588658579924e-02
-9.007403494083292272e-02
-9.062058795913675857e-02
-7.401693651778598615e-02
-5.238336639040924031e-02
-3.404618920667509818e-02
-1.597072840052565779e-02
-8.514256685642781694e-03
-5.773886661268034896e-03
-4.011943803244803590e-03
-2.746220834738030171e-03
-1.842044338870698359e-03
-1.199595665044377989e-03
-7.562837464845881827e-04
-4.576299985972860575e-04
-2.628710693609985776e-04
-1.396316255097128248e-04
-6.489887115932627766e-05
-2.423013712308020088e-05
-1.789292601502027994e-05
-1.071003052643562745e-04
-5.485109492652172044e-04
4.076647435184123846e-04
2.909782395778584790e-04
2.521806292511933755e-04
-5.913713772325339879e-04
5.242241373338242180e-04
-3.645070127455692739e-04
-7.265997117827355896e-04
-5.458751000231228416e-04
-7.513295189834950840e-04
-4.890375824222037817e-04
-5.183859058528092988e-05
-3.369282877374924937e-05
-9.151728695558777546e-05
-1.561418676233871652e-04
-2.518377267273277107e-04
-3.870157080688096875e-04
-5.680306522644733031e-04
-7.971834170265599054e-04
-1.070795766948411717e-03
-1.376176021895543326e-03
-1.693899750676293491e-03
-1.998230798892334809e-03
-2.296585180497474465e-03
-3.263577648867060053e-03
-5.455610016684263840e-03
-7.069708953956838939e-03
-1.000480468636790778e-02
-1.574314668129898551e-02
-2.657684429184977229e-02
-4.518130731612836348e-02
-7.034513730870810277e-02
-9.007405508713789422e-02
-9.062059307208231163e-02
-7.401691142104331600e-02
-5.238334842082816717e-02
-3.404620162185215820e-02
-1.597073718311404697e-02
-8.514250330946349435e-03
-5.773882037642984362e-03
-4.011953064277789215e-03
-2.746230277362832900e-03
-1.842042543113364727e-03
-1.199589038660324328e-03
-7.562787475079168781e-04
-4.576292740629664727e-04
-2.628742705727845730e-04
-1.396197853590673901e-04
-6.474828588989039904e-05
-2.314944758422261936e-05
-1.082418130869759687e-05
-6.169830229015349824e-05
-2.317484116933768629e-04
5.435108861201661543e-04
-2.793752737298126347e-04
-2.677360864650054294e-04
-1.508530868878215909e-04
7.185692065095731790e-04
3.696053029281683448e-04
-4.625929174438546160e-04
-7.122583272627858912e-04
-4.610233619109423164e-04
-4.723030818898225403e-04
-5.379728184561713720e-05
-3.487822602672611077e-05
-9.472219700917837209e-05
-1.573701311819641555e-04
-2.522401251216820962e-04
-3.871368374424104491e-04
-5.680619354727042044e-04
-7.971876168196692170e-04
-1.070800892145334395e-03
-1.376187578937358626e-03
-1.693905268320820964e-03
-1.998227644996647661e-03
-2.296581874799023815e-03
-3.263582753579964170e-03
-5.455616415728785536e-03
-7.069692077846931842e-03
-1.000478485284963734e-02
-1.574315451789328954e-02
-2.657686375777509533e-02
-4.518131303734788939e-02
-7.034512785750729469e-02
-9.007404915874452078e-02
-9.062060035273854230e-02
-7.401691395075919722e-02
-5.238334179938938101e-02
-3.404619532990667274e-02
-1.597072950654241166e-02
-8.514253233502558707e-03
-5.773899204917853391e-03
-4.011958995182702235e-03
-2.746219638809337723e-03
-1.842035956834684515e-03
-1.199596235804036059e-03
-7.562839829752910715e-04
-4.576209141758104089e-04
-2.628655863166515726e-04
-1.395897271127315370e-04
-6.448774732217358034e-05
-2.129097143314203470e-05
1.973469289375486864e-06
2.969776326753039374e-05
2.371353434187765963e-04
6.259758299912451893e-04
-7.111000387419872575e-04
-5.481964744263026403e-04
-4.048613691161621268e-04
-4.245302888198025496e-04
4.415141525016947591e-04
-3.207631906979123817e-04
-2.278716798811037411e-04
6.972803410615216815e-04
-1.533343998260534836e-04
8.863358958822857049e-05
1.778192060267286766e-04
3.231999183322513684e-04
6.253610428824755161e-04
1.077540549647841659e-03
1.715290211484862132e-03
2.569908881972865922e-03
3.654370554137476457e-03
4.951791033486960258e-03
6.403508997539059631e-03
7.916493037348639947e-03
9.368106372023220565e-03
1.079192524777393934e-02
1.538118209039589408e-02
2.579228547160239762e-02
3.351341079463782124e-02
4.734108661238407845e-02
7.385580120471317567e-02
1.221888613330696371e-01
2.004840962238440827e-01
2.969159747794241633e-01
3.653997340754864820e-01
3.664104810537787693e-01
3.078707014747707471e-01
2.256416131696712679e-01
1.505357433477378659e-01
7.201313019533421567e-02
3.887769828976472136e-02
2.657931040538949116e-02
1.856531255064580374e-02
1.276831932319017621e-02
8.604270498855053420e-03
5.636555594929228835e-03
3.580924204569045817e-03
2.190577915901768900e-03
1.278687565957789887e-03
6.970058143605802710e-04
3.390121229239853617e-04
1.310525110883401249e-04
2.796298563394478611e-05
2.056481774604506112e-05
4.965833989517551891e-04
-6.011353523481754134e-04
4.969933681064060238e-05
2.617328891823146185e-04
-1.475441638285196477e-04
4.448731507262844074e-04
3.531850316757043236e-04
-5.813364152413849021e-04
2.942009644885682168e-04
5.982018272550764263e-04
5.432743394852397817e-04
1.877077029694263865e-04
1.932241980138030052e-04
3.320790600855237315e-04
6.282944648174035871e-04
1.078451288060057163e-03
1.715566957307722209e-03
2.569986361963571327e-03
3.654394116826914941e-03
4.951807125037049201e-03
6.403519641522554574e-03
7.916486273509574720e-03
9.368093470665833644e-03
1.079192582554095933e-02
1.538118708814416834e-02
2.579228466074798276e-02
3.351340746065156057e-02
4.734108139055164671e-02
7.385580327412429036e-02
1.221888754604908839e-01
2.004841033353587376e-01
2.969159628844234011e-01
3.653997141915205638e-01
3.664104761091884210e-01
3.078707256874868015e-01
2.256416314645645904e-01
1.505357316300610371e-01
7.201312013866081885e-02
3.887770254321303715e-02
2.657931438843277178e-02
1.856530578867048725e-02
1.276831274946305453e-02
8.604270972875490905e-03
5.636560149602522739e-03
3.580930710623421182e-03
2.190581030734768501e-03
1.278683643630282828e-03
6.969809087846004546e-04
3.388142985551940208e-04
1.295458057118989263e-04
1.715977579989728783e-05
-5.922323815844921169e-05
1.670629145089241416e-05
-1.589091558227989247e-05
2.001985263034578022e-04
-4.776986567978022680e-04
2.024251977329462554e-04
-4.620110170443761832e-04
5.199534242882599896e-04
-6.629902999658973022e-04
5.698109686556668751e-04
-6.488495984437872089e-04
-6.781878125946529058e-05
1.009675280669653153e-04
1.801079426703561779e-04
3.248281753787398926e-04
6.260202904238200026e-04
1.077782041076283870e-03
1.715376847158528884e-03
2.569936037119334611e-03
3.654385095703156783e-03
4.951800891986873378e-03
6.403507519240647997e-03
7.916482497184644876e-03
9.368098750975271602e-03
1.079192940815829234e-02
1.538118153163098821e-02
2.579227747324635417e-02
3.351342415793897439e-02
4.734110101021344469e-02
7.385579393970127804e-02
1.221888550700433729e-01
2.004840972419674738e-01
2.969159723338833379e-01
3.653997237180595659e-01
3.664104730955192735e-01
3.078707212524096071e-01
2.256416341755776434e-01
1.505357367919094025e-01
7.201312857316066740e-02
3.887770017085876578e-02
2.657929618799967711e-02
1.856529970116768333e-02
1.276832489165963085e-02
8.604277197824930501e-03
5.636552463665776315e-03
3.580926718032376079e-03
2.190588967219699555e-03
1.278690198829145284e-03
6.969970817796391398e-04
3.389249360722066686e-04
1.299828614522968695e-04
1.729650517957249576e-05
-8.011813467581849224e-05
-3.297693362208992595e-04
2.968610244530106774e-04
4.088770797318763564e-04
1.001676527482183972e-04
4.036139242340899087e-04
-5.119749928562139117e-04
4.085912894366685124e-04
-3.617993145221338656e-04
-1.056682779187353668e-04
6.395994935686920204e-04
-5.968854585736776356e-04
1.332724808424059929e-04
3.653246798426686929e-04
7.129513062114264119e-04
1.363992791663436047e-03
2.338839887096596810e-03
3.720485067039999792e-03
5.581873504233594331e-03
7.959416754639181413e-03
1.082560258454216308e-02
1.406090830899204419e-02
1.746834914006084247e-02
2.077827444279645858e-02
2.410873847720880134e-02
3.478736526130412482e-02
5.934534320016497666e-02
7.849069105203274055e-02
1.113373876685466030e-01
1.693316656848243562e-01
2.612952191912688571e-01
3.791953236496773960e-01
4.835290877632620887e-01
5.380292146731200376e-01
5.363081249276405726e-01
4.852197210389851967e-01
3.941165299884317186e-01
2.849243963938969948e-01
1.435004243553266723e-01
7.953259116677183216e-02
5.510638386640394348e-02
3.870367048227388307e-02
2.672423372318449841e-02
1.803873701464557902e-02
1.183994381029946155e-02
7.531616203807054225e-03
4.614305052301276126e-03
2.695354005947241463e-03
1.468741615138861043e-03
7.116174381934216525e-04
2.703307723123200487e-04
4.430347686956098241e-05
-5.227167553548502159e-05
3.778178777646482565e-04
5.352244360631348711e-04
-6.101216978042299077e-04
-1.686026076112924531e-04
-2.948515282710629615e-04
-1.415937182189179846e-04
-2.979825750616805873e-04
-1.562466520808858915e-04
6.429504453862176956e-04
5.068363628816589502e-04
3.231005986697553099e-04
2.571099897767448249e-04
3.834655980858803974e-04
7.226018901468847120e-04
1.367021311675693232e-03
2.339746274784701690e-03
3.720753933436644206e-03
5.581947306975938890e-03
7.959438283783834209e-03
1.082561754269841491e-02
1.406091877806371453e-02
1.746834461720599141e-02
2.077826466182673346e-02
2.410873979635904524e-02
3.478736936781881561e-02
5.934534060966334401e-02
7.849068623622808272e-02
1.113373819837117640e-01
1.693316674289224721e-01
2.612952338761213023e-01
3.791953316029008647e-01
4.835290769605908312e-01
5.380291967112390550e-01
5.363081197851650161e-01
4.852197408532443190e-01
3.941165463228702981e-01
2.849243869922429839e-01
1.435004152794147336e-01
7.953259416323843478e-02
5.510638746810266747e-02
3.870366659164758277e-02
2.672422991414320076e-02
1.803873559030681750e-02
1.183994544540245900e-02
7.531622800484839841e-03
4.614309171675080867e-03
2.695349805705370139e-03
1.468702554308660285e-03
7.113160517929927778e-04
2.684015818283598314e-04
3.346554711409324608e-05
-1.096023423911961366e-04
2.029858824036074943e-04
-1.632947899706339639e-04
2.403356885758981996e-04
-2.031485120153468963e-04
-2.136704576824192047e-04
-2.794269074060699246e-04
-2.181134202419779660e-04
-4.663605991414335964e-04
-2.073781533255966637e-04
-2.969396625313238812e-04
-5.361653690528966551e-04
1.459948830569188596e-04
3.681165978525267998e-04
7.149213352610621656e-04
1.364678321090722398e-03
2.339066206281773235e-03
3.720561188035791632e-03
5.581894585577092463e-03
7.959428155107846001e-03
1.082561136022728090e-02
1.406090693655630275e-02
1.746834239041501063e-02
2.077827088036614603e-02
2.410874244556471604e-02
3.478736338903733183e-02
5.934533411366497979e-02
7.849070347093480005e-02
1.113374017266313964e-01
1.693316578487503443e-01
2.612952132301246677e-01
3.791953241112204775e-01
4.835290844700175228e-01
5.380292084889346516e-01
5.363081218705910702e-01
4.852197364712840799e-01
3.941165452132064373e-01
2.849243884285436179e-01
1.435004211211562408e-01
7.953259116770826365e-02
5.510636916136425756e-02
3.870366111867989262e-02
2.672424377373814469e-02
1.803874232902136568e-02
1.183993855720066012e-02
7.531620003325376587e-03
4.614315521264602572e-03
2.695354536554159242e-03
1.468724953377318959e-03
7.115115569926203868e-04
2.697170222049079355e-04
4.210386119512783096e-05
-4.821248213174589563e-05
4.520428477211871853e-04
4.796648961248063388e-04
-6.897638733580277459e-04
-4.608930753136078148e-04
4.395491585101536950e-04
-3.815442832661762942e-04
5.630977158027668651e-05
-4.809901955769206941e-04
-2.360399084801373718e-04
-1.304552050128265906e-04
3.021423581816233398e-04
3.159178370951915352e-04
5.374405670570362326e-04
1.062478842323365084e-03
2.015262987747026401e-03
3.458446804835087034e-03
5.522968045469013598e-03
8.329580149636559711e-03
1.195718543202375743e-02
1.638954280570843400e-02
2.147954518685268183e-02
2.695088354141676051e-02
3.241961860504417869e-02
3.818071430532251481e-02
5.619593029537680445e-02
9.785540770964780422e-02
1.323055663794719117e-01
1.873638044565536509e-01
2.724015207712239817e-01
3.804589866970778944e-01
4.819390414086032193e-01
5.467251475022282259e-01
5.732176154856529759e-01
5.690264853957847091e-01
5.363605305760738018e-01
4.680629980060783124e-01
3.632118568497283428e-01
1.930278645482226274e-01
1.101061503662538188e-01
7.729814537074092273e-02
5.457326229041388477e-02
3.784205516584706469e-02
2.560176668670018432e-02
1.685774307148647094e-02
1.075452195758384681e-02
6.612788067968531497e-03
3.874894740730332795e-03
2.117256898967463056e-03
1.025419784436892466e-03
3.820920623313167576e-04
3.371503108051455728e-05
-1.899611551003863572e-04
3.365775900717395846e-04
5.906405482722098827e-04
3.914372996414725633e-04
-1.644530253233956216e-04
5.699916072536153917e-04
3.515199108675614507e-04
-1.606161107285146634e-04
4.799294512286790743e-04
-5.014676161548565353e-04
-1.805213705207222056e-04
2.841687795969793191e-04
3.276110584958443492e-04
5.414351596907426671e-04
1.066317561615745231e-03
2.016812410523948374e-03
3.458990047652742757e-03
5.523147320912026939e-03
8.329631138515314337e-03
1.195720009660758767e-02
1.638955484839253046e-02
2.147955427366933165e-02
2.695088047599604464e-02
3.241961104984673187e-02
3.818071518647752488e-02
5.619593299804757913e-02
9.785540402589630593e-02
1.323055614201412711e-01
1.873638001942394549e-01
2.724015237028429293e-01
3.804590026383752321e-01
4.819390518311456040e-01
5.467251387597671375e-01
5.732175973489301857e-01
5.690264782136256194e-01
5.363605446275014899e-01
4.680630097782930710e-01
3.632118494153553923e-01
1.930278575956770049e-01
1.101061529658747540e-01
7.729814905054342711e-02
5.457326192342940724e-02
3.784205515922411250e-02
2.560176454898660178e-02
1.685774239995272913e-02
1.075452794131173846e-02
6.612791888070751294e-03
3.874889529169551778e-03
2.117208592797438938e-03
1.025039664244236379e-03
3.795871498740158905e-04
1.853853289861478684e-05
-2.827692436235682482e-04
-6.520838177428884836e-05
-5.893183548596527552e-04
4.918501479567374129e-04
4.593058711760691307e-04
-1.693583570877192168e-04
-3.500486156135690667e-04
-7.042547644115617960e-04
-8.601323626621356169e-05
4.206352474206806100e-04
-4.188647231751901619e-04
4.970809610160213231e-04
3.575427174284999897e-04
5.447671362631331931e-04
1.064118871055628850e-03
2.015790556393285554e-03
3.458625793259154004e-03
5.523030028906520360e-03
8.329595320667675107e-03
1.195719376239462450e-02
1.638954993371996571e-02
2.147954268067554101e-02
2.695087885378373918e-02
3.241961709020276666e-02
3.818071634616831966e-02
5.619592701849108335e-02
9.785539919385213836e-02
1.323055792181118129e-01
1.873638202579814283e-01
2.724015158703930184e-01
3.804589843799631166e-01
4.819390430710323026e-01
5.467251418453030753e-01
5.732176077146703408e-01
5.690264813854500892e-01
5.363605397595517799e-01
4.680630082979608253e-01
3.632118510041282833e-01
1.930278624549300048e-01
1.101061502357993105e-01
7.729813122688372617e-02
5.457325629703832504e-02
3.784206951614790121e-02
2.560177186239157021e-02
1.685773705989088156e-02
1.075452633743024730e-02
6.612796211836188993e-03
3.874892151534843707e-03
2.117230937300824088e-03
1.025224238436654679e-03
3.806488293212537382e-04
2.369882307535083846e-05
-2.609339657390652456e-04
-1.415643373388108584e-04
3.469400933149620488e-04
-7.033218840159304692e-04
-4.562423248140366565e-04
-6.110740060097309863e-04
6.388567174850780066e-05
-1.073729607826637701e-04
4.509459687617347451e-04
-1.435068013358253099e-04
-6.945226473429192207e-04
-4.319191920932150962e-04
2.361603624967563691e-04
6.256229010155638570e-04
1.323418091604415710e-03
2.534752826378266957e-03
4.377494187555577843e-03
7.039676754947292101e-03
1.070231981891145434e-02
1.551590633420829937e-02
2.151400343443593544e-02
2.858611275343201502e-02
3.643757293114988777e-02
4.467114366654626606e-02
5.394376752595735069e-02
8.178417166109837322e-02
1.453632338283092906e-01
1.989229150984413996e-01
2.743486066680896895e-01
3.697151232328677595e-01
4.620193732773926198e-01
5.280470354018138579e-01
5.620611211291781650e-01
5.735400613248139434e-01
5.672303115909136384e-01
5.424421976949318491e-01
4.889139063481023340e-01
3.957379043098167570e-01
2.197886552430372009e-01
1.289016677322366577e-01
9.173683473057617221e-02
6.522733461417540290e-02
4.548405653159305617e-02
3.090049295102211685e-02
2.044424914334417101e-02
1.310354331291450902e-02
8.099512327830751812e-03
4.769345394663795923e-03
2.618102283744448266e-03
1.271679483178566336e-03
4.722827870716057278e-04
3.558578355567917434e-05
-2.409430991022772745e-04
2.409706547347509450e-04
-4.459689016971433669e-04
6.665629140944263377e-04
-4.344918534120945303e-04
4.226996034309040535e-04
3.966712671378590585e-04
-7.301287749541297573e-04
-2.726805718789525302e-04
-3.795304629903340529e-04
-7.394466797386613482e-04
-3.904772871906095322e-04
2.437665349051951398e-04
6.276040259579851411e-04
1.326492324188070998e-03
2.535946598465208240e-03
4.377902474123298270e-03
7.039810006556225692e-03
1.070235559947515028e-02
1.551591494011815564e-02
2.151401170044853900e-02
2.858611943211976369e-02
3.643757126862394446e-02
4.467113923045080287e-02
5.394376964682177228e-02
8.178417562142166475e-02
1.453632317943339691e-01
1.989229114177279989e-01
2.743486041666255426e-01
3.697151250727123695e-01
4.620193853491981195e-01
5.280470446333919154e-01
5.620611136813595810e-01
5.735400448459511136e-01
5.672303056311683855e-01
5.424422085656898096e-01
4.889139144140206006e-01
3.957378988363227101e-01
2.197886502692446842e-01
1.289016696335764378e-01
9.173683740228361083e-02
6.522733621617576860e-02
4.548405925381190928e-02
3.090048990465002129e-02
2.044424624221130582e-02
1.310354838584620353e-02
8.099515661272751674e-03
4.769340390731579421e-03
2.618058903786466170e-03
1.271341143252337777e-03
4.700789886956572130e-04
2.223973966702718708e-05
-3.230159012073521895e-04
6.958112897438187099e-05
-4.705669008647412103e-04
2.277553944174159949e-04
-9.824777264859641251e-05
4.714793096604602681e-04
1.620546847182557178e-04
4.896395258341931832e-04
6.231781334009776040e-04
-3.411525547139609114e-04
-2.870521526126795894e-04
4.929497983151286426e-04
3.427627588403019923e-04
6.382893737037258425e-04
1.327358261940513170e-03
2.535729816603078581e-03
4.377749920569402181e-03
7.039749026369060241e-03
1.070233387955710387e-02
1.551591266298321670e-02
2.151400889518343199e-02
2.858610887685763408e-02
3.643757089419610157e-02
4.467114597046983188e-02
5.394377021330158672e-02
8.178416979697347711e-02
1.453632271219772176e-01
1.989229263610024501e-01
2.743486210549677118e-01
3.697151183115530149e-01
4.620193709764966461e-01
5.280470360064264401e-01
5.620611135666517821e-01
5.735400544072523088e-01
5.672303092377229961e-01
5.424422026894091253e-01
4.889139131130781357e-01
3.957379010241919848e-01
2.197886548018868902e-01
1.289016689084279965e-01
9.173682224195019164e-02
6.522733071118620718e-02
4.548407239606414715e-02
3.090049641600227728e-02
2.044424192554903513e-02
1.310354751882356929e-02
8.099517961590432802e-03
4.769341959473948935e-03
2.618090931067591082e-03
1.271610671303977308e-03
4.717381692083705432e-04
3.121036562768657541e-05
-2.770069593195638338e-04
-1.718722724383049314e-04
-6.056394435699964272e-04
2.129923561894587699e-04
4.855566823510771689e-04
4.972901409045777776e-04
-4.056158460099155635e-04
-5.313587879667654081e-04
3.510496332020363020e-04
5.339643002766816110e-04
-4.063582440227220607e-04
2.885026960969287930e-04
2.995890471626102506e-04
6.834309563601183302e-04
1.497232720472997268e-03
2.905963598893805764e-03
5.064715791250010840e-03
8.220327207724299062e-03
1.262422402896573419e-02
1.853376295426840265e-02
2.607846222636952399e-02
3.528195063713061852e-02
4.591685245790388253e-02
5.774632982942115578e-02
7.196779034823533316e-02
1.125222267895364392e-01
2.020927202981050441e-01
2.746956000343440674e-01
3.600018087129236988e-01
4.451262602483601061e-01
5.093506594473941052e-01
5.472725182779270003e-01
5.631341152345205048e-01
5.658822920881604324e-01
5.569561007662354735e-01
5.339748903079521991e-01
4.856364030722571390e-01
3.991407734773030347e-01
2.270098856942748267e-01
1.358053349114020092e-01
9.797215297162546743e-02
7.037910882369993737e-02
4.950274868204340012e-02
3.388527712511248818e-02
2.258393058702719974e-02
1.457694910711510548e-02
9.073517492458157280e-03
5.378437825871239253e-03
2.971528015798072242e-03
1.451977663190768056e-03
5.415034860665500016e-04
3.517710425230845175e-05
-3.244072397498556828e-04
-1.326967980162617868e-04
6.560275991145951731e-04
4.019012065042583274e-04
-5.328544152872774714e-04
6.928975830816373792e-04
4.702393449304417209e-05
5.970275643985942411e-04
6.151960469039823628e-04
-4.479490377590554886e-04
5.745635021388159278e-04
5.451157137690039586e-04
3.339212537004165133e-04
6.881393464587590809e-04
1.500433966426047280e-03
2.907013451641669768e-03
5.065039117915368788e-03
8.220425487364884515e-03
1.262424730499284338e-02
1.853376681044993299e-02
2.607846747544027843e-02
3.528195544077390028e-02
4.591685271911665617e-02
5.774632847763495197e-02
7.196779287091961685e-02
1.125222307399767058e-01
2.020927180248513200e-01
2.746955951680492003e-01
3.600018055465931122e-01
4.451262589581727602e-01
5.093506671486937032e-01
5.472725277304175684e-01
5.631341106184217793e-01
5.658822786984992748e-01
5.569560975980261119e-01
5.339748994537739657e-01
4.856364087513412309e-01
3.991407705735030009e-01
2.270098829310877864e-01
1.358053361399955694e-01
9.797215395960853779e-02
7.037911137832990327e-02
4.950275330442492627e-02
3.388527277545509697e-02
2.258392496413668543e-02
1.457695244521649801e-02
9.073520096635173671e-03
5.378434346970625488e-03
2.971500442908350369e-03
1.451775854595252187e-03
5.403647166058991782e-04
2.949744153114198288e-05
-3.518100217795989927e-04
-1.141204685497919949e-04
2.652978505587171585e-04
2.558373368296320270e-04
8.701187357002433947e-05
3.769844765643445947e-04
-4.923667426471172457e-04
4.265310793390381192e-04
-3.079039744967534704e-04
4.476276359651657042e-04
-4.110235382311695383e-04
-6.765559400126956290e-04
1.853381408102651744e-04
6.692799295761907080e-04
1.494608815789365665e-03
2.905597445485209266e-03
5.064699645094557397e-03
8.220342791179514538e-03
1.262422460867792910e-02
1.853376573147590828e-02
2.607846632594420025e-02
3.528194547598356712e-02
4.591685244644726216e-02
5.774633480450879625e-02
7.196779267799437163e-02
1.125222258981647266e-01
2.020927149335423056e-01
2.746956078118030220e-01
3.600018182548537227e-01
4.451262528498970417e-01
5.093506572196115911e-01
5.472725205619473066e-01
5.631341084664510666e-01
5.658822880757422569e-01
5.569561021417170910e-01
5.339748925051097661e-01
4.856364064435435002e-01
3.991407720492873290e-01
2.270098868043373685e-01
1.358053378884013507e-01
9.797214335403590935e-02
7.037910758934501354e-02
4.950276475422536737e-02
3.388527718587886622e-02
2.258392048787606285e-02
1.457695127830104485e-02
9.073520183702254646e-03
5.378435296421158439e-03
2.971544582057678539e-03
1.452168694082670670e-03
5.430848789275035792e-04
4.719445792872703130e-05
-2.309359778473616060e-04
3.401655384173174240e-04
6.174209362775908653e-04
2.596235579713221994e-04
-4.772183984801976341e-04
-3.116990256374938353e-04
2.266735873742978984e-04
1.947021023524726281e-04
1.828472095364114757e-04
-7.333629574851839019e-04
1.712595029795445649e-04
-5.646867460314131939e-04
1.690981467499167834e-04
6.788191155947074108e-04
1.578872971745438067e-03
3.125727010737384959e-03
5.509118239892749243e-03
9.036547368339429079e-03
1.403753119482645771e-02
2.090345319813082317e-02
2.990771962461944919e-02
4.130907311281226818e-02
5.505486424356159647e-02
7.125818642039351281e-02
9.175467672721425438e-02
1.471111399294070254e-01
2.633528723083020662e-01
3.484159396756614235e-01
4.287389681051843038e-01
4.929673093016963548e-01
5.330531187225473477e-01
5.537435932011037787e-01
5.601564182981978446e-01
5.578693316460305862e-01
5.445933543838072932e-01
5.167372023757168531e-01
4.642792656848881427e-01
3.785442874614787789e-01
2.165165163534543136e-01
1.312049014016112292e-01
9.617638630006183909e-02
7.018268981992366318e-02
5.005345809850311745e-02
3.469415656258423991e-02
2.337860762501879977e-02
1.524187807510557317e-02
9.573523280324217413e-03
5.723086963799133009e-03
3.188195556294782379e-03
1.572171996494955808e-03
5.930001655885345233e-04
3.582933413662377740e-05
-3.891349715131176934e-04
-2.503296592353070581e-04
-1.452798253220578502e-04
-5.519244931910543715e-05
-3.116748627247683178e-04
-6.345259184984319758e-04
-5.026376045605502815e-04
2.694232797870397536e-04
-4.504797636916619869e-04
-2.688961908751140832e-05
4.012747962465443058e-04
-1.756124248761475957e-04
1.984899706890152409e-04
6.800051491266039883e-04
1.580258855429832838e-03
3.126123422944207617e-03
5.509230614897329611e-03
9.036580708884113522e-03
1.403753560350008874e-02
2.090345168185398991e-02
2.990772206470736216e-02
4.130907610872548014e-02
5.505486596381308634e-02
7.125818651972913587e-02
9.175467679669017940e-02
1.471111403595007638e-01
2.633528673037481838e-01
3.484159346915304822e-01
4.287389684364445452e-01
4.929673089224964055e-01
5.330531240474716270e-01
5.537436031759404020e-01
5.601564163708454558e-01
5.578693213418394192e-01
5.445933526620096998e-01
5.167372069310127713e-01
4.642792667210098312e-01
3.785442862758550686e-01
2.165165161887054601e-01
1.312049024211617565e-01
9.617638528915418983e-02
7.018269248906033875e-02
5.005346433294718955e-02
3.469415202282778721e-02
2.337860074034325483e-02
1.524188054906843934e-02
9.573525943172636610e-03
5.723085026332583834e-03
3.188172133320509114e-03
1.571997338354378911e-03
5.921487943623719111e-04
3.303135825037737793e-05
-3.891070104307704238e-04
1.910618779163815928e-04
-1.089495825598516259e-05
-4.746454515505631015e-04
-3.991888648028818942e-04
-3.717154186483854366e-04
4.671852039800374035e-04
5.680319428610039901e-04
4.363731935478432707e-04
-4.806326062565534113e-04
-3.101942899087481768e-04
-5.196961454623906605e-04
1.361344962045553039e-04
6.698821973681652218e-04
1.578502079763915381e-03
3.125812885560279569e-03
5.509184110724196608e-03
9.036575602532168072e-03
1.403753259130908863e-02
2.090345599868912579e-02
2.990772331762470149e-02
4.130906691092259275e-02
5.505486558653250456e-02
7.125819217839562958e-02
9.175467596448351471e-02
1.471111363124685267e-01
2.633528647695944080e-01
3.484159435861683973e-01
4.287389767568317578e-01
4.929673051501841652e-01
5.330531197937037335e-01
5.537435978822000671e-01
5.601564120982457373e-01
5.578693299591495069e-01
5.445933588459234143e-01
5.167372012880504517e-01
4.642792654817471387e-01
3.785442876431625581e-01
2.165165177978558009e-01
1.312049032296113138e-01
9.617637638390014176e-02
7.018268880255304487e-02
5.005347319514922427e-02
3.469415487386862118e-02
2.337859753223842443e-02
1.524188049791767169e-02
9.573525222437255511e-03
5.723085406256116572e-03
3.188209412901466498e-03
1.572290335624810555e-03
5.937820924966150235e-04
3.982163546931482759e-05
-3.756766420589741562e-04
-4.626760116314381085e-05
-4.387716881417611479e-04
7.455555699439112526e-04
-2.821320544329505397e-04
-4.160269117443118891e-04
-1.568128060325783986e-04
4.900004085814738683e-04
5.995987935619483730e-04
2.180938692035425705e-04
-1.230237009944927835e-05
5.889271664603554224e-04
2.696070997339139940e-04
6.743641506443866099e-04
1.599935149873598587e-03
3.210837834581683082e-03
5.719148498612580331e-03
9.483218429975008579e-03
1.490615696566894091e-02
2.252383949401528043e-02
3.277890582049337170e-02
4.624051254969539088e-02
6.311390037089288640e-02
8.401105495614627494e-02
1.113332403043581081e-01
1.814764627753591708e-01
3.210453517477353524e-01
4.098094916558883694e-01
4.770380361400543001e-01
5.219277120686807159e-01
5.459799534669038668e-01
5.569454061821873525e-01
5.574513739952076108e-01
5.497968170365395979e-01
5.288827002799494359e-01
4.904037800374427269e-01
4.272740014786242102e-01
3.395970524239027011e-01
1.925959401922496816e-01
1.178261351338424912e-01
8.812517185903720462e-02
6.570673850936595284e-02
4.776251321981297288e-02
3.368127727247092335e-02
2.302365540456608600e-02
1.520110610325982846e-02
9.650218129596429412e-03
5.826266661755091780e-03
3.277369617746647701e-03
1.636388094927542078e-03
6.322571676265004636e-04
5.494614854287026360e-05
-3.916591658418031117e-04
-1.522440382016164862e-04
2.699780572094182289e-04
6.581484956924230903e-04
-4.791849264281763184e-04
-5.926663644079873403e-04
2.908321617544432102e-04
-6.679696906050463763e-04
4.670771017375832429e-04
3.416797173296426995e-05
-6.332091554101256610e-04
-6.776000457048471240e-04
9.854043335250676713e-05
6.504023594502538613e-04
1.593840700293631908e-03
3.209416872923278458e-03
5.718816899507613190e-03
9.483140081144135827e-03
1.490613298979982446e-02
2.252383052502164237e-02
3.277890453740985727e-02
4.624051315570650716e-02
6.311390350332826693e-02
8.401105751759481433e-02
1.113332405947726617e-01
1.814764641596843253e-01
3.210453489875609856e-01
4.098094883231639396e-01
4.770380372277116532e-01
5.219277085933536897e-01
5.459799538691159082e-01
5.569454154002936308e-01
5.574513747446524503e-01
5.497968104043581272e-01
5.288826994422769490e-01
4.904037790648684836e-01
4.272739975381146249e-01
3.395970520832092832e-01
1.925959421019411699e-01
1.178261367913785440e-01
8.812517049651877321e-02
6.570674202726514701e-02
4.776252066208751951e-02
3.368127239407284895e-02
2.302364742817625959e-02
1.520110796166137743e-02
9.650221405945796568e-03
5.826265197747222853e-03
3.277326189639047632e-03
1.636002137053659119e-03
6.297064149629340822e-04
3.953586219333630504e-05
-4.849041111576808021e-04
-3.445400543487536381e-04
-6.425582376723725560e-04
4.382801974711771444e-04
-1.560555045355523505e-05
-3.333779934175455347e-04
5.706570898106419097e-04
-6.447235192324298793e-04
6.636273071084526490e-05
-1.116059232157481934e-04
-7.035576283808767919e-04
-5.487460728024750071e-04
1.165246428822709754e-04
6.530928000612549588e-04
1.596761939794875095e-03
3.210404377091908082e-03
5.719116248348291368e-03
9.483224721492477041e-03
1.490615220925322650e-02
2.252384085028533503e-02
3.277890827990800199e-02
4.624050489142209064e-02
6.311390305482317276e-02
8.401106279052199255e-02
1.113332400245821835e-01
1.814764617096548405e-01
3.210453474941195595e-01
4.098094935188660859e-01
4.770380418091696995e-01
5.219277077688686539e-01
5.459799545640730001e-01
5.569454110175729999e-01
5.574513671367365975e-01
5.497968155648990107e-01
5.288827057275395926e-01
4.904037751271549395e-01
4.272739974157545029e-01
3.395970535817664504e-01
1.925959422624106965e-01
1.178261375368063468e-01
8.812516498405585652e-02
6.570673993911076149e-02
4.776252695800066450e-02
3.368127314567841840e-02
2.302364499855423519e-02
1.520110890740276020e-02
9.650220410288762318e-03
5.826266811929740538e-03
3.277375402784216477e-03
1.636423093799251917e-03
6.327174449169319440e-04
6.005931434055829823e-05
-3.383928771739695500e-04
4.860961786059940786e-04
-3.117225867654184338e-04
1.740737490548127360e-04
2.788642604374078375e-04
-5.059069689967200800e-04
3.989960973940447466e-04
-3.659950253334779725e-04
4.826963424490616898e-04
-6.852981504288319179e-04
5.676916701068714100e-04
-9.388697354323093699e-05
1.533830258843383925e-04
6.232374572246635221e-04
1.555529852969091348e-03
3.167762469084648910e-03
5.698684590070241668e-03
9.545665139971459823e-03
1.517141021570068971e-02
2.323274508469772362e-02
3.433262040499297091e-02
4.934159937991811767e-02
6.875519133771257341e-02
9.369877442321775107e-02
1.269669348284765686e-01
2.090589369730484759e-01
3.656591146314657204e-01
4.528885172062168119e-01
5.078210340633529940e-01
5.397308973977748003e-01
5.544722798824421872e-01
5.594497317363374966e-01
5.545545012936219376e-01
5.389393273375425730e-01
5.047246882932032719e-01
4.488682192883460265e-01
3.720940879763611209e-01
2.854256341888581350e-01
1.597956215262431867e-01
9.909957347043035769e-02
7.610985252062410500e-02
5.828557165720053140e-02
4.335575352075042577e-02
3.120704578952132255e-02
2.169023046752846864e-02
1.452732082411125301e-02
9.330926339631853694e-03
5.694326698313852478e-03
3.237547172561473265e-03
1.641076386336328590e-03
6.577184905935212723e-04
1.008456361205779393e-04
-2.518342951906420461e-04
3.861026273343408171e-04
-4.165890668294549258e-04
4.597745648283273179e-04
-4.366811946075170201e-04
5.043371079721744882e-04
5.336245707681747065e-04
4.394879045791793182e-04
3.604534020699438532e-04
4.404542326995056553e-05
6.242754981678857226e-04
-7.208491669300720562e-04
4.786694392492963940e-05
6.057288009705619420e-04
1.550127200725286538e-03
3.166282179097970259e-03
5.698286410574186084e-03
9.545557638272066797e-03
1.517137676015096331e-02
2.323273342002800043e-02
3.433261663209678100e-02
4.934159808895889621e-02
6.875519628823628659e-02
9.369877985538994924e-02
1.269669353002217671e-01
2.090589381250609335e-01
3.656591127276366260e-01
4.528885156935304468e-01
5.078210369048393735e-01
5.397308922128140063e-01
5.544722757892115439e-01
5.594497388069209487e-01
5.545545039180700408e-01
5.389393246319283959e-01
5.047246882794116374e-01
4.488682133988761702e-01
3.720940809286665818e-01
2.854256363904140725e-01
1.597956264258498515e-01
9.909957569686833612e-02
7.610985001915789028e-02
5.828557499324286267e-02
4.335576170282984948e-02
3.120704103416073460e-02
2.169022170748592312e-02
1.452732165947542495e-02
9.330929295956016598e-03
5.694325646663870102e-03
3.237497101737569095e-03
1.640600741943421068e-03
6.543168289696166392e-04
7.804352075246415187e-05
-4.088398526759816679e-04
-1.993237745719715333e-04
-5.586567611080141098e-04
4.538248436464484064e-04
-4.437832891242227758e-04
-5.550031270614670187e-04
-5.996072609869530171e-04
-1.053260898215581037e-05
-4.107030732271635919e-04
-6.238064106366123570e-04
-4.689926778315974898e-04
7.234783981962075077e-05
1.505620753508212851e-04
6.196826259916683125e-04
1.556068486943168808e-03
3.167979575273439583e-03
5.698754761318123446e-03
9.545682658624179279e-03
1.517140532028634844e-02
2.323274649085579208e-02
3.433262184264247036e-02
4.934159043817464008e-02
6.875519506289921867e-02
9.369878419306060247e-02
1.269669359607183134e-01
2.090589395589396160e-01
3.656591143740599015e-01
4.528885169878766326e-01
5.078210361316696231e-01
5.397308919988373921e-01
5.544722790075542473e-01
5.594497349088531912e-01
5.545544939130508943e-01
5.389393258566856915e-01
5.047246937473744977e-01
4.488682101726341744e-01
3.720940804978028482e-01
2.854256389980201480e-01
1.597956280002253704e-01
9.909957841688130098e-02
7.610984856076592753e-02
5.828557423578758362e-02
4.335576488378238558e-02
3.120703947342894080e-02
2.169021984297743108e-02
1.452732338286023134e-02
9.330928112157056697e-03
5.694326415752822348e-03
3.237523502522434652e-03
1.640791665767547163e-03
6.554433282593120046e-04
8.351539552816099376e-05
-3.883995465808280081e-04
-6.030055735457847494e-04
-2.350181005812705041e-04
-4.670545715725063431e-05
-3.750273389462204822e-04
-9.467075074036616770e-05
7.048348883156254794e-04
3.033690050612384854e-04
5.376322229699828821e-04
-1.581625154755228024e-04
-6.212191480547418635e-04
-4.399256049703473368e-04
5.704425112007310492e-05
5.577011406558921719e-04
1.463063633626567571e-03
3.004804283909551493e-03
5.447012206950654738e-03
9.204049730514526212e-03
1.476862589496116471e-02
2.286782429180110598e-02
3.420984420514853325e-02
4.987695501461496955e-02
7.060734479830599319e-02
9.795866555496696160e-02
1.350535214777479898e-01
2.248842738075484404e-01
3.933880906933270305e-01
4.800566488301579726e-01
5.281561785411182930e-01
5.531848159690150313e-01
5.625576798361247022e-01
5.627331687512547864e-01
5.501310080525207979e-01
5.204007693605184892e-01
4.648514986705254426e-01
3.875284113317214452e-01
3.017743392256788115e-01
2.241977893083227091e-01
1.245986537105292918e-01
7.900396235055820449e-02
6.263141671022703916e-02
4.937438848482487291e-02
3.762474108027093894e-02
2.766106145189176427e-02
1.955498071739308549e-02
1.328870245884887155e-02
8.635436169220075259e-03
5.326705008201942752e-03
3.061375339965413320e-03
1.576994123606212037e-03
6.572196456003099848e-04
1.341187584222336177e-04
-2.453787623857226212e-04
-9.943413811097942350e-05
-3.109584490646019237e-04
6.055129094475897181e-04
-4.165929092401820318e-04
-6.476229367225281447e-04
-7.568756374569489680e-05
2.207487427328344858e-04
2.318978741229459344e-04
1.980073998519527262e-04
1.412251080471011366e-04
-5.665101082461216969e-04
2.292684463956845849e-05
5.503582562095660734e-04
1.459864884058646121e-03
3.003756805877480854e-03
5.446691964615622654e-03
9.203954037205201028e-03
1.476859510268522212e-02
2.286781378473332765e-02
3.420983910137753020e-02
4.987695197095588784e-02
7.060735084545223528e-02
9.795867240790337438e-02
1.350535201565022381e-01
2.248842728745765185e-01
3.933880896588486942e-01
4.800566499613129201e-01
5.281561828960945615e-01
5.531848098234342093e-01
5.625576729284682553e-01
5.627331742411932902e-01
5.501310136513556381e-01
5.204007723715901035e-01
4.648515002735091883e-01
3.875284007288844479e-01
3.017743282635409474e-01
2.241977913106498188e-01
1.245986592438330515e-01
7.900396448642735270e-02
6.263141394016367991e-02
4.937439246289352518e-02
3.762475030388630348e-02
2.766105717390726290e-02
1.955497129156008942e-02
1.328870184250156503e-02
8.635437752993543534e-03
5.326705425775336150e-03
3.061357219768072024e-03
1.576823830026929333e-03
6.562937039848542025e-04
1.302141591547780581e-04
-2.564791721865593310e-04
2.704724369587554894e-05
-3.399326622308740712e-04
-4.331149794429313958e-04
2.198570090632628212e-05
-6.404497528372494293e-04
-7.381923776071326647e-04
8.478573131394090192e-06
4.291198727690604146e-04
-7.191882651567653049e-04
3.216171423985889673e-04
-4.180341107428744681e-04
5.053397978803814963e-05
5.551464178470543343e-04
1.461787518554065772e-03
3.004429150358678500e-03
5.446917199863606472e-03
9.204022410496852727e-03
1.476861069611062893e-02
2.286782425395985849e-02
3.420984445265150969e-02
4.987694534597447021e-02
7.060734939143381572e-02
9.795867558646480233e-02
1.350535205511054770e-01
2.248842753508450421e-01
3.933880916379176029e-01
4.800566464728203142e-01
5.281561785203991999e-01
5.531848125311965569e-01
5.625576794896913757e-01
5.627331712068053271e-01
5.501310024376226959e-01
5.204007716254729354e-01
4.648515077933413897e-01
3.875284006063207665e-01
3.017743275075849829e-01
2.241977926980379676e-01
1.245986585428808940e-01
7.900396538483230036e-02
6.263141414594863843e-02
4.937439234504970020e-02
3.762475074790323781e-02
2.766105425795997025e-02
1.955497086231491530e-02
1.328870516146288434e-02
8.635437160832459477e-03
5.326705214206810431e-03
3.061362524416355157e-03
1.576853844268817639e-03
6.564879394653295097e-04
1.311825262403101225e-04
-2.514785098885856385e-04
1.633758928698191232e-05
2.546634243806970583e-04
-4.981163675763510294e-04
-5.473976172586126352e-04
5.798699922599057522e-04
4.994447015577508416e-04
1.919035412999586007e-04
-4.584476696057945963e-04
4.399607534007962130e-04
5.656299575239913044e-04
3.437517147976776408e-04
1.365866682638371805e-04
5.053545179491753707e-04
1.326985599909572900e-03
2.716562511310846584e-03
4.945963294015409510e-03
8.412949546616222199e-03
1.360120949182392833e-02
2.123023343884060041e-02
3.203230629413204855e-02
4.713340041747542813e-02
6.741326270597609860e-02
9.464914553523108565e-02
1.323343365942106498e-01
2.241044137471704945e-01
3.986116479455679706e-01
4.896373779827183359e-01
5.395402686604798825e-01
5.640322797694803381e-01
5.703889202838050565e-01
5.635676091457305636e-01
5.364948774649171970e-01
4.827963046223557875e-01
3.995413961673063286e-01
3.064082348021986424e-01
2.252554474324223732e-01
1.649146467254253290e-01
9.214674870869329903e-02
6.017031663242525252e-02
4.928066538827419185e-02
3.991783882715498055e-02
3.109996210643728096e-02
2.330844621589743190e-02
1.673664437566779392e-02
1.152616766629399256e-02
7.571182268445347634e-03
4.716974822461353876e-03
2.738840810359459855e-03
1.433505630387701306e-03
6.222636177686110756e-04
1.685516547370022105e-04
-1.416863880272459936e-04
-7.372383102646459602e-06
5.193968547237047756e-04
2.224351800108042979e-04
7.361611125327087793e-04
3.971473626665444575e-04
5.124295084764102920e-04
-3.126644375371136772e-04
6.737391269831523137e-04
4.600517320291657494e-04
-8.074881516718438444e-05
-1.303367696864996113e-05
9.229572601051977898e-05
4.994726297810487539e-04
1.324176514813771950e-03
2.715659581637899778e-03
4.945685567021106295e-03
8.412864506236968076e-03
1.360118290103365900e-02
2.123022488832852078e-02
3.203230006141098707e-02
4.713339544281441168e-02
6.741326958031755578e-02
9.464915495063591644e-02
1.323343358359936328e-01
2.241044124938412485e-01
3.986116485062257686e-01
4.896373806939857132e-01
5.395402723820350577e-01
5.640322721129072958e-01
5.703889112059195021e-01
5.635676132198312871e-01
5.364948864724495836e-01
4.827963131571709754e-01
3.995413976494530672e-01
3.064082186703534494e-01
2.252554336199168450e-01
1.649146502226732647e-01
9.214675572104995271e-02
6.017031815608112760e-02
4.928066128607096197e-02
3.991784245273535814e-02
3.109997192994714763e-02
2.330844274779842254e-02
1.673663482268417449e-02
1.152616599589115221e-02
7.571182874248213839e-03
4.716976001372498797e-03
2.738841305736761100e-03
1.433497574459587911e-03
6.225002659821367128e-04
1.727437856016838266e-04
-9.094125174295326105e-05
4.508124590590837483e-04
-5.538484860506625142e-04
-6.019441092140781924e-04
-1.150566676620525750e-04
2.286978747193107195e-04
-6.050614817761609842e-05
-3.184398070976772162e-04
-2.205694966645455589e-04
-5.274901712346006426e-04
4.694537428283421243e-04
-2.544463078255170528e-04
6.130162045439460985e-05
4.956125581483382956e-04
1.323198241168798295e-03
2.715563003749595951e-03
4.945716773166227397e-03
8.412884370508712933e-03
1.360118646486786070e-02
2.123023195059106638e-02
3.203230459897874610e-02
4.713338918921487763e-02
6.741326649716604391e-02
9.464915579092393616e-02
1.323343365102430669e-01
2.241044179551400783e-01
3.986116528423686023e-01
4.896373736091256257e-01
5.395402659452381844e-01
5.640322792075235236e-01
5.703889221201927651e-01
5.635676120778226883e-01
5.364948741893588169e-01
4.827963094828422452e-01
3.995414061606741285e-01
3.064082206607103287e-01
2.252554310323259534e-01
1.649146489563775297e-01
9.214675253493508078e-02
6.017031779728222729e-02
4.928066389109159173e-02
3.991784354300761950e-02
3.109997016154032734e-02
2.330843882650967744e-02
1.673663564213328375e-02
1.152617074774669320e-02
7.571183034005907891e-03
4.716975161299700146e-03
2.738828098337229427e-03
1.433391177206260955e-03
6.219231963227432472e-04
1.697130402806182434e-04
-1.075210554378200003e-04
3.758130011326078030e-04
7.008929483630870058e-04
6.389799280193457455e-04
4.829467754096424675e-04
1.284571613874805349e-04
4.061107401288556636e-04
2.150808977686903697e-04
5.759388844352867406e-04
-3.108816172556005757e-04
7.417798602502986491e-04
2.062358520433411348e-04
8.740577898394719266e-05
4.140535836099750182e-04
1.120703351318534831e-03
2.283033504588167974e-03
4.167211967077504541e-03
7.123522388922949589e-03
1.158230161034392615e-02
1.817931316678706583e-02
2.758199713895127109e-02
4.080015289163789471e-02
5.873123363798982144e-02
8.312942188186288328e-02
1.178115031748467045e-01
2.046824632999993676e-01
3.780222936794528921e-01
4.796252943047005779e-01
5.407623702652796238e-01
5.708419910686544085e-01
5.749650886489651169e-01
5.558969085920042463e-01
5.029135173417316196e-01
4.146995971860408803e-01
3.085255321225500169e-01
2.177491689724148083e-01
1.543592805325678941e-01
1.136987105844738805e-01
6.468460727053657044e-02
4.358653642450349003e-02
3.671504583007937500e-02
3.039241915264818614e-02
2.410332721923986316e-02
1.834729727303852087e-02
1.334452079480016873e-02
9.293083601118865347e-03
6.160459675174359204e-03
3.871363180129271369e-03
2.268501607990751085e-03
1.204900398955789697e-03
5.428762401440733257e-04
1.839333379803939454e-04
2.310928509249721564e-05
7.689124111576908609e-04
-7.416417417658937401e-04
-5.990039159045148533e-04
-4.364991464166090036e-04
-5.132357454741136608e-04
-7.516802285719553214e-04
-5.603550490392172510e-04
2.907214136240420508e-04
3.805673983432132364e-04
-2.565005531703376616e-04
3.362857507173806987e-04
1.168789614025896067e-04
4.192837337532459921e-04
1.119549515151221225e-03
2.282489812902601962e-03
4.167024051556131835e-03
7.123461381425065346e-03
1.158228345169826437e-02
1.817930756558193764e-02
2.758199004205465210e-02
4.080014646924068344e-02
5.873124176318244433e-02
8.312943453648574677e-02
1.178115034154305907e-01
2.046824611517185089e-01
3.780222956672838475e-01
4.796252991655051701e-01
5.407623741774765236e-01
5.708419828934417906e-01
5.749650771283684181e-01
5.558969094168944025e-01
5.029135281955950942e-01
4.146996107335900184e-01
3.085255342106953957e-01
2.177491494509014580e-01
1.543592645538583719e-01
1.136987138902376543e-01
6.468461347539047890e-02
4.358653621503487396e-02
3.671504081870150676e-02
3.039242340798624029e-02
2.410333848260825737e-02
1.834729537700758792e-02
1.334451174480083199e-02
9.293081321857400018e-03
6.160459661577563639e-03
3.871364377115170657e-03
2.268499857669396651e-03
1.204787764483770040e-03
5.415073528214314584e-04
1.699274411373390614e-04
-1.117971451534379080e-04
-4.460009514037943960e-04
-3.472046293960489422e-04
2.038715565127323815e-04
1.765750332193727779e-04
5.967169205967321572e-04
1.318755121482936572e-04
-4.170672457101910952e-04
-3.119918954907527462e-04
-7.779296937319336931e-06
3.961199566590584012e-04
6.188265069833873199e-05
8.316868778239822784e-05
4.153516167877116180e-04
1.119357306459905707e-03
2.282637041086986365e-03
4.167118102189996086e-03
7.123495815536578894e-03
1.158229001908752179e-02
1.817931409229600961e-02
2.758199419746100098e-02
4.080014192731219042e-02
5.873123917085012330e-02
8.312943490398208568e-02
1.178115049923667279e-01
2.046824690308800265e-01
3.780223015452471858e-01
4.796252880746613712e-01
5.407623651853412650e-01
5.708419927363986845e-01
5.749650909887326078e-01
5.558969100649218120e-01
5.029135147466203826e-01
4.146996027244844729e-01
3.085255399103391527e-01
2.177491501720328626e-01
1.543592612531672070e-01
1.136987151599511553e-01
6.468461297277285083e-02
4.358653780221545537e-02
3.671504701561155437e-02
3.039242569506639055e-02
2.410333408175228259e-02
1.834728958921227893e-02
1.334451258691320835e-02
9.293086705806323858e-03
6.160460037712593880e-03
3.871362074093406911e-03
2.268464668545344069e-03
1.204509542737597578e-03
5.399238290132161349e-04
1.621932054093254102e-04
-1.428184272205989722e-04
-2.397456299876202603e-04
-5.608149015818496242e-05
5.633092562464684988e-04
-5.408311864343546887e-04
-3.759458550644128086e-04
-5.755564925210938584e-04
-5.673830430554934953e-04
4.356011570504592046e-04
-4.592341024008174681e-04
6.145314901238709340e-04
-5.353863129905902596e-04
-6.118797163591839278e-05
2.792962510485227402e-04
8.299431267560605958e-04
1.692981603481471696e-03
3.098419650774203015e-03
5.316925022964418684e-03
8.683408586879652613e-03
1.368046244897396652e-02
2.083626057861103636e-02
3.091196788197079354e-02
4.470070991706179969e-02
6.362601024522648863e-02
9.135745228889256830e-02
1.633598582175226355e-01
3.175598872011921592e-01
4.282244088554563177e-01
5.105479027404244974e-01
5.550551280851004909e-01
5.570751812006782266e-01
5.152108974256919272e-01
4.235608444334883482e-01
3.075890245789033584e-01
2.055268816324063996e-01
1.371261135188873437e-01
9.632138947135719664e-02
7.238735631880284516e-02
4.206218509816510992e-02
2.901887685148564835e-02
2.490078025205060344e-02
2.090311509931342543e-02
1.677925875949739382e-02
1.291193425310189873e-02
9.480232766434873795e-03
6.657718953850021507e-03
4.445439433852023565e-03
2.813538272252199060e-03
1.662087806893349255e-03
8.951274351329459615e-04
4.171376609454646874e-04
1.547717841814365009e-04
-3.504397681576578946e-05
-1.229574738843252626e-04
-5.036690723960345799e-04
-2.567221745624347377e-04
3.901404211096755879e-04
3.926525279722660662e-04
6.057112478661260497e-04
4.886390937445363528e-04
1.562616419780504725e-05
3.762302143759365660e-04
2.962713391746405454e-04
1.829465182794685158e-04
4.958180070013417149e-05
2.957975099038005393e-04
8.316784230407779470e-04
1.693138624140273817e-03
3.098407006019771991e-03
5.316909840204020812e-03
8.683405326782175915e-03
1.368046248132208202e-02
2.083625402276842800e-02
3.091196001064222196e-02
4.470071776002755570e-02
6.362602450757040562e-02
9.135745245789426983e-02
1.633598539796732307e-01
3.175598898619464427e-01
4.282244158466537720e-01
5.105479073929318767e-01
5.550551205542386679e-01
5.570751683008833277e-01
5.152108949809482974e-01
4.235608558493849651e-01
3.075890414614035895e-01
2.055268839480196563e-01
1.371260917901740428e-01
9.632137289574993488e-02
7.238736131184278499e-02
4.206219181569766791e-02
2.901887539551538733e-02
2.490077441200862565e-02
2.090311977863408208e-02
1.677927080976452517e-02
1.291193306851206798e-02
9.480223393340717064e-03
6.657715391332024758e-03
4.445438030894863397e-03
2.813542155288633988e-03
1.662143410496891944e-03
8.955598479863218766e-04
4.202267883424463881e-04
1.762637158133935475e-04
1.239512665352462593e-04
7.578903554737020107e-04
-4.898601182664905703e-05
4.449353594011818108e-04
-2.814466802429154040e-05
1.275187635979732582e-04
3.739173808306706331e-04
-4.275201701821708454e-04
2.028015000126633929e-04
2.419456415829151336e-04
5.767264937882131794e-04
5.473691003859182435e-04
9.671964933950582361e-05
3.027474661960997569e-04
8.355258483475759383e-04
1.694309746964735037e-03
3.098746953612599789e-03
5.317002136240146261e-03
8.683425631591681557e-03
1.368047149843321965e-02
2.083625927532901240e-02
3.091195844888725008e-02
4.470071625247971220e-02
6.362602431181635376e-02
9.135745508340313570e-02
1.633598653680910229e-01
3.175598985399823437e-01
4.282244002175201736e-01
5.105478930824745021e-01
5.550551290555350015e-01
5.570751812047967100e-01
5.152108946022210256e-01
4.235608413221154112e-01
3.075890338578060046e-01
2.055268933351633021e-01
1.371260966232130951e-01
9.632137047189369417e-02
7.238736213208309123e-02
4.206218976260669290e-02
2.901887572780017729e-02
2.490078236357435443e-02
2.090312302508350040e-02
1.677926459336293724e-02
1.291192604003814533e-02
9.480224514593536822e-03
6.657721644969649862e-03
4.445438349850139650e-03
2.813537056148459649e-03
1.662078987342243764e-03
8.950047752106509054e-04
4.163924448564274320e-04
1.510537559993817270e-04
-4.545986550252757735e-05
2.868991894297036926e-05
-3.421851968053184114e-04
-5.145148416901619993e-04
4.769647403763063471e-04
-5.861767346377695555e-04
-7.370031698053388074e-04
4.997395899424215407e-04
-1.912061535609319539e-04
-5.223914833728083391e-04
4.728415720102849447e-04
-5.540712279623759198e-04
-1.071159440390506338e-04
1.333046393945378817e-04
4.657664766011168070e-04
9.601512582740871380e-04
1.764577776170631702e-03
3.039350761674637115e-03
4.982512920732536793e-03
7.873432298568294740e-03
1.202983382795418804e-02
1.789114088354625681e-02
2.598800318953364483e-02
3.720270747329007532e-02
5.414864444513484143e-02
9.955955507518202130e-02
2.043539270048757017e-01
2.991857235745234989e-01
3.931672663289496050e-01
4.561467497080118338e-01
4.553322028492617912e-01
3.853115477673095812e-01
2.731838825644623547e-01
1.732251420294952104e-01
1.066247231116769223e-01
6.899151098913131053e-02
4.866554043764531601e-02
3.735977706809279208e-02
2.213641529770930816e-02
1.551051445582862440e-02
1.344345401520386819e-02
1.137096117865969182e-02
9.192802713952405794e-03
7.122299532644336961e-03
5.262464896544440801e-03
3.718127397287075524e-03
2.497073685766025390e-03
1.590852116940964312e-03
9.483010325123000621e-04
5.197917942079640675e-04
2.545493138418422900e-04
1.190993440533663964e-04
7.448285809289128081e-05
3.173011510957937848e-04
-3.138750536023688265e-04
-2.753941916217544743e-04
-4.018211312791136790e-04
5.392074962434875891e-04
-2.751776256299008974e-04
5.410534256353737330e-04
4.783758491397979316e-04
-3.819325915010600208e-04
-5.295893876853413097e-04
5.503021469428754199e-05
-2.100146524897056905e-05
1.455037014231266997e-04
4.678718816640650723e-04
9.605793929652699497e-04
1.764668353094695679e-03
3.039370051769485839e-03
4.982522701257649685e-03
7.873437369126108643e-03
1.202982818658441568e-02
1.789113265523057175e-02
2.598801141566615958e-02
3.720272375204788234e-02
5.414864509650048341e-02
9.955954831459111476e-02
2.043539276173991226e-01
2.991857292904451238e-01
3.931672700808123699e-01
4.561467424431024931e-01
4.553321886891662507e-01
3.853115433904137355e-01
2.731838954127772667e-01
1.732251618618201594e-01
1.066247262832187154e-01
6.899148926551548766e-02
4.866552540416300282e-02
3.735978431095390850e-02
2.213642196037110196e-02
1.551051108739366809e-02
1.344344720904483252e-02
1.137096645825235591e-02
9.192815416157769717e-03
7.122298833599449014e-03
5.262455098918409138e-03
3.718122412313311451e-03
2.497070513687622059e-03
1.590855634477148731e-03
9.483776882581765018e-04
5.203804872085816130e-04
2.583095910110934953e-04
1.403318484263042776e-04
1.863279942073560024e-04
5.816979678297936815e-04
3.758190703068556076e-04
-3.994816874437034492e-04
5.453739770458605968e-04
5.305314242290276594e-04
5.122739179475036464e-04
-3.124809087330153402e-04
2.997162685702851534e-04
-4.606434297248593215e-04
-6.815874614915408284e-04
4.014421853361534978e-04
4.441094370213351759e-05
1.571445346698374418e-04
4.724756798605015328e-04
9.619644338033349904e-04
1.765068983414761145e-03
3.039478658656965745e-03
4.982547237981262665e-03
7.873445578967517774e-03
1.202983320783183006e-02
1.789113472891733919e-02
2.598801213399821314e-02
3.720272267396096399e-02
5.414864711863567187e-02
9.955956124441031618e-02
2.043539378331567791e-01
2.991857097344262084e-01
3.931672515330123518e-01
4.561467517953488593e-01
4.553322028151862155e-01
3.853115428531160847e-01
2.731838805022001049e-01
1.732251537711164691e-01
1.066247356595201728e-01
6.899149517839778256e-02
4.866552318403406102e-02
3.735978449361329612e-02
2.213641808458599938e-02
1.551050992641801393e-02
1.344345686377559045e-02
1.137097139308455851e-02
9.192808592921083988e-03
7.122291285393665509e-03
5.262456756735233929e-03
3.718129220537932673e-03
2.497069656252510865e-03
1.590850081208515380e-03
9.483302584679850203e-04
5.199660079577262360e-04
2.555050796954037059e-04
1.226774311433047240e-04
7.580998585850781766e-05
2.484425997416272688e-04
3.200014138831628100e-04
7.372614566908626587e-04
-3.073504272800662174e-04
7.104254010772093021e-04
1.465872443175433263e-04
2.511557234964924019e-04
-3.395681343779332587e-04
4.078709797656466076e-04
-4.752951207580045976e-04
-2.226408673089331307e-05
-7.222091724101848667e-05
-1.646764726991853433e-05
6.057146071089829811e-05
1.366914581797010577e-04
2.587773094197566548e-04
4.547882214370783330e-04
7.569728583221550658e-04
1.209555421928921017e-03
1.864666369399974868e-03
2.792884489563750901e-03
4.087675866212723760e-03
5.901154561071765906e-03
8.708114493421056923e-03
1.636834679811820931e-02
3.486152051121875484e-02
5.383903234156698497e-02
7.600853668862297963e-02
9.342647146620768062e-02
9.281270496074245369e-02
7.277292124144260632e-02
4.670177098991736692e-02
2.756829949588351925e-02
1.631611857334915386e-02
1.041178380972191016e-02
7.350808667487400763e-03
5.697391218981157426e-03
3.404028307408093253e-03
2.400542767108066605e-03
2.089420230217939583e-03
1.775573150399655529e-03
1.444128796543185612e-03
1.127649544078615593e-03
8.416463888494927917e-04
6.029399566699095592e-04
4.130495213054165542e-04
2.714814767434341842e-04
1.707992471480374844e-04
1.038853671281146510e-04
6.170716262117470225e-05
2.904931030687441304e-05
-8.382921404484654422e-05
-6.652684927429926764e-04
-6.148244991524027137e-04
-6.179025843604099219e-04
-2.363816638165697453e-04
-5.199665803280197753e-06
-2.463985027732631212e-04
-1.583382197223279252e-04
-5.185581556030420796e-04
-4.762544204521816540e-04
-5.875971457879921710e-04
-4.727971908941142705e-04
-1.315426931271146047e-04
-2.394514253026021317e-05
6.032830736271151779e-05
1.368701336850539486e-04
2.588741129945221881e-04
4.548255526035778701e-04
7.569930610552196579e-04
1.209564387602442108e-03
1.864660858433620817e-03
2.792875525667350579e-03
4.087683540762014102e-03
5.901172007664065230e-03
8.708116328364786871e-03
1.636833895819480786e-02
3.486151943754425137e-02
5.383903669174006090e-02
7.600854017593718093e-02
9.342646523852785045e-02
9.281268946198419079e-02
7.277291470440330756e-02
4.670178444862674999e-02
2.756832152926768503e-02
1.631612245699465280e-02
1.041176185356246751e-02
7.350793566004554420e-03
5.697398109805214619e-03
3.404033617444820851e-03
2.400537823665394900e-03
2.089413871522346512e-03
1.775580309002257069e-03
1.444142594774400993e-03
1.127649915774447910e-03
8.416374042663917442e-04
6.029347447611809602e-04
4.130457605527282318e-04
2.714847953530713856e-04
1.708837914653757515e-04
1.045614993735188180e-04
6.634907691237579871e-05
5.895633165227411428e-05
1.136783164515451082e-04
2.664672476643224763e-04
1.493331431237114788e-04
-3.511130380454095530e-04
-4.790735918173463217e-04
6.020632313595233485e-04
-4.330911384753427149e-04
6.369769947079077657e-04
3.294202179092668573e-05
5.271005386806350019e-04
4.463891585242206039e-04
5.095423342002954568e-04
7.075457078654747579e-07
-5.327982129728475792e-06
6.559056764109829729e-05
1.382687349830922217e-04
2.592511025645477312e-04
4.549229923037384385e-04
7.570141581761702680e-04
1.209569114015253367e-03
1.864664175762171779e-03
2.792880823981964012e-03
4.087686630934431534e-03
5.901169667338617038e-03
8.708116311176166552e-03
1.636835112023103667e-02
3.486152936129663371e-02
5.383901411872996784e-02
7.600851884027408356e-02
9.342647828116483477e-02
9.281270882536814260e-02
7.277291637295603410e-02
4.670176979080944979e-02
2.756831100930955125e-02
1.631612838772188157e-02
1.041176653310327445e-02
7.350791144987962357e-03
5.697398371756464373e-03
3.404029674368463237e-03
2.400536985228643883e-03
2.089425902341067974e-03
1.775586700449771106e-03
1.444134729668589568e-03
1.127641632477438668e-03
8.416397891036662363e-04
6.029418885649008705e-04
4.130427148470327712e-04
2.714804564204534028e-04
1.708833248855258003e-04
1.045330384582111405e-04
6.620738483370775895e-05
5.841415949021665400e-05
1.123966056092901868e-04
2.377665462734779907e-04
3.608343268850298761e-04
-5.786403003724742379e-04
-7.107667471541007868e-04
-6.535834287924636738e-04
5.451337764205430383e-04
2.659650078949330989e-05
7.298585130962228487e-04
5.434636301565233952e-05
8.356535095378304705e-05
2.303658553085380053e-04
-8.536022055133299770e-05
-1.752947261711221142e-04
-3.543465715708707235e-04
-7.033854858467717243e-04
-1.276847270874035449e-03
-2.182448071520826614e-03
-3.559039979539606498e-03
-5.603517801531671463e-03
-8.541348259801446671e-03
-1.268300763045997030e-02
-1.841745542916841880e-02
-2.638607625700195927e-02
-3.854686292812924131e-02
-7.145529717781827495e-02
-1.490812063925931463e-01
-2.241037353330157800e-01
-3.053659852450082979e-01
-3.646658713794921902e-01
-3.631454672650177296e-01
-2.957506649601573945e-01
-1.991615542728464305e-01
-1.215314750715903030e-01
-7.321825457125427650e-02
-4.696888558128222563e-02
-3.313589881637966222e-02
-2.553745374092279002e-02
-1.519959852331242978e-02
-1.067804961646534080e-02
-9.264128309162612124e-03
-7.836840671372151748e-03
-6.333200864005504929e-03
-4.900423832461119240e-03
-3.611612322313315516e-03
-2.540076909566096539e-03
-1.692467566792402742e-03
-1.063249693875130799e-03
-6.168869327346038298e-04
-3.181238260048035809e-04
-1.316356674848000261e-04
-3.734658001865737566e-05
-4.707643278319413024e-05
-4.810344647265964819e-04
3.485960855620894310e-04
4.642792786337666716e-04
6.513573345207684853e-04
4.890458318211812891e-04
3.586621699881792293e-04
4.396512629054546181e-04
2.873390951155856089e-04
-6.728008095714358046e-04
7.422837428876505328e-04
-3.310240572899190319e-04
-1.645231244331967076e-04
-1.860481093821888447e-04
-3.550166502561459569e-04
-7.030771024052829068e-04
-1.276648433532023017e-03
-2.182365315771346050e-03
-3.559001461820908343e-03
-5.603503123046076929e-03
-8.541353104979604663e-03
-1.268301724746719386e-02
-1.841744957943065863e-02
-2.638605937860963313e-02
-3.854685947795602474e-02
-7.145530326503332641e-02
-1.490812062621276191e-01
-2.241037308492381530e-01
-3.053659817112894248e-01
-3.646658754709493633e-01
-3.631454820547879714e-01
-2.957506747555355697e-01
-1.991615431649031431e-01
-1.215314534528634111e-01
-7.321824998890166802e-02
-4.696890486342378268e-02
-3.313591129464825424e-02
-2.553744620941711743e-02
-1.519959427147945900e-02
-1.067805620082443521e-02
-9.264134700582215762e-03
-7.836833113878560741e-03
-6.333188144225222055e-03
-4.900423351398984669e-03
-3.611619742580155293e-03
-2.540080973155996874e-03
-1.692469820659484644e-03
-1.063246501251542990e-03
-6.168357373656443857e-04
-3.177705080608697304e-04
-1.294709925564293455e-04
-2.528856616145901560e-05
1.736666810170390673e-05
-3.468177874970296867e-04
-5.057659344309154911e-04
3.719737894828671534e-04
-8.523877619690681056e-05
6.859781635907798766e-04
-7.535476705659743032e-04
-3.620037162922845565e-04
-3.331744695862924772e-04
-4.990852279483043528e-04
-5.508296032747553132e-04
-5.530507928665933694e-04
-1.735555672641617923e-04
-1.844705448893559129e-04
-3.534792596632585276e-04
-7.025431654209865050e-04
-1.276489604507588527e-03
-2.182325208022264061e-03
-3.558995177656445238e-03
-5.603504610403751453e-03
-8.541351757841127504e-03
-1.268300825083803172e-02
-1.841744305610891128e-02
-2.638606151009432674e-02
-3.854686079258291126e-02
-7.145529258330007849e-02
-1.490811974026280962e-01
-2.241037555532575387e-01
-3.053660062046783530e-01
-3.646658660846568978e-01
-3.631454644486493133e-01
-2.957506704754491178e-01
-1.991615521577043413e-01
-1.215314613325999687e-01
-7.321824546958251301e-02
-4.696890107245198925e-02
-3.313591418081299200e-02
-2.553744679360504116e-02
-1.519959911852440670e-02
-1.067805751636789237e-02
-9.264121621903946904e-03
-7.836826739635309458e-03
-6.333198018465842523e-03
-4.900432516260035294e-03
-3.611616357683246955e-03
-2.540073303892489195e-03
-1.692474482917914009e-03
-1.063249313500276138e-03
-6.167934969180228176e-04
-3.174450226576400538e-04
-1.271880884016133434e-04
-1.047193982334848523e-05
1.132889893113680466e-04
7.843524708584759491e-05
7.477981950103276950e-04
-7.480974631545980920e-04
-4.795224218303486131e-04
5.782681816488599623e-04
2.225704572102673998e-04
4.769344933623251531e-04
6.481599821133690771e-04
-2.797777406737940952e-04
2.847599934180703959e-04
-2.910024225432885020e-04
-1.741156315610362115e-04
-3.281919505011905887e-04
-7.401561751210919502e-04
-1.478406854468947238e-03
-2.688047738594667464e-03
-4.596490252039246195e-03
-7.492155728552487778e-03
-1.178901727440232090e-02
-1.794598689016926180e-02
-2.661387947642301910e-02
-3.850994535332855767e-02
-5.488170495405299970e-02
-7.913945704939434611e-02
-1.429333544201527861e-01
-2.834015642422688663e-01
-3.932135158838482858e-01
-4.836983068277982412e-01
-5.360838045605920144e-01
-5.371103576479234754e-01
-4.835473056045307971e-01
-3.783149224204538363e-01
-2.609929786556374753e-01
-1.686531749565065852e-01
-1.110051192949731702e-01
-7.803233641720395963e-02
-5.909199059185325092e-02
-3.457552565952576318e-02
-2.399169128622095915e-02
-2.066814085209223162e-02
-1.739605723666595716e-02
-1.399339328845696645e-02
-1.078363339046351822e-02
-7.921863173490546056e-03
-5.559419793418307956e-03
-3.702306924724358111e-03
-2.329756067435141773e-03
-1.359754820777654737e-03
-7.120102214419356517e-04
-3.047089356547422667e-04
-7.160858908541913991e-05
9.235721400042786237e-05
-2.386213004624750003e-04
6.006417624505401608e-04
6.849236864629604108e-04
3.303808186668250502e-04
-3.025837563322628099e-04
-2.284075466729246987e-04
-5.401575515274558250e-05
4.739347595542906856e-04
-9.932611525321561252e-05
2.937324273659746936e-04
-1.307653588973033956e-04
-1.549300359076842516e-04
-3.249123067365854677e-04
-7.348221381878235897e-04
-1.476373078604432650e-03
-2.687372312001342235e-03
-4.596275395652194527e-03
-7.492079416314702776e-03
-1.178899226850744358e-02
-1.794598866093524356e-02
-2.661388774091647674e-02
-3.850994063950807789e-02
-5.488168986065630750e-02
-7.913945367936750519e-02
-1.429333604265430047e-01
-2.834015653423216929e-01
-3.932135130168613046e-01
-4.836983030253446114e-01
-5.360838042431780304e-01
-5.371103678496538247e-01
-4.835473156571846731e-01
-3.783149139224321056e-01
-2.609929594880513459e-01
-1.686531711521562227e-01
-1.110051356975066406e-01
-7.803234570118061653e-02
-5.909198235767273294e-02
-3.457552241325243664e-02
-2.399169917150034692e-02
-2.066814674436226115e-02
-1.739604955936293121e-02
-1.399338255027300290e-02
-1.078363273364784693e-02
-7.921868613945550960e-03
-5.559423477009110999e-03
-3.702308758375815346e-03
-2.329753653204630088e-03
-1.359738599254574657e-03
-7.119671858768753967e-04
-3.047217446943882254e-04
-7.321560420450677598e-05
7.547252186777936279e-05
2.258507321980574890e-05
3.637648139827287497e-04
4.335459918304467898e-04
-6.065417839465050889e-04
3.450588252625294582e-04
5.436929077898442972e-04
-4.778733464182860621e-04
6.348043863329177940e-04
-2.899214774886786465e-04
6.239448465709623404e-05
1.713949241056990597e-04
-1.256857539727488727e-04
-3.221611630689528256e-04
-7.351711353945142432e-04
-1.476574833857662635e-03
-2.687445514285755153e-03
-4.596302569090063295e-03
-7.492091611804031250e-03
-1.178900112703067105e-02
-1.794598957170517872e-02
-2.661387602116648682e-02
-3.850993228568690141e-02
-5.488169302568166041e-02
-7.913945752887832641e-02
-1.429333530795303397e-01
-2.834015572824783447e-01
-3.932135346028997613e-01
-4.836983254081362316e-01
-5.360837987916474701e-01
-5.371103548680610240e-01
-4.835473106298839863e-01
-3.783149170873431055e-01
-2.609929632726212256e-01
-1.686531660206895822e-01
-1.110051308690015726e-01
-7.803234797760139063e-02
-5.909198406285440242e-02
-3.457552884606134025e-02
-2.399170123174722627e-02
-2.066813268854396715e-02
-1.739604286722653756e-02
-1.399339352130027185e-02
-1.078364182939181744e-02
-7.921864661323505322e-03
-5.559417084799518627e-03
-3.702315617982561251e-03
-2.329756677202336410e-03
-1.359683774532059351e-03
-7.115370823660876250e-04
-3.017565711719173011e-04
-5.422015160862865888e-05
1.967925004971108466e-04
3.151349100054707262e-04
-2.058048919351633380e-04
-5.501491995668527290e-04
-2.817881046345574675e-04
3.896527371124581369e-04
2.650484096793281007e-04
6.112478856712716575e-04
-4.802069070435994124e-04
-5.966499579631973603e-04
2.506274231903290366e-04
-7.052216434673083158e-04
-2.715029014154670805e-04
-4.609645953097968058e-04
-1.059605205359794846e-03
-2.125083459255252150e-03
-3.860212813653556008e-03
-6.585340274378273864e-03
-1.070034069059652183e-02
-1.679346073451615587e-02
-2.548885324553556986e-02
-3.771947752077834531e-02
-5.435796082574111815e-02
-7.707416736452642192e-02
-1.097123406913476651e-01
-1.925560679121208763e-01
-3.618746429520623975e-01
-4.677125672362764108e-01
-5.353750302124617999e-01
-5.692356156012950974e-01
-5.726353416008831410e-01
-5.471079665561194849e-01
-4.813565548264120975e-01
-3.805482996112062311e-01
-2.717639379244422559e-01
-1.871546334007477275e-01
-1.318053657639106091e-01
-9.764628412825690496e-02
-5.597097835427735507e-02
-3.807363414515919225e-02
-3.231399745636712173e-02
-2.689562414368806137e-02
-2.142268293646329771e-02
-1.636342057433239766e-02
-1.192993787753643224e-02
-8.318141959072421557e-03
-5.511548754726755713e-03
-3.454109253406455454e-03
-2.010014038706907109e-03
-1.050251897492283058e-03
-4.492670123739810647e-04
-1.006297374941562001e-04
2.025109972597358479e-04
4.638421290688079504e-04
5.409151858669143014e-04
-7.356654150727851005e-04
6.811845148201525345e-05
-1.496766072387522098e-04
4.235158893109481921e-04
-1.153831096015080074e-04
4.656534786820966821e-04
5.746135634101016357e-05
5.387816111938590908e-04
1.455489460159120738e-04
-1.523284785652497886e-04
-4.424524286402276669e-04
-1.047619181429218721e-03
-2.121141312191439799e-03
-3.859019469155783658e-03
-6.584986223153126324e-03
-1.070022722619987619e-02
-1.679342643471371660e-02
-2.548885180216703059e-02
-3.771948384543526156e-02
-5.435795732460367569e-02
-7.707415568481332246e-02
-1.097123388907151886e-01
-1.925560742076234400e-01
-3.618746457151583162e-01
-4.677125667607037185e-01
-5.353750264271146531e-01
-5.692356109832769073e-01
-5.726353471934713113e-01
-5.471079751695667737e-01
-4.813565481722032469e-01
-3.805482840234333253e-01
-2.717639361427292011e-01
-1.871546482197445072e-01
-1.318053735019379669e-01
-9.764627679950022010e-02
-5.597097653397908185e-02
-3.807364241270525668e-02
-3.231400144129411428e-02
-2.689561606110743228e-02
-2.142267465640259466e-02
-1.636341902692652409e-02
-1.192994025613981421e-02
-8.318145808273513103e-03
-5.511551790663931846e-03
-3.454108206736587923e-03
-2.010008366568193094e-03
-1.050284666820195919e-03
-4.499547626583442692e-04
-1.084684091893538743e-04
1.264452805838321150e-04
-2.423029058611313169e-04
4.834580196968963814e-04
-6.397855770899057298e-04
-6.410141366506273090e-04
-2.651995014314992749e-04
5.433400911425866541e-04
5.778513159832488920e-04
-3.981685049297021216e-04
4.126263976099730254e-04
-4.653921891005593408e-04
-4.938143487247047920e-04
-2.267558345704252527e-04
-4.517293328244435129e-04
-1.052071042333893027e-03
-2.122393315355756028e-03
-3.859363147333768652e-03
-6.585083370872439786e-03
-1.070025695031379294e-02
-1.679344198774838925e-02
-2.548885461848001896e-02
-3.771946989111284870e-02
-5.435794835146279258e-02
-7.707416026211208471e-02
-1.097123448675296764e-01
-1.925560705834415964e-01
-3.618746383408441569e-01
-4.677125825459816921e-01
-5.353750442316305147e-01
-5.692356060256111849e-01
-5.726353360299809570e-01
-5.471079702742209783e-01
-4.813565492304041626e-01
-3.805482881066359901e-01
-2.717639337349992412e-01
-1.871546436841305117e-01
-1.318053747304676893e-01
-9.764627845779090543e-02
-5.597098340422589774e-02
-3.807364457868998159e-02
-3.231398689277120012e-02
-2.689560956242431633e-02
-2.142268596897331859e-02
-1.636342612172803773e-02
-1.192993421419127897e-02
-8.318140377016577588e-03
-5.511560067672605784e-03
-3.454113693055193071e-03
-2.009977938429658665e-03
-1.050047156649674485e-03
-4.483397876280007075e-04
-9.796725203039880804e-05
1.971118819147366639e-04
2.722405472221784144e-04
-6.183530218751505424e-04
7.132235595450239470e-04
6.493642241196333458e-05
5.078719087089401431e-04
-4.269493482923879669e-04
-4.164097141175084711e-04
-4.296883047434672874e-04
-1.259045312817394199e-04
5.183896205041409752e-04
-5.560053136859285103e-04
-2.701525104342520061e-04
-5.511888457668467304e-04
-1.295148892074019127e-03
-2.617311631651888983e-03
-4.745897887240225523e-03
-8.063235815155672323e-03
-1.303917265429352899e-02
-2.037205287589345312e-02
-3.077972480192743901e-02
-4.536278278401705694e-02
-6.501891938638039437e-02
-9.154556494530485811e-02
-1.285693058540030853e-01
-2.194776888557047334e-01
-3.947081738162926956e-01
-4.889117741565474073e-01
-5.417444724927373834e-01
-5.675885160967583110e-01
-5.730971540007185894e-01
-5.625511028892480336e-01
-5.276571542494697953e-01
-4.624070464307653006e-01
-3.692331018858367453e-01
-2.743689802730380767e-01
-1.984593673775051359e-01
-1.452598802330802574e-01
-8.157753540031480177e-02
-5.386523481264771096e-02
-4.458597064433562907e-02
-3.641083538205240611e-02
-2.855027551049144768e-02
-2.151056881225727607e-02
-1.550511234849880939e-02
-1.070579774903801518e-02
-7.038461715141334368e-03
-4.380533470125444473e-03
-2.532926502812694707e-03
-1.313531905647887573e-03
-5.597038452230428595e-04
-1.511337231570794842e-04
5.406634245621241559e-05
-6.756137662694275056e-04
2.584336291319910481e-04
2.003541485894641105e-04
-5.427071113385395365e-04
2.225475659314035421e-04
3.371648174496323842e-04
-5.067967662876136621e-04
-6.442938984655027269e-04
5.396813607863099787e-04
3.622618213873532683e-04
4.159843169391804060e-04
-1.226349644919945089e-04
-5.270745169216044679e-04
-1.280768758223944622e-03
-2.612667803554966865e-03
-4.744511769818361702e-03
-8.062829323068175166e-03
-1.303904623844179961e-02
-2.037201686227580952e-02
-3.077972323324160500e-02
-4.536278892518804534e-02
-6.501891823621960831e-02
-9.154555755029350483e-02
-1.285693050631730172e-01
-2.194776926390151206e-01
-3.947081737493846054e-01
-4.889117732389689497e-01
-5.417444698316912222e-01
-5.675885110987631821e-01
-5.730971582024659838e-01
-5.625511109050643777e-01
-5.276571490379823315e-01
-4.624070338194915530e-01
-3.692331003807813317e-01
-2.743689917165998415e-01
-1.984593728835881699e-01
-1.452598741457160059e-01
-8.157753556343740053e-02
-5.386524380025425190e-02
-4.458597337973239233e-02
-3.641082858515926057e-02
-2.855027150693001045e-02
-2.151056667006106746e-02
-1.550511107910226664e-02
-1.070580150415922915e-02
-7.038465484304591915e-03
-4.380530773090209572e-03
-2.532886171861615902e-03
-1.313187514625003801e-03
-5.572605843995410892e-04
-1.347121395618532515e-04
1.690223484511761524e-04
-1.178049462476057013e-04
1.344725007702163462e-04
5.484407618086427263e-04
4.425047442417789131e-04
6.037390751544937945e-04
-8.607496346893630862e-05
5.932386266844941755e-04
7.565227035765226770e-05
-4.226528237327522339e-04
4.506552071540423474e-04
4.356467756820775255e-04
-1.266430246907497299e-04
-5.285893411857122684e-04
-1.282998389202512054e-03
-2.613536466927211376e-03
-4.744809765183444390e-03
-8.062926486811231724e-03
-1.303907730479878652e-02
-2.037203494179237739e-02
-3.077972658711298354e-02
-4.536277241199204030e-02
-6.501890850833667856e-02
-9.154556174469571928e-02
-1.285693106250013484e-01
-2.194776919628858847e-01
-3.947081683884057779e-01
-4.889117850151949995e-01
-5.417444851723342003e-01
-5.675885074985124179e-01
-5.730971477673013625e-01
-5.625511047538329645e-01
-5.276571476616657153e-01
-4.624070379547244314e-01
-3.692331009900241545e-01
-2.743689884344134300e-01
-1.984593742443705455e-01
-1.452598768329983192e-01
-8.157754294928108718e-02
-5.386524593900356150e-02
-4.458595921558541203e-02
-3.641082309384843091e-02
-2.855028312889968528e-02
-2.151057162888634147e-02
-1.550510323654368146e-02
-1.070579690760635472e-02
-7.038473128313949695e-03
-4.380538225526861736e-03
-2.532896255401433268e-03
-1.313295420981031199e-03
-5.582791435550368483e-04
-1.433178418562006194e-04
9.819821863130209240e-05
-3.791099591558705372e-04
5.915427205077619828e-04
-5.665159887947346417e-04
-5.068189473161229235e-04
5.140320835017818651e-04
-4.468440433383017037e-04
-6.434882003106020924e-04
3.689652812796603864e-04
-5.409236024204531600e-04
3.882439887733976614e-04
-6.739064322528661452e-04
-2.996220439860630951e-04
-6.250731410340729533e-04
-1.473738278162375339e-03
-2.966374359180814786e-03
-5.348951699323627879e-03
-9.031222030585501354e-03
-1.450659709354174681e-02
-2.250948302349383909e-02
-3.376570131482137249e-02
-4.939489268992452303e-02
-7.019674177257659298e-02
-9.783725388787334332e-02
-1.355630657635927550e-01
-2.268686414711112431e-01
-3.983582737479828828e-01
-4.858452439902286035e-01
-5.333950536466977033e-01
-5.573676503743776323e-01
-5.654492708088192376e-01
-5.636420753056010646e-01
-5.469235625294398551e-01
-5.098920028302471597e-01
-4.447842161741309419e-01
-3.603255967348064082e-01
-2.743404010875333254e-01
-2.021910909385292998e-01
-1.123723197503794097e-01
-7.194431361474391828e-02
-5.769907082413359978e-02
-4.593298006658328575e-02
-3.527666661433598999e-02
-2.610472268404796792e-02
-1.854405217520593493e-02
-1.264593544982690020e-02
-8.231888223675126737e-03
-5.077670107084614887e-03
-2.910693691594594314e-03
-1.491468088545347404e-03
-6.210899140645352329e-04
-1.542316040915827811e-04
7.682665067218706872e-05
-7.503279875373678126e-04
3.829152921024238485e-04
-5.154322661669117744e-04
-5.382422278861852651e-04
5.116248927768551761e-04
4.366008000681517449e-04
1.478034317676870139e-04
6.872019695286886920e-04
-4.977297678955084964e-04
-6.499020277098940031e-04
4.174952537825902523e-04
-1.413772722709336755e-04
-6.006018860164586380e-04
-1.461544817463754408e-03
-2.962503436474962521e-03
-5.347795556765553605e-03
-9.030879850694275776e-03
-1.450648927047840965e-02
-2.250945285279276967e-02
-3.376570057690186227e-02
-4.939489780331445673e-02
-7.019674163344565010e-02
-9.783724925250736337e-02
-1.355630645660768907e-01
-2.268686427542967177e-01
-3.983582724855584956e-01
-4.858452441120338916e-01
-5.333950527829921517e-01
-5.573676453946191378e-01
-5.654492741979018078e-01
-5.636420839968210306e-01
-5.469235598114240426e-01
-5.098919928808873792e-01
-4.447842137079793257e-01
-3.603256035881166053e-01
-2.743404042243020036e-01
-2.021910864400165431e-01
-1.123723214368599066e-01
-7.194432204521637730e-02
-5.769907163038637959e-02
-4.593297527991743040e-02
-3.527666787148990568e-02
-2.610472030217075509e-02
-1.854404791880873496e-02
-1.264594005365619021e-02
-8.231892613377984891e-03
-5.077666763634209462e-03
-2.910643964391237525e-03
-1.491019496253821351e-03
-6.179737747887799684e-04
-1.345029688685123767e-04
2.013753711608407525e-04
1.133946899663301554e-04
4.772401321398600667e-04
4.638303293893915043e-04
1.912315030790734480e-04
2.629723635516633719e-04
-2.917196960470114404e-05
-4.879593196908346177e-04
3.717807186768270827e-04
3.267237036548005058e-04
4.719651585921953371e-04
4.114510354086973651e-04
-1.355250669206272979e-04
-5.995551322958848472e-04
-1.463465867036929180e-03
-2.963359077256978637e-03
-5.348111169608890311e-03
-9.030985830368012252e-03
-1.450652176513497933e-02
-2.250947278311422883e-02
-3.376570492373829474e-02
-4.939488125077366037e-02
-7.019673460254842456e-02
-9.783725502152403053e-02
-1.355630697546509056e-01
-2.268686446545978286e-01
-3.983582696666102541e-01
-4.858452518129096065e-01
-5.333950643423484017e-01
-5.573676427770464237e-01
-5.654492654702163446e-01
-5.636420769619262527e-01
-5.469235549882611735e-01
-5.098919952866570737e-01
-4.447842162147035983e-01
-3.603256020608383015e-01
-2.743404074077649413e-01
-2.021910915761231664e-01
-1.123723283892489461e-01
-7.194432226774626071e-02
-5.769905711955651550e-02
-4.593297062445958479e-02
-3.527667977353671908e-02
-2.610472427597164066e-02
-1.854404083107414475e-02
-1.264593884509361381e-02
-8.231900087560410639e-03
-5.077672918856281081e-03
-2.910658348957041210e-03
-1.491142997204994349e-03
-6.189282206408351725e-04
-1.410864943112171864e-04
1.570242756112245907e-04
-4.011684407736184558e-05
2.000194633796248495e-05
-4.061560709923381666e-04
1.081263488412062481e-04
-2.699730165070803284e-04
3.538562638772658445e-04
-1.925411071929334966e-04
-4.737074277190394227e-05
1.733874028372225354e-04
1.562197662232940717e-04
-5.304828187503272821e-04
-2.892840497912020355e-04
-6.774422109488030183e-04
-1.598620162572473745e-03
-3.183072271516534848e-03
-5.691587534152072088e-03
-9.529159197861567995e-03
-1.517173267675412003e-02
-2.330821747148846199e-02
-3.458685854896160344e-02
-4.996895180894799643e-02
-7.004491474316167088e-02
-9.610976384838497422e-02
-1.310731437151814172e-01
-2.165388298084855445e-01
-3.780442182784811700e-01
-4.646528633516694429e-01
-5.162866324675114971e-01
-5.450396916819751914e-01
-5.574751618906812478e-01
-5.606692379121904768e-01
-5.534420867980887060e-01
-5.336584732834618316e-01
-4.927449234211517259e-01
-4.293062490579594437e-01
-3.482222638174332086e-01
-2.637077370410730315e-01
-1.470584630393391989e-01
-9.180862934074594806e-02
-7.126648022456394393e-02
-5.512334163313244162e-02
-4.134187109756586043e-02
-2.996631362467066378e-02
-2.093710355506323700e-02
-1.407776377351390579e-02
-9.061633912178262973e-03
-5.532768425457940120e-03
-3.139850243895091209e-03
-1.585111554897719946e-03
-6.361399420586975190e-04
-1.195471652875551669e-04
1.736833544825644470e-04
-5.423391038887714725e-04
6.846461071447539157e-04
-3.196350553556708105e-04
2.793249736774401182e-04
3.109214484228149124e-04
-3.680851788546398898e-05
-1.414640195787394267e-04
2.523785519652803821e-04
-3.826284912710438478e-04
-1.428521092042858394e-04
-6.122245361996151705e-05
-2.220077962920666585e-04
-6.667994936239575021e-04
-1.593129351265334080e-03
-3.181190867614691435e-03
-5.690981635853828262e-03
-9.528966113783005412e-03
-1.517166607381695113e-02
-2.330819731296645755e-02
-3.458685674694353396e-02
-4.996895272620927725e-02
-7.004491426371878271e-02
-9.610976385371231001e-02
-1.310731459714780389e-01
-2.165388321898907842e-01
-3.780442168284987026e-01
-4.646528628135658257e-01
-5.162866318400192167e-01
-5.450396864600153268e-01
-5.574751637995227771e-01
-5.606692458225042142e-01
-5.534420858878159599e-01
-5.336584668595769632e-01
-4.927449220114162309e-01
-4.293062531016681449e-01
-3.482222656407987782e-01
-2.637077339818111321e-01
-1.470584646099879211e-01
-9.180863522207473315e-02
-7.126647816621868581e-02
-5.512333902301123911e-02
-4.134187757913022204e-02
-2.996631061277851144e-02
-2.093709594552540382e-02
-1.407776845723962729e-02
-9.061638174004892424e-03
-5.532766113320258285e-03
-3.139820545843756677e-03
-1.584830518639856935e-03
-6.342907327235541674e-04
-1.083339504815823099e-04
2.446325631722199570e-04
-2.050005256017805257e-05
-6.493671833046493237e-04
4.588115887341557143e-04
5.090882010803682734e-04
-4.366199707902765239e-04
6.224345291134743318e-04
-3.502903255702272908e-06
3.571422595543298148e-04
-3.359030380478895180e-04
-4.444333409252087370e-04
1.993216968236553345e-04
-1.908316679431319057e-04
-6.637586230867308350e-04
-1.595581063668830620e-03
-3.182325964479677718e-03
-5.691397811437801449e-03
-9.529102740316408235e-03
-1.517170560446918538e-02
-2.330821968856032489e-02
-3.458686191681723671e-02
-4.996893687407996665e-02
-7.004491012371777403e-02
-9.610977086903692290e-02
-1.310731505986746925e-01
-2.165388363955569606e-01
-3.780442168732552344e-01
-4.646528669096206543e-01
-5.162866397998063794e-01
-5.450396855364645354e-01
-5.574751571560596641e-01
-5.606692375189442634e-01
-5.534420780698046105e-01
-5.336584688111732921e-01
-4.927449267124349164e-01
-4.293062520813278327e-01
-3.482222684439750249e-01
-2.637077398179756837e-01
-1.470584705719675533e-01
-9.180863508570025200e-02
-7.126646642223476158e-02
-5.512333648230249156e-02
-4.134188840290455719e-02
-2.996631170497307192e-02
-2.093708814606818139e-02
-1.407776942356906043e-02
-9.061645035325671324e-03
-5.532770710659382259e-03
-3.139823535997963815e-03
-1.584820251523382873e-03
-6.341039712319397181e-04
-1.063111262881027025e-04
2.611324560134149287e-04
2.543947844254683920e-04
2.188490300675897395e-04
5.955369808246944920e-04
7.821062398944539766e-08
-3.468925816644100090e-04
-7.750882174342890827e-05
3.642883518167750324e-04
1.257551870283272512e-04
-4.744591812013943758e-04
-6.940051626072305576e-04
5.081460054381651192e-04
-1.758106110560632917e-04
-7.002929204021579547e-04
-1.658516302244577960e-03
-3.270395639238528589e-03
-5.794010960120990136e-03
-9.606992205315637717e-03
-1.513525362664445810e-02
-2.296245858806912621e-02
-3.359120389256471662e-02
-4.770599747036298466e-02
-6.561518495092333314e-02
-8.812314591622358306e-02
-1.177914678791247005e-01
-1.927582467737682104e-01
-3.393544163164961547e-01
-4.278239093679971350e-01
-4.900888656013513978e-01
-5.294102641555565869e-01
-5.494317048460944930e-01
-5.579915582264789453e-01
-5.566478554858687033e-01
-5.466219664672584688e-01
-5.217462113713740024e-01
-4.777694208852084623e-01
-4.097465461343417492e-01
-3.216895210324312582e-01
-1.815435851702879855e-01
-1.114849341050610371e-01
-8.408617252305811141e-02
-6.324243609938608179e-02
-4.631342456307480093e-02
-3.287007244881155060e-02
-2.257903548720849307e-02
-1.496289413909196800e-02
-9.519249251650986968e-03
-5.750488476518734841e-03
-3.228857230560433500e-03
-1.604104673108326965e-03
-6.153752539143251491e-04
-6.098783017827227442e-05
3.422935701086956281e-04
2.832071550728760905e-04
3.686504992201447583e-04
4.097664376772247510e-04
-2.700830218998056544e-04
4.945303710653570130e-04
-4.001090820638996759e-04
-1.147998535144418452e-04
4.191151143764071775e-04
8.147401167068397715e-05
-2.710579538088606186e-04
-1.768308114920154296e-04
-2.478746171007795260e-04
-7.078509465578927164e-04
-1.660171790951534736e-03
-3.270467191471437222e-03
-5.793923563910897447e-03
-9.606937874995823481e-03
-1.513522669628206488e-02
-2.296244940276000873e-02
-3.359120332650544771e-02
-4.770599737160374082e-02
-6.561518648599942716e-02
-8.812314945362179075e-02
-1.177914691995720492e-01
-1.927582458066393056e-01
-3.393544127770726782e-01
-4.278239086517232059e-01
-4.900888667108321273e-01
-5.294102599808000464e-01
-5.494317051819281872e-01
-5.579915648766221592e-01
-5.566478569447038671e-01
-5.466219644701151292e-01
-5.217462112544253294e-01
-4.777694212643841531e-01
-4.097465451546725701e-01
-3.216895182380132279e-01
-1.815435856892928523e-01
-1.114849371277865098e-01
-8.408616840397330205e-02
-6.324243621518051139e-02
-4.631343552079424802e-02
-3.287006920950469313e-02
-2.257902613827413030e-02
-1.496289918430776002e-02
-9.519253288156790185e-03
-5.750487668530978279e-03
-3.228853644293971318e-03
-1.604061705856724574e-03
-6.154791062510573708e-04
-6.520312963003036205e-05
2.875466377683479676e-04
-3.546170397234113514e-04
3.746841645880000953e-04
-4.108683449731175604e-04
6.144014923136610715e-04
-6.839050010790450078e-04
-5.695502470209513760e-04
-4.225818093592700322e-04
1.420636647116942954e-04
4.794822436777384568e-04
-4.769374114461362533e-04
-5.278361890217140315e-04
-3.037710454997154209e-04
-7.170512803513270222e-04
-1.666528447317935533e-03
-3.272611676728127018e-03
-5.794590847571902924e-03
-9.607134984983186840e-03
-1.513527939270461857e-02
-2.296247456760341921e-02
-3.359120949861866406e-02
-4.770598362641127049e-02
-6.561518517746504908e-02
-8.812315699200409802e-02
-1.177914725908513344e-01
-1.927582509968847335e-01
-3.393544155053781486e-01
-4.278239100217829383e-01
-4.900888703648477174e-01
-5.294102589886405807e-01
-5.494316999623858333e-01
-5.579915565766394581e-01
-5.566478484687208406e-01
-5.466219676151349294e-01
-5.217462180634938607e-01
-4.777694193108407150e-01
-4.097465459240264840e-01
-3.216895239643459137e-01
-1.815435902788163636e-01
-1.114849364630915579e-01
-8.408615954671337656e-02
-6.324243483188149439e-02
-4.631344387885807240e-02
-3.287006795822915162e-02
-2.257901969481372964e-02
-1.496290323680826012e-02
-9.519258698855734627e-03
-5.750490479418430764e-03
-3.228861777008184761e-03
-1.604065725881938112e-03
-6.151100635877259975e-04
-5.933409661263965300e-05
3.536231372963967575e-04
2.300380818697063900e-04
-6.660844962484324845e-04
-4.840337986010739748e-04
-6.080653788791776787e-04
4.084132902523395186e-04
3.715140617450137048e-04
7.464007255448287890e-04
-2.913224491060191382e-04
-4.759130335971358244e-04
-4.100770108571703170e-04
1.415879741149195985e-04
-2.340426724436022994e-04
-7.247845129149754848e-04
-1.654933115160748050e-03
-3.226161958622309096e-03
-5.661789425248624046e-03
-9.290693402176164808e-03
-1.446925607530391393e-02
-2.164057562641256635e-02
-3.113738329519143144e-02
-4.332492790184633291e-02
-5.823664232834791649e-02
-7.615478624189932211e-02
-9.914042210461193605e-02
-1.600524585427511581e-01
-2.854419930201834155e-01
-3.727990019423800816e-01
-4.487656078875913446e-01
-5.053500744244896481e-01
-5.386483259683030322e-01
-5.551171007066373342e-01
-5.591857240125851503e-01
-5.551322980413748720e-01
-5.395940650635083768e-01
-5.086287785965715180e-01
-4.529295710966153021e-01
-3.665229850849483495e-01
-2.092418539934085830e-01
-1.272092455195033833e-01
-9.383873135080424144e-02
-6.893482962834902861e-02
-4.944830407608342276e-02
-3.444755860437547640e-02
-2.330324661164499475e-02
-1.523824670260779356e-02
-9.587847666425449583e-03
-5.733146546242294181e-03
-3.186350357465094103e-03
-1.559120943125795553e-03
-5.725323450093687842e-04
-1.224648601787285133e-05
3.992047536250722950e-04
1.077835793862634751e-04
-5.038049082219708862e-04
-1.185764400529510667e-04
-2.035875723001422815e-04
1.322849331425632800e-05
-2.583557401212617922e-04
-7.344024765738752999e-04
-1.129414958288666950e-04
4.318143632454079649e-04
-1.768637253590509581e-04
6.787556990727794436e-04
-1.927544522653527230e-04
-7.226627368778051940e-04
-1.653412445053503970e-03
-3.225776365530205140e-03
-5.661682698423435751e-03
-9.290658861090006840e-03
-1.446924281680921076e-02
-2.164057142830080535e-02
-3.113738196770020339e-02
-4.332492527001510080e-02
-5.823664471495621636e-02
-7.615479323279604473e-02
-9.914042396366015697e-02
-1.600524565916048858e-01
-2.854419891234961093e-01
-3.727990006628821296e-01
-4.487656091084430976e-01
-5.053500702986530868e-01
-5.386483249587900035e-01
-5.551171067214555332e-01
-5.591857275226205237e-01
-5.551322987034873480e-01
-5.395940642048595581e-01
-5.086287742943444989e-01
-4.529295677123558184e-01
-3.665229838662118489e-01
-2.092418538745001722e-01
-1.272092455663912658e-01
-9.383872655654031114e-02
-6.893483454814287870e-02
-4.944832016077355119e-02
-3.444755588369872307e-02
-2.330323575222559285e-02
-1.523825059451473264e-02
-9.587850957749666225e-03
-5.733145262403129862e-03
-3.186335720208526706e-03
-1.558930471365133812e-03
-5.711057345040306508e-04
-2.059046805941634625e-06
4.769516055826887937e-04
3.637936745418799854e-04
-2.670177264320815701e-04
3.957589331437504358e-04
-1.506283571464338820e-04
-3.331675312845088898e-04
-2.523245006480388190e-04
2.065197170434528246e-05
6.557400496026442914e-04
-4.852889664964340523e-04
-6.531068681693018340e-04
-7.162529764008453885e-04
-3.537298162255593644e-04
-7.426472522266666697e-04
-1.663608079062724046e-03
-3.228707703140354032e-03
-5.662496280233270986e-03
-9.290880314200004181e-03
-1.446929796186374392e-02
-2.164059512171150751e-02
-3.113738896746030480e-02
-4.332491639098969699e-02
-5.823664691809073840e-02
-7.615480010995250015e-02
-9.914042441118675608e-02
-1.600524599679396809e-01
-2.854419918096732789e-01
-3.727989978446567543e-01
-4.487656077178378000e-01
-5.053500704143161215e-01
-5.386483242600792476e-01
-5.551171009372836140e-01
-5.591857185876361047e-01
-5.551323018831828549e-01
-5.395940730031654198e-01
-5.086287730536878104e-01
-4.529295677552626631e-01
-3.665229886357741496e-01
-2.092418545344841840e-01
-1.272092416370757539e-01
-9.383871911761547391e-02
-6.893483429487702596e-02
-4.944832736365514098e-02
-3.444755467926931269e-02
-2.330323213700654164e-02
-1.523825672008839553e-02
-9.587853127158291189e-03
-5.733146772709384054e-03
-3.186385519600878295e-03
-1.559354710953564024e-03
-5.742520857145694789e-04
-2.410879571153196009e-05
3.167582185948797651e-04
-6.277270867496198732e-04
3.532489771087564444e-04
-3.190154703460770487e-04
-3.268639872515989304e-04
-4.577217140104397120e-04
-6.911977323207867509e-04
5.353620801660739217e-04
3.654792510647831010e-04
5.808400503656707290e-04
4.197152885546757343e-04
2.948998968641578606e-04
-2.703681645863656381e-04
-7.268111765807708973e-04
-1.578908332301132535e-03
-3.043629625539442680e-03
-5.293507373715262976e-03
-8.598911431326447530e-03
-1.323884739961540997e-02
-1.951668495231734940e-02
-2.760863035332097176e-02
-3.761309613763317433e-02
-4.935362973465685227e-02
-6.270137778969682441e-02
-7.908355773512272535e-02
-1.248962279780208295e-01
-2.243932547431999325e-01
-3.026095097598722750e-01
-3.876958595899440141e-01
-4.656810678659465963e-01
-5.202428812457280394e-01
-5.507891019431208068e-01
-5.625034980725089895e-01
-5.632669550571511863e-01
-5.530726295940660009e-01
-5.290501943600436352e-01
-4.801822075703156556e-01
-3.944608209234667928e-01
-2.251729962291761089e-01
-1.353762873410851719e-01
-9.814926723864557390e-02
-7.082424399001492621e-02
-5.000421513046084121e-02
-3.433800531113032073e-02
-2.294464618018053625e-02
-1.483865733205180087e-02
-9.246284094068361187e-03
-5.478976520741623418e-03
-3.017313358034691070e-03
-1.457443752722754893e-03
-5.142166549837360419e-04
3.650268206366675996e-05
5.132385622245867187e-04
2.096551913190335299e-04
-6.660782253780462648e-04
-4.342870645677550032e-04
-6.036044237200384292e-04
-5.419270553740819377e-04
-1.943993899616748425e-04
-7.117252040200315209e-04
-5.361154063780616125e-04
3.961325780335351481e-04
5.837276731293791982e-04
-5.736370473901100621e-04
-3.869846129940719996e-04
-7.429246301455293480e-04
-1.582367496861883556e-03
-3.044356579929545590e-03
-5.293655329848556863e-03
-8.598939722877129571e-03
-1.323885257952527039e-02
-1.951668437523142868e-02
-2.760862624773037163e-02
-3.761309043293355192e-02
-4.935363407433199234e-02
-6.270138950831084801e-02
-7.908356099092589409e-02
-1.248962254970039654e-01
-2.243932505900786689e-01
-3.026095074999858858e-01
-3.876958606521890283e-01
-4.656810642053846871e-01
-5.202428790176865103e-01
-5.507891062627686685e-01
-5.625035020119150131e-01
-5.632669576966299330e-01
-5.530726289487638558e-01
-5.290501867335549724e-01
-4.801822025391673798e-01
-3.944608222985951373e-01
-2.251729965765912056e-01
-1.353762851988566107e-01
-9.814926219036075594e-02
-7.082425189663341114e-02
-5.000423279937720594e-02
-3.433800249248434439e-02
-2.294463517605999092e-02
-1.483866040528102580e-02
-9.246287251388672634e-03
-5.478975666935591467e-03
-3.017301908348337097e-03
-1.457302008159997147e-03
-5.133076912471917124e-04
4.180982187269932442e-05
5.450292913299693062e-04
5.890301298582078897e-04
2.159978246039503881e-04
2.089178932612127519e-04
-5.802619734527016864e-04
-6.649385397195814278e-04
-5.190692746941052852e-04
-4.477901229608082499e-04
4.889086560820721629e-04
-4.222334758346546046e-04
2.093031817690706186e-04
4.588898786105143437e-04
-2.739623072633229567e-04
-7.309427029735445511e-04
-1.581729032986149436e-03
-3.044732366610714090e-03
-5.293884183643351830e-03
-8.599027134449755555e-03
-1.323887667198454798e-02
-1.951669793858752666e-02
-2.760863038347240173e-02
-3.761308404201485489e-02
-4.935363709699103207e-02
-6.270139491125763243e-02
-7.908355987795970266e-02
-1.248962281093010940e-01
-2.243932535496898917e-01
-3.026095016174173979e-01
-3.876958556931379141e-01
-4.656810664744118200e-01
-5.202428829828047441e-01
-5.507891023470352643e-01
-5.625034920090292712e-01
-5.632669606305158450e-01
-5.530726395826004449e-01
-5.290501854984317465e-01
-4.801822003750411127e-01
-3.944608261252813830e-01
-2.251729961155594650e-01
-1.353762819757250158e-01
-9.814925927902178049e-02
-7.082425288020152698e-02
-5.000423601825444708e-02
-3.433799833558311837e-02
-2.294463251384707900e-02
-1.483866713768010152e-02
-9.246286518485975769e-03
-5.478974886590607524e-03
-3.017352629825442289e-03
-1.457705409545361494e-03
-5.159859776847573179e-04
2.547196472895156124e-05
4.436494197905387093e-04
-2.923146280641275140e-04
-1.044036107844013237e-04
2.954359010701696842e-04
-4.144276606612473158e-04
7.654530001246034302e-05
7.085663123359005160e-04
-6.217623501535912494e-05
-6.579174365873238523e-04
-2.906244694426143534e-04
4.926795305792055612e-04
-8.844751185540452611e-05
-3.686170186616203291e-04
-6.996389177999310380e-04
-1.422350599601275491e-03
-2.712756093274540630e-03
-4.681947383553768278e-03
-7.536912342694617253e-03
-1.148310190973935059e-02
-1.670569724093411146e-02
-2.326798330254356215e-02
-3.109612866179771798e-02
-3.991041020105268872e-02
-4.935030627677469001e-02
-6.025514964593869233e-02
-9.242033937127477894e-02
-1.651815984000491178e-01
-2.260673111900425025e-01
-3.068063303247947071e-01
-4.005431041633999989e-01
-4.828486459031166023e-01
-5.372555487698774668e-01
-5.634038932971144886e-01
-5.711372198814342882e-01
-5.639665957216484227e-01
-5.404842206082594025e-01
-4.898443459781761655e-01
-3.997901262991206961e-01
-2.244630868391525591e-01
-1.326906186683915190e-01
-9.485666233901560163e-02
-6.763283199044693716e-02
-4.725940332640420766e-02
-3.215477300723343368e-02
-2.130174397211612169e-02
-1.366483734517086671e-02
-8.448780706265292262e-03
-4.969333957196430882e-03
-2.716100447932008697e-03
-1.300048006869880361e-03
-4.494598315712912992e-04
4.520708777182972401e-05
4.715649366667343007e-04
3.865902718816505179e-04
-1.856785810100349985e-04
-4.098364137677679977e-05
-5.101659421666721863e-04
5.108190879618226430e-05
6.626022605138637191e-04
7.793005073733536134e-05
-5.989862547188297155e-04
3.778297729956293016e-04
6.271786111458230130e-04
-6.656506399476505879e-04
-4.489794537352766852e-04
-7.110588433664908822e-04
-1.425052961733610721e-03
-2.713389560426601472e-03
-4.682094210567077155e-03
-7.536946780364887390e-03
-1.148311220114384482e-02
-1.670569809642288850e-02
-2.326797771272218207e-02
-3.109612172686059689e-02
-3.991041634070698757e-02
-4.935032027113664399e-02
-6.025515185963890158e-02
-9.242033504430610669e-02
-1.651815944640934453e-01
-2.260673100513939104e-01
-3.068063330676248923e-01
-4.005431013720600064e-01
-4.828486416394594527e-01
-5.372555507966492172e-01
-5.634038979590173524e-01
-5.711372252043414033e-01
-5.639665957188005896e-01
-5.404842091517869651e-01
-4.898443381916990358e-01
-3.997901298442116946e-01
-2.244630873824123851e-01
-1.326906138991424677e-01
-9.485665773954496394e-02
-6.763284371597756695e-02
-4.725942259609238610e-02
-3.215477061609055276e-02
-2.130173257060307204e-02
-1.366483791297034428e-02
-8.448783106110840241e-03
-4.969334147488064894e-03
-2.716093292038655998e-03
-1.299969471363865686e-03
-4.492314025500920242e-04
4.409067171708427147e-05
4.444873658391591256e-04
2.197307786049867572e-04
-5.291323946398565527e-07
5.376826714531613479e-04
-1.542451223701153001e-04
6.048475179211107748e-04
6.055440773456828791e-04
7.326524630678218040e-04
5.581001218173896848e-04
6.263949608362176166e-04
-4.883429363245904604e-04
-7.280413996832719569e-04
-4.489887352332587065e-04
-7.103519319937613707e-04
-1.425447215953183546e-03
-2.713684725205074005e-03
-4.682234766010111640e-03
-7.536997380061367068e-03
-1.148312348306857952e-02
-1.670570461375771310e-02
-2.326798112205211849e-02
-3.109612071558811100e-02
-3.991042137240623927e-02
-4.935032373374436537e-02
-6.025514897190225455e-02
-9.242033755919012994e-02
-1.651815991372127534e-01
-2.260673026319030554e-01
-3.068063241433169885e-01
-4.005431032517997592e-01
-4.828486478244261582e-01
-5.372555483766155993e-01
-5.634038884498328015e-01
-5.711372288442265743e-01
-5.639666081014723664e-01
-5.404842082978646989e-01
-4.898443339350749270e-01
-3.997901324832744963e-01
-2.244630865582840917e-01
-1.326906121685506590e-01
-9.485665877972425386e-02
-6.763284468268727923e-02
-4.725942145495602015e-02
-3.215476455388890931e-02
-2.130173188134836665e-02
-1.366484484189386256e-02
-8.448779045184017997e-03
-4.969330040460503105e-03
-2.716131587583756057e-03
-1.300227093842840336e-03
-4.504146529769413989e-04
4.154462695205606747e-05
4.666945556551690402e-04
2.744496753195351706e-04
-4.397048950172501632e-04
-3.200544752849405908e-04
-3.971181004175988933e-04
5.103930206722654848e-04
6.668770846916126285e-04
-3.701382536143604145e-04
-6.191551286818389784e-04
-5.211445986386144518e-04
4.947465731013634673e-04
1.834619487145918622e-05
-3.034391514273879556e-04
-5.930724866087790309e-04
-1.164413127228274784e-03
-2.227976326001458035e-03
-3.831526287802521427e-03
-6.125785241605953037e-03
-9.253177420735345451e-03
-1.331563394354706546e-02
-1.831064489559719802e-02
-2.409619807750151485e-02
-3.038189210589367639e-02
-3.676478943058365118e-02
-4.364822391286179992e-02
-6.489304850965388338e-02
-1.139288110017254579e-01
-1.550294902101102823e-01
-2.182160039044673816e-01
-3.096091736237636116e-01
-4.150286195707861836e-01
-5.038919137945379045e-01
-5.558326578749576141e-01
-5.757968632433964062e-01
-5.708182566606870845e-01
-5.418225129914641114e-01
-4.799433321400424224e-01
-3.792976154685382961e-01
-2.050734942325126986e-01
-1.181564321431122361e-01
-8.331543802668672782e-02
-5.892267875686676981e-02
-4.090415000656141137e-02
-2.768411411618587614e-02
-1.823627632603842808e-02
-1.163339919639011857e-02
-7.149503430531761912e-03
-4.180702855346191994e-03
-2.271462835567223618e-03
-1.081056341231922870e-03
-3.733245165574968286e-04
2.305569575541576964e-05
3.009926091427706559e-04
-3.036890011356392161e-04
4.957463208300267503e-04
-6.722554279646559216e-05
6.300272860929795110e-04
-4.270491148729606821e-04
3.895934861516342843e-04
5.035020291472368887e-04
-3.479663229528559272e-04
3.930835558949252696e-04
-3.133969995691391762e-04
6.410780848461815166e-04
-2.361434552418859825e-04
-5.858241196878830655e-04
-1.163105837750844605e-03
-2.227817651816097182e-03
-3.831519643112610285e-03
-6.125791370657838845e-03
-9.253184653590139710e-03
-1.331563455532276154e-02
-1.831063744057594145e-02
-2.409618977430936018e-02
-3.038189939565832248e-02
-3.676480486094481359e-02
-4.364822563326993532e-02
-6.489304373685961247e-02
-1.139288081207503744e-01
-1.550294899678453797e-01
-2.182160071542259827e-01
-3.096091708256232256e-01
-4.150286133750154538e-01
-5.038919147869063142e-01
-5.558326644845910103e-01
-5.757968712895716878e-01
-5.708182568464406081e-01
-5.418224975068949290e-01
-4.799433215190130886e-01
-3.792976217289150132e-01
-2.050734961323322503e-01
-1.181564256991847889e-01
-8.331543354668451140e-02
-5.892269125758198972e-02
-4.090416702898288376e-02
-2.768411061238549090e-02
-1.823626476212267256e-02
-1.163339776012241658e-02
-7.149505771671633286e-03
-4.180703703594840399e-03
-2.271436283374377290e-03
-1.080785879188010494e-03
-3.714601752155685058e-04
3.565399084595741918e-05
3.929706260659664033e-04
5.491201426728529707e-04
4.557696590093505821e-04
-5.306806326774654928e-04
5.721175083072643601e-04
6.076037191900456958e-04
-1.836682571770322800e-06
-3.459501954187323906e-04
-5.687225981548952106e-04
4.067166170802192799e-04
-4.546211923348755617e-04
1.790455737699485361e-04
-2.903881587295186091e-04
-5.924934650847701011e-04
-1.166178932152534767e-03
-2.228683092643082408e-03
-3.831756361400592142e-03
-6.125851879203655058e-03
-9.253194544337615957e-03
-1.331563680210358196e-02
-1.831064011691598686e-02
-2.409619279253416915e-02
-3.038190545852634608e-02
-3.676480697559696142e-02
-4.364822284438073935e-02
-6.489304746854236694e-02
-1.139288141243180313e-01
-1.550294804204423449e-01
-2.182159947018694479e-01
-3.096091733113643385e-01
-4.150286228046426995e-01
-5.038919139807949144e-01
-5.558326544518883416e-01
-5.757968736226884987e-01
-5.708182701150650296e-01
-5.418224989589075502e-01
-4.799433165994085315e-01
-3.792976208745006961e-01
-2.050734907224917858e-01
-1.181564221034429318e-01
-8.331543792825306383e-02
-5.892269482660001528e-02
-4.090416547873606395e-02
-2.768410603416706153e-02
-1.823626764674093556e-02
-1.163340475357965698e-02
-7.149498015766615235e-03
-4.180697920481192716e-03
-2.271501267772730627e-03
-1.081337970238821500e-03
-3.752449109948415213e-04
1.116673991382125901e-05
2.257913751112196267e-04
-6.972674871993763323e-04
-1.264651971145246026e-04
3.121840786556851193e-04
-1.572920522416517710e-04
2.521312338937581506e-04
-1.065635428267464052e-04
-6.953788142623587879e-04
-5.792346978658386618e-04
-3.911411024709376201e-04
2.884283114159605886e-04
6.610704296314721473e-04
-1.757123872235849440e-04
-4.399072592654780251e-04
-8.357000053419212258e-04
-1.611938149073115657e-03
-2.769786708669897714e-03
-4.408179453735568999e-03
-6.617343003571350170e-03
-9.446918563814299397e-03
-1.287146307275783934e-02
-1.675716361067552604e-02
-2.087636390134991332e-02
-2.491291895423052710e-02
-2.903732735392206693e-02
-4.217218114166505077e-02
-7.250643722232300026e-02
-9.673247113001402775e-02
-1.374428698121902548e-01
-2.063381053449436509e-01
-3.079864964020563312e-01
-4.245557117050363649e-01
-5.151659615748004351e-01
-5.578551597353397229e-01
-5.549769243393365414e-01
-5.115656880341218349e-01
-4.285201827438747668e-01
-3.186362804293845219e-01
-1.636540371877223954e-01
-9.160093421378422140e-02
-6.373998554199265809e-02
-4.482354340856319064e-02
-3.097269657773495458e-02
-2.090115094684123764e-02
-1.371478435631631569e-02
-8.716116339200111890e-03
-5.331719664542993072e-03
-3.103635657822971863e-03
-1.677917281164238500e-03
-7.945422582810705457e-04
-2.722152544917368967e-04
1.987077077382156960e-05
2.411672969319662960e-04
1.809796372853628849e-04
4.798456148588428334e-04
4.028974303508981347e-04
-6.511785743939878636e-04
2.432227699751523728e-04
8.404072516616775733e-05
6.734520563824481377e-04
3.432858474867753413e-04
3.668640252699031977e-04
5.259569974912103483e-04
3.605626232388054885e-04
-1.899271272757851255e-04
-4.388638368267487404e-04
-8.369249353863733500e-04
-1.612301955306012259e-03
-2.769880082254012801e-03
-4.408204343669929956e-03
-6.617354020347220207e-03
-9.446918974391534801e-03
-1.287145355180794974e-02
-1.675715417379713620e-02
-2.087637222597582207e-02
-2.491293566893927613e-02
-2.903732923758583356e-02
-4.217217622882542261e-02
-7.250643472715440074e-02
-9.673247108352425738e-02
-1.374428731631407441e-01
-2.063381027130263279e-01
-3.079864886201910124e-01
-4.245557117060046459e-01
-5.151659703750856023e-01
-5.578551713357700059e-01
-5.549769261562067513e-01
-5.115656690579718502e-01
-4.285201681330643164e-01
-3.186362878033909274e-01
-1.636540399415418456e-01
-9.160092595973678975e-02
-6.373998074196036978e-02
-4.482355609978175975e-02
-3.097271189561705620e-02
-2.090114806606046399e-02
-1.371477443894062592e-02
-8.716114128560716393e-03
-5.331722153255057627e-03
-3.103637691462250974e-03
-1.677884715262783826e-03
-7.942576058860189095e-04
-2.706822302884699964e-04
2.640558497534597007e-05
2.596010674297420575e-04
-1.240948192942122746e-04
1.465779267253742853e-04
-4.335218284488541397e-04
6.349227147518538440e-04
4.311009550491058423e-04
1.757802753221233635e-04
6.734482943124435505e-04
4.977561716446732157e-04
2.518622034377876614e-04
7.105147798341229304e-04
5.505101364850270964e-04
-1.735567974347760928e-04
-4.379839401290751451e-04
-8.379748446565790654e-04
-1.612671374336586885e-03
-2.769981326599023352e-03
-4.408224753278712493e-03
-6.617351280052361125e-03
-9.446914371529909968e-03
-1.287145456431555354e-02
-1.675716004422697983e-02
-2.087637823392086631e-02
-2.491293569740618205e-02
-2.903732598651883809e-02
-4.217218032263481131e-02
-7.250644114083887315e-02
-9.673245976759853315e-02
-1.374428593981919244e-01
-2.063381088056210066e-01
-3.079865036055026151e-01
-4.245557133752826950e-01
-5.151659590902142316e-01
-5.578551698724385499e-01
-5.549769363258725274e-01
-5.115656692698272723e-01
-4.285201610060788702e-01
-3.186362854083067409e-01
-1.636540353972978923e-01
-9.160092622145679653e-02
-6.373999045626067839e-02
-4.482356027443080981e-02
-3.097270651656966814e-02
-2.090114232424200927e-02
-1.371477924827996416e-02
-8.716120721929359119e-03
-5.331712307936140732e-03
-3.103631513121522193e-03
-1.677954737193143933e-03
-7.948218502724187966e-04
-2.742017643197508406e-04
7.122099894021456828e-06
1.601504725021731196e-04
-5.243916559280253561e-04
4.032780956578975885e-04
7.114483677164104309e-04
-7.063356894824867217e-04
5.673811888903053553e-04
-4.183112834215330826e-04
-4.825938288627692921e-04
4.681336343688612860e-04
-3.491995111559160038e-04
3.281044583375500030e-04
-5.022309616146631087e-04
-2.546594668664515474e-04
-2.820341344168251813e-04
-4.692401967342745960e-04
-8.994233900793779761e-04
-1.546289062611316475e-03
-2.456444090484553346e-03
-3.674402605957179189e-03
-5.220046520468319372e-03
-7.071735052546013547e-03
-9.147796707363622243e-03
-1.131791173985856498e-02
-1.340686969205587623e-02
-1.547193056193226293e-02
-2.212952935891645406e-02
-3.731690493384602625e-02
-4.876261665582887900e-02
-6.901097477549779369e-02
-1.068944253729129795e-01
-1.732436867899012634e-01
-2.736014673189908208e-01
-3.847991990882057012e-01
-4.554823348551529372e-01
-4.554662888374076402e-01
-3.936128839742797370e-01
-2.990455348115981793e-01
-2.048078252251215314e-01
-9.959200679976169812e-02
-5.420773884073804699e-02
-3.720430497068667047e-02
-2.601548878365012377e-02
-1.789617238853873429e-02
-1.204908174523671577e-02
-7.882178717401624318e-03
-4.995476637169092224e-03
-3.044432986781578018e-03
-1.765183503432180955e-03
-9.491700690038045634e-04
-4.452544678619460333e-04
-1.467063850366353618e-04
2.538159083100638292e-05
1.755352684202937154e-04
3.263747601535136374e-04
5.542776362268990106e-04
-5.107145931972316812e-04
4.605528035669947690e-04
-3.538935561064331277e-04
6.127226102005809338e-04
5.038106598933768561e-04
1.137859516852721419e-04
5.992034627418932813e-04
5.947009930418745149e-04
1.235071399289711558e-04
-1.622655193971665852e-04
-2.678947120099560062e-04
-4.665283771920201474e-04
-8.989388587031760074e-04
-1.546207359878218118e-03
-2.456433635933727173e-03
-3.674407478872885550e-03
-5.220046173718385051e-03
-7.071724777969838442e-03
-9.147786874372110938e-03
-1.131792002971042724e-02
-1.340688575787590646e-02
-1.547193171249948082e-02
-2.212952442542636886e-02
-3.731690369410717301e-02
-4.876261783015824886e-02
-6.901097841314009218e-02
-1.068944219600939660e-01
-1.732436755970355735e-01
-2.736014640105094986e-01
-3.847992093472636932e-01
-4.554823506661291321e-01
-4.554662921570384881e-01
-3.936128608419859343e-01
-2.990455170341972391e-01
-2.048078346477315848e-01
-9.959201222981774182e-02
-5.420773129184251748e-02
-3.720430102333854155e-02
-2.601550120443291148e-02
-1.789618575186991897e-02
-1.204907981154114231e-02
-7.882170763410212624e-03
-4.995473836895123788e-03
-3.044435628132514168e-03
-1.765185627902348883e-03
-9.491110958286246447e-04
-4.447283935056962640e-04
-1.433959160338223280e-04
4.412666390030181693e-05
2.794290939386888427e-04
8.397408198151510477e-04
-5.355256138630047191e-04
-4.440075620269502677e-04
-4.781268115458305870e-04
3.677373941311816636e-04
4.167791054667106029e-04
-1.813234567632347099e-05
6.768988217206373852e-04
-2.895498372917741647e-04
-5.134194020898288652e-04
-5.392528487852254879e-05
-1.842647843538355531e-04
-2.707669973738450011e-04
-4.664355497223199266e-04
-8.987148047148986680e-04
-1.546098149240302715e-03
-2.456387995087371857e-03
-3.674385974704019384e-03
-5.220034840284912964e-03
-7.071724388569131450e-03
-9.147794647506941185e-03
-1.131792514753153338e-02
-1.340688351031934893e-02
-1.547192812499032996e-02
-2.212952896321501023e-02
-3.731691008760110867e-02
-4.876260361816048966e-02
-6.901096170076249925e-02
-1.068944298330200687e-01
-1.732436944993253347e-01
-2.736014689060505822e-01
-3.847991987790965185e-01
-4.554823459706106581e-01
-4.554662989838205167e-01
-3.936128603859907482e-01
-2.990455095571432076e-01
-2.048078313485255653e-01
-9.959200749210148085e-02
-5.420773398261005682e-02
-3.720431505616457468e-02
-2.601550608726264577e-02
-1.789617706134076849e-02
-1.204907298187480116e-02
-7.882176436399900010e-03
-4.995478869921158790e-03
-3.044424432797340069e-03
-1.765180654730865535e-03
-9.491879442491747178e-04
-4.453421927891790906e-04
-1.473863995695703303e-04
1.997135116449819535e-05
1.298028937519270015e-04
-1.784789212788963591e-04
2.763906013970262015e-04
-1.831861298912510524e-04
6.667381930611238896e-04
-5.788245940015479540e-04
-4.928342550629988706e-04
6.285015323342647278e-04
3.604129607751446144e-04
1.330525020902354762e-04
5.150687873494196392e-04
-1.323743361619636255e-04
-8.927871833467096972e-05
-6.360268187391390521e-05
-5.492931907420524432e-05
-1.224816818366154293e-04
-2.261989501913656039e-04
-3.682526427403107466e-04
-5.545000982361049944e-04
-7.874916684226870725e-04
-1.064005759090633912e-03
-1.371620091817212514e-03
-1.691312589284428482e-03
-1.997417342892570270e-03
-2.297770507279564469e-03
-3.267618440665120624e-03
-5.468950127072810807e-03
-7.094530449254559702e-03
-1.005440102780141495e-02
-1.583025995106674896e-02
-2.672339643325249287e-02
-4.538234357845545575e-02
-7.051897712535523666e-02
-9.011037859082920987e-02
-9.057316045203875343e-02
-7.398385527405754170e-02
-5.237306503225622883e-02
-3.404153698444713216e-02
-1.596533761758098940e-02
-8.507353361216371535e-03
-5.765529624810393668e-03
-4.003368759774542963e-03
-2.737995654840824807e-03
-1.834521326667100903e-03
-1.192815410425012617e-03
-7.501481934337967186e-04
-4.517990021695577891e-04
-2.568358005820900046e-04
-1.326002219031969598e-04
-5.553679683529551243e-05
-9.525919126398596615e-06
1.103863029833924948e-05
-4.309169148959456568e-05
-6.702634592646157475e-04
5.617606619460674194e-04
-6.974420366040525203e-04
-4.104155766986332718e-05
3.697898619818907381e-04
4.700880829552145997e-04
6.793316126336809864e-05
8.465760658651436143e-05
-4.890592311694544770e-04
6.501630680271437688e-06
4.493321556531787008e-04
1.139039362598976000e-05
-4.714567865480131159e-05
-5.221078015856553357e-05
-1.220161884174929441e-04
-2.261234475247141757e-04
-3.682433159460010014e-04
-5.545054397418300307e-04
-7.874920982934502985e-04
-1.063995872616833914e-03
-1.371610735071848112e-03
-1.691320875046585601e-03
-1.997432614429729691e-03
-2.297771343251429118e-03
-3.267613917692672662e-03
-5.468950308448247179e-03
-7.094532915048188879e-03
-1.005440519597198927e-02
-1.583025607318391467e-02
-2.672338190676150013e-02
-4.538233677370141078e-02
-7.051898847895406164e-02
-9.011039882009180824e-02
-9.057316584143977611e-02
-7.398383047408822744e-02
-5.237304726019757772e-02
-3.404154948824460875e-02
-1.596534639453883048e-02
-8.507346953972963824e-03
-5.765524926452100969e-03
-4.003378032922871171e-03
-2.738005242745457802e-03
-1.834519813210382664e-03
-1.192809373048255234e-03
-7.501447535307941917e-04
-4.518016346386819859e-04
-2.568381125667679827e-04
-1.325193833194103347e-04
-5.479223580146197438e-05
-4.363620446446745377e-06
4.477517088945321354e-05
1.845624009979910643e-04
7.389075157610839250e-04
4.671819492317520100e-04
-5.369324649157255483e-04
4.251179323064718536e-04
-1.086775181168146324e-04
-5.265856130303649563e-04
5.642342318804617098e-04
-5.643096716996424072e-05
9.176365455154083931e-05
-1.072228497681683863e-04
4.927940379195482100e-04
7.135448576515250495e-06
-4.810376533147066639e-05
-4.855451339209019564e-05
-1.206445520367102137e-04
-2.256818863730919043e-04
-3.681040261173452229e-04
-5.544586399352080920e-04
-7.874733251575751413e-04
-1.063994338739192910e-03
-1.371620484750735039e-03
-1.691325966836265378e-03
-1.997429444522020973e-03
-2.297768264233538641e-03
-3.267619200863572989e-03
-5.468956812054444165e-03
-7.094516102217110140e-03
-1.005438525411515675e-02
-1.583026373658288216e-02
-2.672340133360865191e-02
-4.538234253954014086e-02
-7.051897913900237458e-02
-9.011039323436320636e-02
-9.057317362957671703e-02
-7.398383341454969897e-02
-5.237304082833218327e-02
-3.404154317486094566e-02
-1.596533860412744851e-02
-8.507349707639085337e-03
-5.765541935735702360e-03
-4.003383958168937537e-03
-2.737994624238591045e-03
-1.834512993565577633e-03
-1.192815738826748543e-03
-7.501479871336199073e-04
-4.517898895323421747e-04
-2.568336980818843843e-04
-1.325852778754507363e-04
-5.528822278793246053e-05
-7.416924636338006049e-06
2.757109593101565140e-05
8.960292495650114882e-05
2.978548180689930382e-04
4.650319434715289029e-04
2.231320250907020220e-04
4.601772955798863951e-04
-6.243807411064874937e-04
3.515468190627559311e-04
2.666912495134872354e-04
-3.868730896291121637e-04
-3.644562215801460856e-04
-1.813442470658752222e-04
-1.406575788527504871e-04
4.297463687640476200e-05
1.567223930724390808e-04
3.678115641743755172e-04
6.643072966292366301e-04
1.108109622693881835e-03
1.740214497720196348e-03
2.592047884828484888e-03
3.676339168673341175e-03
4.976022728959965391e-03
6.432187624534822963e-03
7.951554139202990715e-03
9.410985173702130988e-03
1.084487938959762497e-02
1.546587896301538159e-02
2.595758893935506614e-02
3.376294811991287920e-02
4.773732028346778372e-02
7.450363996226769259e-02
1.232096038452701464e-01
2.018812136789825684e-01
2.983240009920956615e-01
3.664020548629894902e-01
3.671206119389310851e-01
3.085153032120983019e-01
2.262039833585229864e-01
1.509392239042569028e-01
7.220792200884613987e-02
3.897388878990911548e-02
2.663667512304721333e-02
1.859964255192403035e-02
1.278793307452339226e-02
8.614617386564936072e-03
5.641423082536291614e-03
3.582894700476194939e-03
2.191385830390288336e-03
1.279420609523908639e-03
6.982136974008180215e-04
3.405856420228312400e-04
1.309553097104999310e-04
1.440433909788080684e-05
-8.177890290766085793e-05
-7.476788825259009024e-05
-4.640921252820012863e-04
-3.835817719836286327e-04
-1.289389353457040381e-04
-4.578484344106539990e-04
1.744278495632891864e-04
3.549084120699319664e-04
-3.939967823144648637e-04
-7.086036220900892180e-04
3.809518597569645478e-04
5.155350582815109274e-04
1.337254593441960192e-04
1.695511506621817492e-04
3.687558494289323733e-04
6.642916327604742391e-04
1.108070909518702818e-03
1.740199515480562748e-03
2.592037788423791692e-03
3.676336950985415949e-03
4.976031381455893465e-03
6.432196088180482281e-03
7.951546671351023693e-03
9.410972063546992408e-03
1.084487983825828394e-02
1.546588385000374592e-02
2.595758807140053498e-02
3.376294473317899281e-02
4.773731509892428088e-02
7.450364222883532062e-02
1.232096181898311854e-01
2.018812209193381890e-01
2.983239891370995100e-01
3.664020348802230487e-01
3.671206067376974191e-01
3.085153271564939903e-01
2.262040015323611430e-01
1.509392122533789737e-01
7.220791207956717139e-02
3.897389313696924401e-02
2.663667915199840336e-02
1.859963573585587948e-02
1.278792633906015996e-02
8.614617499098210437e-03
5.641426833254759195e-03
3.582899111942963646e-03
2.191384529674638131e-03
1.279416874118428481e-03
6.982681365624971402e-04
3.410524133478756758e-04
1.337063133073980480e-04
2.846353744507574304e-05
-1.613564549282322497e-05
-2.160284485267174480e-04
4.212123038233687717e-06
-1.659483446284503881e-04
-8.916990465039894361e-05
-4.233345606902270313e-04
1.315871615952177154e-04
3.176580641736070345e-04
7.400079006353662983e-04
-1.026877594327153912e-04
5.169414835537549085e-04
4.532418145203493407e-04
1.296893029383139448e-04
1.704674901608658815e-04
3.737815422826245714e-04
6.661953347753477028e-04
1.108687829625802862e-03
1.740391977810187406e-03
2.592098976611085116e-03
3.676360032491442741e-03
4.976034300227993347e-03
6.432186371678276157e-03
7.951543369620240817e-03
9.410977282738456837e-03
1.084488315924506466e-02
1.546587809171433812e-02
2.595758074620854727e-02
3.376296135733086040e-02
4.773733479432306498e-02
7.450363303714993557e-02
1.232095978434280259e-01
2.018812147530923140e-01
2.983239984104298359e-01
3.664020440799267697e-01
3.671206033232107813e-01
3.085153224245922310e-01
2.262040041907057430e-01
1.509392176140413044e-01
7.220792072765871983e-02
3.897389090088004826e-02
2.663666103392333534e-02
1.859962963983454592e-02
1.278793848372532412e-02
8.614623966778332809e-03
5.641420031025517513e-03
3.582897011385805745e-03
2.191395501765910567e-03
1.279421178159333193e-03
6.982181481408783778e-04
3.406800659246699632e-04
1.314169929017665870e-04
1.523045732008567684e-05
-9.487152624882336086e-05
-4.342447813226884309e-04
-5.201209303867697972e-04
5.288589847166705066e-04
4.586138336416606615e-04
4.325968461386533819e-04
-1.026646490760524865e-04
-4.566126841902441854e-04
2.927822037930836554e-05
-3.258878885227150038e-04
-5.302374271152546486e-04
6.529314797517030318e-04
2.245425142705787783e-04
3.600607510435621856e-04
7.603796475384273302e-04
1.403073158174298219e-03
2.370988586681285239e-03
3.749487431366718519e-03
5.611162433780095445e-03
7.992556848377676756e-03
1.086632775575888631e-02
1.411321638619604177e-02
1.753610095194805402e-02
2.086512061241522706e-02
2.422074136900410901e-02
3.497517553688676145e-02
5.971961084356509214e-02
7.905830503992365699e-02
1.122060875774639477e-01
1.706330180740991409e-01
2.630139523592920359e-01
3.809337693508512701e-01
4.847315821657098844e-01
5.386766903983442045e-01
5.367427340810294600e-01
4.857081061858447568e-01
3.946995057010382890e-01
2.854500295716463354e-01
1.437870207312253179e-01
7.968105934502939247e-02
5.519502243922829593e-02
3.875422720491113193e-02
2.675026307552615112e-02
1.804929049739032246e-02
1.184167850781993325e-02
7.528883148815290922e-03
4.609919343677108990e-03
2.690780847593010790e-03
1.464285548213185633e-03
7.060900478764346256e-04
2.594231374905216800e-04
1.350975866430094805e-05
-1.579445013599823971e-04
7.162047202324208926e-05
1.766251877861537572e-04
3.666672204735568828e-04
-2.790583821722902305e-04
-5.438393478353800280e-04
5.238447364014447950e-04
-3.325985327249146670e-04
5.014531626821438094e-04
4.524200357360760806e-04
3.015575227523135363e-04
-1.041304577156076109e-04
1.465453367355693470e-04
3.522916345530903220e-04
7.575394249007302676e-04
1.402430317804537760e-03
2.370856872659999996e-03
3.749462599117524535e-03
5.611152706529030053e-03
7.992554542172332008e-03
1.086633593817777632e-02
1.411322486854458234e-02
1.753609571628256952e-02
2.086511050632735773e-02
2.422074250424646399e-02
3.497517951602122088e-02
5.971960817578576136e-02
7.905830021283388742e-02
1.122060819395083731e-01
1.706330199328150998e-01
2.630139671927851919e-01
3.809337773960414508e-01
4.847315713630283573e-01
5.386766723415036262e-01
5.367427287768732347e-01
4.857081258390632539e-01
3.946995219948791767e-01
2.854500203017247828e-01
1.437870117766743006e-01
7.968106237387598267e-02
5.519502601912919248e-02
3.875422329073168609e-02
2.675025926210799349e-02
1.804928888662900993e-02
1.184167940504895523e-02
7.528887419683859446e-03
4.609918536813523496e-03
2.690776697534273589e-03
1.464327819448940421e-03
7.064366072029744890e-04
2.613059665845326074e-04
2.192239157764156287e-05
-1.277334198531497155e-04
-9.613112337679383958e-05
1.288296692241173210e-04
-3.650351321147827003e-04
-5.122937078859995290e-04
-2.579036388287305566e-04
-2.787764718318988034e-04
5.266323894319893369e-04
-4.033399755142274027e-04
-7.493685634666150943e-04
6.129808878559955950e-04
5.466956676146934912e-04
2.347976377492957240e-04
3.655188510873792892e-04
7.655569480244511782e-04
1.404953413073367846e-03
2.371599429272665434e-03
3.749679748466284730e-03
5.611217057023157838e-03
7.992577599463602731e-03
1.086633921668271087e-02
1.411321567192790581e-02
1.753609410199426233e-02
2.086511670708921309e-02
2.422074491461673543e-02
3.497517331833877724e-02
5.971960154933272924e-02
7.905831744296150376e-02
1.122061017740901973e-01
1.706330104693859762e-01
2.630139466052486830e-01
3.809337698287696972e-01
4.847315786444101882e-01
5.386766838094783072e-01
5.367427305833661899e-01
4.857081213033219713e-01
3.946995209475115396e-01
2.854500220028330371e-01
1.437870178026262047e-01
7.968105941673328529e-02
5.519500770107175353e-02
3.875421789657800681e-02
2.675027336175725065e-02
1.804929607784048345e-02
1.184167350807062598e-02
7.528886562773946627e-03
4.609928063800142369e-03
2.690780420913424596e-03
1.464292830211559289e-03
7.061915503437532103e-04
2.599877258753718434e-04
1.599120772546054733e-05
-1.493395806670947442e-04
7.358416698780027496e-05
-1.630651682942203004e-04
-4.109207620663355483e-04
4.189290870521953270e-04
4.049707053150573290e-04
-5.616397756243666616e-04
-6.693564014767285639e-04
-5.543384064028407734e-04
7.004946310703056775e-04
3.685803791826063459e-04
-5.380419173426716131e-04
1.433317457425680537e-04
4.964230060252871083e-04
1.078542777016578726e-03
2.040934770900759351e-03
3.486474790769266731e-03
5.553099318884886088e-03
8.363974616182401692e-03
1.199962185245095209e-02
1.644500146333994009e-02
2.155407346541033872e-02
2.705112321995623015e-02
3.255266939106182811e-02
3.835869340126674132e-02
5.650072936158326981e-02
9.846289695387271113e-02
1.332143974808234765e-01
1.886711279124438922e-01
2.740884956368609404e-01
3.821789480127190664e-01
4.831933632231006914e-01
5.474113005539771315e-01
5.735767691740076835e-01
5.692928424572061274e-01
5.366767543201869106e-01
4.684910664243463474e-01
3.636697042651465539e-01
1.933071987476560616e-01
1.102616341835013225e-01
7.739324752725031120e-02
5.462628902669248304e-02
3.786707425183678116e-02
2.560889005463318213e-02
1.685473836084853960e-02
1.074656370259652848e-02
6.603141886316161828e-03
3.865191640853185649e-03
2.107568242473819003e-03
1.013950282109993143e-03
3.637913150283238217e-04
-6.192687675785946086e-06
-3.168416594476087134e-04
-3.667528119166220163e-04
4.023195652713672525e-04
-3.859574122276191507e-04
-7.309297903161722683e-04
7.314780920392242565e-04
-4.839303051990677699e-04
-1.200988076215524399e-04
1.436262410550356026e-05
-6.202394998653369164e-04
4.473329957723052620e-04
-1.950783099387408826e-04
1.767352352973393598e-04
5.000633479245252628e-04
1.081325138273645957e-03
2.041756210396288539e-03
3.486702571553103400e-03
5.553162106230967975e-03
8.363986034552049059e-03
1.199962371535132077e-02
1.644500949839887427e-02
2.155408130871281497e-02
2.705111965083578304e-02
3.255266155403278849e-02
3.835869412613630153e-02
5.650073193570398500e-02
9.846289316451985185e-02
1.332143925622500114e-01
1.886711237450522938e-01
2.740884986167813619e-01
3.821789639919345172e-01
4.831933736289221737e-01
5.474112916587083877e-01
5.735767508088667199e-01
5.692928351095999373e-01
5.366767683241605580e-01
4.684910783085238783e-01
3.636696970776910343e-01
1.933071919224091662e-01
1.102616367651404333e-01
7.739325113482603546e-02
5.462628868350603850e-02
3.786707439894267807e-02
2.560888788941192984e-02
1.685473699979329540e-02
1.074656738740409866e-02
6.603141161087133955e-03
3.865189537963187229e-03
2.107627664628478059e-03
1.014448887889837000e-03
3.670322750084278603e-04
1.373617527571146625e-05
-1.900987412046042122e-04
8.034424829975270882e-04
4.361032218880313543e-04
2.445060923233362792e-04
2.532697357417693518e-04
-6.518108493207338140e-04
-8.131813966203117674e-05
3.654812003350423576e-04
3.893298814558400120e-04
-7.115687019706878370e-04
2.163726369684632392e-04
5.068210943794931173e-04
2.771537914783232370e-04
5.153822879692618189e-04
1.087528594289411017e-03
2.043585897687330826e-03
3.487231706215785428e-03
5.553317508426792309e-03
8.364031944466871968e-03
1.199964140325245066e-02
1.644501165158054543e-02
2.155407177731226767e-02
2.705111855783206426e-02
3.255266767776905656e-02
3.835869518857561861e-02
5.650072578420515385e-02
9.846288823248662558e-02
1.332144104464849377e-01
1.886711439450161898e-01
2.740884908745673809e-01
3.821789457519467192e-01
4.831933646959369333e-01
5.474112943538030907e-01
5.735767607530359857e-01
5.692928380513646580e-01
5.366767634832672051e-01
4.684910770832034221e-01
3.636696990162351928e-01
1.933071969231403286e-01
1.102616339854970429e-01
7.739323322120388038e-02
5.462628318418685097e-02
3.786708917697533677e-02
2.560889584206586453e-02
1.685473271391991698e-02
1.074656788795755324e-02
6.603149260569960571e-03
3.865191341452845191e-03
2.107585669970676520e-03
1.014137776324868130e-03
3.651730232192609816e-04
3.336234401824194491e-06
-2.503627430491282618e-04
4.213874594999906517e-05
-7.667008761224484764e-05
1.144395590177367571e-04
-4.044847796607721263e-04
2.581217099169392441e-04
-6.118731341935401517e-04
5.398078652192260215e-04
2.818032482640902333e-04
6.411840570081800156e-04
-5.810653429834484806e-05
-2.946290970547473507e-04
2.280625146147054899e-04
6.171893927739352049e-04
1.325591106180445391e-03
2.550975184232362036e-03
4.401705701686078713e-03
7.069998549723129078e-03
1.074015152100520586e-02
1.556546342293678616e-02
2.158158384597911802e-02
2.868049084165767704e-02
3.656904147443173353e-02
4.485264251663872992e-02
5.419655181020646695e-02
8.222837529155282987e-02
1.462308508787970585e-01
2.001567225457645816e-01
2.759064079999112851e-01
3.713227929754387979e-01
4.632569894923119214e-01
5.287690815978742798e-01
5.624262534041585271e-01
5.737471849032192983e-01
5.673949299305323102e-01
5.426292059798141221e-01
4.891662899510234030e-01
3.960291237235654682e-01
2.199817299690903782e-01
1.290175919262319115e-01
9.180976663368674295e-02
6.526636371916311186e-02
4.549908851693793693e-02
3.089972710722014779e-02
2.043453402981271205e-02
1.308963643751946335e-02
8.084464064281206633e-03
4.754659632530066141e-03
2.603595336391484761e-03
1.254717266494011132e-03
4.447092937034960404e-04
-2.917280600051619816e-05
-4.556069017089499676e-04
-5.797529192376812014e-04
-4.511043025013402978e-04
4.962250885812879075e-04
1.747537798291743381e-04
4.983937561275775122e-04
-4.291340402060897204e-04
5.702588484260695534e-04
6.059940572380630294e-04
-4.153568725181765501e-04
1.680297018679534186e-04
-9.197884547971897054e-05
2.530258713901161892e-04
6.206627187122606189e-04
1.329311993793119966e-03
2.552164397309574558e-03
4.402048145605903622e-03
7.070094013853988127e-03
1.074017136162936856e-02
1.556546623382594821e-02
2.158159017441508773e-02
2.868049687711290291e-02
3.656903944497835734e-02
4.485263784070943338e-02
5.419655385230287559e-02
8.222837920961585667e-02
1.462308487862236384e-01
2.001567189615658937e-01
2.759064056161481537e-01
3.713227947527528161e-01
4.632570014228861166e-01
5.287690906591214768e-01
5.624262456662454390e-01
5.737471681235726262e-01
5.673949238591562416e-01
5.426292169422887168e-01
4.891662982617553945e-01
3.960291185544990711e-01
2.199817251123095674e-01
1.290175938137992084e-01
9.180976928508759183e-02
6.526636544213158808e-02
4.549909149256848445e-02
3.089972409291134176e-02
2.043453049880846611e-02
1.308963957567824826e-02
8.084463969954540363e-03
4.754659948988789950e-03
2.603659037785849024e-03
1.255217264160195982e-03
4.478853866460135173e-04
-1.051013989556743494e-05
-3.485672081082231847e-04
2.657525468313283326e-04
5.950486345771444519e-04
7.085143558408813240e-04
-4.705774621373121601e-04
5.054120660788254680e-04
-4.797471141560958035e-04
-6.572981189539192593e-04
-1.185879845235722675e-04
-3.723621969956515047e-04
-3.456216932999690329e-04
-1.333016016456540359e-04
2.753828966688137030e-04
6.272653677262857337e-04
1.329659946393940391e-03
2.552354538777862336e-03
4.402153242957084801e-03
7.070140776660896118e-03
1.074018841238973815e-02
1.556547666192795339e-02
2.158159145117172564e-02
2.868048763701051135e-02
3.656903939855524199e-02
4.485264463055850526e-02
5.419655442912400811e-02
8.222837333884680522e-02
1.462308441164872630e-01
2.001567340556873464e-01
2.759064226058420277e-01
3.713227879630858763e-01
4.632569869366051085e-01
5.287690817559629330e-01
5.624262451004585772e-01
5.737471772771747247e-01
5.673949273381432290e-01
5.426292112165772563e-01
4.891662972784686647e-01
3.960291210666867512e-01
2.199817297562144114e-01
1.290175930906561630e-01
9.180975415650322047e-02
6.526636019189477333e-02
4.549910510368664757e-02
3.089973118418133310e-02
2.043452717600951693e-02
1.308964118022309595e-02
8.084471158732153481e-03
4.754660298129339754e-03
2.603602635057741203e-03
1.254788016996061196e-03
4.453172220099051214e-04
-2.434821874896861681e-05
-4.194023607190421814e-04
-2.450053599049869060e-04
-5.680247742988293533e-04
9.653549540248408710e-05
-5.781613407966077541e-05
4.457491155172274610e-04
2.090999580012395604e-04
3.837854953602686859e-04
5.183184754054366225e-04
-5.652720909693148901e-04
-6.261409700424623364e-04
-3.415291935393137689e-05
3.262966033228665002e-04
7.042754181669964473e-04
1.506416535314504535e-03
2.923649594078778311e-03
5.089290468153868756e-03
8.251620676704042937e-03
1.266447781001765055e-02
1.858818943723042696e-02
2.615493409894860399e-02
3.539222780896883469e-02
4.607548085039786523e-02
5.797329289247905165e-02
7.229421646925558720e-02
1.130989211643719516e-01
2.031724592650582251e-01
2.760978020545410971e-01
3.614885111376454074e-01
4.463468889112724991e-01
5.101290215794470617e-01
5.476910201231998121e-01
5.633585755329336697e-01
5.660338181890602893e-01
5.570867904719308816e-01
5.341018146895532004e-01
4.857750468275834899e-01
3.992830406363834239e-01
2.270948216351403592e-01
1.358566724722230501e-01
9.800383075634575003e-02
7.039215020745302753e-02
4.950101677006941980e-02
3.387324969702760341e-02
2.256598258836063978e-02
1.455652462691532645e-02
9.052899311146488451e-03
5.358871692668649295e-03
2.952833509817886885e-03
1.431785901589008835e-03
5.120585942001692342e-04
-2.752115436521258788e-05
-5.027139313425721921e-04
-5.922714158158702428e-04
6.166264647044195860e-04
7.049984187201792721e-04
9.484255996842922147e-05
-3.878769178643959770e-04
5.377313487521353033e-04
-2.328787896377099848e-04
9.848079272753459501e-05
-3.581327809681056611e-04
-5.571865211182769903e-04
-2.694245473839566846e-05
3.229499157597624012e-04
7.035766122981662986e-04
1.508095368463811207e-03
2.924278559321110034e-03
5.089492384047058192e-03
8.251682361720013084e-03
1.266448959882712083e-02
1.858818961389561639e-02
2.615493819656415989e-02
3.539223228272635191e-02
4.607548084263936999e-02
5.797329127542369398e-02
7.229421890989509714e-02
1.130989251317692096e-01
2.031724569776697797e-01
2.760977972754357079e-01
3.614885080259553907e-01
4.463468874245983820e-01
5.101290289943060108e-01
5.476910293258328011e-01
5.633585706190850084e-01
5.660338045574845323e-01
5.570867873020470817e-01
5.341018240392397809e-01
4.857750528133040757e-01
3.992830380414768010e-01
2.270948189943685358e-01
1.358566737321449946e-01
9.800383179177041271e-02
7.039215293172941534e-02
4.950102164833741769e-02
3.387324534439096341e-02
2.256597637177829713e-02
1.455652649784066298e-02
9.052899521125003929e-03
5.358872549541235202e-03
2.952883701422312924e-03
1.432172842642024952e-03
5.146519848867216326e-04
-1.055097983436741979e-05
-3.866587479268323484e-04
2.785131721087159861e-04
-1.843397620290195005e-04
6.519169395164690689e-04
-5.155488488675679304e-04
-6.273889257893416633e-04
1.135175459877064123e-04
5.078186691369494582e-04
6.942808259064896020e-04
5.914406148535712032e-04
-3.960431426705741421e-04
5.113298309853734312e-04
4.069921678349481512e-04
7.167298674680697493e-04
1.509619784207764503e-03
2.924581721802727713e-03
5.089583819081861318e-03
8.251714834945857516e-03
1.266449925968764906e-02
1.858819771702905493e-02
2.615493961306980530e-02
3.539222309436113045e-02
4.607548074644546299e-02
5.797329755750151720e-02
7.229421871770118357e-02
1.130989203008253008e-01
2.031724539407067653e-01
2.760978100481772946e-01
3.614885207301247183e-01
4.463468811510288847e-01
5.101290188293556849e-01
5.476910218367005978e-01
5.633585680721348021e-01
5.660338136722607993e-01
5.570867919086980313e-01
5.341018173853309126e-01
4.857750508397762346e-01
3.992830397422532651e-01
2.270948229156451170e-01
1.358566755246766733e-01
9.800382130875134878e-02
7.039214942135600672e-02
4.950103348882775589e-02
3.387325023664847917e-02
2.256597293786805070e-02
1.455652826957900235e-02
9.052905607146801564e-03
5.358872283968757130e-03
2.952811408659395450e-03
1.431565288205176398e-03
5.106112286474628415e-04
-3.569331106573795195e-05
-5.468134113746614920e-04
-5.935319415274898768e-04
1.148046392454976210e-05
-7.178071811036872705e-04
-3.712772487380071231e-04
5.196572127176450242e-06
-5.636615752223798426e-04
-2.657671531614591879e-04
6.969225603655757658e-04
3.228002143889098768e-04
3.842545302016019533e-05
5.783984739403295145e-04
3.919251096272297649e-04
7.370937131349068923e-04
1.610450392732202911e-03
3.151820005945780382e-03
5.536569131132318411e-03
9.068850984064364545e-03
1.407842105411337939e-02
2.095914696712732755e-02
2.998716663939759303e-02
4.142634329369043744e-02
5.522774060901199100e-02
7.151254221747337103e-02
9.212752787121809839e-02
1.477630007437431836e-01
2.645018208713656449e-01
3.497343213528268935e-01
4.299019305305882832e-01
4.937765985644841371e-01
5.335252247892193767e-01
5.540026551337441374e-01
5.603146134606744599e-01
5.579842416519791293e-01
5.446736288856875996e-01
5.167721289680373697e-01
4.642659578178559565e-01
3.785021608804909343e-01
2.164715541335235360e-01
1.311749074474557186e-01
9.615334128852623397e-02
7.016024215062879876e-02
5.002887111781672419e-02
3.466727914444150266e-02
2.335043954859727933e-02
1.521387034235864230e-02
9.546790304263306701e-03
5.698459664182464572e-03
3.165871075268671293e-03
1.551709277617029700e-03
5.727446421340539684e-04
1.369380444074835455e-05
-3.868507646583805031e-04
2.264751576294008134e-04
-4.410586878456419129e-04
1.538609757579950608e-05
-7.119965455506744104e-04
-4.908084441275706788e-04
4.939346743937151523e-04
5.472640515041973883e-04
-5.119408440709651486e-04
-4.845572723867426533e-04
-2.721640589222946473e-04
3.249594688697291108e-04
3.579286088232241816e-04
7.321176720129047525e-04
1.608995895022281332e-03
3.151555653002770675e-03
5.536538839308450567e-03
9.068854055583474780e-03
1.407841908572660464e-02
2.095914408856551503e-02
2.998716872108969991e-02
4.142634624198459486e-02
5.522774220761444974e-02
7.151254202491139078e-02
9.212752779257814273e-02
1.477630011634799290e-01
2.645018158289100807e-01
3.497343164064763976e-01
4.299019308613070689e-01
4.937765979260783089e-01
5.335252297403417776e-01
5.540026647815631256e-01
5.603146112388591726e-01
5.579842312107402558e-01
5.446736273183732102e-01
5.167721338499207118e-01
4.642659591502061867e-01
3.785021598659845110e-01
2.164715540184840581e-01
1.311749085805991033e-01
9.615334050876939154e-02
7.016024511581654688e-02
5.002887759809554469e-02
3.466727455104573474e-02
2.335043210706688396e-02
1.521387163599129295e-02
9.546791102707235729e-03
5.698459077358496681e-03
3.165883028034233767e-03
1.551748478284176083e-03
5.726403241433348059e-04
1.022829159059769372e-05
-4.319146670312941708e-04
-1.051395665793056048e-04
-3.909017871001573257e-04
-5.122584125617616908e-05
-1.773709714660617735e-04
2.269469110417784269e-04
5.743193723089470197e-04
-4.817420582720580873e-04
-5.730633670699132685e-04
-2.959491868490773839e-04
-5.644180748673012851e-04
7.278725163158978727e-04
4.254370281663046017e-04
7.436713092867316445e-04
1.612464006916920897e-03
3.152468589210534813e-03
5.536781973022064998e-03
9.068918885481173225e-03
1.407843337023080565e-02
2.095915277307149743e-02
2.998717097511639090e-02
4.142633726483902629e-02
5.522774181131251403e-02
7.151254754347961817e-02
9.212752693817778671e-02
1.477629971254371954e-01
2.645018133043043340e-01
3.497343253328740742e-01
4.299019390865635448e-01
4.937765939056884545e-01
5.335252251296561665e-01
5.540026590693244435e-01
5.603146066061187591e-01
5.579842397537837506e-01
5.446736338035899072e-01
5.167721286466385733e-01
4.642659582176689170e-01
3.785021613193591539e-01
2.164715556178850586e-01
1.311749095139007892e-01
9.615333189155005067e-02
7.016024179750357526e-02
5.002888681331052467e-02
3.466727785764507630e-02
2.335043003722459334e-02
1.521387457440475863e-02
9.546796171273937495e-03
5.698459110232956780e-03
3.165819784992663158e-03
1.551213016991829239e-03
5.692019928697048285e-04
-9.788347006447126243e-06
-5.464991647304925796e-04
-8.810203978927287930e-04
-1.264178666033116596e-04
1.943993808092994789e-04
5.527580673977649768e-04
-6.272794370275298426e-04
-3.767928055138876136e-04
4.881341329654488039e-04
2.229904549298686290e-04
-3.414994975679482600e-04
-6.066145900564814074e-05
-5.086210521041318895e-04
1.751906987884149715e-04
6.890876310105102393e-04
1.622526408920336180e-03
3.236191850511757184e-03
5.746649045570577201e-03
9.514878078168092709e-03
1.494542640225912135e-02
2.257685042553726068e-02
3.285451810135266854e-02
4.635317427144319130e-02
6.328203941041742053e-02
8.426213051001039955e-02
1.117026437542512490e-01
1.821069751890219690e-01
3.220976453250986027e-01
4.108822990587983059e-01
4.778755820183660519e-01
5.224770282676212130e-01
5.463162157047699585e-01
5.571626590998962625e-01
5.576070385725467871e-01
5.499063783510161896e-01
5.289262426731050626e-01
4.903478694029309581e-01
4.271187153318056207e-01
3.393983856230064489e-01
1.924444252055023952e-01
1.177279602898361061e-01
8.805322426831067861e-02
6.565013031165202462e-02
4.771447269804163921e-02
3.363835269894401014e-02
2.298415781870074073e-02
1.516467764074194528e-02
9.616830025819209440e-03
5.796314962364492243e-03
3.251526653676824283e-03
1.616547342731061059e-03
6.231285252868696938e-04
6.812996968651638375e-05
-3.156285666921371529e-04
2.065788120990752561e-04
3.943518322907979459e-04
-5.086120357271540658e-04
5.777838875124181655e-04
-3.787765930918196816e-04
-6.231418517986266579e-04
-2.482898805686513692e-04
-5.290425773250634822e-04
2.107055940048920906e-04
1.002493179357553005e-04
-5.187845901170356393e-04
1.593803907679017967e-04
6.849225909367847752e-04
1.621374780363612133e-03
3.235910041187217093e-03
5.746589651236810870e-03
9.514867445436116580e-03
1.494541990060723434e-02
2.257684616422595339e-02
3.285451800067470257e-02
4.635317515741334271e-02
6.328204255042398085e-02
8.426213280995641097e-02
1.117026438857791210e-01
1.821069765563416987e-01
3.220976424895918844e-01
4.108822956675421967e-01
4.778755829941527811e-01
5.224770244480185788e-01
5.463162156414801407e-01
5.571626679146011174e-01
5.576070390602135829e-01
5.499063716938715762e-01
5.289262420788561903e-01
4.903478688049804357e-01
4.271187117148530499e-01
3.393983855009014006e-01
1.924444272656186672e-01
1.177279621591233449e-01
8.805322317951909394e-02
6.565013409910952502e-02
4.771448033799998573e-02
3.363834787270681553e-02
2.298414962493639663e-02
1.516467861599590967e-02
9.616831313803057488e-03
5.796314409087441333e-03
3.251528198315104846e-03
1.616540526751875919e-03
6.231336265044130169e-04
6.893424780141427688e-05
-3.031876197634702629e-04
4.317311525367588626e-04
-1.975799287410856379e-04
-4.989533501403890185e-04
3.569301997065951596e-04
-4.103368117771108328e-04
-7.517617348670166183e-04
7.188312573335126424e-04
4.677866113297438630e-04
-2.587550600380598628e-04
7.431756115930428100e-04
-3.566237466382217664e-04
2.045019381568568867e-04
6.944143970605636505e-04
1.625416825301967145e-03
3.237038218581791797e-03
5.746883248077226669e-03
9.514939134876849308e-03
1.494543255342141962e-02
2.257685374834536574e-02
3.285452068285037858e-02
4.635316655658776319e-02
6.328204190874049673e-02
8.426213789002598431e-02
1.117026433188770679e-01
1.821069741732951330e-01
3.220976410063245976e-01
4.108823008085729644e-01
4.778755873745393901e-01
5.224770232870610265e-01
5.463162159183635458e-01
5.571626631357641246e-01
5.576070312264026496e-01
5.499063769440265537e-01
5.289262487458393780e-01
4.903478652620383293e-01
4.271187117721378934e-01
3.393983870268885150e-01
1.924444275237864876e-01
1.177279631811958688e-01
8.805321801722651442e-02
6.565013228189886529e-02
4.771448683130273538e-02
3.363834903622601319e-02
2.298414831852533743e-02
1.516468208292938609e-02
9.616834734694101883e-03
5.796315039940280918e-03
3.251486979825069217e-03
1.616169699733541925e-03
6.207106580327381197e-04
5.445547497396987683e-05
-3.895969745429986287e-04
-5.670632470563990763e-05
2.843167887146432447e-04
6.108464345220025390e-05
-6.965373115503053049e-04
-1.713589351834270710e-05
7.031494289758152914e-04
-3.679514009095819415e-04
-4.914172474936753625e-04
4.977524594308004383e-04
-6.180697014504712289e-04
-8.703523652835966557e-05
1.982534568649901624e-04
6.581646384330449651e-04
1.586113423359764452e-03
3.195824193637196442e-03
5.726177125048053339e-03
9.575086435223367776e-03
1.520577125408129580e-02
2.327700071448853339e-02
3.439370636722093727e-02
4.943106773077601129e-02
6.888767822766501958e-02
9.389647553292942983e-02
1.272558244944862194e-01
2.095437686930337606e-01
3.664548440770086790e-01
4.536512751125242326e-01
5.084005349143383423e-01
5.401345496371021682e-01
5.547523410078343264e-01
5.596499549690532316e-01
5.546904926912054057e-01
5.389890534477237427e-01
5.046395219916622876e-01
4.486190816672762649e-01
3.717294515408486322e-01
2.850607175356494327e-01
1.595552403528969210e-01
9.894813432446353252e-02
7.599692351149592295e-02
5.819729259122333187e-02
4.328383774309385590e-02
3.114651233938725908e-02
2.163778040900681682e-02
1.448121068702066215e-02
9.290111817335206662e-03
5.658630206103446372e-03
3.207746443959437824e-03
1.620320304027899607e-03
6.542303785544742283e-04
1.325286367640990523e-04
-1.525213196278426653e-04
5.073458076611960356e-04
-4.082903336605643563e-04
-4.127404568883276631e-04
-5.046271010848995707e-04
-5.548059862975910283e-04
-4.553079017711661046e-04
5.697095311391997367e-04
3.662102208867796301e-04
-1.501129527904757370e-04
-1.486858740991015210e-04
-6.324959246038480828e-04
1.206591769362082907e-04
6.466928585572001955e-04
1.584431457768956065e-03
3.195517911279864218e-03
5.726120412638526121e-03
9.575075832357633071e-03
1.520576491372542180e-02
2.327699657263660599e-02
3.439370456344321980e-02
4.943106687414821482e-02
6.888768325046945584e-02
9.389648078727423630e-02
1.272558248268149950e-01
2.095437698166875973e-01
3.664548420724269562e-01
4.536512734494475008e-01
5.084005375013936900e-01
5.401345440280940213e-01
5.547523364534305834e-01
5.596499617060776144e-01
5.546904952261035859e-01
5.389890509230500504e-01
5.046395223473995051e-01
4.486190761805409211e-01
3.717294447535587354e-01
2.850607198579062085e-01
1.595552453838887386e-01
9.894813678821734459e-02
7.599692127074768322e-02
5.819729611699957228e-02
4.328384602846049867e-02
3.114650766400810927e-02
2.163777163940557025e-02
1.448121103872340894e-02
9.290113122129082038e-03
5.658629036161029989e-03
3.207733084653591801e-03
1.620202395026129919e-03
6.535939878858703853e-04
1.299399072226425000e-04
-1.576232866083548522e-04
7.563203240354759646e-04
-2.975168216178248302e-04
3.930385832508543112e-05
-3.665162278871662220e-04
2.495447267901334284e-04
5.854705457322491487e-04
-3.314255809681821915e-04
-2.330749980395112222e-04
5.772478084152108833e-04
4.745782339723826149e-04
5.413772743174655568e-04
2.593052842806835593e-04
6.639758466972739501e-04
1.589201115191125240e-03
3.196464465159804327e-03
5.726290610526582614e-03
9.575098545227721247e-03
1.520576083555374124e-02
2.327699934078065677e-02
3.439370646789731423e-02
4.943105824582793434e-02
6.888768164199508826e-02
9.389648487309443237e-02
1.272558254786193555e-01
2.095437713707722638e-01
3.664548437667419223e-01
4.536512746184637734e-01
5.084005364060626420e-01
5.401345434135603751e-01
5.547523392943730647e-01
5.596499575606008747e-01
5.546904852326474122e-01
5.389890524554697970e-01
5.046395282696803930e-01
4.486190732895776745e-01
3.717294444193089409e-01
2.850607224826817165e-01
1.595552470981585202e-01
9.894813976019552204e-02
7.599692000974883621e-02
5.819729535419919386e-02
4.328384913931429545e-02
3.114650633501448579e-02
2.163777054312712375e-02
1.448121434985788492e-02
9.290114805559121502e-03
5.658631527669184293e-03
3.207727442121252864e-03
1.620100737617686084e-03
6.528466525120171868e-04
1.247397876585652559e-04
-1.968075710587643100e-04
3.365315229104498518e-04
2.785291274327344113e-04
-3.077982179952288796e-04
-1.034346938232553450e-04
-2.054462401611163334e-04
3.089615576236193835e-04
-1.455216388349981575e-04
-4.024431776553831302e-04
1.172550882733423047e-04
-1.934017527682753131e-04
3.801290597471365380e-04
2.405506988772335023e-04
6.180175337748405190e-04
1.498872785505005927e-03
3.033153571626897530e-03
5.472608280597436245e-03
9.229140799205363607e-03
1.479491016129086921e-02
2.289792047441575190e-02
3.424714679660829930e-02
4.992742136470335046e-02
7.067833433796674725e-02
9.806241984531630096e-02
1.352051563377621723e-01
2.251535001568151784e-01
3.938866216815217203e-01
4.805639205921054535e-01
5.285865944299614760e-01
5.535314599276662806e-01
5.628367769875541882e-01
5.629511025341997765e-01
5.502544781204593560e-01
5.203621583381723426e-01
4.645912589849306995e-01
3.870687962316943787e-01
3.012548477014820314e-01
2.237457629670526749e-01
1.243210753372541860e-01
7.882637075388533587e-02
6.249230144859854036e-02
4.926134475387977663e-02
3.753146220946781270e-02
2.758305476689460606e-02
1.948888940239063353e-02
1.323210759603019558e-02
8.586652926587319198e-03
5.284925387198964944e-03
3.026914639883398345e-03
1.552344282739372052e-03
6.489629448776230818e-04
1.580512488528115214e-04
-1.243315069284403726e-04
3.302685691092703329e-04
-1.851366091241869326e-04
-3.868565172273067581e-04
-4.852922991685340907e-04
1.905707827792167577e-04
-1.502910207686394004e-04
3.104584287899560713e-04
3.279926684215249302e-04
5.523689223822453656e-04
1.275359549020940741e-04
3.937039434941171654e-04
2.116044650053234199e-04
6.103920186146526454e-04
1.498249295446533449e-03
3.033058469519207302e-03
5.472591801254531214e-03
9.229137293971737682e-03
1.479490647901036612e-02
2.289791785570112134e-02
3.424714388343282068e-02
4.992741875475133206e-02
7.067834037140892367e-02
9.806242654420796456e-02
1.352051549022098287e-01
2.251534991948295761e-01
3.938866205252365971e-01
4.805639214840712881e-01
5.285865984051366651e-01
5.535314533309686480e-01
5.628367696934510889e-01
5.629511078183042638e-01
5.502544838276770545e-01
5.203621617048341808e-01
4.645912609674827110e-01
3.870687858997970410e-01
3.012548368816668209e-01
2.237457651038313178e-01
1.243210811080038836e-01
7.882637318329152598e-02
6.249229890574000551e-02
4.926134887019868042e-02
3.753147153589612983e-02
2.758305061042005610e-02
1.948887994364725471e-02
1.323210688108587135e-02
8.586654315596001577e-03
5.284923586734322117e-03
3.026878814492334896e-03
1.552019088585543600e-03
6.466834154567094014e-04
1.426554872598874901e-04
-2.325373155618332285e-04
-3.171515863394468843e-04
-4.210557411582906509e-04
-6.961393141450812833e-05
4.404349861567133828e-04
3.146214174245894773e-04
5.248318968064470463e-04
1.851991212385433610e-04
3.954731667350190475e-04
-5.312385668847587105e-04
-2.483866114134878895e-04
-6.930017495793748625e-04
9.768809970585040495e-05
5.977815997207318712e-04
1.491043865167664129e-03
3.030999420996764726e-03
5.472037242090895849e-03
9.228983849459420838e-03
1.479485908575169963e-02
2.289791023582496421e-02
3.424714380216867249e-02
4.992741054223498454e-02
7.067833842951458390e-02
9.806242949424937017e-02
1.352051552922896305e-01
2.251535017949650719e-01
3.938866225318538583e-01
4.805639177985850385e-01
5.285865936429631207e-01
5.535314556234749439e-01
5.628367759184346175e-01
5.629511046577896360e-01
5.502544728356117965e-01
5.203621614782707461e-01
4.645912690418740887e-01
3.870687860726299001e-01
3.012548360981330275e-01
2.237457664147987080e-01
1.243210805345476705e-01
7.882637432490560703e-02
6.249229930112226716e-02
4.926134877039548693e-02
3.753147199411015211e-02
2.758304787978571593e-02
1.948887971445656050e-02
1.323211055940221904e-02
8.586655025284137960e-03
5.284928150319492465e-03
3.026912237503806211e-03
1.552267410774256810e-03
6.485658756531712107e-04
1.561451675485036662e-04
-1.356500536997511520e-04
3.194656184605137637e-04
-3.578715773523576029e-04
-2.943131400427626367e-04
-4.316030179629028879e-04
-4.891724634304467530e-04
1.440546850490676631e-07
-4.767330974374545528e-04
-1.049414165938382805e-04
-2.131232858579846753e-04
-5.307716628750747947e-04
5.572135053448078624e-04
2.379894909910940288e-04
5.557213054895481690e-04
1.351414825620182248e-03
2.738659233937369101e-03
4.966307169763811181e-03
8.430755671244651722e-03
1.361538422221291074e-02
2.123967812047874645e-02
3.203540376942694973e-02
4.712831490233141546e-02
6.739773497738103802e-02
9.462185709585690940e-02
1.322973312673210167e-01
2.240794612485274839e-01
3.987014988371863078e-01
4.898298374535913768e-01
5.398126889899598213e-01
5.643413585889253126e-01
5.706691575916710280e-01
5.637406703552458875e-01
5.364696730545848169e-01
4.824804204152877141e-01
3.989445289693265284e-01
3.057005258843839002e-01
2.246236030784382887e-01
1.644194174564078959e-01
9.185490041014683638e-02
5.997688694228382050e-02
4.912043305414535987e-02
3.978212384692363102e-02
3.098557308304925734e-02
2.321230049389806996e-02
1.665597396717299200e-02
1.145828693503761833e-02
7.513932026441278930e-03
4.668824576056094557e-03
2.699251576566974453e-03
1.403266152444816338e-03
6.033855842378897400e-04
1.612558335099056135e-04
-1.384138351848435838e-04
-1.975723419432140579e-04
-2.115993727555810452e-04
-1.456206484591352163e-04
6.473635221117043231e-04
-6.272688374518695141e-04
5.174006866145828979e-05
3.518296297096229421e-04
-5.383169561630989476e-04
4.414682019789976908e-04
-4.710434040045107635e-04
-4.956358047068772175e-04
1.015018606990977166e-04
5.373537418683328954e-04
1.347810582171022828e-03
2.737974023766977325e-03
4.966176852014806894e-03
8.430729591954996827e-03
1.361537746189986180e-02
2.123967568522364124e-02
3.203539927492737860e-02
4.712831032174459589e-02
6.739774190802270970e-02
9.462186645914978655e-02
1.322973304394229888e-01
2.240794599395826148e-01
3.987014991954435095e-01
4.898298397874532029e-01
5.398126921773911402e-01
5.643413504179578544e-01
5.706691481647113706e-01
5.637406743245427787e-01
5.364696823144308180e-01
4.824804294000833993e-01
3.989445307846137267e-01
3.057005098891638628e-01
2.246235893023622310e-01
1.644194210651577226e-01
9.185490768962023544e-02
5.997688880715811022e-02
4.912042926770599643e-02
3.978212779046739339e-02
3.098558330884502651e-02
2.321229747642902450e-02
1.665596451412186541e-02
1.145828540064070325e-02
7.513933721126487934e-03
4.668824656469184806e-03
2.699221987456941647e-03
1.403007065566709349e-03
6.018171706454485516e-04
1.529530449276963805e-04
-1.773354962674768829e-04
-2.772375423837855239e-05
-1.527845318483844446e-04
4.899552922885718528e-04
7.240014433511014324e-04
-2.944780687707845130e-04
-5.337224174222121760e-04
-5.999543418899422288e-04
4.151486789787630282e-04
2.217986269164222239e-04
3.803252693327188218e-05
-4.566776687131657384e-04
9.194701118753499441e-05
5.335308839270151834e-04
1.342013853123930414e-03
2.735933417054144980e-03
4.965554505780393757e-03
8.430542855107020853e-03
1.361531772052434509e-02
2.123966370215565197e-02
3.203539795763307024e-02
4.712830231287429977e-02
6.739773839894992735e-02
9.462186719362385146e-02
1.322973311586202738e-01
2.240794654850720435e-01
3.987015034157375126e-01
4.898298323061026638e-01
5.398126852066541526e-01
5.643413570948988545e-01
5.706691588903616275e-01
5.637406732683933885e-01
5.364696703904513475e-01
4.824804261542538497e-01
3.989445395077179102e-01
3.057005118328848803e-01
2.246235866350586863e-01
1.644194199632768028e-01
9.185490487930857151e-02
5.997688884554526478e-02
4.912043221885353111e-02
3.978212913516446236e-02
3.098558186802164230e-02
2.321229382017989812e-02
1.665596504624123481e-02
1.145828967563969000e-02
7.513934099107358495e-03
4.668828280738363846e-03
2.699255351811731454e-03
1.403263314174313815e-03
6.036967397086890784e-04
1.658326088048203933e-04
-8.817744018482345293e-05
4.723393447509345111e-04
7.191835426170963040e-04
5.317273603198609299e-04
2.411307703580016363e-04
-3.643520325789740481e-04
-6.865889500401230888e-04
-1.302095291506472085e-04
2.158472732858483464e-04
-6.154138911297164435e-04
2.604460107932280664e-05
3.428583988232465933e-04
2.146720705381494391e-04
4.743332474646096901e-04
1.138458179171078976e-03
2.299207523145598616e-03
4.181397336165908370e-03
7.132528413266805284e-03
1.158204673149108334e-02
1.816467723039025609e-02
2.754605439363702959e-02
4.073357051402545781e-02
5.862273871513846296e-02
8.296516424317307292e-02
1.175793095315227493e-01
2.043384812440639242e-01
3.776260790184292060e-01
4.794079703727644470e-01
5.407788781300538750e-01
5.709968314460158734e-01
5.751229421659548313e-01
5.559012556933445870e-01
5.025827594971917778e-01
4.139796347760934525e-01
3.076397510308417349e-01
2.169419735597435672e-01
1.537252494706718431e-01
1.132080055321794676e-01
6.439246879437790505e-02
4.338191141873278672e-02
3.653628073366914364e-02
3.023562017136074628e-02
2.396875682632545329e-02
1.823334336420483204e-02
1.324931590704985819e-02
9.213837911311986706e-03
6.094699370853423788e-03
3.816828119100942190e-03
2.223787383005571341e-03
1.169500998385327502e-03
5.168986107238563712e-04
1.624484746344646391e-04
-3.311992308612899760e-05
3.328667908153483401e-04
-5.147448700945900495e-04
-6.165846847381227470e-04
-4.286253362919625084e-04
6.175261034615628537e-04
1.570276459369479582e-04
7.046337364893739909e-05
-1.458969000626185495e-05
4.790413317190405111e-04
4.031757245961135536e-04
6.289108864947617070e-04
2.351437645799662557e-04
4.748484736973824171e-04
1.139755566056816329e-03
2.299510147082496625e-03
4.181456874822928570e-03
7.132537680078585018e-03
1.158204816470774674e-02
1.816467706266132812e-02
2.754604869070230097e-02
4.073356431326164567e-02
5.862274688178682747e-02
8.296517693097242574e-02
1.175793097561033673e-01
2.043384789770134879e-01
3.776260806313438967e-01
4.794079746378087092e-01
5.407788813535685524e-01
5.709968228004586033e-01
5.751229305137858239e-01
5.559012566382363074e-01
5.025827707127550337e-01
4.139796487342062292e-01
3.076397532865519646e-01
2.169419540113099731e-01
1.537252334918974006e-01
1.132080090186523974e-01
6.439247528823618949e-02
4.338191152345953483e-02
3.653627606435536079e-02
3.023562483334725839e-02
2.396876861373664624e-02
1.823334210847544004e-02
1.324930720032558087e-02
9.213836054985779372e-03
6.094701061968063605e-03
3.816829466264514293e-03
2.223765596755133099e-03
1.169284176036427874e-03
5.154231249642361040e-04
1.529275417580847041e-04
-9.661319825645402388e-05
-2.290721247405483264e-04
-9.591820115114642461e-05
2.675349733946615224e-04
4.941297521846912131e-04
4.812699268170756578e-04
-5.250703378951579112e-04
-7.255694733376475249e-05
-4.690860171452433561e-04
2.901054855311103000e-04
-3.117363299595592532e-04
2.603961205248191612e-04
1.810045755097080492e-04
4.661218597389156981e-04
1.134557805367597495e-03
2.297787317590376660e-03
4.180931253990415215e-03
7.132375648542183325e-03
1.158199367272166012e-02
1.816466485641887035e-02
2.754604719241926514e-02
4.073355815922112544e-02
5.862274394381555148e-02
8.296517724464030907e-02
1.175793113570603038e-01
2.043384868158588941e-01
3.776260861520441270e-01
4.794079628561639383e-01
5.407788716515180560e-01
5.709968322956882059e-01
5.751229444252824452e-01
5.559012575864176187e-01
5.025827577009965852e-01
4.139796411188341740e-01
3.076397591453779445e-01
2.169419547252110780e-01
1.537252302406414139e-01
1.132080105659644675e-01
6.439247511612863906e-02
4.338191337681047283e-02
3.653628251712098818e-02
3.023562729462818399e-02
2.396876444850037230e-02
1.823333649057340064e-02
1.324930758854343457e-02
9.213840742260068564e-03
6.094701319839649668e-03
3.816830244979990076e-03
2.223771048799134693e-03
1.169284900188411478e-03
5.152296633702204863e-04
1.499525833768154866e-04
-1.299842919535553062e-04
-1.571666956487400343e-04
4.897466146192592345e-06
-3.539389099146295764e-04
-6.179503671450836807e-04
-4.701703977080991530e-04
4.360447685396834599e-04
5.706649804207067746e-04
5.064924002206204132e-04
6.240634237012983353e-04
-7.040785612835454834e-04
4.420836214600657024e-05
1.417329570059650521e-04
3.551168710668535684e-04
8.421019127236722968e-04
1.702814730065268850e-03
3.105915876401454338e-03
5.316530728779273775e-03
8.667877541683195741e-03
1.364046428302637809e-02
2.075946873691798464e-02
3.078179089229163279e-02
4.449679056057188192e-02
6.332109572089759941e-02
9.091560928562798793e-02
1.626137481114755534e-01
3.163356741890577806e-01
4.270191638398265210e-01
5.097049647908682424e-01
5.545560044579181946e-01
5.566157134786952065e-01
5.144340322960172518e-01
4.223434888081576410e-01
3.062328539283628581e-01
2.043940515122256163e-01
1.362744313308706101e-01
9.569057546498957456e-02
7.188903804385456120e-02
4.175661911954408473e-02
2.879559498645375276e-02
2.469981245763603478e-02
2.072408853990033439e-02
1.662444698087158640e-02
1.278064486654278444e-02
9.371043585635488796e-03
6.567662957218895446e-03
4.371648567205572988e-03
2.753013111488279013e-03
1.612574203570476747e-03
8.551866761390012001e-04
3.874531947578306362e-04
1.425666346392028742e-04
3.458272322763809170e-05
3.100486744741688411e-04
4.909462004680901787e-04
-6.299576300624915460e-04
2.333752265228923703e-04
2.455701431527130673e-04
-5.083226036221240350e-04
-1.669002189879072531e-04
-4.035812044863526797e-04
-5.704142286234657440e-04
-1.910008595661068036e-04
4.232654473933776420e-04
1.772437678302315220e-04
3.576845061536986382e-04
8.420943980012153638e-04
1.702710096002604595e-03
3.105872501308391473e-03
5.316516194202221442e-03
8.667876166619618850e-03
1.364046509760072183e-02
2.075946238936722185e-02
3.078178292729880430e-02
4.449679827156855644e-02
6.332110992102583935e-02
9.091560936404258220e-02
1.626137436196538888e-01
3.163356762842076120e-01
4.270191700700263771e-01
5.097049687120476236e-01
5.545559965877832065e-01
5.566157007160726922e-01
5.144340302703833689e-01
4.223435007519167339e-01
3.062328711936885828e-01
2.043940539279692770e-01
1.362744096327235255e-01
9.569055905633234993e-02
7.188904331399241510e-02
4.175662600402896274e-02
2.879559360399927548e-02
2.469980679295026571e-02
2.072409344973605294e-02
1.662445914155421742e-02
1.278064398430097011e-02
9.371034856498396820e-03
6.567660478873389197e-03
4.371649409412097995e-03
2.753015128764906439e-03
1.612573549203814545e-03
8.551451865006860689e-04
3.871742244364596006e-04
1.408427655904936069e-04
2.478418587046113110e-05
5.285243961347516799e-04
6.427577520413591851e-04
-3.466798748217105887e-04
-7.945459279411989136e-05
4.335745505293643305e-04
-9.192341361685718896e-05
7.471364593247208606e-04
3.350263534821574314e-04
-2.606349363333493343e-05
3.920454679003769634e-04
-1.534877775731620841e-04
9.946297971445480367e-05
3.467370760240145685e-04
8.381383955891236236e-04
1.701540204949372227e-03
3.105526579772294789e-03
5.316406376792243323e-03
8.667836361957172511e-03
1.364045581719520311e-02
2.075946204051351204e-02
3.078177978909785173e-02
4.449679643030788473e-02
6.332110967845198946e-02
9.091561195295101705e-02
1.626137548501182806e-01
3.163356845033029052e-01
4.270191537341416765e-01
5.097049537901936489e-01
5.545560049468493125e-01
5.566157139325841330e-01
5.144340304414747322e-01
4.223434868129318231e-01
3.062328639958513676e-01
2.043940634478048080e-01
1.362744145347465075e-01
9.569055680944998921e-02
7.188904439027986315e-02
4.175662402165744580e-02
2.879559388835159148e-02
2.469981483153978197e-02
2.072409664003027965e-02
1.662445263634253559e-02
1.278063682453836093e-02
9.371035878843190711e-03
6.567666310284823658e-03
4.371649231026985757e-03
2.753014178586720741e-03
1.612571085454863164e-03
8.550898242139148495e-04
3.867560855343393582e-04
1.380549549434509241e-04
6.936545977884824821e-06
-2.788933643976067761e-05
3.629305594372459007e-04
5.229492194758353840e-04
5.786933263356939519e-04
-6.746979550000416475e-04
5.130309257820669325e-04
-3.976087646448145125e-04
3.076945547219905766e-04
-5.709350681943006376e-04
3.286171146025906160e-04
4.859233323356573417e-04
1.540875188578981513e-04
2.222191098590518496e-04
4.749264414081560927e-04
9.659111462910336104e-04
1.767207395307876083e-03
3.031581532965705629e-03
4.954545624976889120e-03
7.812519616405414966e-03
1.191886705193549029e-02
1.770757945410269749e-02
2.570248877047031158e-02
3.677597897052398146e-02
5.351516735450746048e-02
9.840604327611712776e-02
2.020931416884886311e-01
2.961915898444730244e-01
3.898383549531631576e-01
4.528774918844494790e-01
4.521490099184918288e-01
3.821926015745631400e-01
2.705110549278542109e-01
1.712764681476559581e-01
1.053171659320385894e-01
6.807993443402615696e-02
4.799090218547977932e-02
3.681011834974921154e-02
2.179655841032244329e-02
1.526051937224599461e-02
1.321756731054097439e-02
1.116967990346657419e-02
9.019035961228740600e-03
6.975382450018389330e-03
5.140990681187750100e-03
3.618716022832324259e-03
2.416411030882153858e-03
1.525199184670507488e-03
8.945255887353761697e-04
4.750662452778763598e-04
2.168849668013124617e-04
8.546501691816844068e-05
3.874370460469303719e-05
1.556040387477516127e-04
-2.323430640498557864e-04
-4.061962681895612149e-04
-3.236427797690763107e-04
-8.090538258518292043e-05
5.583916421827587800e-04
2.020103667644883330e-05
4.739320379650863039e-04
-2.068529582998793821e-04
5.821838876156982872e-04
-5.701648302356092770e-04
2.834423793876821463e-05
2.063600759196206026e-04
4.704718480579817247e-04
9.649309522283470823e-04
1.766999495833548048e-03
3.031537672389136937e-03
4.954541609053660610e-03
7.812521374497507012e-03
1.191886049416259266e-02
1.770757081049956563e-02
2.570249668220093986e-02
3.677599514491581428e-02
5.351516795954099764e-02
9.840603627992232372e-02
2.020931417050398915e-01
2.961915947659198856e-01
3.898383579730629322e-01
4.528774843518246218e-01
4.521489960838080413e-01
3.821925978574136629e-01
2.705110684011992617e-01
1.712764883002391436e-01
1.053171690994619825e-01
6.807991267382548783e-02
4.799088727674161170e-02
3.681012577804261554e-02
2.179656509152071847e-02
1.526051595877407109e-02
1.321756079738780829e-02
1.116968565472450763e-02
9.019048553764749329e-03
6.975381575554355160e-03
5.140981757228510127e-03
3.618712518099334759e-03
2.416409727296865099e-03
1.525200986861803640e-03
8.945514089517098925e-04
4.752353614120077016e-04
2.179443527896857559e-04
9.145811119669921868e-05
7.214590021107349864e-05
3.525704040851443811e-04
-5.290406200714718602e-04
5.784337616027826262e-04
6.795766680676374382e-04
6.908829812758637097e-04
4.293851006462900857e-04
2.128598411262613366e-04
5.726932938200108431e-04
-5.549923656682626254e-04
-4.118704540218120613e-04
-4.519464866160170118e-04
3.694000224701445267e-05
2.068969097828681880e-04
4.707425352342559099e-04
9.648527052537036195e-04
1.766923847092911979e-03
3.031494096445451047e-03
4.954518128130096580e-03
7.812514309512392716e-03
1.191886060662560032e-02
1.770757139949372463e-02
2.570249711779613519e-02
3.677599419566114636e-02
5.351517008656507535e-02
9.840604908618720559e-02
2.020931514457388611e-01
2.961915745404546940e-01
3.898383389444771141e-01
4.528774938899157720e-01
4.521490109032218485e-01
3.821925980213434770e-01
2.705110539454149143e-01
1.712764803417556603e-01
1.053171783766080338e-01
6.807991855124967406e-02
4.799088519333649661e-02
3.681012616867154058e-02
2.179656125880468504e-02
1.526051484991117549e-02
1.321757091438772319e-02
1.116969087010843097e-02
9.019041203517850352e-03
6.975373752422774250e-03
5.140983969119755810e-03
3.618719212823304394e-03
2.416407496231190444e-03
1.525197437201595294e-03
8.945470270240602753e-04
4.751851748368385135e-04
2.177254843398564361e-04
9.082296215300117101e-05
7.274134244562792569e-05
1.468267437434461092e-04
5.640505371577365533e-04
6.056162124570326627e-04
-6.795405476497464771e-04
-4.964662623592131169e-04
-1.301448865239571964e-04
-5.539707326708886775e-04
3.992620039840791258e-04
-1.487051536550226588e-04
-3.669518726583625816e-04
-2.895780795624597272e-04
7.306147450896381625e-05
7.328903252490736437e-05
7.127898755325870993e-05
1.433722224712356971e-04
2.606932024681487387e-04
4.442704472189115076e-04
7.232311570550641186e-04
1.137964638913956453e-03
1.735048307351568344e-03
2.578302814047070835e-03
3.751183383741764008e-03
5.391208189207164457e-03
7.927204284812203530e-03
1.486420050957107386e-02
3.159417997878863349e-02
4.871328393914828997e-02
6.868360054418097549e-02
8.436457846113511183e-02
8.379192486552029806e-02
6.570791071004941641e-02
4.216855642491362105e-02
2.486739230705076881e-02
1.469538357203552074e-02
9.344413745788555242e-03
6.577430112741571716e-03
5.072475855646151055e-03
3.019768768277085545e-03
2.120413130437333489e-03
1.838398590924514167e-03
1.553689895026528177e-03
1.253923752893177810e-03
9.679590350159170391e-04
7.105455138223360596e-04
4.964507185791563072e-04
3.272795897243998284e-04
2.020230730329270505e-04
1.137258959487304617e-04
5.515474349298617212e-05
1.771721240202704095e-05
-1.206136046669411195e-05
-8.592703657501616070e-05
-3.247029709710848484e-04
4.744379196625523546e-04
1.565193273881746317e-04
-3.165321040486044875e-04
6.482197325126292297e-04
2.635537914311384820e-04
6.425198909015105559e-05
4.958734423076470790e-04
7.217811239901896500e-04
5.240669830389056011e-04
1.455024907697188537e-04
9.379031263361839682e-05
7.204046744828217089e-05
7.285721669341323735e-05
1.438744165122600915e-04
2.608365468146225203e-04
4.443104404203311792e-04
7.232490717343853862e-04
1.137971796334796056e-03
1.735041847685879707e-03
2.578293360232719253e-03
3.751190763158035197e-03
5.391225629120434924e-03
7.927206215966473013e-03
1.486419254403443906e-02
3.159417829939097783e-02
4.871328740968870058e-02
6.868360322401945162e-02
8.436457199027258547e-02
8.379190982759975037e-02
6.570790487851928263e-02
4.216857037558752880e-02
2.486741442214461875e-02
1.469538724831569165e-02
9.344391677117465031e-03
6.577415128120240630e-03
5.072482975118198546e-03
3.019774268578443149e-03
2.120408374310548544e-03
1.838392812994875088e-03
1.553697960636280309e-03
1.253937578509594719e-03
9.679589512448311594e-04
7.105374237753954349e-04
4.964465679445634457e-04
3.272757839022162780e-04
2.020242700821080748e-04
1.137761802789527798e-04
5.553170232763966345e-05
2.017113220369107292e-05
2.325786880850611749e-06
-3.052394825826185730e-06
-9.813992561032165555e-05
2.131910668523765253e-04
-4.906780911043605265e-04
-5.719282826411513452e-04
4.159902348615351474e-04
-3.733441919121999533e-04
-4.705445434625714807e-04
5.904945229998065500e-05
-4.699291628441293008e-04
-3.159743149357227446e-04
2.789324180097919469e-04
1.304371499468362906e-04
7.881767842119990195e-05
7.291246901551035791e-05
1.436852468362816702e-04
2.607342826401601787e-04
4.442620942318672192e-04
7.232253556450069084e-04
1.137962490136107006e-03
1.735040768467243592e-03
2.578297433891426488e-03
3.751193835309028432e-03
5.391223688276147556e-03
7.927206470800482810e-03
1.486420455113183700e-02
3.159418748944289174e-02
4.871326390325787792e-02
6.868358135405931708e-02
8.436458543679706268e-02
8.379193026217852946e-02
6.570790747459723247e-02
4.216855610779723235e-02
2.486740378321954104e-02
1.469539282667635394e-02
9.344396196123958692e-03
6.577412851756608315e-03
5.072483621718322684e-03
3.019770739981331598e-03
2.120407980915028825e-03
1.838405616584383581e-03
1.553704789478473416e-03
1.253928922105039968e-03
9.679503968806019241e-04
7.105411217543397637e-04
4.964538324459571083e-04
3.272710494196621198e-04
2.020182281508756496e-04
1.137624608479898550e-04
5.541574832362573924e-05
1.959260831622194077e-05
-2.162128447886679784e-07
-1.190894554829990734e-05
-6.630820128236603517e-05
-2.089654710636152280e-04
-5.113592112488082354e-04
5.013003112808531864e-04
-1.059066697612156979e-04
-4.559125582670152388e-04
-1.873489805172529716e-04
6.935838911382966759e-05
1.284890050608917039e-05
1.640379671312489887e-04
4.822728128721640636e-04
1.498835512902233120e-04
-5.990845074264469560e-05
-3.289044287908256888e-04
-6.891921196587634047e-04
-1.270792529698863303e-03
-2.189843820119497398e-03
-3.589433542492935936e-03
-5.670952449022085944e-03
-8.665762245799728258e-03
-1.289132716459118547e-02
-1.874602470868085360e-02
-2.688489235639343611e-02
-3.930539731259893171e-02
-7.288299608281052777e-02
-1.520206234955207014e-01
-2.283311764825164125e-01
-3.106671172404918413e-01
-3.705362263779789500e-01
-3.692203437796174881e-01
-3.015531715233474852e-01
-2.037749778727398209e-01
-1.246683596818778800e-01
-7.521711028834311696e-02
-4.829417354320363759e-02
-3.407480487319729939e-02
-2.626936805410143294e-02
-1.563510721262475339e-02
-1.098813604292323172e-02
-9.538002657644420110e-03
-8.076153470051031930e-03
-6.536124906052295618e-03
-5.069148947912850527e-03
-3.748944468702942491e-03
-2.650848391609471767e-03
-1.781214840588757386e-03
-1.134952811851381530e-03
-6.760734851424180089e-04
-3.699171034708962280e-04
-1.822674231498058663e-04
-9.775216454378596743e-05
-1.313768025631898665e-04
-4.818457617207852484e-04
5.112625082694775705e-04
-7.258850497704346337e-04
4.027330489977775773e-04
3.978924475016023480e-04
-8.641323209719954689e-05
-3.127113079067007006e-04
4.257147094388031650e-04
-6.780318173712798725e-04
-7.275609062045104453e-04
-4.371683421987353170e-04
3.850098628544981646e-05
-7.341415223519654777e-05
-3.286739041297175750e-04
-6.886212988801700087e-04
-1.270555982438363986e-03
-2.189765552018918190e-03
-3.589401654657346005e-03
-5.670941623406783316e-03
-8.665768739268350437e-03
-1.289133731134555448e-02
-1.874601894539627139e-02
-2.688487544380045377e-02
-3.930539389299202852e-02
-7.288300249396617581e-02
-1.520206242516486672e-01
-2.283311730719007060e-01
-3.106671144816601782e-01
-3.705362305005786561e-01
-3.692203578289883215e-01
-3.015531803894394569e-01
-2.037749662143304441e-01
-1.246683380662029217e-01
-7.521710592841565624e-02
-4.829419275443041365e-02
-3.407481703267881828e-02
-2.626936018604515005e-02
-1.563510257660129937e-02
-1.098814228819816781e-02
-9.538008718974096134e-03
-8.076145359756597628e-03
-6.536112387042347996e-03
-5.069149219672609320e-03
-3.748951138927206477e-03
-2.650852120071974915e-03
-1.781219253737791964e-03
-1.134950404679119880e-03
-6.760087344354336622e-04
-3.694109198977575518e-04
-1.787915544219655345e-04
-7.591832710539176451e-05
5.457112691751725860e-06
3.349884455182648973e-04
6.680778204505258982e-05
7.117211586551901257e-04
-7.361344881313989586e-04
-2.000659976837253510e-04
3.257390033641494194e-04
-4.956887161106628354e-04
5.309900317565570838e-04
3.510490511958890328e-04
-4.711508303681785008e-04
4.988496157615576222e-04
1.586754231858247561e-04
-5.834620096010992855e-05
-3.280028079460656633e-04
-6.889279329938847183e-04
-1.270736497780134994e-03
-2.189841385186147831e-03
-3.589432907716989286e-03
-5.670955171948431281e-03
-8.665771076008839044e-03
-1.289132905650621982e-02
-1.874601206464958369e-02
-2.688487709927636637e-02
-3.930539509423090078e-02
-7.288299228716299538e-02
-1.520206165169066537e-01
-2.283311988393569580e-01
-3.106671392805605558e-01
-3.705362204059290399e-01
-3.692203389164347982e-01
-3.015531750802383781e-01
-2.037749748911687475e-01
-1.246683460688866180e-01
-7.521710154615270094e-02
-4.829418881209301267e-02
-3.407481956935445866e-02
-2.626936030149241638e-02
-1.563510684008665233e-02
-1.098814315164804538e-02
-9.537995386524089278e-03
-8.076139302788923682e-03
-6.536123772758528627e-03
-5.069158752812877831e-03
-3.748945570600123196e-03
-2.650843599503075170e-03
-1.781224350475167206e-03
-1.134956580172279041e-03
-6.760381701610913884e-04
-3.696710024469691868e-04
-1.804466330593558997e-04
-8.592968079309512607e-05
-5.412085262646065587e-05
7.132162459716246024e-05
-4.669004150112654439e-04
3.107974312176007160e-04
-4.365700336210043123e-04
4.339721828113007364e-04
5.259913935810247177e-04
1.292265094656043056e-04
7.098114531612336603e-04
2.488785227365953950e-04
-5.328631564578787273e-04
6.211305964113765683e-05
8.546919061944568822e-05
-2.011515522135023817e-04
-6.990132567072944838e-04
-1.455346325865003974e-03
-2.675564354762981645e-03
-4.596502183055383925e-03
-7.511600412031465591e-03
-1.183953798257542100e-02
-1.804465994991702460e-02
-2.678450111230788050e-02
-3.878319364204339120e-02
-5.529966856822499111e-02
-7.976540771765905369e-02
-1.440448590719634880e-01
-2.853732217036563656e-01
-3.953798234118086619e-01
-4.855057910925176801e-01
-5.374870282225938656e-01
-5.386770229433365254e-01
-4.859775604388842929e-01
-3.816033826301085674e-01
-2.642040961464059423e-01
-1.711077229838154357e-01
-1.127275349279274613e-01
-7.923642523612897670e-02
-5.998255137040723467e-02
-3.508119596769841697e-02
-2.433725661674788349e-02
-2.096511758077811843e-02
-1.765033621153024035e-02
-1.420533959906847797e-02
-1.095733830819910042e-02
-8.061741620060061328e-03
-5.671436590631352172e-03
-3.791783467834472076e-03
-2.402071029572211414e-03
-1.419728364935246611e-03
-7.653730098122342148e-04
-3.605897496375741560e-04
-1.550422039807252252e-04
-1.058281478720147806e-04
-6.744808803334514068e-04
2.894934812193179758e-05
7.193538605458826493e-04
-5.290517821667002239e-04
7.085948447007194180e-04
-4.830007221946727475e-04
5.148131134095048017e-04
-6.200492096870346753e-04
-7.414047432794276761e-04
7.149083734169041620e-04
6.603409260660242494e-04
1.517188911614499318e-04
-1.933298522073681556e-04
-6.936875653200425288e-04
-1.453678408873427435e-03
-2.675089350982214498e-03
-4.596370638743170998e-03
-7.511555049741895987e-03
-1.183952389473084260e-02
-1.804466533919873647e-02
-2.678451041412769490e-02
-3.878318911674804442e-02
-5.529965364089465402e-02
-7.976540462867739989e-02
-1.440448655738072181e-01
-2.853732237888916279e-01
-3.953798215385485593e-01
-4.855057878094464208e-01
-5.374870277522322271e-01
-5.386770324260200526e-01
-4.859775695953911234e-01
-3.816033735532362026e-01
-2.642040769105934439e-01
-1.711077192061803420e-01
-1.127275509260776409e-01
-7.923643408372064989e-02
-5.998254312515048647e-02
-3.508119262404688771e-02
-2.433726427549688306e-02
-2.096512354508906287e-02
-1.765032834610748627e-02
-1.420532887372444666e-02
-1.095733831541240329e-02
-8.061746518120079669e-03
-5.671440176878778799e-03
-3.791787478554727118e-03
-2.402067808849259190e-03
-1.419681083519678914e-03
-7.650136054304939757e-04
-3.580390576142198646e-04
-1.379179131279135474e-04
1.375562693020606885e-05
2.840058959505135840e-04
-4.873225873749443583e-04
-3.238870749397462193e-04
1.622312725501264691e-04
-5.377108551562151005e-04
3.329224469309959369e-04
1.643792634810778636e-04
5.493677034755143187e-04
5.521979901091391384e-04
-6.746727855186225543e-04
1.767714309523560410e-04
8.661917729364208016e-05
-2.030970342698577142e-04
-6.994124383998699592e-04
-1.455451387294900978e-03
-2.675608312744414026e-03
-4.596524207354361381e-03
-7.511603179619559187e-03
-1.183954318305663854e-02
-1.804466921110319672e-02
-2.678449921334139644e-02
-3.878318050088679775e-02
-5.529965660999111576e-02
-7.976540857595877665e-02
-1.440448587797120705e-01
-2.853732167617056836e-01
-3.953798438258722681e-01
-4.855058100436654422e-01
-5.374870213345128711e-01
-5.386770182340711033e-01
-4.859775639298847816e-01
-3.816033768021004913e-01
-2.642040808383775974e-01
-1.711077138723802460e-01
-1.127275456714080942e-01
-7.923643613384930007e-02
-5.998254480703992669e-02
-3.508119861558694347e-02
-2.433726586079597992e-02
-2.096510950901077364e-02
-1.765032205218481851e-02
-1.420534108478983815e-02
-1.095734760425469759e-02
-8.061740095542065110e-03
-5.671432773851584931e-03
-3.791794187191185102e-03
-2.402073951216815179e-03
-1.419712979696186863e-03
-7.653140043837234306e-04
-3.602128496371661236e-04
-1.530963664348689111e-04
-9.454242530518649915e-05
-4.374304665728575973e-04
1.287912494815773856e-04
4.529919254613591043e-05
-6.499068308959186999e-04
3.253178304602820196e-04
-2.143154242500703471e-04
2.878638477904910944e-04
2.033362319407183466e-04
-3.351810272640726607e-04
4.925865513314024507e-04
1.115128117543214616e-04
4.401848794719976006e-05
-3.268072757305206404e-04
-1.014049589732270553e-03
-2.098833369700313367e-03
-3.842880483600034491e-03
-6.576692136120630694e-03
-1.070481883870685012e-02
-1.681937677362609768e-02
-2.554892221734954283e-02
-3.783187932255332314e-02
-5.454560474083047783e-02
-7.736763991034104060e-02
-1.101479573182354843e-01
-1.932719608620857843e-01
-3.629266655556043775e-01
-4.685884423192187009e-01
-5.358736568507463938e-01
-5.694991489488253622e-01
-5.729822028330782135e-01
-5.479654601414845061e-01
-4.831595696983591037e-01
-3.831673842229410543e-01
-2.744086418506953562e-01
-1.892808869427148599e-01
-1.333486053739637300e-01
-9.875618506435862587e-02
-5.657954384683334947e-02
-3.846837542264271159e-02
-3.263842144085640079e-02
-2.716418186952923933e-02
-2.164071316825631752e-02
-1.653843133551384167e-02
-1.206894520833764160e-02
-8.428628540215485701e-03
-5.599739081297384034e-03
-3.525605907073680288e-03
-2.069383300958721646e-03
-1.102161004119104303e-03
-4.999996022455114849e-04
-1.654792284291973570e-04
8.677723184314107955e-05
2.632808825705250854e-04
2.279509458630079644e-04
1.381831075373066706e-04
-4.634036573053784019e-04
6.900587324305273735e-04
-4.649594208252846991e-04
-5.843000780598312221e-04
2.702853296285943766e-04
-3.501124380257132195e-04
-5.388991695760549989e-05
7.568958134338565642e-04
1.211372172721740639e-04
-3.172839435387159808e-04
-1.009377265753783450e-03
-2.097450401483901081e-03
-3.842504124169412224e-03
-6.576591941118081590e-03
-1.070478311370416657e-02
-1.681936617191845049e-02
-2.554892790754070483e-02
-3.783188766631726679e-02
-5.454560179282035015e-02
-7.736762865479196449e-02
-1.101479558979552159e-01
-1.932719674854012915e-01
-3.629266688532213903e-01
-4.685884423482602479e-01
-5.358736534256040018e-01
-5.694991444932073765e-01
-5.729822081813987777e-01
-5.479654680639493014e-01
-4.831595623223832736e-01
-3.831673683335460878e-01
-2.744086399726989867e-01
-1.892809012767414922e-01
-1.333486127992626891e-01
-9.875617822327235895e-02
-5.657954217562029958e-02
-3.846838322937159299e-02
-3.263842533964982084e-02
-2.716417314303461866e-02
-2.164070363223893553e-02
-1.653842986330478562e-02
-1.206894766715923585e-02
-8.428632577186918190e-03
-5.599743251952391150e-03
-3.525604973428441476e-03
-2.069382751470621225e-03
-1.102226702696193321e-03
-5.008836206626412178e-04
-1.746036191310244249e-04
2.300954212187474225e-06
-2.483046151394406598e-04
3.803198071203768831e-04
-4.616700339557381402e-04
2.393272860867628484e-04
-4.203584602952518544e-04
-1.833740050944827340e-04
9.440129352830916839e-05
-1.414827875617408507e-04
-5.086732952285092420e-04
-3.081507134068775544e-04
-5.675732411066331754e-04
-6.474389009099004906e-05
-3.442261885034606644e-04
-1.017954853904125311e-03
-2.099779036335017428e-03
-3.843135629718846639e-03
-6.576766489513758036e-03
-1.070483330764396800e-02
-1.681938725403236273e-02
-2.554893231815880475e-02
-3.783187402654280412e-02
-5.454559275730319623e-02
-7.736763316701872339e-02
-1.101479618430803720e-01
-1.932719641796580012e-01
-3.629266623302147554e-01
-4.685884588173993004e-01
-5.358736712460800966e-01
-5.694991387106967951e-01
-5.729821958194074583e-01
-5.479654625825791658e-01
-4.831595635531828470e-01
-3.831673724802118763e-01
-2.744086374006849405e-01
-1.892808967001275156e-01
-1.333486143928685197e-01
-9.875618034326445749e-02
-5.657954817745109583e-02
-3.846838406650789771e-02
-3.263841049150524587e-02
-2.716416662224716699e-02
-2.164071546530895590e-02
-1.653843740614146379e-02
-1.206893997708761296e-02
-8.428626572701268180e-03
-5.599751471349052705e-03
-3.525610697801675152e-03
-2.069386417702125808e-03
-1.102244840127822182e-03
-5.008657131918546092e-04
-1.737572321422335741e-04
9.951360185998489230e-06
-6.994798856793194276e-06
-2.168986239490579846e-04
-4.108794493012935521e-04
4.554599722333348187e-04
3.026810419639725032e-05
1.900590413468569186e-04
-5.452126609881949477e-04
7.084673441405344883e-05
-7.924923205350341987e-05
4.324161638423202193e-04
4.528915223634130747e-04
3.872571350328496436e-05
-4.253684320777565732e-04
-1.260964230997008032e-03
-2.594919994904899135e-03
-4.726496325219747136e-03
-8.046694828149946258e-03
-1.302814179007188988e-02
-2.037116108799617159e-02
-3.079627486170230521e-02
-4.540678575964732233e-02
-6.510273143903494431e-02
-9.168293059490847940e-02
-1.287707212560023629e-01
-2.197679322631914955e-01
-3.950071231858582887e-01
-4.890399608498380846e-01
-5.416934493936766959e-01
-5.674509373838875215e-01
-5.730238353409985441e-01
-5.627465946904894878e-01
-5.284391851162503206e-01
-4.640310788099208938e-01
-3.715021028926163704e-01
-2.766626593544745938e-01
-2.003294888437021914e-01
-1.466360403684492386e-01
-8.232407635650584865e-02
-5.432432643091835572e-02
-4.494234407436459300e-02
-3.669246152140299283e-02
-2.877102266912101233e-02
-2.168304408368536967e-02
-1.563994878585084000e-02
-1.081222258965539723e-02
-7.123629643467262358e-03
-4.450039410712387962e-03
-2.590670420171907462e-03
-1.361957199785670224e-03
-5.988403338886558788e-04
-1.759097788450138180e-04
8.739157221401405023e-05
-5.291880609107438891e-06
5.291496369372936234e-04
-2.683011542982709154e-04
-4.376454684091475849e-04
6.514802138818908935e-04
5.054642034586292413e-04
3.066704135985402800e-04
-3.809547912676865440e-04
-6.685182008943651609e-04
-5.720833302333291036e-04
-1.844548106480172118e-04
-3.749246957072654009e-05
-4.349375703479082113e-04
-1.262560952946894166e-03
-2.595183681132666800e-03
-4.726552741659021707e-03
-8.046709410022280864e-03
-1.302813768540385560e-02
-2.037116068314295814e-02
-3.079628370198538023e-02
-4.540679487986076790e-02
-6.510273113171627379e-02
-9.168292360109303596e-02
-1.287707206819029837e-01
-2.197679361842556911e-01
-3.950071233832141426e-01
-4.890399601473346403e-01
-5.416934470484404684e-01
-5.674509328910688488e-01
-5.730238396355948893e-01
-5.627466019358710048e-01
-5.284391788749385199e-01
-4.640310658289037438e-01
-3.715021015927964521e-01
-2.766626704808138326e-01
-2.003294937974073597e-01
-1.466360346037975382e-01
-8.232407660456500520e-02
-5.432433479032527240e-02
-4.494234702934398612e-02
-3.669245420607713387e-02
-2.877101650428271623e-02
-2.168304198109246433e-02
-1.563994871644825216e-02
-1.081222619837599562e-02
-7.123632255294779642e-03
-4.450037152699966823e-03
-2.590668138787654944e-03
-1.361971690419456647e-03
-5.991765307118584495e-04
-1.796889004875561354e-04
5.357203186809691466e-05
-2.826822876934494957e-04
5.585136230353199066e-04
-3.195011400851133524e-04
-2.881990894732748142e-04
2.435806729746064841e-04
-6.169621380429094392e-04
1.370292410041703613e-04
7.564142786250520247e-04
3.471325851592316127e-04
-2.052321275880854650e-05
-5.990220916540616716e-04
-1.216483579853257479e-04
-4.501470460514681114e-04
-1.267345018464991922e-03
-2.596565908023206436e-03
-4.726942910985611201e-03
-8.046818139531656047e-03
-1.302816792323554553e-02
-2.037117775175206064e-02
-3.079628684803845801e-02
-4.540677821481819282e-02
-6.510272121749495489e-02
-9.168292765769328612e-02
-1.287707261273810799e-01
-2.197679357798511257e-01
-3.950071189279610873e-01
-4.890399727942028041e-01
-5.416934625525356983e-01
-5.674509282791619924e-01
-5.730238274878211024e-01
-5.627465949335551665e-01
-5.284391779306191195e-01
-4.640310703684543125e-01
-3.715021024473931233e-01
-2.766626674351360116e-01
-2.003294953462157746e-01
-1.466360376187813841e-01
-8.232408264167667689e-02
-5.432433502865744585e-02
-4.494233305121125149e-02
-3.669244942642597984e-02
-2.877102902746246291e-02
-2.168304828946328658e-02
-1.563993933119145821e-02
-1.081221959228132086e-02
-7.123638874470427339e-03
-4.450041347097706546e-03
-2.590657764657822854e-03
-1.361835322677359267e-03
-5.976921811432962545e-04
-1.655169749390913644e-04
1.814962648685953302e-04
4.145540919895827014e-04
3.068004297832304110e-04
4.514548025704256495e-04
6.272938837656638535e-04
2.804244050013858730e-04
7.322131832978120460e-04
3.435431168180861565e-04
-4.801167298352297360e-04
7.093952272134650908e-04
7.277707101692070576e-04
1.007623590016899838e-04
-1.247742736509260888e-05
-5.016202062305243417e-04
-1.441478009969341702e-03
-2.943945713904046885e-03
-5.326558810883645287e-03
-9.007244229760609164e-03
-1.448126336041942637e-02
-2.248333626762783963e-02
-3.374004419397803184e-02
-4.937017400498675684e-02
-7.017300078361204951e-02
-9.781031904917419917e-02
-1.355243652136666477e-01
-2.267793147817974142e-01
-3.981406925034201572e-01
-4.855887789037495184e-01
-5.331570837539842955e-01
-5.571741273660363314e-01
-5.653330835668115562e-01
-5.636676352178934257e-01
-5.472653423992941413e-01
-5.107825628323371392e-01
-4.463610468027632838e-01
-3.623560821443035374e-01
-2.763143837392474378e-01
-2.037606659993594915e-01
-1.132477245752169792e-01
-7.246673634757407056e-02
-5.808430731076304199e-02
-4.622286799379256295e-02
-3.549548294933627113e-02
-2.627076209967494497e-02
-1.867188132781913423e-02
-1.274634639745663399e-02
-8.312751169224525186e-03
-5.144382475792036273e-03
-2.966433944266400405e-03
-1.536942490951425039e-03
-6.528982865207505482e-04
-1.604159408059118688e-04
1.583695710356184500e-04
-2.797856987298706806e-04
-5.795331165034302984e-04
5.319829689915285802e-04
7.113858832837815453e-04
-1.491903095444865868e-04
5.094391553808773126e-04
-6.557129688386160223e-04
2.272074015927522930e-04
2.962309384213623474e-04
-1.682273498028326016e-04
9.278808543487623492e-05
-4.185085358260946879e-05
-5.095959354775390221e-04
-1.445048924132005721e-03
-2.945186712255760692e-03
-5.326963251817146659e-03
-9.007368851555012240e-03
-1.448129325611231810e-02
-2.248334665760818793e-02
-3.374005528521832609e-02
-4.937018231869984286e-02
-7.017300140054988367e-02
-9.781031478871887730e-02
-1.355243644073032272e-01
-2.267793163806310353e-01
-3.981406912064197612e-01
-4.855887784792770612e-01
-5.331570826804067353e-01
-5.571741231822594509e-01
-5.653330876324076382e-01
-5.636676432874921927e-01
-5.472653385911817603e-01
-5.107825525830063107e-01
-4.463610444787251552e-01
-3.623560882189855725e-01
-2.763143853902656488e-01
-2.037606612607212597e-01
-1.132477270493606747e-01
-7.246674533820836317e-02
-5.808430960690285499e-02
-4.622286283529244283e-02
-3.549548052844343771e-02
-2.627075945984112468e-02
-1.867187925343013685e-02
-1.274635006140511888e-02
-8.312752686480989750e-03
-5.144377738254374624e-03
-2.966401902046605400e-03
-1.536660009883875641e-03
-6.508857971151678443e-04
-1.469919973520254189e-04
2.499722213100789305e-04
5.959711151402982731e-04
4.504510999493208882e-04
-4.871376652775103898e-04
-2.753583061198276900e-04
-5.264739618600247466e-04
-7.563908152208809405e-04
-3.515671018868072087e-04
-6.358464808190477952e-04
-5.566502394385995948e-04
-3.864574094807964825e-04
-4.248066951844951594e-04
-1.005773947618831041e-04
-5.170908726651044559e-04
-1.447804592452088708e-03
-2.945759493402476479e-03
-5.327072266614505183e-03
-9.007385988997624812e-03
-1.448129328271976178e-02
-2.248335584163818623e-02
-3.374005651318642829e-02
-4.937016475169085650e-02
-7.017299387764668051e-02
-9.781032034743411541e-02
-1.355243694607035365e-01
-2.267793183105715205e-01
-3.981406888138118716e-01
-4.855887868584909395e-01
-5.331570945937059713e-01
-5.571741197235867693e-01
-5.653330771284740264e-01
-5.636676356670403676e-01
-5.472653347930248602e-01
-5.107825552934673885e-01
-4.463610465011783046e-01
-3.623560861763150953e-01
-2.763143882633735671e-01
-2.037606675158624703e-01
-1.132477340784274894e-01
-7.246674429009024310e-02
-5.808429533672677253e-02
-4.622285818424370224e-02
-3.549549276903551237e-02
-2.627076576999307772e-02
-1.867187056879276996e-02
-1.274634458495791690e-02
-8.312758305475068804e-03
-5.144383403406348892e-03
-2.966436473193629492e-03
-1.537002467466205271e-03
-6.534800446055149311e-04
-1.653298107841569102e-04
1.154680366480687618e-04
-6.117121646195715964e-04
-2.576477532592600967e-04
9.717147936553733147e-05
-2.053415172503235983e-04
5.498233977202668333e-04
-7.449499013687613811e-04
5.489649781422197656e-04
6.535119913143790657e-04
5.797339224779795566e-04
-5.286029822418030627e-04
5.152467882126746199e-04
2.329412071430683753e-05
-5.499140807320509073e-04
-1.557749506779783702e-03
-3.155942824038830783e-03
-5.664885774774713716e-03
-9.498208411446905364e-03
-1.513380186949608158e-02
-2.325978229525789073e-02
-3.452336842038977727e-02
-4.988148084197512738e-02
-6.992118406205280468e-02
-9.592812335411150804e-02
-1.308060146340520591e-01
-2.160868311585670276e-01
-3.773138942954759045e-01
-4.639691576150138386e-01
-5.157985290249040844e-01
-5.447327649418938211e-01
-5.573041051862636097e-01
-5.606055901552747800e-01
-5.535465682961314693e-01
-5.340750209223018574e-01
-4.936590804904547602e-01
-4.307580621567798085e-01
-3.499476618732813571e-01
-2.652628759225161281e-01
-1.479766206716988108e-01
-9.235525137241280824e-02
-7.165604688865273575e-02
-5.540521127007096147e-02
-4.154822832654940512e-02
-3.011952411048899117e-02
-2.105421242542465307e-02
-1.417008578545099484e-02
-9.137021722866586412e-03
-5.596060146497704516e-03
-3.193545263604841405e-03
-1.628917693336497498e-03
-6.658996015915167981e-04
-1.262977554236100462e-04
2.243849654269726305e-04
-3.664491257549270077e-04
3.392545963275706987e-04
-6.199321717632939226e-04
-1.524933087636179093e-04
-6.630637375698188911e-04
-8.457440757994278498e-05
2.230556472949913954e-04
-4.488118312771382395e-04
-4.853196986502000365e-04
5.469407478556108718e-04
-5.491882916906769708e-04
-1.275722585048106878e-04
-5.730783119382471284e-04
-1.568521205404388615e-03
-3.159222328155006799e-03
-5.665835093064929169e-03
-9.498477334350051079e-03
-1.513387137242419751e-02
-2.325980224815916639e-02
-3.452337821232074472e-02
-4.988148486805964871e-02
-6.992118448521110474e-02
-9.592812397152077064e-02
-1.308060173842480745e-01
-2.160868336780258636e-01
-3.773138921284324154e-01
-4.639691556423068408e-01
-5.157985279982836291e-01
-5.447327616918593574e-01
-5.573041091224946175e-01
-5.606055974615089532e-01
-5.535465654919838885e-01
-5.340750135110284846e-01
-4.936590785101900858e-01
-4.307580651824415852e-01
-3.499476624711392314e-01
-2.652628730630976484e-01
-1.479766242221149664e-01
-9.235525874672216584e-02
-7.165604618518411906e-02
-5.540520622425610525e-02
-4.154822795625217474e-02
-3.011952107229952380e-02
-2.105421004511917951e-02
-1.417009057499436266e-02
-9.137023669977761831e-03
-5.596055728994287631e-03
-3.193505521596650115e-03
-1.628568116009406451e-03
-6.634358242004399732e-04
-1.103412127710819553e-04
3.275854543037861341e-04
3.110374701964687392e-04
-2.766686751764594341e-04
5.129909777724757846e-04
3.106393091822159404e-04
-2.480273555433417862e-04
3.103171919481183738e-04
-4.559437212890978886e-04
-6.427321396929128617e-04
3.965152005593471866e-04
-2.942713181652731823e-04
4.777865593411931636e-04
-7.479587431192002220e-06
-5.581313457899596134e-04
-1.561141151374733976e-03
-3.157117928009030381e-03
-5.665270576749002751e-03
-9.498323767531360873e-03
-1.513382599825855573e-02
-2.325979981635514435e-02
-3.452337633797867428e-02
-4.988146707058377372e-02
-6.992117979585013576e-02
-9.592813085486319447e-02
-1.308060217099669409e-01
-2.160868373138614407e-01
-3.773138920710790711e-01
-4.639691609418137297e-01
-5.157985375155901275e-01
-5.447327605835694531e-01
-5.573041002739310690e-01
-5.606055878908202672e-01
-5.535465581389934497e-01
-5.340750150663940987e-01
-4.936590825083470579e-01
-4.307580645246716911e-01
-3.499476664223959976e-01
-2.652628817228236402e-01
-1.479766312783549753e-01
-9.235525620094572896e-02
-7.165603210763553388e-02
-5.540520131909604240e-02
-4.154823895209709683e-02
-3.011952726953691720e-02
-2.105420250397805129e-02
-1.417008655904001407e-02
-9.137028952203557486e-03
-5.596061720533996448e-03
-3.193549427846031560e-03
-1.629001233835972650e-03
-6.666338575804826730e-04
-1.318623732364595125e-04
1.815450413444978368e-04
-5.244794221992714247e-04
-1.370776312895031644e-04
4.052722074878207397e-04
2.112892127728214524e-05
-4.255203027363027471e-04
-5.376011630993328318e-04
-1.966067452794631378e-04
3.384665795176770050e-04
-3.574326890463731029e-04
4.879392370712749426e-04
4.452835055717752934e-04
-3.328439018164074912e-05
-5.991451495134766155e-04
-1.621488120148107965e-03
-3.243126710460148433e-03
-5.765118627882238889e-03
-9.570918532289619807e-03
-1.508754858932143637e-02
-2.289693095241313384e-02
-3.349944228464103030e-02
-4.757323055876265527e-02
-6.542170926843984824e-02
-8.783722168039719003e-02
-1.173719385355872225e-01
-1.920545242930915830e-01
-3.382383812374141763e-01
-4.267482998329442112e-01
-4.893236009366656591e-01
-5.289757880233356691e-01
-5.492373361640622287e-01
-5.579406036617104991e-01
-5.567217878714592061e-01
-5.468661930032396867e-01
-5.222887965459050985e-01
-4.787163792562080245e-01
-4.110445108903130196e-01
-3.230117215360653882e-01
-1.823713248384090102e-01
-1.119856687913367288e-01
-8.443818845106441928e-02
-6.349169619254062258e-02
-4.649359463850783608e-02
-3.300332666466591208e-02
-2.268190079287666500e-02
-1.504545712994081151e-02
-9.588312656052687746e-03
-5.809958257969195100e-03
-3.280602123795490870e-03
-1.647370168041653073e-03
-6.457014972997631537e-04
-7.136610229707756822e-05
3.529642156378335347e-04
-1.120206146477779207e-04
-5.236662395840533312e-04
1.518683167899733634e-05
-4.092296028742385358e-04
1.150065470917418702e-05
-5.336438751535641867e-04
-7.132258189909854379e-04
-4.202357989270891756e-04
-7.055437930506254854e-04
7.049670682565693704e-04
-5.137987844890726501e-04
-1.775631189070479930e-04
-6.226271666919272431e-04
-1.634029472812451467e-03
-3.246996187804986663e-03
-5.766236310807083300e-03
-9.571233764605115504e-03
-1.508763279840307468e-02
-2.289695492691033729e-02
-3.349945145427666443e-02
-4.757323326680743675e-02
-6.542171181590021589e-02
-8.783722601906224225e-02
-1.173719405129160509e-01
-1.920545235517310267e-01
-3.382383766795828972e-01
-4.267482967854869247e-01
-4.893236010460545460e-01
-5.289757867952428194e-01
-5.492373397520126099e-01
-5.579406090987304445e-01
-5.567217862612869883e-01
-5.468661899432316620e-01
-5.222887963784254017e-01
-4.787163795705174918e-01
-4.110445086926567959e-01
-3.230117172652228197e-01
-1.823713265272043915e-01
-1.119856737516457396e-01
-8.443818658335822125e-02
-6.349169337598274676e-02
-4.649359652710539220e-02
-3.300332385644891287e-02
-2.268189901683403606e-02
-1.504546132008993849e-02
-9.588313208111333072e-03
-5.809954789921680136e-03
-3.280582416858478061e-03
-1.647213213223230107e-03
-6.446313611364890960e-04
-6.470614874836964664e-05
3.930940429530161177e-04
-1.399003867603434363e-04
6.851251601410645502e-04
5.423613000735850054e-04
-3.147185833776039600e-05
-4.657458512083401895e-04
-5.348771141219679608e-04
2.436469165850495906e-04
-4.057899464888071301e-04
-4.884450082532394580e-04
-5.778706188636300147e-04
-3.754322983770595301e-04
-1.495140142871145199e-04
-6.167498856403996537e-04
-1.627807023580682974e-03
-3.244869004566048112e-03
-5.765598420581104916e-03
-9.571046079011500188e-03
-1.508757397244513306e-02
-2.289694750570791387e-02
-3.349944812626806656e-02
-4.757321713502479787e-02
-6.542171014885285463e-02
-8.783723352899810988e-02
-1.173719434526918348e-01
-1.920545276648927824e-01
-3.382383788169991412e-01
-4.267482997380450116e-01
-4.893236069247938191e-01
-5.289757853305492308e-01
-5.492373312406626518e-01
-5.579405990111232505e-01
-5.567217785577238676e-01
-5.468661934453634688e-01
-5.222888036231647657e-01
-4.787163787983604313e-01
-4.110445097347901200e-01
-3.230117240693701763e-01
-1.823713317935842515e-01
-1.119856707733609957e-01
-8.443817550496815483e-02
-6.349169043617608477e-02
-4.649360663526917736e-02
-3.300332893344454926e-02
-2.268189145374976956e-02
-1.504545818739545099e-02
-9.588319039133463492e-03
-5.809960252306512786e-03
-3.280597051404080325e-03
-1.647331264977658230e-03
-6.452465009957673685e-04
-6.670241295587304184e-05
3.959077561761325365e-04
2.133739187396091485e-04
-4.541311269895240729e-04
-5.631506020664122421e-04
-1.604335312635879181e-04
-4.869846877293167983e-05
-8.469898261853368100e-05
-2.424011012716375591e-04
-3.891824746620064926e-04
5.494740582243771336e-04
2.483432101089336327e-05
1.782803203088622593e-04
-9.207637119167490832e-05
-6.271910666938633559e-04
-1.629789807365489111e-03
-3.204189543700320959e-03
-5.633353598821948423e-03
-9.251041669532807446e-03
-1.441355610031042588e-02
-2.156156279505431692e-02
-3.102495040447620853e-02
-4.316250634171929501e-02
-5.800252004086900448e-02
-7.581539222280410384e-02
-9.864697446278120063e-02
-1.592076968084714383e-01
-2.840198383280002070e-01
-3.712553731071090990e-01
-4.475147953451562022e-01
-5.045747334042465226e-01
-5.382842727397868510e-01
-5.550020306365733846e-01
-5.592161513647305737e-01
-5.552797256806769610e-01
-5.399096368222043862e-01
-5.091807806605956888e-01
-4.537393782437745826e-01
-3.674153423220313797e-01
-2.098174867653705422e-01
-1.275639232916924437e-01
-9.408992127249719839e-02
-6.911455971081369165e-02
-4.958168455902229460e-02
-3.455022415687137444e-02
-2.338649047727455257e-02
-1.530844452257714046e-02
-9.649273383030353840e-03
-5.788163124446345405e-03
-3.236194281407278953e-03
-1.603341985981376070e-03
-6.075219698811857531e-04
-2.638558432659939053e-05
4.665148935349390318e-04
5.988074141687589960e-04
6.423177154439088654e-04
-4.817354012841185184e-04
3.393143410514404637e-04
-2.076362395740598656e-04
1.119710555079770693e-04
2.726793525402216884e-04
-3.283048532529163533e-05
-5.643942043538812195e-04
6.586714895456424366e-05
-3.612564829870959135e-04
-1.902600791546234054e-04
-6.448680486699189451e-04
-1.637976502352207764e-03
-3.206830404123978562e-03
-5.634152384104689805e-03
-9.251276584603226188e-03
-1.441362279625334544e-02
-2.156158216473930481e-02
-3.102495586569439454e-02
-4.316250586120606164e-02
-5.800252344593052889e-02
-7.581540013676751899e-02
-9.864697717250288378e-02
-1.592076951421804165e-01
-2.840198326219594005e-01
-3.712553673873814630e-01
-4.475147938297090455e-01
-5.045747335046314452e-01
-5.382842776563613318e-01
-5.550020360730638647e-01
-5.592161515607388944e-01
-5.552797250262622164e-01
-5.399096345527459873e-01
-5.091807753254103952e-01
-4.537393726193606480e-01
-3.674153382868543538e-01
-2.098174891267832742e-01
-1.275639287251147391e-01
-9.408992163206503223e-02
-6.911456064698452695e-02
-4.958168678137499924e-02
-3.455021980918507318e-02
-2.338648857549123841e-02
-1.530844716515450572e-02
-9.649273732859911523e-03
-5.788162716789607178e-03
-3.236206668926766995e-03
-1.603470849950670678e-03
-6.083641946309567691e-04
-3.101670426258262088e-05
4.430962421505454658e-04
2.376687846550654386e-04
-3.822211063584802083e-04
-4.324130901156564006e-04
-5.504017657562167414e-04
-1.519812178119559246e-04
-5.913832252162443348e-05
5.828404263148963043e-04
-3.623669756264875095e-04
3.502822702516665500e-05
2.419270273820219865e-04
-3.135525954436683125e-04
-1.732487647771787384e-04
-6.406599518771929729e-04
-1.634089300006690742e-03
-3.205371047511278593e-03
-5.633677642802597738e-03
-9.251125043636360817e-03
-1.441357042966367671e-02
-2.156157449733836495e-02
-3.102495367429992934e-02
-4.316249477454223854e-02
-5.800252546444506496e-02
-7.581540698668981504e-02
-9.864697686597680149e-02
-1.592076963808695400e-01
-2.840198332982807328e-01
-3.712553663517413338e-01
-4.475147962959931669e-01
-5.045747340883445231e-01
-5.382842739471505045e-01
-5.550020289497203940e-01
-5.592161438065563761e-01
-5.552797280098564769e-01
-5.399096418059570190e-01
-5.091807735813029812e-01
-4.537393726750654221e-01
-3.674153460631611190e-01
-2.098174940967476865e-01
-1.275639240691733289e-01
-9.408990953409870905e-02
-6.911455587246717602e-02
-4.958169518754328847e-02
-3.455022623527755771e-02
-2.338648512140046459e-02
-1.530844677643444091e-02
-9.649280133293088035e-03
-5.788167850579889820e-03
-3.236203986810296668e-03
-1.603418909203919952e-03
-6.078913080503124157e-04
-2.737084453207365198e-05
4.705391068734044021e-04
2.562287996071184741e-04
-5.110545720807425224e-04
-5.333515415876172519e-04
9.093933274451510571e-06
1.872401104498796869e-04
-5.846499281545304658e-04
5.928547380748157552e-04
4.031239607071114887e-04
7.063185853255957679e-04
-3.072572822619124813e-04
3.018653556991424602e-04
-1.066289769899470696e-04
-6.233173347826287793e-04
-1.565694963463878193e-03
-3.028387620718963648e-03
-5.266743020872477303e-03
-8.556893693057072980e-03
-1.317721282943998956e-02
-1.942855512094899748e-02
-2.748449476681962683e-02
-3.743844466455113762e-02
-4.911017861415719471e-02
-6.236222973421109289e-02
-7.860540127511526920e-02
-1.240748921623198719e-01
-2.229266154453198034e-01
-3.007984712929348547e-01
-3.859360150792703892e-01
-4.644017774835101364e-01
-5.195711896997254886e-01
-5.505630733525835874e-01
-5.625251465881855317e-01
-5.634047018975884003e-01
-5.533062506817444381e-01
-5.293840247062185922e-01
-4.806101162081379830e-01
-3.948940045922886832e-01
-2.254156851139782203e-01
-1.355172499373426820e-01
-9.825319273041348278e-02
-7.090671407063474374e-02
-5.007526220657872174e-02
-3.440186888139262766e-02
-2.300396299853072965e-02
-1.489425864187714915e-02
-9.298838975120808995e-03
-5.528873562195065795e-03
-3.065148161645994945e-03
-1.504207851654098182e-03
-5.626162594096167750e-04
-2.345168835071278728e-05
4.227604295434962017e-04
3.281182489282018005e-04
-2.321487713749676449e-04
-5.713184429793812793e-04
-1.450928218771551043e-04
4.558812195433311005e-04
-3.557759230537709113e-04
4.643514046912898649e-04
-5.928884964313516125e-04
5.648974028573818624e-04
-4.589006696546407541e-04
-5.508250710833459277e-04
-2.237428695230004227e-04
-6.403631067566784973e-04
-1.571193455873470075e-03
-3.029951578660919440e-03
-5.267191652180487627e-03
-8.557024378361902453e-03
-1.317725172859675158e-02
-1.942856538101880512e-02
-2.748449409499200899e-02
-3.743844041824369306e-02
-4.911018380769222036e-02
-6.236224213529047850e-02
-7.860540524539326446e-02
-1.240748898360415631e-01
-2.229266088130049117e-01
-3.007984629461270543e-01
-3.859360123473768445e-01
-4.644017801487200781e-01
-5.195711959899178556e-01
-5.505630768325684432e-01
-5.625251464264436896e-01
-5.634047026134004765e-01
-5.533062470679932510e-01
-5.293840160625588043e-01
-4.806101105972287457e-01
-3.948940043609937001e-01
-2.254156890029108407e-01
-1.355172536972246711e-01
-9.825319216711064785e-02
-7.090671569884131331e-02
-5.007526387604002704e-02
-3.440186592428539497e-02
-2.300396321133365771e-02
-1.489425921460917242e-02
-9.298837553980070919e-03
-5.528875006899784499e-03
-3.065192902714189427e-03
-1.504622608682522735e-03
-5.655309951342398379e-04
-4.225755998464558711e-05
2.995835082464357903e-04
-2.664671975250051906e-04
5.796615199635740201e-04
7.441700284486841080e-04
4.822850190964806305e-04
4.802419792787670843e-04
-6.221481853195493048e-04
-5.370023435319268290e-04
-1.773647996018989394e-04
2.537335252190010674e-04
-4.628449728323813452e-04
1.437000812280494566e-04
-1.400337731857706903e-04
-6.296948672791807420e-04
-1.566883564493452233e-03
-3.028651783465825895e-03
-5.266807978160843208e-03
-8.556905484942962589e-03
-1.317720918940232071e-02
-1.942855798929979394e-02
-2.748449205262761680e-02
-3.743843256812837139e-02
-4.911018644023554258e-02
-6.236224706563212733e-02
-7.860540318482864275e-02
-1.240748900758216894e-01
-2.229266098569127053e-01
-3.007984610461391650e-01
-3.859360141488232809e-01
-4.644017828725202079e-01
-5.195711952983448345e-01
-5.505630700596061411e-01
-5.625251364748903304e-01
-5.634047046988780449e-01
-5.533062556428729462e-01
-5.293840159348336405e-01
-4.806101113000874059e-01
-3.948940122083325899e-01
-2.254156915268009098e-01
-1.355172458675374669e-01
-9.825317986930698355e-02
-7.090671272758150567e-02
-5.007527343536263831e-02
-3.440187267289056966e-02
-2.300396160970283668e-02
-1.489425950656333118e-02
-9.298842777851598976e-03
-5.528879636165882558e-03
-3.065184687841350161e-03
-1.504523440757757780e-03
-5.649169678013204717e-04
-3.949442960815349323e-05
3.064590949279263335e-04
-3.820917759874559172e-04
2.097823960431218187e-04
7.002277407325319689e-05
4.244661485076995440e-04
-6.297003245115625515e-04
7.309304029736029694e-05
3.240967546900790476e-04
5.151977979053294892e-04
-1.377248087353620293e-04
-1.436609048101325698e-04
-4.857964152355074183e-04
-2.362422659029247388e-04
-5.994325331122084613e-04
-1.423059592476214963e-03
-2.704972333711988097e-03
-4.657168247677069550e-03
-7.492875078549131145e-03
-1.141636541227621961e-02
-1.661056034168089529e-02
-2.313655188888480083e-02
-3.091763781284852242e-02
-3.967195235519033886e-02
-4.903492144059076741e-02
-5.983180411640716401e-02
-9.170893054355971907e-02
-1.638558590040475049e-01
-2.242551472526630729e-01
-3.046600317484057796e-01
-3.985509228477208121e-01
-4.815192345404561425e-01
-5.366435483248784832e-01
-5.632655681901065359e-01
-5.712202581900082121e-01
-5.641167617598055184e-01
-5.405893460098152303e-01
-4.898358020491194176e-01
-3.996564849131283848e-01
-2.242967052749701151e-01
-1.325708743072878948e-01
-9.478147693255764561e-02
-6.759766751528838158e-02
-4.725502548431281119e-02
-3.217173244773494784e-02
-2.133216813600937248e-02
-1.370292385958866294e-02
-8.490787102835427314e-03
-5.013126709371693891e-03
-2.761122376598310231e-03
-1.347583438581061079e-03
-5.044472865962203786e-04
-3.381661567095069307e-05
3.184239811788973774e-04
-2.439379138619452705e-04
-6.749224664981923975e-04
2.075166485582961623e-04
-7.483173280669124742e-04
-2.587088263842515735e-04
7.175566981025664759e-04
3.569848896995967877e-04
-4.283935017968310325e-04
-5.497403176274091342e-04
4.926822107464976560e-04
-2.018165641119318700e-04
-2.152670787191381932e-04
-5.983434264797459282e-04
-1.421518308326110824e-03
-2.704655026560911710e-03
-4.657124465519396801e-03
-7.492876300720300968e-03
-1.141637200717538631e-02
-1.661056205697335891e-02
-2.313654712911502459e-02
-3.091763130439898269e-02
-3.967195873390207822e-02
-4.903493608989734076e-02
-5.983180786353844288e-02
-9.170892730513843794e-02
-1.638558521187091221e-01
-2.242551374402067255e-01
-3.046600285057294855e-01
-3.985509282496351724e-01
-4.815192408353294873e-01
-5.366435491232484090e-01
-5.632655691769944406e-01
-5.712202621217500331e-01
-5.641167584450043071e-01
-5.405893337466673998e-01
-4.898357935763138493e-01
-3.996564848588497476e-01
-2.242967086431303936e-01
-1.325708776529127553e-01
-9.478147983946456911e-02
-6.759767263430997708e-02
-4.725502658613549983e-02
-3.217172912296129700e-02
-2.133216588165749023e-02
-1.370292132886464370e-02
-8.490787471555009958e-03
-5.013131248589412607e-03
-2.761170852625573300e-03
-1.348005467076620213e-03
-5.073025961273757095e-04
-5.124517365811744214e-05
2.133552165804318990e-04
-5.193653639181085779e-04
-4.081798867135287166e-04
-6.223369147070103571e-04
-2.091239215843472435e-04
5.255495736092751424e-04
-4.281936916327384922e-04
5.065668584922401480e-04
-3.638825298076360732e-04
-6.553319435036295991e-04
-6.921484485958886946e-05
-5.190746467585553598e-04
-2.496074444248970003e-04
-6.020234276650728760e-04
-1.421565157823071303e-03
-2.704400965021320699e-03
-4.656991082487361641e-03
-7.492818957165168353e-03
-1.141634497942288495e-02
-1.661055584691397205e-02
-2.313654660930267171e-02
-3.091762889653697222e-02
-3.967196300239740625e-02
-4.903493964965952717e-02
-5.983180539917699881e-02
-9.170892763116299251e-02
-1.638558533280750351e-01
-2.242551342488961763e-01
-3.046600283431116774e-01
-3.985509304579926693e-01
-4.815192404025306350e-01
-5.366435424131882348e-01
-5.632655603702526603e-01
-5.712202664579679734e-01
-5.641167685364998352e-01
-5.405893328958689681e-01
-4.898357904161295684e-01
-3.996564892838985750e-01
-2.242967121828269017e-01
-1.325708746558084128e-01
-9.478147221832988745e-02
-6.759766911251827159e-02
-4.725503197505852293e-02
-3.217173388192414579e-02
-2.133216570069453380e-02
-1.370292155464939397e-02
-8.490790025758003165e-03
-5.013133479585205228e-03
-2.761154057109081392e-03
-1.347819334534467502e-03
-5.058526936641877161e-04
-4.074054241406696277e-05
2.903722726901100800e-04
-4.274459458678153304e-05
-3.395429438016721465e-04
6.548999159154359623e-04
-1.493998602407294637e-04
-5.502876671453072041e-04
-3.416972200216188897e-04
-6.943689585919848731e-04
-5.582947928288786981e-05
-3.136740054433789348e-04
8.625067488875574342e-05
-4.521771462807888100e-04
-2.235448435954767851e-04
-5.075980855626501193e-04
-1.182181234058317246e-03
-2.227985941981690601e-03
-3.808758338484486729e-03
-6.080273226700452435e-03
-9.182838635367063240e-03
-1.321629607710635666e-02
-1.817651685773111550e-02
-2.392043017977218619e-02
-3.015709002363815144e-02
-3.648328537754898931e-02
-4.329311604973118399e-02
-6.432508010655871300e-02
-1.128676774028772312e-01
-1.535135914136381563e-01
-2.161496018456119939e-01
-3.071683262676133674e-01
-4.128490800553055728e-01
-5.025655317955647350e-01
-5.553026171825727886e-01
-5.756598248359865444e-01
-5.707554584770844208e-01
-5.415903609400598562e-01
-4.793965300161387999e-01
-3.785314724110291351e-01
-2.044983234044849552e-01
-1.177935898898230110e-01
-8.307375575646271104e-02
-5.877550207503818430e-02
-4.082549976373573558e-02
-2.765314062997745181e-02
-1.823629736063331688e-02
-1.165261854654904734e-02
-7.179966559801999326e-03
-4.217654878618583639e-03
-2.312755423285983193e-03
-1.126965024055112674e-03
-4.263533417880587136e-04
-4.053964263975433786e-05
2.549139756502208820e-04
2.252170175070996336e-04
4.172702324399943570e-04
-4.368366692206726554e-04
2.206013692277648288e-04
-2.419006960634960109e-04
-2.289776550225904755e-04
-1.884566979660385483e-04
3.252192676551778788e-04
-1.744859536576983772e-04
5.228092193265449373e-04
-3.970456492927706494e-04
-2.000915503780997904e-04
-5.025528881668940573e-04
-1.179981719521767990e-03
-2.227347810913095534e-03
-3.808587958316109190e-03
-6.080231655011757684e-03
-9.182833638279572913e-03
-1.321629403327556455e-02
-1.817650849411799052e-02
-2.392042123282967989e-02
-3.015709762584066131e-02
-3.648330274843099297e-02
-4.329312053408734817e-02
-6.432507604236560594e-02
-1.128676690309598912e-01
-1.535135793761454037e-01
-2.161495984337568899e-01
-3.071683353527271954e-01
-4.128490872090686548e-01
-5.025655308038847746e-01
-5.553026196319806873e-01
-5.756598317774991314e-01
-5.707554555017244624e-01
-5.415903437590630087e-01
-4.793965176002040751e-01
-3.785314748824369913e-01
-2.044983304777979183e-01
-1.177935954263403667e-01
-8.307375872758394897e-02
-5.877550235935528888e-02
-4.082549578667495072e-02
-2.765313881382026190e-02
-1.823629624595816262e-02
-1.165261477250079288e-02
-7.179966485862472950e-03
-4.217659446426895789e-03
-2.312787736947920399e-03
-1.127214884111193190e-03
-4.280343059172002514e-04
-5.101862135423301781e-05
1.892719568132244059e-04
-3.388664962301290952e-04
-4.812725745441452608e-04
-5.052839846798429062e-04
-3.624287895920213576e-04
-4.312113016179055939e-04
4.606859582569794746e-04
-4.729462489831110059e-04
3.766785128062756071e-04
2.800968555319974826e-04
-6.479484981003306998e-04
-5.715354235768080370e-04
-2.313277167373499206e-04
-5.074275729769236847e-04
-1.179796743669450990e-03
-2.227087366474581141e-03
-3.808473797886262856e-03
-6.080186334824972880e-03
-9.182812564509090780e-03
-1.321628685451804383e-02
-1.817650751347766117e-02
-2.392042285156007961e-02
-3.015710406551359163e-02
-3.648330633858803268e-02
-4.329311788838684921e-02
-6.432507489927768995e-02
-1.128676692266018661e-01
-1.535135763580751933e-01
-2.161495975200860009e-01
-3.071683374776734143e-01
-4.128490880088218629e-01
-5.025655245854278030e-01
-5.553026110784281544e-01
-5.756598349295422024e-01
-5.707554643881762590e-01
-5.415903451626608023e-01
-4.793965177511712028e-01
-3.785314789984858264e-01
-2.044983299497366569e-01
-1.177935882582707705e-01
-8.307375050282411744e-02
-5.877550132014443957e-02
-4.082550317203677281e-02
-2.765314509313681821e-02
-1.823629674148389071e-02
-1.165261520488900318e-02
-7.179969016929134765e-03
-4.217661540431869548e-03
-2.312788471965629422e-03
-1.127213739028743323e-03
-4.279541837874662868e-04
-4.947497920258846720e-05
2.089956187295707933e-04
-1.958532295823886462e-04
3.873258178386854416e-04
1.174401673251701452e-04
2.796224345240665632e-04
-3.244641580885272432e-04
4.223847220373310070e-04
-6.567133348196027738e-04
-4.666348306014157224e-04
-4.401981527450600246e-04
-6.803829457708628764e-04
-2.387261542402633338e-04
-1.013419339114587372e-04
-3.483565939036309964e-04
-8.505542240520796255e-04
-1.610591659255273395e-03
-2.745592491228175582e-03
-4.360529217012482778e-03
-6.544235198134738460e-03
-9.345158282501365293e-03
-1.273684597143772898e-02
-1.658581620833010292e-02
-2.066472890580340477e-02
-2.465946418011218805e-02
-2.873522634709348850e-02
-4.171933744164782465e-02
-7.168724158984519923e-02
-9.557211704212162373e-02
-1.357395078008878930e-01
-2.039299285237020365e-01
-3.050359486104635698e-01
-4.218761753198537190e-01
-5.134669353236996914e-01
-5.569144392804641353e-01
-5.541584954740412794e-01
-5.103535145841888720e-01
-4.268410198950473577e-01
-3.169373775662565063e-01
-1.626393788099307902e-01
-9.101755088332622035e-02
-6.335296563787519430e-02
-4.457676561855714731e-02
-3.082606563841552849e-02
-2.082465925608100940e-02
-1.368511226863030825e-02
-8.716471510460470709e-03
-5.350462264796115863e-03
-3.133440085619616355e-03
-1.714978097908303458e-03
-8.383205873940647408e-04
-3.261380878636027463e-04
-5.684405299664216306e-05
1.123748399404618335e-04
7.305417211061534654e-05
6.050215915096470018e-04
4.945800892068648747e-04
3.760792519392329599e-04
-5.891737672744691307e-04
-4.835908171930686900e-04
4.765531209962588590e-04
5.697214280316355555e-04
-7.374850197674529917e-05
-7.297628943433107638e-05
6.670105106079456808e-04
1.138045267707180118e-05
-3.338144104426612893e-04
-8.460681106578958827e-04
-1.609544770235114700e-03
-2.745351076466667675e-03
-4.360474756741348872e-03
-6.544227674242807970e-03
-9.345153921939399963e-03
-1.273683434308610883e-02
-1.658580622638256008e-02
-2.066473871639759596e-02
-2.465948367044065725e-02
-2.873523051223642391e-02
-4.171933240273353188e-02
-7.168723298532124477e-02
-9.557210312850973610e-02
-1.357395024320268706e-01
-2.039299383079742622e-01
-3.050359574836434828e-01
-4.218761770342183137e-01
-5.134669401381679599e-01
-5.569144472468956497e-01
-5.541584919124178388e-01
-5.103534930178001972e-01
-4.268410052978357516e-01
-3.169373826959232532e-01
-1.626393849696058935e-01
-9.101755449359383299e-02
-6.335297004761772377e-02
-4.457676698456444070e-02
-3.082606126007100475e-02
-2.082465438243195563e-02
-1.368510781429543161e-02
-8.716470664211909899e-03
-5.350466972276461501e-03
-3.133444707602184298e-03
-1.714976136710840565e-03
-8.382688647609905491e-04
-3.257738609269926326e-04
-5.460282266888906243e-05
1.261572026609229606e-04
4.936440705716694854e-05
-4.771849597209192897e-04
1.406513250559194021e-04
3.665220837023775336e-04
3.728502260208327833e-04
-8.371719442016652840e-05
-6.863894653211828753e-04
7.031761500498293505e-04
3.890715226853187487e-04
-3.025833403640919316e-04
5.671081536334298496e-04
-5.391031263563491357e-06
-3.363152894857037540e-04
-8.453350813020474612e-04
-1.609192437599559844e-03
-2.745232406921363152e-03
-4.360434952326424154e-03
-6.544209565445998668e-03
-9.345144702834585343e-03
-1.273683319823865068e-02
-1.658581245059723847e-02
-2.066474676668059521e-02
-2.465948454064230411e-02
-2.873522524333521275e-02
-4.171932994611268763e-02
-7.168723233192793309e-02
-9.557209786113142480e-02
-1.357395011012816621e-01
-2.039299471354086013e-01
-3.050359654340996651e-01
-4.218761705718417909e-01
-5.134669291844069505e-01
-5.569144472208936714e-01
-5.541584955397714785e-01
-5.103534932498368093e-01
-4.268410092172781889e-01
-3.169373883572658701e-01
-1.626393833384915388e-01
-9.101755149011761525e-02
-6.335296888498774537e-02
-4.457676308312157054e-02
-3.082606101015796310e-02
-2.082466358447217572e-02
-1.368511409884593140e-02
-8.716468214589713839e-03
-5.350463916969212981e-03
-3.133446830622549275e-03
-1.715005766372535443e-03
-8.385604338255614335e-04
-3.281504369541034141e-04
-7.268987457374260401e-05
-1.525807398403765669e-05
-8.818650941229812332e-04
6.381066840664062143e-04
5.444924211581933255e-04
-1.696459333449522756e-04
-5.661325599256281137e-04
6.100152308512842621e-04
-2.709730632295617188e-05
3.931377380035368089e-04
4.220872299358279997e-04
-1.314694801668374445e-05
-5.039224733128314782e-05
-1.889749283254216986e-05
-1.693367887942415326e-04
-4.677912019243103420e-04
-8.915522347993963884e-04
-1.519168263709818516e-03
-2.407101550328880589e-03
-3.600316028468077828e-03
-5.118520751140145410e-03
-6.939715352515025797e-03
-8.983229252171001655e-03
-1.111950233511249490e-02
-1.317588630156946335e-02
-1.520666953961704801e-02
-2.175119474599966282e-02
-3.666614007200844072e-02
-4.788615012344904498e-02
-6.772377709759974662e-02
-1.049174484726986128e-01
-1.702340551209078068e-01
-2.695553854765568302e-01
-3.804758614841411424e-01
-4.515671353099054430e-01
-4.517256316296885954e-01
-3.897859087036564807e-01
-2.955369768554211296e-01
-2.021221000694251313e-01
-9.822502806436438083e-02
-5.346876669484590394e-02
-3.671812892938730588e-02
-2.569878234377048765e-02
-1.770058232983151916e-02
-1.193835441102502476e-02
-7.829359832844324033e-03
-4.980518115935101547e-03
-3.053302460758506795e-03
-1.788627170025778278e-03
-9.819378722910041858e-04
-4.857833729835447055e-04
-1.987434191740126434e-04
-6.022268838600756681e-05
-4.834132424585488720e-05
-5.382140527309799225e-04
-3.996525927420521251e-04
3.372260803070893610e-04
-5.172015578157675457e-04
4.956253130997469473e-04
-6.346424777910883094e-04
5.969831191424039910e-04
-4.420271842587518126e-04
-6.925613347704597379e-05
-7.186015147063102063e-05
-3.071035432784121970e-04
-5.017431798380267779e-05
-1.733081443148774597e-04
-4.691221086124441105e-04
-8.919049656423604566e-04
-1.519255399919382070e-03
-2.407124022193701807e-03
-3.600326778384645415e-03
-5.118520346108440186e-03
-6.939703827951208652e-03
-8.983219766732405617e-03
-1.111951256165239280e-02
-1.317590469762003336e-02
-1.520667298161269658e-02
-2.175119022864850996e-02
-3.666613189338192164e-02
-4.788613533764949498e-02
-6.772377338512344802e-02
-1.049174604245964593e-01
-1.702340605919514527e-01
-2.695553813366350915e-01
-3.804758640547631354e-01
-4.515671471874169174e-01
-4.517256307920591851e-01
-3.897858834317982635e-01
-2.955369601753675135e-01
-2.021221082163592586e-01
-9.822503741982020753e-02
-5.346877146021931232e-02
-3.671813023372803159e-02
-2.569877990130549003e-02
-1.770058171341165609e-02
-1.193835428006307861e-02
-7.829356627984921865e-03
-4.980516869402769331e-03
-3.053304619530815712e-03
-1.788628333504732951e-03
-9.819035548704491828e-04
-4.854597381465981408e-04
-1.965067579663831178e-04
-4.624560925741470296e-05
3.673912590696431319e-05
-2.126992135113889933e-04
-4.608633348753605639e-04
4.080802552031681778e-04
4.593343762761282470e-04
-3.221569815739415226e-04
7.271517318274202694e-04
-2.401967387283151210e-04
-4.828380035517570610e-04
-9.510367215075913770e-05
5.605449359483092578e-04
-1.893163071557785149e-04
-3.311653089220260128e-05
-1.707229156321770898e-04
-4.676239605825251080e-04
-8.915263503847172411e-04
-1.519174626511196526e-03
-2.407106132582771587e-03
-3.600317531525452138e-03
-5.118512439552845052e-03
-6.939704312905895303e-03
-8.983229899497119711e-03
-1.111952052290788619e-02
-1.317590281249217919e-02
-1.520666716757346042e-02
-2.175118819804712847e-02
-3.666613233115602333e-02
-4.788613013606237562e-02
-6.772376879998721899e-02
-1.049174665579670901e-01
-1.702340695237712642e-01
-2.695553774593631990e-01
-3.804758555712784429e-01
-4.515671473030511973e-01
-4.517256303571567377e-01
-3.897858811625867781e-01
-2.955369640694190392e-01
-2.021221134405831454e-01
-9.822503373451314801e-02
-5.346876778616357906e-02
-3.671813793147422206e-02
-2.569878774110245442e-02
-1.770057835431299020e-02
-1.193835000656476644e-02
-7.829358567921246292e-03
-4.980517983062190089e-03
-3.053303193646341417e-03
-1.788629603708740030e-03
-9.819152684075117994e-04
-4.855514059839225057e-04
-1.969209306208544988e-04
-4.653926967102315184e-05
5.435845516479104081e-05
8.598941845249587256e-05
1.833312486338032536e-04
6.951641523992582120e-04
-5.560284263433308343e-04
6.517307095208174205e-04
-4.725209542652771314e-04
-1.011842644449946959e-04
-4.339938316484231724e-04
-5.676292299323623983e-05
-1.519956904588884627e-05
2.494747074212299567e-04
1.111129719162392648e-04
3.766865508578246647e-05
-4.868084664017243351e-05
-1.114555200667428675e-04
-1.976222685792424231e-04
-3.187896735137179822e-04
-4.816206024423591147e-04
-6.889892001967192143e-04
-9.375493333458718255e-04
-1.216279290404657584e-03
-1.506853714189004866e-03
-1.786320232139789474e-03
-2.060487135507500355e-03
-2.942427106187198854e-03
-4.936569138339929816e-03
-6.412658367073321292e-03
-9.067149835004341754e-03
-1.426379356588632422e-02
-2.403739715927490431e-02
-4.080808621037249062e-02
-6.342608892419497602e-02
-8.110024578488476965e-02
-8.152544171394882078e-02
-6.657147253313726309e-02
-4.713202739741347014e-02
-3.065639967706941874e-02
-1.440410808210055085e-02
-7.697313239843958828e-03
-5.239182748661092535e-03
-3.658591715004782911e-03
-2.521930727306433313e-03
-1.708260039978542252e-03
-1.128535642801402989e-03
-7.268219804121051238e-04
-4.546876915262254484e-04
-2.758747044533104180e-04
-1.615931452657950486e-04
-9.117993363573330206e-05
-5.044741390355949082e-05
-3.532339097641241265e-05
-7.774870354471200571e-05
-3.877681545964750849e-04
2.312342926500321396e-04
-7.482242994225754085e-04
5.412064420882850557e-04
4.910615457746740371e-04
-7.277587509084587928e-04
-2.468238857861727821e-04
3.523639415961000955e-04
6.161855412540692299e-04
-7.425628273545142139e-04
-5.408577010824777188e-04
4.967567580476149634e-06
2.314802242287163707e-05
-5.368198631142796713e-05
-1.127048879280652318e-04
-1.979190818755832042e-04
-3.188602201349717406e-04
-4.816421445497325970e-04
-6.889918449739641879e-04
-9.375390070033585424e-04
-1.216270576453489308e-03
-1.506863990900898223e-03
-1.786337887298537416e-03
-2.060490650181554320e-03
-2.942423338793812015e-03
-4.936562472888465607e-03
-6.412644509342161660e-03
-9.067145090836713564e-03
-1.426380270929168345e-02
-2.403740021978213390e-02
-4.080808208719363672e-02
-6.342609409244630292e-02
-8.110026331760387952e-02
-8.152544131060107668e-02
-6.657144214654912850e-02
-4.713200976879339948e-02
-3.065640860362365758e-02
-1.440411787789321052e-02
-7.697321289007040546e-03
-5.239187181471698963e-03
-3.658589413505156183e-03
-2.521927651124388544e-03
-1.708254849141482585e-03
-1.128531260792994513e-03
-7.268220667271054099e-04
-4.546886205427610778e-04
-2.758742514583968652e-04
-1.615524908118566800e-04
-9.079359280084569315e-05
-4.754265806992879698e-05
-1.481588606433022781e-05
6.845989712283244563e-05
4.063274531550419748e-04
5.942632711206319524e-05
3.456837962269922204e-04
-5.765533492561304664e-04
-4.322951566558286295e-04
-4.185858772223240414e-04
4.509494661661115397e-04
-4.326094153080729571e-04
-6.205485866886962772e-04
-6.003477755019166881e-04
-2.038997756364710468e-04
5.064747466089156315e-05
2.898327092414902778e-05
-5.382582307405505903e-05
-1.130384067226842024e-04
-1.980751584034354999e-04
-3.189142302879653494e-04
-4.816540617300353426e-04
-6.889903686955669172e-04
-9.375432025329831064e-04
-1.216283593278259930e-03
-1.506872979518554187e-03
-1.786336551726750137e-03
-2.060483982488284845e-03
-2.942416961319935329e-03
-4.936557711364547400e-03
-6.412638841939001175e-03
-9.067144060605981243e-03
-1.426381063072622822e-02
-2.403741071484486944e-02
-4.080808365308154217e-02
-6.342608830428780875e-02
-8.110025828409420101e-02
-8.152543166038124511e-02
-6.657143613194520249e-02
-4.713201764780466235e-02
-3.065641820611085186e-02
-1.440411921324982400e-02
-7.697323568459505001e-03
-5.239188764642972729e-03
-3.658586693722406039e-03
-2.521927358613801178e-03
-1.708256279897159714e-03
-1.128532950499320977e-03
-7.268215682665119708e-04
-4.546852585656297103e-04
-2.758732918347935742e-04
-1.615645081197412155e-04
-9.089291923784294550e-05
-4.801200875857136968e-05
-1.606501851298231825e-05
7.178052340248864815e-05
1.997030956333722290e-04
1.905075834289641818e-04
-6.992949199567576297e-06
4.908843540144487488e-04
1.328204652276805361e-04
-4.130946935088495491e-04
4.558007595334541092e-04
4.161492972381490682e-04
1.591734919231736523e-05
5.594457569654611188e-04
3.321957461560201357e-04
2.130920769337052954e-04
2.435826013190873780e-04
3.751212753979829713e-04
6.768549829337140852e-04
1.136947997006497024e-03
1.788229376639706740e-03
2.661476725332205615e-03
3.769029186150141004e-03
5.093805881613335147e-03
6.575414028241904386e-03
8.119859646814856988e-03
9.601370794575892625e-03
1.105610462969594532e-02
1.575039051733640241e-02
2.641300065605430708e-02
3.433092889027355293e-02
4.853415102471443643e-02
7.571659684675433044e-02
1.251808994448477264e-01
2.049704479532017676e-01
3.026135189706937179e-01
3.714164414461131325e-01
3.722710747628085182e-01
3.132332290393693430e-01
2.299696255766090491e-01
1.535879778040691590e-01
7.350336006682202383e-02
3.967270121294231428e-02
2.710309941647195964e-02
1.891016793570820739e-02
1.298528103909884178e-02
8.731339328867056271e-03
5.701767438263217330e-03
3.605389666057361685e-03
2.189331011972917105e-03
1.262114274688331704e-03
6.718082492279391516e-04
3.092037935896595094e-04
9.856697846386633128e-05
-1.077406149915448874e-05
-5.329567658629292252e-05
4.284770218231262300e-04
-4.371075109262846257e-04
3.738869654489526402e-04
-6.659667879429263327e-04
1.927539915275390043e-05
1.305609908775133601e-06
-9.921213690845917706e-06
-2.804190886096628605e-04
4.036387229735089680e-04
3.610844979879789928e-04
8.939673452554510607e-05
1.830517300875135500e-04
2.399140443561099110e-04
3.739805573125671288e-04
6.765743313579949611e-04
1.136882462435981735e-03
1.788214345434446665e-03
2.661468644062161409e-03
3.769028283400601385e-03
5.093816092153667652e-03
6.575423979053051683e-03
8.119850552933393154e-03
9.601354137808501901e-03
1.105610284674720355e-02
1.575039555655001131e-02
2.641300503684714668e-02
3.433093889489565592e-02
4.853415467654755011e-02
7.571658825404033177e-02
1.251808954373250515e-01
2.049704519929345103e-01
3.026135160397979695e-01
3.714164241232179586e-01
3.722710724387620629e-01
3.132332563913986512e-01
2.299696395786313408e-01
1.535879684541645307e-01
7.350335531496617059e-02
3.967269745270022435e-02
2.710309649637951054e-02
1.891017041128546447e-02
1.298528248940180457e-02
8.731340467150950496e-03
5.701767577723968437e-03
3.605388763817641683e-03
2.189331759874036179e-03
1.262114188982874216e-03
6.718030715103783532e-04
3.091585594169877463e-04
9.828422746383072605e-05
-1.227317703950991966e-05
-6.082782145147896724e-05
3.235320167315513303e-04
-6.044948333326389135e-04
3.024121961187549749e-04
6.634281633339644954e-04
4.097890212452279918e-04
6.720935862898132652e-04
4.605573699086297165e-04
-2.896724561546922395e-04
-3.626303729245060163e-04
-6.683540649651505735e-04
8.779849876776899751e-06
1.707222176925750627e-04
2.369289819175857798e-04
3.685450426305402817e-04
6.746793691122087572e-04
1.136302859388251593e-03
1.788049498108886708e-03
2.661425931250707005e-03
3.769021443112203183e-03
5.093811766160974246e-03
6.575411950002848713e-03
8.119841709770149810e-03
9.601356502872542345e-03
1.105611167564873876e-02
1.575039918104839676e-02
2.641300120278704949e-02
3.433094075128940298e-02
4.853415736781284406e-02
7.571658073977530212e-02
1.251808861380095395e-01
2.049704551670830099e-01
3.026135258736133427e-01
3.714164292165304526e-01
3.722710797192021470e-01
3.132332611652737797e-01
2.299696242619420072e-01
1.535879539951036099e-01
7.350336788015592038e-02
3.967270461377856577e-02
2.710308707726042862e-02
1.891016694711169371e-02
1.298528583378568552e-02
8.731341047682809192e-03
5.701763514038975765e-03
3.605385945945682909e-03
2.189333081886396439e-03
1.262114840731447729e-03
6.717733330913737855e-04
3.088820195040332776e-04
9.638603213054481537e-05
-2.454731298195684990e-05
-1.438692543783007326e-04
-3.064530854981498890e-04
5.582772000432216063e-04
6.272839234982500577e-04
-5.044310017613552310e-04
-2.185104573128277363e-04
9.771821865710041664e-06
4.540211504284817731e-04
-9.401803106823662681e-05
2.155295865817704909e-04
-2.385122386831030632e-04
-6.677919672822922852e-04
1.437770502888034653e-04
4.072824000670172422e-04
7.586193274558114714e-04
1.414636058822673877e-03
2.399038783670869122e-03
3.794750205558603939e-03
5.675263141178042182e-03
8.077040056258250403e-03
1.097284628633831034e-02
1.424187102505235399e-02
1.768652924301308133e-02
2.103426247718422071e-02
2.440783864084741447e-02
3.522623370731017833e-02
6.012561403393994197e-02
7.957672337997381828e-02
1.129373593717314106e-01
1.716729528329211663e-01
2.644153965967371844e-01
3.824381457671062745e-01
4.859486738008932383e-01
5.395919911652560241e-01
5.377138866364681302e-01
4.870422035856259990e-01
3.963329906052961982e-01
2.869708063324908909e-01
1.446617575351164531e-01
8.018983908779431236e-02
5.554619009237763555e-02
3.899030571134499967e-02
2.690083875092188354e-02
1.813739871917021199e-02
1.188578898274600566e-02
7.542985946440036900e-03
4.604321724155189567e-03
2.672855137867923697e-03
1.439284269718524951e-03
6.780280526680224030e-04
2.325400592621028133e-04
-3.483954880069226553e-06
-1.064445073173890251e-04
5.516363133508254187e-04
3.402940867908340597e-04
-9.447918260484335681e-05
-2.182748664572312038e-04
-5.185082754875176619e-04
-2.044022397146447938e-04
3.052833748380454201e-04
-1.088112076904616566e-04
-5.670628889682598033e-04
5.885367256992900123e-04
1.087067044141254988e-04
2.532735382462076809e-04
4.230264320727592019e-04
7.636046322727307835e-04
1.415828716039500097e-03
2.399315708222517479e-03
3.794813563519509880e-03
5.675271585115469059e-03
8.077043289432777121e-03
1.097285852972060619e-02
1.424188213908424844e-02
1.768652455743869104e-02
2.103425117474312656e-02
2.440783524513214647e-02
3.522623365091839820e-02
6.012561769431334913e-02
7.957673444031086729e-02
1.129373625765131561e-01
1.716729450511776667e-01
2.644153949500295808e-01
3.824381498904763643e-01
4.859486687521566428e-01
5.395919706067189292e-01
5.377138771096164893e-01
4.870422244768591868e-01
3.963330103873838328e-01
2.869708082818450134e-01
1.446617508764559690e-01
8.018982485154439732e-02
5.554618218799672880e-02
3.899031170997516171e-02
2.690084750131025923e-02
1.813740393276515664e-02
1.188579043254092520e-02
7.542985727516434563e-03
4.604322387639525616e-03
2.672853307105511368e-03
1.439230380460491130e-03
6.775383845554978956e-04
2.289615970967794013e-04
-2.795703576686104085e-05
-2.754581795853769692e-04
-4.180266625669963837e-04
4.207645080751413785e-04
-4.506071123673908952e-04
2.720924838198450100e-04
5.474808391136565255e-04
-5.736846838858786777e-04
5.425339276419247054e-05
-5.022826273408931546e-04
4.930650839801028161e-04
2.574688027247866613e-04
-7.176625154610941516e-04
1.358337769900215563e-04
4.052577550183802404e-04
7.539923047893134578e-04
1.412907631342143417e-03
2.398492389421388697e-03
3.794588366077229942e-03
5.675211691240221630e-03
8.077032669202314705e-03
1.097285219536892759e-02
1.424186854882231353e-02
1.768651955695665218e-02
2.103425379235397338e-02
2.440784115848549513e-02
3.522624734672789165e-02
6.012562449336105591e-02
7.957672572105181641e-02
1.129373526670476163e-01
1.716729353273905578e-01
2.644153847801594681e-01
3.824381487868177554e-01
4.859486755229846522e-01
5.395919802625883666e-01
5.377138926444826605e-01
4.870422391180851962e-01
3.963329942317764809e-01
2.869707632428750710e-01
1.446617403341321495e-01
8.018984389189617867e-02
5.554618906778449605e-02
3.899030785395760784e-02
2.690084914811117361e-02
1.813740610984677579e-02
1.188578847743646145e-02
7.542983735187832120e-03
4.604323066959522572e-03
2.672854005939155099e-03
1.439196319529223184e-03
6.772373747773195512e-04
2.270754037646056293e-04
-3.839014034707997620e-05
-3.311799495636070199e-04
-3.229802584853352964e-04
6.410177495882493734e-05
-4.289017968404985654e-05
3.960292093243175356e-04
-2.774558545988034725e-04
6.401055561659074614e-04
2.265114501848837495e-05
-7.750230606780214278e-05
2.290410238495931223e-04
-3.141034082377978259e-04
-4.277806512626410929e-04
2.499860080047217243e-04
5.696881327375968992e-04
1.097768369990610683e-03
2.061690694518550880e-03
3.516748823302288419e-03
5.595917778650143226e-03
8.421888630445848942e-03
1.207459720195182100e-02
1.653889301158032940e-02
2.166736391752315319e-02
2.718410241926989823e-02
3.270360288858271958e-02
3.852936571799459031e-02
5.673806449296474319e-02
9.885800370185167385e-02
1.337383041058701760e-01
1.893871540420410671e-01
2.749717500871622922e-01
3.830466872868463768e-01
4.837460012509569585e-01
5.476033269846597440e-01
5.735760095936643932e-01
5.693016756405878676e-01
5.368667502294518501e-01
4.689656077463343897e-01
3.643069645739681062e-01
1.937782915248341953e-01
1.105649153545359697e-01
7.760786947249587175e-02
5.476955587803326170e-02
3.795651176329355864e-02
2.565822767387372985e-02
1.687580855032680752e-02
1.074799793243392046e-02
6.591477175265729981e-03
3.845254355256668907e-03
2.083337928970898246e-03
9.895650089340921572e-04
3.463382553835136156e-04
3.571848971830606991e-06
-1.687719248336704892e-04
3.824136792515261322e-04
-1.852080959873204610e-04
2.725479687353134749e-05
6.066458875397376166e-04
-6.712954318800691718e-04
-5.984708659101230449e-04
-4.923630695609709177e-04
-4.461121796005558635e-04
-7.488420425418230346e-04
3.485024329672222333e-04
5.283197422240787150e-04
3.757749741114265558e-04
5.868889909104054153e-04
1.102153466982626426e-03
2.062650003018962758e-03
3.516956209722622850e-03
5.595962890504685081e-03
8.421894057964526489e-03
1.207460102044836774e-02
1.653890607517279066e-02
2.166737569049657919e-02
2.718409776614245932e-02
3.270358818287418673e-02
3.852936254717159031e-02
5.673806908135969190e-02
9.885799806258357969e-02
1.337383012674199234e-01
1.893871617531946161e-01
2.749717559984554693e-01
3.830466970380667080e-01
4.837460077209932985e-01
5.476033141708825935e-01
5.735759842411397580e-01
5.693016703606554874e-01
5.368667771765326391e-01
4.689656224989581235e-01
3.643069519258999023e-01
1.937782841491484109e-01
1.105649173692120762e-01
7.760787088949110124e-02
5.476955715948279846e-02
3.795651637781768256e-02
2.565823142641344631e-02
1.687580804442471993e-02
1.074799379292440404e-02
6.591475680113727774e-03
3.845254706476492531e-03
2.083292159525003493e-03
9.891505704844496660e-04
3.434369127146891698e-04
-1.516165537216612554e-05
-2.895089721132162661e-04
-7.502815168176469685e-05
-4.489431707910399895e-04
3.892473253593540508e-04
-3.680068638290098825e-04
2.241967067543163591e-04
3.843342109019033972e-06
2.848453720681132315e-04
-2.064142907362424059e-04
4.999078965903245089e-04
6.883367833068483165e-04
-5.596509174888612218e-04
2.337034810710384282e-04
5.673804765342876488e-04
1.094510602758607494e-03
2.060509795196316645e-03
3.516377352885961122e-03
5.595807425413859039e-03
8.421851279990061681e-03
1.207459079972154556e-02
1.653889840105796788e-02
2.166737054892673917e-02
2.718410615541394168e-02
3.270359426172854411e-02
3.852936820276230828e-02
5.673808530527073291e-02
9.885799743116881200e-02
1.337382793007388659e-01
1.893871422096199963e-01
2.749717440946231606e-01
3.830467009037556991e-01
4.837460151719553680e-01
5.476033150921344461e-01
5.735759931669732747e-01
5.693016798427177338e-01
5.368667696379390009e-01
4.689655940188065530e-01
3.643069197172800200e-01
1.937782865369453433e-01
1.105649392439767981e-01
7.760787953054226751e-02
5.476955688092832036e-02
3.795652160140008252e-02
2.565823743112257901e-02
1.687580956828211437e-02
1.074799126437020469e-02
6.591475611713307030e-03
3.845256205143205396e-03
2.083251805924304229e-03
9.888039162918068736e-04
3.412741678307865665e-04
-2.730143710419055187e-05
-3.563271125697641440e-04
-3.169284413522000790e-04
