-5.217176472681764950e-05
-4.850884246754100194e-04
-2.152885594318899214e-04
-4.069236135112872985e-04
5.306930542435105581e-04
4.834120231009378962e-04
4.672238768288196129e-06
4.609930614217334043e-04
-4.071760777794430756e-04
5.879868206847066936e-04
1.542188718835047314e-04
1.798535548737414778e-05
-6.649374875434826569e-05
-1.507424438149076638e-04
-2.619139750925174835e-04
-4.232521732812304484e-04
-6.726995098571950018e-04
-1.059511933444791908e-03
-1.687124281562750678e-03
-2.721892021447904712e-03
-4.547277241115087708e-03
-7.955472031783898321e-03
-1.504151044702053096e-02
-3.248693221098668260e-02
-6.793856236079619249e-02
-8.012398697089238853e-02
-9.745155875128150291e-02
-1.250667821839086813e-01
-1.649632863527089044e-01
-2.118077433351945316e-01
-2.473981299959055191e-01
-2.652225576512584615e-01
-2.741140947681415252e-01
-2.552925145252402661e-01
-2.063633794240524733e-01
-1.590775179319641464e-01
-6.891101432839932817e-02
-2.910544220670802096e-02
-1.392351666328602196e-02
-7.236116513061891485e-03
-3.965893105947553531e-03
-2.268024454759283177e-03
-1.326700843496330393e-03
-7.915933535260959251e-04
-4.749256640225134720e-04
-2.873822959859028683e-04
-1.744355368002386110e-04
-1.111177222922254878e-04
-9.340146887750608502e-05
-1.841759910687659177e-04
-7.791599802469869598e-04
-1.117979420491437578e-04
-1.794767307073169744e-04
3.697045005987093457e-04
2.629631242814761791e-04
-3.237047126655283324e-04
4.851308225637390313e-04
-3.625467238260054754e-04
4.727803216290005152e-04
3.911741169226804599e-04
-4.594174852749267381e-04
4.545113456960029100e-04
1.398040218606193448e-04
1.610181405459264279e-05
-6.680129864002666161e-05
-1.508022245960351400e-04
-2.619364941147929665e-04
-4.232581422056509875e-04
-6.726957077458521140e-04
-1.059514425740000878e-03
-1.687130981396507690e-03
-2.721897929648317994e-03
-4.547287367457439160e-03
-7.955481355591844522e-03
-1.504151849139327181e-02
-3.248693643679210347e-02
-6.793847133331953891e-02
-8.012401377428447768e-02
-9.745158229025521757e-02
-1.250668091891573019e-01
-1.649633270403596808e-01
-2.118077705704629610e-01
-2.473981406255902904e-01
-2.652225561758893013e-01
-2.741140739303159490e-01
-2.552924875901009250e-01
-2.063633991034391768e-01
-1.590779602053314923e-01
-6.891107741138338683e-02
-2.910543480100603875e-02
-1.392351260651295865e-02
-7.236119612667147975e-03
-3.965893266083600315e-03
-2.268030671567113857e-03
-1.326702172099293283e-03
-7.915984335755009340e-04
-4.749358863470229636e-04
-2.873729654606119416e-04
-1.743554505867646841e-04
-1.105311602336712641e-04
-8.889129851134608060e-05
-1.489828852246099004e-04
-4.960925144778304072e-04
2.255731759017210218e-04
-3.993728006178047974e-04
-3.332454314891342704e-04
-4.594376958240564538e-04
2.802376914127090895e-05
1.585031566620249293e-04
-5.737138716008613644e-04
2.851426066785731571e-04
4.561591491140280178e-04
-4.281528539853969004e-05
1.691368260225623770e-04
1.058427806216477742e-04
1.252701147178564284e-05
-6.704630222578390395e-05
-1.507831489008151901e-04
-2.619149675049938452e-04
-4.232480244648543881e-04
-6.726915303860930102e-04
-1.059510085524549084e-03
-1.687125663604112022e-03
-2.721891078996360822e-03
-4.547273131659322447e-03
-7.955463324390595406e-03
-1.504151095266963861e-02
-3.248692147398107855e-02
-6.793835033944536916e-02
-8.012396910641529646e-02
-9.745155482669781710e-02
-1.250667813577071574e-01
-1.649633015372814759e-01
-2.118077482058253747e-01
-2.473981248828073798e-01
-2.652225470515070516e-01
-2.741140818149343517e-01
-2.552924888534608971e-01
-2.063634182290253472e-01
-1.590780177615577773e-01
-6.891106649874965961e-02
-2.910544856721350784e-02
-1.392353140663305476e-02
-7.236126028613252235e-03
-3.965888888529170257e-03
-2.268020759041231710e-03
-1.326701040056402214e-03
-7.915949862564529817e-04
-4.749129915213017180e-04
-2.872957290208614394e-04
-1.739262538996369392e-04
-1.080701669581987586e-04
-7.500887878383968074e-05
-7.159207607669724387e-05
-7.622706229374951847e-05
1.119309964920995102e-04
1.295134107595998548e-04
4.452557513789278591e-04
2.372215306226349129e-04
1.325740920831937531e-05
8.079787954059404888e-05
-3.610013766532634916e-04
6.211069721218399073e-04
-3.274362088955585798e-04
-1.751648906002497490e-04
3.138742158376159655e-04
1.045808298318123337e-04
6.886929733487089095e-06
-6.659451384252060931e-05
-1.459983158739671131e-04
-2.546902870711483359e-04
-4.161231368496330933e-04
-6.705383438058749737e-04
-1.073168800868419103e-03
-1.738264531121614786e-03
-2.856734659762112660e-03
-4.861077207259353883e-03
-8.664499282129128205e-03
-1.666786553706983351e-02
-3.648349320694028314e-02
-7.676301840636132190e-02
-9.155622583219406863e-02
-1.087963066825115843e-01
-1.266073672875288325e-01
-1.345403898128557929e-01
-1.281354376190162736e-01
-1.170247220327616938e-01
-1.123265717475554898e-01
-1.198554635011377656e-01
-1.356494727982201220e-01
-1.453600522272058826e-01
-1.334712042575280089e-01
-5.994010468576466827e-02
-2.550787886751477301e-02
-1.215615989491056204e-02
-6.250486507393088892e-03
-3.382363872704468796e-03
-1.907130052493912799e-03
-1.100902089746215841e-03
-6.494727575096129841e-04
-3.859563650202094414e-04
-2.316407070299502909e-04
-1.377006765664272173e-04
-7.783400677078842534e-05
-2.490682056585323670e-05
8.568853108178509960e-05
5.671241489618038430e-04
3.366030667656738163e-04
3.282393001722573025e-04
-9.670777325291794832e-05
4.530168663860744153e-05
1.138518296897085569e-04
5.025737703553852232e-05
-4.762386804127245656e-04
5.839171335356706802e-04
1.440803822927627837e-04
-4.334526547531566639e-04
3.188948554181489261e-04
9.442762388202828280e-05
3.864615774172765990e-06
-6.725551893996053478e-05
-1.461280172163639487e-04
-2.547206262772542867e-04
-4.161291952103457177e-04
-6.705322743384229062e-04
-1.073168607345501577e-03
-1.738264146291646764e-03
-2.856735021356546309e-03
-4.861082691694231482e-03
-8.664499293889939280e-03
-1.666787368913198036e-02
-3.648348484185404139e-02
-7.676295349981139549e-02
-9.155623041320624933e-02
-1.087963128512444838e-01
-1.266073700456380458e-01
-1.345404114078027347e-01
-1.281354504044774079e-01
-1.170247329596558056e-01
-1.123265692019826539e-01
-1.198554503102177565e-01
-1.356494912508016681e-01
-1.453600463498899709e-01
-1.334712151702026617e-01
-5.994013831370689771e-02
-2.550789138482438198e-02
-1.215613337301742550e-02
-6.250481103705984344e-03
-3.382354179608674030e-03
-1.907127456458667086e-03
-1.100910162238127963e-03
-6.494773652122737013e-04
-3.859690359211405235e-04
-2.316736029569248700e-04
-1.378755843541500602e-04
-7.887768574973519180e-05
-3.145912607242923456e-05
4.043467079274516121e-05
2.242669463894736079e-04
-6.798055143497241492e-05
-2.886469898971127804e-04
-3.644276459215925923e-04
3.808812058330768345e-04
-2.048481503731760839e-04
4.087037638595605177e-04
-2.656847128378787577e-04
2.266566613606461997e-04
-2.245189307146268354e-04
9.241572652797833782e-05
7.257026002746653679e-05
7.033188806215658257e-05
2.377839022645711230e-06
-6.709813611121972110e-05
-1.460359899801276940e-04
-2.546846720561344603e-04
-4.161164302935231553e-04
-6.705362147938209727e-04
-1.073169782588034860e-03
-1.738261210677712314e-03
-2.856728552719885270e-03
-4.861074962384462003e-03
-8.664498744284692550e-03
-1.666786887839462328e-02
-3.648348038260922771e-02
-7.676285123852660819e-02
-9.155620772592616696e-02
-1.087963025342936624e-01
-1.266073623650434410e-01
-1.345403922621571657e-01
-1.281354341478209702e-01
-1.170247210475576644e-01
-1.123265622927609592e-01
-1.198554560919799367e-01
-1.356494783391199999e-01
-1.453600605096435905e-01
-1.334711199663065895e-01
-5.994009064464050907e-02
-2.550789176596632984e-02
-1.215618075158617951e-02
-6.250492616364902547e-03
-3.382355914760392952e-03
-1.907127995116012810e-03
-1.100901694061540495e-03
-6.494753876666108875e-04
-3.859581434475082055e-04
-2.316204979224585083e-04
-1.375729491806716460e-04
-7.708929183543504287e-05
-2.058976259974472424e-05
1.099426359116808014e-04
6.982951614883151602e-04
-5.644860178146159552e-05
-3.841346424048491599e-06
3.136504203161748845e-04
5.687479175214595062e-04
3.995931737436842694e-04
5.773988609327073036e-04
-2.128912446738533268e-04
2.941435807047400102e-04
-3.041794754344836820e-04
-9.980495808015500138e-05
1.056348211431379542e-04
2.920812810896275779e-05
-1.976554338791057974e-05
-7.452107327839927213e-05
-1.464269317692483299e-04
-2.531451607591829055e-04
-4.184399426300504550e-04
-6.862880068497367739e-04
-1.122415634318480642e-03
-1.859734785703579278e-03
-3.132263489266607411e-03
-5.458823821093156808e-03
-9.967364387745562479e-03
-1.960857607812369410e-02
-4.369211262878865826e-02
-9.351935515635698137e-02
-1.099210968662141519e-01
-1.196201216274622725e-01
-1.137952126195967417e-01
-9.249845300859441122e-02
-7.066277921527022721e-02
-5.636409668364519149e-02
-5.118517464203256595e-02
-5.458561483173497014e-02
-6.606772717790532212e-02
-8.217950324990791477e-02
-8.987838736581560406e-02
-4.380177174387614447e-02
-1.942011199457191820e-02
-9.392196436006347571e-03
-4.823917262870088159e-03
-2.590815063140711194e-03
-1.443692399631095469e-03
-8.237049532568048449e-04
-4.810403311749119996e-04
-2.836213542104528123e-04
-1.693880566274397963e-04
-9.987607263329479550e-05
-5.509521060031152275e-05
-1.815505760899352179e-05
2.480735315298204848e-05
5.603267881422270883e-05
3.246682472135987291e-04
1.949290289135716136e-04
-4.699335339169350930e-04
9.375176401996432329e-05
2.926832706209306291e-04
-5.329031653721783706e-05
-5.501869640372336482e-04
1.358995280347732491e-04
2.564845568117646844e-04
-5.562231393934146751e-04
-3.447624236602667841e-04
-3.345724860216497867e-05
-2.909047882769670487e-05
-7.595979347126930272e-05
-1.466568320873400295e-04
-2.531888960839522138e-04
-4.184483304800014130e-04
-6.862848457746094236e-04
-1.122412383716438981e-03
-1.859726887486921540e-03
-3.132262467275729202e-03
-5.458823526693868874e-03
-9.967354331043738747e-03
-1.960857881054411597e-02
-4.369209255403815745e-02
-9.351919966371376181e-02
-1.099210783617843024e-01
-1.196201166265663113e-01
-1.137952086804437934e-01
-9.249845629185701745e-02
-7.066276978679832121e-02
-5.636409459276147532e-02
-5.118516674018983720e-02
-5.458560348777375532e-02
-6.606777645214396977e-02
-8.217953760874867342e-02
-8.987840195491024475e-02
-4.380177398210762657e-02
-1.942011723651177607e-02
-9.392194407215980964e-03
-4.823920961559560044e-03
-2.590802485643824756e-03
-1.443687019385786518e-03
-8.237156948996560840e-04
-4.810465327471971078e-04
-2.836381249744499076e-04
-1.694451511380867207e-04
-1.001642024527218218e-04
-5.648029826427435052e-05
-2.364432259083483221e-05
1.216069862697084988e-05
1.302572225021364765e-04
3.102965187866170167e-04
2.072830075009364232e-04
8.974032677974791926e-05
-2.152446541230451866e-04
4.258906297656504933e-04
-5.320359772056610466e-04
-5.188900356011050046e-04
6.324158810670161071e-04
4.564151231299057396e-04
-3.732774543680078831e-04
3.422324391948692603e-04
7.010520279013793363e-05
-1.230633877023677456e-05
-7.314416472647974703e-05
-1.461700413833260379e-04
-2.530943509878487972e-04
-4.184295710604815101e-04
-6.862847183055478589e-04
-1.122414740426729007e-03
-1.859731072431032844e-03
-3.132259727004152276e-03
-5.458823297333437186e-03
-9.967362218209385033e-03
-1.960857847070225646e-02
-4.369210023531935883e-02
-9.351922075256004219e-02
-1.099210646910297601e-01
-1.196201049274621814e-01
-1.137951951124579753e-01
-9.249843834286858302e-02
-7.066277090370298719e-02
-5.636409792016199710e-02
-5.118517426753329408e-02
-5.458562197022076568e-02
-6.606776005046416378e-02
-8.217951157328094725e-02
-8.987831433691266525e-02
-4.380174591790993166e-02
-1.942011547132297886e-02
-9.392209217365901641e-03
-4.823924099599368950e-03
-2.590811731919660018e-03
-1.443688561694715308e-03
-8.237004547747270094e-04
-4.810440284974431993e-04
-2.836369379836081359e-04
-1.694456193211605190e-04
-1.002131063187574521e-04
-5.708518269598595040e-05
-3.005823371351186058e-05
-4.808818322189911681e-05
-4.020003722772848048e-04
2.396938529812489712e-04
3.203766041262222299e-04
-4.064174675699857762e-04
-5.877330589111502419e-05
5.400389393982609572e-04
-2.948208930117743838e-05
4.435436455643773103e-04
-3.689931339425489695e-04
1.150566020995306244e-04
5.685898394783051079e-04
-1.718468432821514049e-04
-4.019986689444708840e-05
-4.346836909281889420e-05
-8.160727145976901735e-05
-1.459340973992699533e-04
-2.498677802629432031e-04
-4.182553182724720433e-04
-6.992402393789311265e-04
-1.170644377209622026e-03
-1.986472007432720649e-03
-3.430592679044098831e-03
-6.118828505897197165e-03
-1.142153067817514890e-02
-2.289062952904733633e-02
-5.162547377064175685e-02
-1.114873468750465224e-01
-1.239756064510935119e-01
-1.161897276043309113e-01
-9.030901541783249720e-02
-6.135172530832890686e-02
-3.965771426762217111e-02
-2.613481691112764377e-02
-2.005240032258914437e-02
-2.034806617971520945e-02
-2.673844182252097662e-02
-3.726663470589750005e-02
-4.556145812889688534e-02
-2.453306866717116716e-02
-1.146740705060731932e-02
-5.682490221429643829e-03
-2.933512644010109662e-03
-1.569742463258202037e-03
-8.670839936773503016e-04
-4.905508918078111628e-04
-2.850268423888994312e-04
-1.679155428214680666e-04
-1.011060248229170413e-04
-6.049868960905881767e-05
-3.345442405712094249e-05
-4.502857118725395836e-06
6.684099550778137006e-05
3.821378333154145605e-04
4.004898458520359967e-06
1.911744461183939451e-04
6.793470674926424557e-05
-1.927989166409976906e-04
4.857302036392785352e-04
-1.991617182180803317e-04
-1.868294304614059778e-04
1.485198162646683305e-04
-1.814787426080508167e-04
5.326883511652929365e-04
-7.224090013592512005e-05
-3.379544585303864273e-05
-4.386380115772358713e-05
-8.189072074460636210e-05
-1.460150626936434527e-04
-2.498912019267777855e-04
-4.182618303995881887e-04
-6.992381732384055299e-04
-1.170639611391331453e-03
-1.986463522923609740e-03
-3.430591217921195174e-03
-6.118828246939428742e-03
-1.142152259623495023e-02
-2.289062821186069879e-02
-5.162546129776306864e-02
-1.114872645789851680e-01
-1.239755967640299994e-01
-1.161897229406286258e-01
-9.030901465822024909e-02
-6.135173460025677289e-02
-3.965771299200456651e-02
-2.613480989348405600e-02
-2.005239102973487703e-02
-2.034806010432122295e-02
-2.673847166965454686e-02
-3.726666684631165655e-02
-4.556148159846734602e-02
-2.453305792974727964e-02
-1.146740267011679519e-02
-5.682496554576694017e-03
-2.933512663008516676e-03
-1.569728577802120655e-03
-8.670810131973968578e-04
-4.905644962003217991e-04
-2.850353740124265500e-04
-1.679355861873249416e-04
-1.012008001063900573e-04
-6.104408290299560564e-05
-3.669682995023019340e-05
-2.363132794648342008e-05
-4.798119666562542191e-05
-3.274852108354737263e-04
5.314244877840625580e-04
6.330946391603535029e-04
-1.326207891113992583e-04
-3.451885382337113056e-04
1.808019832017236151e-04
-3.230972389332887359e-04
4.027563654788622258e-04
1.365793551760643488e-04
-7.000135735929323552e-05
-3.091927725882107091e-04
3.658590738462898771e-04
5.246884315793404229e-05
-2.722024150667336353e-05
-7.878091448271084412e-05
-1.454425714424634111e-04
-2.497833101009390715e-04
-4.182408823236705132e-04
-6.992351733634280878e-04
-1.170643831942976823e-03
-1.986469959492062013e-03
-3.430591094574502072e-03
-6.118828122101327947e-03
-1.142152379533824605e-02
-2.289062392168574739e-02
-5.162547156643515489e-02
-1.114873240130728888e-01
-1.239755996194988469e-01
-1.161897096436628196e-01
-9.030900100002588193e-02
-6.135171734770689805e-02
-3.965770303091904758e-02
-2.613481132386669820e-02
-2.005239756920822181e-02
-2.034806608601665706e-02
-2.673847424765065858e-02
-3.726667191610144592e-02
-4.556145246605469712e-02
-2.453303347083550870e-02
-1.146739561606128534e-02
-5.682501827928634897e-03
-2.933522205607705380e-03
-1.569739973388532437e-03
-8.670803917198184737e-04
-4.905470043015215187e-04
-2.850298627447225711e-04
-1.679407631374660022e-04
-1.012024915340740472e-04
-6.100772180774647442e-05
-3.627205124495470537e-05
-1.978569317405006828e-05
-1.397911915464538695e-05
-2.571038148394576755e-05
1.809503642883807995e-04
-1.545718162257077853e-04
6.537207575933452579e-04
3.929526129825938979e-04
-3.805085552555660233e-04
3.668782776271605796e-04
3.435171718132561114e-04
-5.170575475812927207e-04
3.256742312432008837e-04
-2.393788715027334480e-04
-3.775438062953798959e-04
-8.972112042097121277e-05
-5.846721970628956667e-05
-8.349773241599015158e-05
-1.403606758867684734e-04
-2.390458865338046589e-04
-4.051574660230283374e-04
-6.894278112269619594e-04
-1.178841960499319103e-03
-2.042542760187425217e-03
-3.602027714042346351e-03
-6.539299323203872673e-03
-1.238375591609042724e-02
-2.501288532344726062e-02
-5.621925354112281698e-02
-1.198632260671768923e-01
-1.208566571411098939e-01
-9.721718599894062229e-02
-6.640034133062680533e-02
-4.063081282763440077e-02
-2.314315182011028593e-02
-1.222657516562308810e-02
-6.151456613275397070e-03
-3.402665745923232933e-03
-3.370173186374978563e-03
-5.279391611378450935e-03
-7.772962651726693026e-03
-4.972277328321829566e-03
-2.536764418644199982e-03
-1.296927318835510963e-03
-6.657908571425330373e-04
-3.512653161329591309e-04
-1.925946840891760460e-04
-1.099362386486869928e-04
-6.679905149521212881e-05
-4.220351324738951014e-05
-2.892600567110753553e-05
-2.084972028766450078e-05
-1.492601115910861614e-05
5.105998347120971241e-09
7.558505023786936806e-05
5.006929635770371268e-04
-1.557466572833035318e-04
-1.462616977729282381e-04
3.070288070050106025e-04
8.288291538151994306e-05
-2.512335086181633316e-04
1.948382677251368669e-04
-1.458480323119123046e-04
-9.767392460732346926e-05
6.932226137154958064e-04
3.895275478449404462e-04
-2.512661059666919535e-04
-7.889106566878532456e-05
-5.808490364097586392e-05
-8.364520532704681761e-05
-1.404186106014141126e-04
-2.390654689471419171e-04
-4.051658186810337464e-04
-6.894289785540634770e-04
-1.178837391136448171e-03
-2.042535684123489032e-03
-3.602024890997479033e-03
-6.539295714267509378e-03
-1.238375469269902343e-02
-2.501288888407711408e-02
-5.621924565753656788e-02
-1.198631949689019927e-01
-1.208566632587220746e-01
-9.721718517677731264e-02
-6.640035029137811295e-02
-4.063081585395431766e-02
-2.314314087745203419e-02
-1.222656432623230559e-02
-6.151444520831714398e-03
-3.402671989831594634e-03
-3.370205793361044210e-03
-5.279405981038489196e-03
-7.772951458651257764e-03
-4.972264913658878266e-03
-2.536760760366574274e-03
-1.296938989414740543e-03
-6.657885865180517395e-04
-3.512498266586240787e-04
-1.925933460121959366e-04
-1.099422785511530758e-04
-6.680643589642416380e-05
-4.222561568807777410e-05
-2.899535295218134281e-05
-2.126696169326474577e-05
-1.745757579169837051e-05
-1.486407186151348663e-05
-1.232497043140297819e-05
-2.426554833569066782e-05
1.808697955677844810e-04
-2.251011376617318522e-04
-4.036349738030870957e-04
3.698744661874525902e-04
4.469666058925904155e-04
1.649065076399087700e-04
-2.344809132946295709e-05
1.748462167934597162e-04
5.591563849013418620e-05
-1.971231614086814269e-04
2.211894445489168018e-04
7.935351485688445889e-07
-4.364904589805668542e-05
-8.098191982871547686e-05
-1.399234661194329228e-04
-2.389718563171149674e-04
-4.051436224097439772e-04
-6.894229931966658342e-04
-1.178841908234715651e-03
-2.042539966204526443e-03
-3.602023102870809297e-03
-6.539296016941460385e-03
-1.238375419358482901e-02
-2.501288723220501664e-02
-5.621925700154048466e-02
-1.198632241870114384e-01
-1.208566542106124381e-01
-9.721716742420551116e-02
-6.640033047051238646e-02
-4.063080222791490281e-02
-2.314313917377785329e-02
-1.222656837573506995e-02
-6.151452133578833720e-03
-3.402669389284521378e-03
-3.370196297662473878e-03
-5.279410377398680021e-03
-7.772956599740470096e-03
-4.972252850292707693e-03
-2.536753183721180728e-03
-1.296935033571267005e-03
-6.657949477501561757e-04
-3.512663626371674000e-04
-1.925949631867523136e-04
-1.099324335906659930e-04
-6.680395967063171617e-05
-4.222443223900012693e-05
-2.900945093148554112e-05
-2.131690481319190757e-05
-1.755375483284087504e-05
-1.495962997219358915e-05
-1.212426352942789336e-05
-3.252528802775812242e-05
-8.134820538823172228e-06
1.959847269374725509e-04
-1.100677772478774434e-05
7.877078048185933397e-06
-2.780628050263424440e-04
-7.974476983938013784e-05
4.262924685911644506e-04
-1.522730514129652180e-04
-5.413572701092273171e-04
-1.197909659554746687e-04
1.418647873741379851e-04
-1.960276578645864202e-05
-4.584117191267899488e-05
-7.468301443037366069e-05
-1.257206165793134942e-04
-2.148588408737073967e-04
-3.685561085973718446e-04
-6.366058302127809492e-04
-1.107477578109719758e-03
-1.950549785289986456e-03
-3.493246321785640866e-03
-6.413344893386923977e-03
-1.221717912112066894e-02
-2.458439653956819015e-02
-5.418051016226266281e-02
-1.109960787385420450e-01
-1.009964754661488578e-01
-7.358436397297941911e-02
-4.693496947953976900e-02
-2.672598324848453333e-02
-1.286912573097936940e-02
-3.243015157569358736e-03
3.747312722001168092e-03
9.655992757279059299e-03
1.540703153177674749e-02
2.135385930549157582e-02
2.509522667751445599e-02
1.343463304529749804e-02
6.396797501489523592e-03
3.240920064708361498e-03
1.711215768927659480e-03
9.263835514256635100e-04
5.085120861446607672e-04
2.811356745145016643e-04
1.545238487724591068e-04
8.373762424494109982e-05
4.238039886030150105e-05
1.669573700925336193e-05
-3.312574971379808093e-06
-2.631367745259483238e-05
-7.255852669816344181e-05
-2.374815625383217498e-04
8.599653973720815530e-05
1.124425305802378993e-04
-3.410211616416516153e-04
-3.415223856410749554e-05
-7.110252911800475249e-04
3.516261331479024368e-04
4.152658162050835576e-04
9.663515454893700145e-05
-6.054359093085777410e-04
1.063845968042232180e-04
-2.633865147594670417e-04
-7.257093999221692201e-05
-5.336869471452757149e-05
-7.581888435603906739e-05
-1.259021231531619865e-04
-2.148909820940839242e-04
-3.685645327232350355e-04
-6.366059771482617674e-04
-1.107470434416611346e-03
-1.950544802536426005e-03
-3.493247304313820776e-03
-6.413338878044311069e-03
-1.221717652635306677e-02
-2.458440107303691211e-02
-5.418050791855352072e-02
-1.109960711880571826e-01
-1.009964833024945691e-01
-7.358436213922556202e-02
-4.693497777164944845e-02
-2.672599009027678413e-02
-1.286911544007183009e-02
-3.243001494460249351e-03
3.747325037457418379e-03
9.655986220790099828e-03
1.540700087578674923e-02
2.135384344912117510e-02
2.509524114493951602e-02
1.343464682809464121e-02
6.396807412790210881e-03
3.240914736324537488e-03
1.711212442729609633e-03
9.263941752736330444e-04
5.085125095636731842e-04
2.811277206620581260e-04
1.545206550096632936e-04
8.373261036094320139e-05
4.237427541578045746e-05
1.667695387844532115e-05
-3.250603997843878859e-06
-2.449638670604087744e-05
-5.285621719459632987e-05
-6.843127120904789120e-05
-5.281871871345507514e-04
-1.255547903935740745e-04
-4.503093901899591608e-05
4.621157604617897609e-04
1.510452195103041814e-04
-1.161186793685487238e-04
-3.308273541582045624e-04
-3.715847049073325902e-04
-4.668659016026406464e-04
-1.083291118945225637e-04
-2.726143351130689294e-04
-5.639676214809361205e-05
-4.783120691371682234e-05
-7.445014623610408445e-05
-1.256040031371766068e-04
-2.148300264713358398e-04
-3.685465470790355883e-04
-6.366006128115421492e-04
-1.107476119228418838e-03
-1.950549501535421473e-03
-3.493246747835571878e-03
-6.413342485090596859e-03
-1.221717718257057939e-02
-2.458439953336178166e-02
-5.418051269196251518e-02
-1.109960749223049548e-01
-1.009964661466876412e-01
-7.358434401811377035e-02
-4.693496982124418376e-02
-2.672598189789692977e-02
-1.286911480336155530e-02
-3.243007598498545436e-03
3.747325053745130443e-03
9.655991075688355810e-03
1.540700355694175558e-02
2.135384594477484840e-02
2.509524281141297178e-02
1.343465493428519335e-02
6.396811676458309150e-03
3.240912546360572109e-03
1.711211428251322234e-03
9.263865720209390423e-04
5.085100992751181775e-04
2.811369470545200654e-04
1.545231113495269001e-04
8.372533945466755650e-05
4.233913980105852228e-05
1.651628538066428947e-05
-4.049162090697998811e-06
-2.879756966442468397e-05
-7.705269013094423382e-05
-2.114819077716582885e-04
3.271800004114076377e-05
-1.959452742473968682e-04
-3.327374182033875517e-04
5.130306776570203953e-05
1.884603898904062508e-04
4.290892234223168050e-05
3.245554031121309409e-04
2.888716370437382084e-05
2.061645059193147357e-05
3.849227690080816587e-04
-4.755756610660974750e-06
-2.829006067514877896e-06
-3.157085247379797053e-05
-5.962261014260876555e-05
-1.018018534034665295e-04
-1.747031840968436562e-04
-3.025540006784961764e-04
-5.285574778243195279e-04
-9.312867998997808802e-04
-1.659067028293808666e-03
-3.000674589721994811e-03
-5.540211545678169064e-03
-1.054814351960565826e-02
-2.099058976143887423e-02
-4.491566180974703587e-02
-8.703149295445027078e-02
-7.401647510110172246e-02
-5.170421099526575220e-02
-3.231987990735397248e-02
-1.782579053337936606e-02
-7.182223704832562707e-03
1.563819176967820536e-03
9.994072273054396480e-03
1.979461943814213656e-02
3.206596754242559133e-02
4.634731395603090137e-02
5.604832434017496812e-02
3.027451824696329730e-02
1.449917255593371167e-02
7.360208209787284794e-03
3.876106412171648630e-03
2.094561360826907408e-03
1.151223784489543902e-03
6.404592467102811259e-04
3.582220421234164629e-04
1.999816160777105568e-04
1.086986221025964557e-04
5.278391890900919993e-05
1.170113196775298275e-05
-3.440048750387321691e-05
-1.331414714165359123e-04
-5.216309172584449039e-04
1.262788480205520136e-04
-1.248361549155336029e-04
3.175190884776664846e-04
-3.087730718468788488e-04
-5.375267784102499705e-04
-2.234950695279949479e-04
3.112673106581138167e-04
-4.110204551410769590e-04
3.288923145813678534e-04
2.977321584608747470e-05
1.838559171426708575e-04
7.387187956971734103e-06
-3.241369544350318911e-05
-6.007797681794282458e-05
-1.019176466467999699e-04
-1.747266121613434741e-04
-3.025599254322060066e-04
-5.285580882256963242e-04
-9.312809173729415420e-04
-1.659065377140834120e-03
-3.000678663568649360e-03
-5.540208014087580519e-03
-1.054814758945503417e-02
-2.099059717029557598e-02
-4.491566301633956315e-02
-8.703149089272867178e-02
-7.401647409887052165e-02
-5.170421240833499021e-02
-3.231989504351474168e-02
-1.782579736191142530e-02
-7.182214353157929249e-03
1.563826595108607290e-03
9.994072450594429502e-03
1.979460624635301369e-02
3.206595318806627209e-02
4.634731753782906499e-02
5.604834544299001214e-02
3.027453351886588706e-02
1.449916777680327132e-02
7.360194560240038847e-03
3.876107340945858081e-03
2.094571934064144107e-03
1.151220824622293084e-03
6.404523240159993745e-04
3.582212957084640473e-04
1.999798828216316118e-04
1.087183895227089402e-04
5.293670423641471046e-05
1.278807774916544679e-05
-2.640120116177857663e-05
-7.379965074320713912e-05
-7.386301338128305476e-05
1.147462994166328741e-04
-1.237933000845011650e-04
1.660998309829108289e-04
-1.150777010061565883e-04
-3.966775386098592517e-04
2.878276419953728184e-04
-3.755162631943360636e-05
-9.251534000493069512e-05
-3.083653271495837966e-04
-1.575414468609059204e-06
4.191963784480069169e-04
5.100980454246984206e-05
-2.416727059099551707e-05
-5.854273377074138224e-05
-1.016374576418278516e-04
-1.746768230708721113e-04
-3.025461740436295515e-04
-5.285545521687915740e-04
-9.312860921315540413e-04
-1.659067230290233027e-03
-3.000675634631562103e-03
-5.540207419484670208e-03
-1.054813751874676166e-02
-2.099059193314916846e-02
-4.491567190885435712e-02
-8.703149920177487286e-02
-7.401646859746970064e-02
-5.170419967226597829e-02
-3.231988412795092080e-02
-1.782578557980450326e-02
-7.182211698437409447e-03
1.563822110550034707e-03
9.994078825490091203e-03
1.979461534642292658e-02
3.206594256668868909e-02
4.634730816569256756e-02
5.604835141151225802e-02
3.027454066508690825e-02
1.449918138865692423e-02
7.360203672665929092e-03
3.876105599556752684e-03
2.094560635082376096e-03
1.151217103836025451e-03
6.404586433621264853e-04
3.582219167535803141e-04
1.999741873007086410e-04
1.086786487868259178e-04
5.271535234137237258e-05
1.164401890839557646e-05
-3.219331268892434929e-05
-1.014055965946271165e-04
-1.916965628889591466e-04
-5.645742382884703686e-06
2.547209920579222484e-04
-7.200100970950242809e-04
6.520875360275294168e-04
-2.496147046896928824e-04
4.592505600688984537e-04
1.558515747150373155e-04
2.926127870499807809e-04
-6.732134275870743428e-04
3.987976317258622514e-05
4.103083744694406473e-05
-2.074587529898977138e-05
-3.185055836782248667e-05
-4.470441304279904407e-05
-7.069037004311037333e-05
-1.195844293494548324e-04
-2.081454517526300078e-04
-3.664580832697139938e-04
-6.512240754197347456e-04
-1.167535570501820408e-03
-2.121225737716584455e-03
-3.921573612062531980e-03
-7.441156320717600900e-03
-1.465072251491562894e-02
-3.058164057053599713e-02
-5.660668898597084886e-02
-4.683101941769095278e-02
-3.242058569430823073e-02
-2.005401194690928368e-02
-1.019021785322215753e-02
-1.732501640595983166e-03
7.010528773236548820e-03
1.762323219724059448e-02
3.204779577152221809e-02
5.134024826282311549e-02
7.353279598377204795e-02
8.650857607711430475e-02
4.463721406689572652e-02
2.085523339423434389e-02
1.047568549145063907e-02
5.499142032711549881e-03
2.976121364695038032e-03
1.643763392112214351e-03
9.209350869847508954e-04
5.205776662032316187e-04
2.947022685472465453e-04
1.646142778908983551e-04
8.609220984774858178e-05
3.366395380411904586e-05
-7.515564470103026902e-06
-2.445467263444107915e-05
2.094306345406563258e-04
-2.276560623162706505e-04
1.188076944791311741e-04
-1.605964046925608128e-04
-4.338399869045187103e-04
1.695286875516997447e-04
3.531664664560239255e-05
6.337583282342745036e-04
-4.058648117062571971e-04
2.467737180588346047e-04
-6.997349527756223744e-05
-4.033258963907931406e-04
-7.998894482973126544e-05
-4.037714088283763926e-05
-4.600216956011147324e-05
-7.089698162198139269e-05
-1.196143020885374772e-04
-2.081496296853436643e-04
-3.664588954172609612e-04
-6.512217153589525262e-04
-1.167540462251290961e-03
-2.121233916141430659e-03
-3.921572508214188520e-03
-7.441166589711977093e-03
-1.465073200281924101e-02
-3.058163826129464691e-02
-5.660668845843573604e-02
-4.683101172786376803e-02
-3.242058556585225571e-02
-2.005402957262181901e-02
-1.019022774348966182e-02
-1.732497693390437892e-03
7.010535250169470239e-03
1.762323349414923399e-02
3.204777772571644479e-02
5.134023336819693029e-02
7.353280149631494234e-02
8.650858695081953265e-02
4.463722367205940483e-02
2.085522994604404809e-02
1.047567847746772376e-02
5.499144879420177386e-03
2.976127011899832968e-03
1.643759961994242140e-03
9.209309043280407628e-04
5.205753601320939686e-04
2.946978247097460928e-04
1.646186579946057706e-04
8.609131244719664140e-05
3.334826068802052723e-05
-1.190747370715998117e-05
-7.132183318443143167e-05
-2.402531738416192463e-04
-3.197157449307896178e-04
2.891125209980234295e-04
2.693273186577818884e-04
5.106176819940134483e-04
-8.695602809016127232e-05
5.962460841410966881e-04
-2.740316270794336193e-04
-5.431598574190174946e-04
5.234101297400319550e-04
1.227210235903501386e-04
4.531022259312990054e-05
-1.713398210326902334e-05
-3.113963275178312673e-05
-4.461569813889384870e-05
-7.068839883775353890e-05
-1.195852408605545383e-04
-2.081418790721458172e-04
-3.664559827715159826e-04
-6.512239691410213766e-04
-1.167534889694076894e-03
-2.121223994400607202e-03
-3.921568628249401563e-03
-7.441154855599548847e-03
-1.465072954700855946e-02
-3.058165242233105985e-02
-5.660669819790742352e-02
-4.683100742870374700e-02
-3.242057547696285819e-02
-2.005402262939115152e-02
-1.019021807598784364e-02
-1.732488804611118094e-03
7.010536184246973952e-03
1.762323682694470414e-02
3.204778444847247720e-02
5.134022416680317918e-02
7.353279292412159829e-02
8.650859216125361684e-02
4.463723033717646033e-02
2.085523640322453284e-02
1.047567804531950725e-02
5.499141708478567404e-03
2.976121862472064228e-03
1.643758390725799309e-03
9.209351706178745423e-04
5.205782379703073615e-04
2.946954562500486837e-04
1.645760775272225071e-04
8.582423610888859512e-05
3.179237721254660204e-05
-2.091005646916066127e-05
-1.228836398512664352e-04
-5.321437074042043372e-04
1.041172567232236861e-04
1.348459210915851393e-04
1.381139499220893226e-04
9.161541931650799843e-05
-2.872273337522423411e-05
5.051582139913530839e-04
3.051602088935383844e-04
-8.614879971535917670e-05
3.215344936111444191e-04
-1.891239200388396540e-04
-4.519425470552019235e-05
-4.206831994343749091e-05
-2.978237915804216919e-05
-2.566764571024090179e-05
-3.245839596682437899e-05
-5.194599096460286150e-05
-9.095748052130741309e-05
-1.619951077570020890e-04
-2.912001695016530329e-04
-5.242193745675917090e-04
-9.526506773762269224e-04
-1.756850776797301951e-03
-3.323235129661434705e-03
-6.551777538906520919e-03
-1.374575065977853318e-02
-2.564751156737678575e-02
-2.181646418668175061e-02
-1.573992122536257282e-02
-9.896803408145844402e-03
-3.930571677105430643e-03
3.080531953862589677e-03
1.269853627673780093e-02
2.651907325906352475e-02
4.665593140280260842e-02
7.322495653401112081e-02
1.005504063892155575e-01
1.105514190549297115e-01
5.394755241753635550e-02
2.447241560790489392e-02
1.215693229864107244e-02
6.378704827918478364e-03
3.472053959892066125e-03
1.937031832362816125e-03
1.098155603075179603e-03
6.294930611650755665e-04
3.618635956196845698e-04
2.068224161036889190e-04
1.136633858105280692e-04
5.443470488582490821e-05
1.149834467512315356e-05
-2.651261529883692559e-05
-1.060249734561378554e-04
1.649079408444477314e-04
3.896537376032794577e-04
-1.814800952303755640e-04
4.288102272473019315e-04
5.803352064843632103e-04
4.112640433252255667e-04
3.880782818611177047e-04
1.209407213697210687e-04
6.450829795798228847e-05
-1.194300208219853645e-05
2.666751648864604531e-05
-3.753868277850447614e-05
-3.015700198820388196e-05
-2.591790415650336278e-05
-3.252733681769303504e-05
-5.195399225674692380e-05
-9.095770480959527939e-05
-1.619967792518837220e-04
-2.912014838157000606e-04
-5.242272621635183727e-04
-9.526581557296555152e-04
-1.756849036554599189e-03
-3.323242218004127894e-03
-6.551780947583881257e-03
-1.374574421155137262e-02
-2.564751176948598665e-02
-2.181646394639368686e-02
-1.573993192114744866e-02
-9.896824137690503342e-03
-3.930577429181256709e-03
3.080538639013564572e-03
1.269854488446753651e-02
2.651907607896414679e-02
4.665592237151600097e-02
7.322495455904781680e-02
1.005504169336299686e-01
1.105514304381276236e-01
5.394755091255798440e-02
2.447240298614605097e-02
1.215692102516661294e-02
6.378707385589001654e-03
3.472063005672240948e-03
1.937034584916323948e-03
1.098153825281330187e-03
6.294902132382404524e-04
3.618660691903620658e-04
2.068558083207450117e-04
1.138561208713478044e-04
5.561380958394703867e-05
1.923185042370783313e-05
2.972511136754486290e-05
3.425807034423693936e-04
2.759679313550078821e-04
2.016346635608630097e-04
5.524896660899490143e-04
6.078234423173783192e-04
1.161097806644660775e-04
-4.350745912344880869e-05
-2.564497430290549069e-04
-1.638447044462553554e-04
6.598520099731801022e-04
-2.153892468878569133e-04
-2.211264971056726351e-04
-7.418426352563342336e-05
-3.555879135441809179e-05
-2.670089413757693853e-05
-3.264650877460528950e-05
-5.197804337417940012e-05
-9.095869208812146418e-05
-1.619931098625578317e-04
-2.912008929725464694e-04
-5.242203600460459750e-04
-9.526500898815220197e-04
-1.756845007194405813e-03
-3.323233673423955144e-03
-6.551786515592362622e-03
-1.374576081545420513e-02
-2.564751749939923539e-02
-2.181644934508041381e-02
-1.573990944269881842e-02
-9.896812111335043238e-03
-3.930573963535423897e-03
3.080539876310777175e-03
1.269854181988057558e-02
2.651907910733080145e-02
4.665592207093000043e-02
7.322493309479098655e-02
1.005504021100767087e-01
1.105514228558010237e-01
5.394756280726261538e-02
2.447241866972686697e-02
1.215693108268724003e-02
6.378711316136958208e-03
3.472057109844284024e-03
1.937026044285011317e-03
1.098153472862393272e-03
6.294941882779892016e-04
3.618654976738512998e-04
2.068319264499379100e-04
1.137029098525497371e-04
5.463444028612750189e-05
1.283102466561400281e-05
-1.418528107073529881e-05
2.556385622271473059e-05
1.876647062364052512e-04
-3.883351802507895695e-04
-2.670284587929856857e-06
3.712185244280526695e-04
-2.826933085276724165e-04
-2.648802821288591728e-04
1.847214891874415538e-04
-4.047637988752596054e-04
-5.898594569338985738e-04
3.534258169205351094e-04
-1.635574894123397762e-04
-6.181496054374954871e-05
-2.026650940117741398e-05
-6.434576675318176035e-07
1.119342477721604405e-05
2.253521933977777254e-05
3.694487404350099127e-05
6.082366552055564043e-05
1.014119830687338210e-04
1.787750891859461668e-04
3.277236623097149176e-04
6.241633437075971673e-04
1.220744677496984681e-03
2.390525296509946919e-03
4.672116734084577443e-03
7.226231490042927738e-03
4.831019238018403363e-03
3.050421054682073748e-03
3.174818498945414756e-03
5.976736971550633201e-03
1.207208553197947759e-02
2.297754177884103743e-02
4.043141361233616726e-02
6.613432489291400096e-02
9.690165627793125014e-02
1.205004474349425231e-01
1.195208434987601459e-01
5.603894432887242261e-02
2.492625324548088106e-02
1.233687523617803261e-02
6.512090228658438430e-03
3.585057442391884844e-03
2.031575116585992470e-03
1.171216766923947623e-03
6.838467530371660419e-04
4.004038972808027404e-04
2.341650811248642506e-04
1.335221933203789514e-04
6.995973772195695356e-05
1.940347958380184709e-05
-6.133318021785996688e-05
-3.277029790530357743e-04
-3.030660862533141172e-04
-1.094704374249219614e-04
1.569298856104813333e-05
1.887631911767148889e-04
-2.667017314960532849e-04
-5.746952065875663617e-05
-3.297280998224345639e-05
-1.203752592595363233e-04
-5.068004954529377500e-04
4.973611885800832818e-04
3.959000633659955841e-05
-4.056048844740322239e-05
-1.858364169130680886e-05
-6.481998138924769571e-07
1.115907997367215591e-05
2.253566008268668782e-05
3.694453802580711764e-05
6.081813369845746951e-05
1.014052553006281949e-04
1.787672317263022952e-04
3.277221393519041113e-04
6.241640196917949300e-04
1.220729435143891664e-03
2.390511400447739750e-03
4.672115664659565355e-03
7.226239342740921334e-03
4.831025496813428147e-03
3.050408289299075260e-03
3.174800885385995180e-03
5.976737103864575990e-03
1.207209514218208699e-02
2.297755284525780650e-02
4.043140778155276949e-02
6.613430589642850521e-02
9.690165723274850318e-02
1.205004690948175000e-01
1.195208845335526959e-01
5.603895562532041491e-02
2.492624939602124459e-02
1.233687155168628619e-02
6.512095543755628928e-03
3.585063751097563797e-03
2.031573168596823627e-03
1.171209024461822420e-03
6.838411738067952644e-04
4.004131676677490591e-04
2.342164200375824968e-04
1.337680675208874109e-04
7.100581323505711058e-05
2.249138184665946082e-05
-6.462072180760176812e-05
-5.025110363320068208e-04
2.007705323959921913e-04
-2.914876764706766173e-04
1.685854432923845837e-04
-3.117619665418181244e-04
-2.525493843948950620e-04
4.720816545214960385e-04
-1.749338120840046975e-04
-7.357589276535226675e-04
-6.168404142975183937e-04
3.565931696090545496e-04
-5.840903724763234391e-04
-1.212368278311834886e-04
-2.923550124372367894e-05
-2.061022390985211076e-06
1.095868101488600636e-05
2.249789226847358935e-05
3.694216123686287724e-05
6.082338662033775145e-05
1.014086630649408327e-04
1.787740553381025963e-04
3.277262053162945370e-04
6.241711624497612958e-04
1.220747175348807848e-03
2.390515563321066617e-03
4.672107505417128284e-03
7.226230716004350581e-03
4.831033681812274376e-03
3.050427977666274413e-03
3.174809923023667706e-03
5.976736717065126749e-03
1.207209484887818152e-02
2.297754641808316331e-02
4.043141399263359276e-02
6.613431289424473447e-02
9.690164056444482144e-02
1.205004555503328550e-01
1.195208738704143375e-01
5.603896365459441059e-02
2.492625950830434228e-02
1.233687523292349882e-02
6.512094756310613484e-03
3.585056019193269029e-03
2.031565429081968674e-03
1.171212610300043392e-03
6.838499089231387306e-04
4.004173272767109657e-04
2.342328357200018445e-04
1.338928014770844458e-04
7.196769187350417782e-05
3.002897266256215132e-05
-6.795691897778602577e-06
-6.136702740716491354e-05
-1.878184012109664373e-04
-2.621604339741374933e-04
4.296469774172545134e-05
-3.388290093003939150e-04
2.261155174384967936e-04
1.984307416510051859e-04
-1.801267048643859778e-04
2.376750597344392683e-05
-2.265799533778889506e-04
3.652771812297308271e-04
-7.639756621116453668e-05
-7.799704441974588868e-06
1.401736162388134885e-05
3.325836514408445565e-05
5.862976807443105319e-05
9.892340022968674172e-05
1.653166900964097999e-04
2.812342558166657544e-04
4.844515505076020696e-04
8.566008552787042008e-04
1.551386730155449641e-03
2.900415641759753350e-03
5.620615942351701692e-03
1.134486180501064097e-02
2.426855154370699194e-02
4.503877014248853367e-02
3.683086301011661429e-02
2.643077052635708565e-02
2.013390049651394079e-02
1.989236567414715343e-02
2.599473015267935241e-02
3.950773784080240103e-02
6.117516492949285484e-02
9.008423948723137675e-02
1.159454707394639711e-01
1.237080970013356290e-01
1.112164522102835618e-01
5.148529472699564513e-02
2.282463682142468406e-02
1.138593934058679431e-02
6.098045195596053097e-03
3.417390143600569988e-03
1.977849602255944174e-03
1.164662540669184239e-03
6.952314151006510484e-04
4.156320289656368900e-04
2.487619578007462797e-04
1.466793501778437629e-04
8.510459307616943694e-05
4.842705230093841704e-05
2.469023203848590121e-05
-3.114899772654826479e-05
1.961963143374946626e-04
-6.124165007958796590e-04
-1.420726822764871496e-05
8.673212338033769401e-05
-4.762363645269672039e-04
2.381550282391168004e-05
4.528969268650332326e-04
6.469818296313802281e-04
-4.078829167579831484e-04
-1.604545720906400033e-04
-3.875514329438850374e-04
-5.996587499075673556e-05
5.256991425390615537e-06
3.181219969866527796e-05
5.840775017000147419e-05
9.890217702253368550e-05
1.653121418171528076e-04
2.812257709405610834e-04
4.844404707521892815e-04
8.565906504582724863e-04
1.551385799574750337e-03
2.900415310885707306e-03
5.620600361878239949e-03
1.134484626819337420e-02
2.426854518112848969e-02
4.503878434155861310e-02
3.683087832684355661e-02
2.643075964482540993e-02
2.013388780305881351e-02
1.989236423914199359e-02
2.599472858705599923e-02
3.950774248499887981e-02
6.117515995749685936e-02
9.008423292441564145e-02
1.159454911360284501e-01
1.237081368821253829e-01
1.112165269959638908e-01
5.148530428552329508e-02
2.282463156764789197e-02
1.138593730985710227e-02
6.098049932509804968e-03
3.417391930736447207e-03
1.977844268821698712e-03
1.164653775385174990e-03
6.952295137309978538e-04
4.156539281985358676e-04
2.488596104833913614e-04
1.472352473340546948e-04
8.820551454429917675e-05
6.528971709415859394e-05
1.164245435779035637e-04
4.709891550167094295e-04
-2.509242464239722702e-05
-5.537272623051921671e-04
3.385010644265752980e-04
-1.781806352500795679e-04
-1.484714773363427973e-04
5.824237340097462032e-04
8.951919133698296813e-05
5.521818836252077303e-04
1.666964616973058255e-04
-2.849442632969800587e-04
1.395573706437499911e-04
1.435201905526523668e-05
1.604647306489939582e-05
3.337289988579457509e-05
5.861713454475368638e-05
9.892036551684854043e-05
1.653203260862381942e-04
2.812352224872523222e-04
4.844482021297540769e-04
8.566008167640296782e-04
1.551390848568158596e-03
2.900423536322206761e-03
5.620615571529750422e-03
1.134484676329815429e-02
2.426853671327611553e-02
4.503876023208928936e-02
3.683087729600085375e-02
2.643077836665756741e-02
2.013389556926578269e-02
1.989236935316481339e-02
2.599474215451584233e-02
3.950774630655042724e-02
6.117516470202429002e-02
9.008422690101880459e-02
1.159454611089184572e-01
1.237081287176161337e-01
1.112165644661504277e-01
5.148531910717758092e-02
2.282464157793310036e-02
1.138594124792748075e-02
6.098052269746410611e-03
3.417389940351869132e-03
1.977841161948188948e-03
1.164659874185371190e-03
6.952377403721340682e-04
4.156539785334568862e-04
2.488694635511167408e-04
1.472886943134734175e-04
8.854308927318481467e-05
6.758363072411210524e-05
1.293020498467071686e-04
5.195806608097604902e-04
2.013342389937851644e-04
3.630698008206381449e-04
2.838423161985790090e-04
5.690765832800027046e-05
1.806687246140713135e-04
1.440895542856908277e-04
-1.528462757653646111e-04
4.885386420678619352e-04
6.668900008210650650e-05
-5.250403477723029812e-04
5.542664606002290547e-04
1.197882135183068482e-04
6.096312322412460823e-05
6.963079004978097689e-05
1.052348616831362505e-04
1.712033818231566498e-04
2.836876935671295329e-04
4.795634982679088825e-04
8.203298696163129457e-04
1.437145578458412813e-03
2.578921071819662274e-03
4.802042365067190309e-03
9.350783868425806625e-03
1.933568428047281046e-02
4.360725985112346575e-02
8.943923038934981085e-02
8.177493488347864492e-02
6.576970910082331756e-02
5.437662361174947639e-02
5.103042853929702638e-02
5.624043337222577738e-02
7.053939369109397950e-02
9.237152685821410636e-02
1.136434038422310389e-01
1.194420715077927908e-01
1.097165518664134087e-01
9.330944005740744729e-02
4.358671891479454219e-02
1.955988636499222597e-02
9.941441953155662550e-03
5.443835953225610591e-03
3.122716997099195951e-03
1.853572846534009069e-03
1.118260803532325574e-03
6.839591691191618597e-04
4.178558269937471541e-04
2.552169285095722386e-04
1.527614279585018712e-04
8.801646156665019491e-05
3.974857348326996603e-05
-4.790655297046505666e-05
-5.519353756319705494e-04
3.951217592807858281e-04
3.013087563153287471e-04
-2.860125025062653230e-05
3.881211183637749509e-04
2.917188283436302344e-04
3.640739294651956955e-04
-4.240251933393015117e-04
1.204177026031827018e-04
8.345050134045753354e-05
-2.548362120764764271e-04
-1.354942007739322839e-04
3.263428050413870148e-05
4.948578487783146095e-05
6.810144924007938540e-05
1.050477623678306338e-04
1.711940633073130063e-04
2.836828160674364444e-04
4.795521126635889130e-04
8.203158301247845136e-04
1.437134750716595293e-03
2.578921971525561033e-03
4.802043948711381786e-03
9.350770322946448665e-03
1.933566750073625190e-02
4.360724860059952968e-02
8.943924631083097210e-02
8.177494265069970569e-02
6.576968704083904771e-02
5.437661099694108408e-02
5.103043304115014583e-02
5.624043507014289678e-02
7.053939899092223631e-02
9.237151863074920255e-02
1.136433954523803913e-01
1.194420955060431361e-01
1.097165953291650564e-01
9.330953030224553579e-02
4.358672829284881284e-02
1.955988074245666730e-02
9.941442351941005839e-03
5.443842644745613621e-03
3.122718550599935892e-03
1.853569639366268703e-03
1.118256281059916424e-03
6.839635805184736753e-04
4.178861162298963842e-04
2.553330454882628991e-04
1.534585009936272060e-04
9.213808416162160540e-05
6.400774770138621032e-05
9.895126271878396497e-05
3.743514413430132771e-04
1.578767754004723096e-04
2.769130338605559571e-04
2.995703702746719058e-04
3.697532732352019967e-04
-2.072060168182167221e-04
-1.000293957141039548e-04
-3.077944227392538277e-04
8.314328714681285134e-05
-7.444237608737177886e-05
-3.877444006343415043e-05
5.524537290674173904e-04
1.250505978325223142e-04
6.240405263340030421e-05
6.991759662278034285e-05
1.052859098552131635e-04
1.712161232411520064e-04
2.836944792000148179e-04
4.795634995333615232e-04
8.203241775045493501e-04
1.437143382803947062e-03
2.578924066885715082e-03
4.802050800735951051e-03
9.350783832498777912e-03
1.933566806473963062e-02
4.360723795628773658e-02
8.943917185890662425e-02
8.177494241233013161e-02
6.576970467784760965e-02
5.437661296140817307e-02
5.103042945345264564e-02
5.624044274641056690e-02
7.053940083059950794e-02
9.237152493488101634e-02
1.136433901371678018e-01
1.194420689319537349e-01
1.097166004514217585e-01
9.330965140345374997e-02
4.358675379603311334e-02
1.955989038419651826e-02
9.941444667408459029e-03
5.443844723469482005e-03
3.122717677357108017e-03
1.853565490246868652e-03
1.118258662226869924e-03
6.839656114263139046e-04
4.178750422406513586e-04
2.553061619386623612e-04
1.532860400950627772e-04
9.118628051425147981e-05
5.964040024930273410e-05
8.324786142397293590e-05
3.615505616346824792e-04
4.839833180326183113e-04
-3.368941965313227408e-05
-3.099171853264600100e-04
3.030497028050409486e-04
-8.521641919782917791e-05
1.206829883878796802e-06
8.022006888826234547e-04
2.856487129173407215e-04
-2.376095689994731704e-04
-2.958437954263489259e-04
-4.292216524553789251e-04
9.574997331979627455e-07
6.441820148943149546e-05
9.589211782373465158e-05
1.465624065957745023e-04
2.362280871517142330e-04
3.883459490596535206e-04
6.503356358660519103e-04
1.100466350603105607e-03
1.904954584914665683e-03
3.377670099208594182e-03
6.241367429898390592e-03
1.213901362391743739e-02
2.547392929607178447e-02
5.986389546167433101e-02
1.332871135989440181e-01
1.451086285754836225e-01
1.353914841364593780e-01
1.196487201587629612e-01
1.121803448965708189e-01
1.169317582835998348e-01
1.280632277614640602e-01
1.344738690031283546e-01
1.265062030574428398e-01
1.086522883949567336e-01
9.139590178903118922e-02
7.660169875277302032e-02
3.640388630149290344e-02
1.663241953988088551e-02
8.645950922905095565e-03
4.850514017623932042e-03
2.849960798866812018e-03
1.733983335568835445e-03
1.070369776163546680e-03
6.693979458570588695e-04
4.168278760473314508e-04
2.585733457243110560e-04
1.553201361834929462e-04
8.641520262954041707e-05
3.527510442828996648e-05
7.120596345409844341e-06
2.007979191065883994e-04
5.091239855723796734e-04
1.937536939079293938e-04
1.923014449347988034e-04
-5.288996798134620940e-05
4.165291898875380489e-04
-2.082711789717871774e-04
-1.544080830870543498e-05
-4.843779753479191029e-04
1.359077910595593288e-06
2.589427379530244953e-04
4.270422065645691420e-04
1.097816998294333341e-04
7.887219258156766310e-05
9.787584888662626936e-05
1.468645086809848891e-04
2.362865930936461562e-04
3.883471430544604085e-04
6.503232084211256958e-04
1.100452556265223364e-03
1.904945079839334265e-03
3.377672267816024098e-03
6.241370573769477667e-03
1.213900398502714036e-02
2.547391529483275519e-02
5.986389159603460602e-02
1.332872040031151673e-01
1.451086322230036862e-01
1.353914636544258088e-01
1.196487093606354024e-01
1.121803481204806247e-01
1.169317513530128277e-01
1.280632254296258932e-01
1.344738608551017400e-01
1.265062021433067674e-01
1.086523169828617907e-01
9.139593320222985651e-02
7.660174280515695544e-02
3.640388170875600432e-02
1.663241005939189443e-02
8.645951506728579913e-03
4.850518355983850748e-03
2.849956890991113632e-03
1.733977111458239817e-03
1.070363324430226998e-03
6.694002074989531407e-04
4.168530223070849054e-04
2.586513489314231306e-04
1.557455757123660115e-04
8.846625994104796470e-05
4.335916514749119159e-05
2.556972966765188026e-05
9.283007643796587838e-05
4.739485883393175004e-04
2.987212365745476055e-04
-2.556661252734464436e-04
-2.778796000718605557e-04
-2.019204508082654646e-04
1.464751704676278568e-04
1.962927711134822956e-04
-5.387181058426972246e-04
-1.289745370490618130e-04
1.763865422463677091e-04
-3.175512162014191902e-04
1.810092697942914958e-05
6.724622313089794032e-05
9.636682170006804625e-05
1.466441088968431495e-04
2.362469607745601582e-04
3.883538642613248060e-04
6.503350690192561713e-04
1.100459901762482423e-03
1.904951601156746775e-03
3.377673198302861852e-03
6.241377469443028063e-03
1.213901394589451607e-02
2.547391234860082662e-02
5.986388037240224225e-02
1.332871583000012905e-01
1.451086427015107760e-01
1.353914807799406761e-01
1.196487042738816065e-01
1.121803422551023721e-01
1.169317624961043883e-01
1.280632335384119525e-01
1.344738667075719707e-01
1.265061919120873124e-01
1.086522819182188099e-01
9.139593452247708749e-02
7.660190359026722295e-02
3.640390909108844747e-02
1.663241643283203466e-02
8.645951385407461831e-03
4.850520960678356835e-03
2.849959186414269870e-03
1.733975090075009313e-03
1.070366511260501061e-03
6.694022697086526950e-04
4.168358546502338871e-04
2.585824799778762228e-04
1.552825843626577586e-04
8.556259915146417880e-05
2.564876080346265128e-05
-8.356840322645707659e-05
-5.906052209262226431e-04
6.622082618443600639e-04
4.233816365794988213e-04
1.035173710695366209e-04
3.583270500253675018e-04
-2.532396635540947469e-04
-4.903104349337467733e-04
7.419946620684089917e-05
6.476609879030766070e-04
3.893507247165055069e-04
-2.196190078051632260e-04
3.467083069203046432e-04
1.232267446026264531e-04
9.753687637278100821e-05
1.222564432611625870e-04
1.833713427980766710e-04
2.935507130525857877e-04
4.791568226887124604e-04
7.945385031863129444e-04
1.328966600093752903e-03
2.269912371175766136e-03
3.967869735534089969e-03
7.238746232218752803e-03
1.392863888264055106e-02
2.911833064841229390e-02
6.895011347438705085e-02
1.591912015106378420e-01
2.064857325641588359e-01
2.553011553123321065e-01
2.739544944922291947e-01
2.650495568064881180e-01
2.473100335897559787e-01
2.117523168737442119e-01
1.648902806430210533e-01
1.249792306908524830e-01
9.734585171568799211e-02
8.001607666506130312e-02
6.783167097035559812e-02
3.243480138295422310e-02
1.501861160264981662e-02
7.943816621488339336e-03
4.540965141998771354e-03
2.717954522395572402e-03
1.684823065629674011e-03
1.058151167331715988e-03
6.726255242517571774e-04
4.247731985857151264e-04
2.663649162358733041e-04
1.602127256929060666e-04
8.522786688389981705e-05
1.763923664786737707e-05
-8.583482053167661272e-05
-4.141350638751526629e-04
1.449566899098337291e-04
-9.271876429492887511e-05
-1.122297208313040556e-04
2.601232105203145220e-04
5.355667996084782952e-04
-3.324970214201180239e-04
1.230687672201430697e-04
2.048579947996776590e-04
5.657857083379693797e-05
3.771055640434540081e-04
4.039879149926584295e-04
1.445337496149162759e-04
1.024204305968388505e-04
1.232299791835389752e-04
1.835725640169104974e-04
2.935977974810311236e-04
4.791539644341962531e-04
7.945241159740484100e-04
1.328952600943870835e-03
2.269903451766815128e-03
3.967872167722254380e-03
7.238748149458558087e-03
1.392862855598570732e-02
2.911830903071150473e-02
6.895005320348734923e-02
1.591908147658597228e-01
2.064857094233566726e-01
2.553011462835610978e-01
2.739544943592682191e-01
2.650495710526974968e-01
2.473100293810271688e-01
2.117523108594866477e-01
1.648902656445744852e-01
1.249792200531369968e-01
9.734586000805224570e-02
8.001607362015232539e-02
6.783168454357470234e-02
3.243477435412968346e-02
1.501859415433653283e-02
7.943814694786303574e-03
4.540966026651747228e-03
2.717948485433615592e-03
1.684820618247901943e-03
1.058149571492726605e-03
6.726306553353362519e-04
4.248011957738676448e-04
2.664422620360697440e-04
1.606573183478350760e-04
8.776509140598541211e-05
3.199436899713529564e-05
4.551641716845669956e-07
1.547850684088711542e-04
-4.560686156940674540e-06
1.089292266297927860e-04
-3.413667162038589256e-04
-1.595365563211265884e-04
2.654130217801850111e-04
5.490960144897587877e-04
1.273015357340703260e-04
5.217260299064446424e-04
3.396411679185141184e-04
-3.508296124318312529e-04
3.745839728761615230e-04
1.302616097547248258e-04
9.889639177321803002e-05
1.224882179207893208e-04
1.834105912971033291e-04
2.935624663940264597e-04
4.791634707878105978e-04
7.945375316142953359e-04
1.328959897097252169e-03
2.269908229240442336e-03
3.967872563433593076e-03
7.238757788222525622e-03
1.392864155939229666e-02
2.911831730515581848e-02
6.895008440169358988e-02
1.591909244570612614e-01
2.064857205695014575e-01
2.553011489608389972e-01
2.739544756344304277e-01
2.650495632833849147e-01
2.473100443871894261e-01
2.117523247054387547e-01
1.648902735891387417e-01
1.249792117675539715e-01
9.734582872416543131e-02
8.001608356390689514e-02
6.783192210195757021e-02
3.243480327567108135e-02
1.501859981416676752e-02
7.943817054612032497e-03
4.540973391746295357e-03
2.717954622322320268e-03
1.684817666138546362e-03
1.058149258705799603e-03
6.726306619932225167e-04
4.247835711023281095e-04
2.663875677536287610e-04
1.603134454802915797e-04
8.570320573440843453e-05
2.000841606685104554e-05
-7.098494667246838571e-05
-2.880123780388183278e-04
-3.580269589263262607e-04
2.109360401485531843e-04
5.286698788050001822e-04
3.682290036027762001e-04
1.909605395083734428e-04
1.229053331707808977e-04
-3.708265389088355153e-04
-4.251902663746182586e-04
6.038212718332792387e-04
3.211533444046187763e-04
-5.690810251327312826e-06
6.812212581494478923e-05
9.623124458842573301e-05
1.384953831131987797e-04
2.137885605766377285e-04
3.430598011358288965e-04
5.578248240660178478e-04
9.179961121929868049e-04
1.521374062783925878e-03
2.567999250525974594e-03
4.429808083354074867e-03
7.964007731909708565e-03
1.509812102649119026e-02
3.112553632327520747e-02
7.281295164904025286e-02
1.663673947440807155e-01
2.125476426386979922e-01
2.600529819468009318e-01
2.782284730313074328e-01
2.680283892852852734e-01
2.484633514778365193e-01
2.112722968988260952e-01
1.636712551058402965e-01
1.239448481017280806e-01
9.682238506522529431e-02
7.991736323246056983e-02
6.794942504974865738e-02
3.256720245499909044e-02
1.514503385201737030e-02
8.048503552645963968e-03
4.625833443277857331e-03
2.785050757932021684e-03
1.737026213944316061e-03
1.097740869486898323e-03
7.018919826629150746e-04
4.458593206451946962e-04
2.810836017697736656e-04
1.701786334775588978e-04
9.186414079849539421e-05
2.296527897666849886e-05
-7.445995868529689207e-05
-3.171747276974660155e-04
3.962701535965975166e-04
2.928439443375685253e-04
4.942508206608639239e-04
4.471879470441207367e-04
1.298923542532728437e-04
-6.419051738587227890e-04
-2.269370572238731273e-04
1.421705524549754052e-04
3.562223686618362802e-05
2.763272453300441610e-05
-1.061472541269200810e-04
5.472506352051686497e-05
9.460848108053111056e-05
1.383422027966451566e-04
2.137979215790890015e-04
3.430703589880977188e-04
5.578127701317151053e-04
9.179793825784363526e-04
1.521359155264365723e-03
2.567989013237470270e-03
4.429807652260778390e-03
7.964005660241016069e-03
1.509811173299937734e-02
3.112552409192738401e-02
7.281294151835668305e-02
1.663674466605440661e-01
2.125476592622942418e-01
2.600529681931473269e-01
2.782284689601081107e-01
2.680283819513473720e-01
2.484633367082796918e-01
2.112722931849098373e-01
1.636712448800123343e-01
1.239448390152830398e-01
9.682238163319102642e-02
7.991737002995559502e-02
6.794964727525354409e-02
3.256719130299772641e-02
1.514501548872416482e-02
8.048502673671312224e-03
4.625835114244463732e-03
2.785045834850034038e-03
1.737027101457487956e-03
1.097739862685581961e-03
7.018945674326739805e-04
4.458868413029133952e-04
2.811521261664431861e-04
1.705358691556132372e-04
9.364308187424368350e-05
3.039154341175707416e-05
-5.292739440509001156e-05
-3.596500499610947644e-04
2.137087821158270529e-04
4.925312650251691734e-04
5.739072739837958485e-04
-1.846606330483105060e-04
2.259322997758660275e-04
-2.239100888252552321e-05
2.904032812450507513e-05
-2.903306491110720154e-05
-2.180051563771710701e-04
-4.144702281380935885e-05
8.869377674772442144e-05
7.377151594248834037e-05
9.595737954096620411e-05
1.382968546843229001e-04
2.137383321828197904e-04
3.430543919017571119e-04
5.578274695268346187e-04
9.179936690595427717e-04
1.521366478490086870e-03
2.567993740983575031e-03
4.429810960147558853e-03
7.964020493933889056e-03
1.509812692787778320e-02
3.112553496786743881e-02
7.281299423468941268e-02
1.663677476729422955e-01
2.125476828495517501e-01
2.600529626832422947e-01
2.782284681803971482e-01
2.680283851712106924e-01
2.484633576806317412e-01
2.112723089708414825e-01
1.636712583252512010e-01
1.239448411502128977e-01
9.682238058401519687e-02
7.991736175894656458e-02
6.794946510026310393e-02
3.256718097628102243e-02
1.514501967460475836e-02
8.048505831017585543e-03
4.625842754349081265e-03
2.785051289182959890e-03
1.737021488481647761e-03
1.097737433446999101e-03
7.018960992181265835e-04
4.458751761731705979e-04
2.811420328102448769e-04
1.705160600436669838e-04
9.386337691524732356e-05
3.474153470325669964e-05
-5.009034516827160791e-06
9.270909023793738493e-05
3.125641961870056986e-04
-9.520360708220315519e-06
7.072050298070327128e-05
2.019266984183004654e-04
-5.738527629581036170e-04
4.465202901925981963e-04
-4.265088078451879103e-04
5.034739407228528557e-04
-4.643943977336526256e-04
-7.250169047004945177e-04
2.333078531081960458e-04
9.350067363851763055e-05
1.047664072838775420e-04
1.536500063211057696e-04
2.407949531234075224e-04
3.875400743714161635e-04
6.293176581546060157e-04
1.030625892800308150e-03
1.697491050866788620e-03
2.837780399853030711e-03
4.837785833299300051e-03
8.557960434933183091e-03
1.591973649215150388e-02
3.203866452424603689e-02
7.262621377123464061e-02
1.567057683290376258e-01
1.653239498080341374e-01
1.497020938371405319e-01
1.278700350066820923e-01
1.157955152277693467e-01
1.173595685515377157e-01
1.263433949636180720e-01
1.315535140319250562e-01
1.238444113166289884e-01
1.074602311307356478e-01
9.165153156079967889e-02
7.763731212369663626e-02
3.713797336876143579e-02
1.714143730083176817e-02
9.034005093381697674e-03
5.154123576004950372e-03
3.085032954579615145e-03
1.913534814014552750e-03
1.204551796831297662e-03
7.671668050310763128e-04
4.864657809439449808e-04
3.065717950352039606e-04
1.871951832178092503e-04
1.058829982578820915e-04
4.320258756598315626e-05
-2.543170745625028713e-05
-2.101647400022586506e-04
3.677337441583815200e-05
4.683046749856767887e-04
-4.346542453492836340e-06
-5.193056380530450397e-04
-1.932704846120339578e-04
-1.641952559804600641e-04
-1.246767845602170016e-04
5.163488158770471528e-04
-4.357175181636083368e-04
-9.586936915101338676e-05
1.147506331001168031e-04
7.518347925829135239e-05
1.017588360374827299e-04
1.531589043297243858e-04
2.407255763508448269e-04
3.875306686856503876e-04
6.293028341877481609e-04
1.030613310685494794e-03
1.697481707738263210e-03
2.837774686925976977e-03
4.837786307309191285e-03
8.557957660557760984e-03
1.591973085918322803e-02
3.203866456726544437e-02
7.262623800703826848e-02
1.567059593877734858e-01
1.653239765279791718e-01
1.497020770838647097e-01
1.278700340188639040e-01
1.157955100642294177e-01
1.173595523554597786e-01
1.263433894171606953e-01
1.315535048939740492e-01
1.238444040377862793e-01
1.074602296145266978e-01
9.165155227848542641e-02
7.763758165758863350e-02
3.713799286260661969e-02
1.714143094757859115e-02
9.034009555189246102e-03
5.154123893235002495e-03
3.085021915718908544e-03
1.913531098165492661e-03
1.204547499370898622e-03
7.671686617548540777e-04
4.864969344891996168e-04
3.066444769060760588e-04
1.876177435143678066e-04
1.085051207245682194e-04
5.935498020628391915e-05
7.884470082123029165e-05
4.986980920602647948e-04
2.689051043497738317e-04
3.377371101030378613e-04
-2.195989938239999024e-05
-5.413409004658263244e-04
-1.214802761321784926e-04
-1.082918982020414275e-04
1.241111123443920813e-04
-1.072566477037019427e-04
-5.688116277999658889e-04
-8.072011181168633348e-05
-1.960342729168660682e-04
3.413191496205875017e-05
9.595237818436580068e-05
1.522922455140885496e-04
2.405827362026512857e-04
3.875114713502953259e-04
6.293167331705565911e-04
1.030623186242114221e-03
1.697483308831857071e-03
2.837773722288147293e-03
4.837788101208819087e-03
8.557971957744396965e-03
1.591974334954152775e-02
3.203866889245541444e-02
7.262624342635046193e-02
1.567059123811715138e-01
1.653239762460586293e-01
1.497020777286860727e-01
1.278700291053533611e-01
1.157955117183768201e-01
1.173595728211835887e-01
1.263434092435211376e-01
1.315535210316532422e-01
1.238444098366069251e-01
1.074602414582577076e-01
9.165156983584507588e-02
7.763746333139018296e-02
3.713798509323248953e-02
1.714143265347378015e-02
9.034010342585096012e-03
5.154131562921130880e-03
3.085032125507402787e-03
1.913531485078069291e-03
1.204549451993376609e-03
7.671727319405059189e-04
4.864847671232731883e-04
3.066313488246867180e-04
1.875335984536005674e-04
1.078785433850480165e-04
5.474338405385421039e-05
3.967540566227067028e-05
1.414780832296684944e-04
-5.678834027183521664e-05
4.312666472318925663e-04
-3.361664672782764497e-04
4.197013994866161221e-04
2.474189006686094180e-04
5.718285193778893302e-05
1.526454043573043128e-04
3.677666156243456657e-04
-2.538613937867905844e-04
-2.904202950702933954e-04
4.061240284926286292e-05
8.245466248262616426e-05
1.111907728172363368e-04
1.667715824506262967e-04
2.636567659288461423e-04
4.255272332996255292e-04
6.914779060294557996e-04
1.130084228077158888e-03
1.855674802953262122e-03
3.080929857544080497e-03
5.199423771100968560e-03
9.037471343614248212e-03
1.639286350441376827e-02
3.173115363914308373e-02
6.776507469883388812e-02
1.336741411450404760e-01
1.180064146682524989e-01
8.904004167376645962e-02
6.648701799214846997e-02
5.547289445519010265e-02
5.582501057995428034e-02
6.742662568853401150e-02
8.828654502721793029e-02
1.101267296355727537e-01
1.179785372667943311e-01
1.106871433772794733e-01
9.572597806104105045e-02
4.522885164463599783e-02
2.067478964646146319e-02
1.075503430334694838e-02
6.054432061651657954e-03
3.579562735251326944e-03
2.192273366423217514e-03
1.365128841788242368e-03
8.601546869067815820e-04
5.412309666709302263e-04
3.391432110665261023e-04
2.074807563192592136e-04
1.193585183235653746e-04
5.118217832696953646e-05
-3.570111022841056247e-05
-3.087553983560585016e-04
2.768632920542255524e-04
-6.283669490103354521e-05
-7.195299069713336501e-04
2.063298530615858303e-04
3.743936565237855770e-04
-2.390381541119469561e-04
-6.886798171056843134e-05
2.692002343005151172e-04
-3.797059635305928614e-04
1.560057821950209883e-04
1.052317907870207141e-04
8.194458035089081168e-05
1.098891633469358355e-04
1.664251495704725911e-04
2.635890246718902361e-04
4.255108327933581291e-04
6.914613743987228387e-04
1.130073728512686042e-03
1.855667340738029235e-03
3.080923173616831150e-03
5.199419551227438957e-03
9.037464497421994480e-03
1.639285822895875447e-02
3.173115871587957326e-02
6.776507899069560137e-02
1.336740519405692496e-01
1.180063909791570914e-01
8.904001015897203275e-02
6.648701285802230410e-02
5.547289090529038125e-02
5.582500210471368074e-02
6.742662718805125799e-02
8.828654287534815071e-02
1.101267283914412337e-01
1.179785455517996934e-01
1.106871757165458353e-01
9.572620900985617798e-02
4.522887138455566197e-02
2.067478612485575823e-02
1.075504307440799945e-02
6.054436573400470180e-03
3.579555028831623176e-03
2.192273457051293305e-03
1.365126096262624534e-03
8.601569332994751880e-04
5.412569858430056960e-04
3.391658012587373612e-04
2.075943177819850711e-04
1.199687786646486565e-04
5.361559420442494982e-05
-2.910301372525591617e-05
-3.239747379633187477e-04
1.303502461322167915e-04
-5.515363450807568427e-05
-5.845289510517024366e-05
6.812866258693274256e-06
3.389012383352671442e-05
3.338344651909168906e-05
3.112440020353658573e-05
1.845366236052544133e-04
-1.888091117274116252e-04
3.763795279885549859e-04
9.736818647824891932e-05
7.586773196966663843e-05
1.083439830009998834e-04
1.661110752951509828e-04
2.635291379124792108e-04
4.255087822632258273e-04
6.914780097175729197e-04
1.130083075329967350e-03
1.855669034126914731e-03
3.080924389357865036e-03
5.199427595086575024e-03
9.037480647937662370e-03
1.639286524597342171e-02
3.173115005014501278e-02
6.776505678151739653e-02
1.336739875177379855e-01
1.180063880750580052e-01
8.904002277503574037e-02
6.648701583079492938e-02
5.547289885957471661e-02
5.582502050419703432e-02
6.742664323664612769e-02
8.828655106835991973e-02
1.101267258290921508e-01
1.179785468674025839e-01
1.106872033278193251e-01
9.572621919045755379e-02
4.522888489374277815e-02
2.067479335760442558e-02
1.075504563489513080e-02
6.054442219270280909e-03
3.579563132362397534e-03
2.192271660074931322e-03
1.365124804746078915e-03
8.601571621444340128e-04
5.412419125630986861e-04
3.391573892094702954e-04
2.075613100860181830e-04
1.199479011850561398e-04
5.578425101910061310e-05
1.909620970160566048e-06
5.890860905942788921e-06
2.972318254473527372e-04
3.294762586637399915e-04
-4.365121496791664790e-04
3.452701967495868437e-04
-1.850322996268024406e-04
-5.652117969752807258e-04
-1.778911282846704653e-04
-1.043018161909371728e-04
2.410977065037451478e-05
3.076375925889212205e-04
4.329712749050963392e-04
1.242897945493044991e-04
1.201481082268613537e-04
1.774079381744131335e-04
2.826123789070996632e-04
4.580517706683119453e-04
7.462779847071755518e-04
1.220091204437306681e-03
2.002720724322685966e-03
3.311596501864166528e-03
5.545050921941325518e-03
9.481830613793821444e-03
1.674986678905113560e-02
3.108747911106007206e-02
6.237408548960853005e-02
1.125798479132458507e-01
8.985104343781791236e-02
5.959305652041430035e-02
3.702414364404513214e-02
2.581293773047398099e-02
2.519524742082758853e-02
3.533449349125508676e-02
5.641301635915794283e-02
8.698722724681366703e-02
1.160813022595015287e-01
1.272787605123055499e-01
1.170617995618192797e-01
5.515239621262705422e-02
2.509663003645765805e-02
1.294902595153712282e-02
7.216484055235267321e-03
4.221827211344583372e-03
2.553163098300527661e-03
1.571208619996706688e-03
9.776751623613081071e-04
6.091580519499849473e-04
3.786199198431002499e-04
2.318631858287455519e-04
1.383112230205652156e-04
8.256560401600657000e-05
8.788158761383139386e-05
3.936719024584746005e-04
-1.800378593529705900e-04
6.959582274769488376e-04
-2.154761802957484457e-04
1.438712278940509665e-04
-1.464315674939640740e-04
-6.503771993331506230e-04
-1.503295949137281606e-04
1.542542919342489822e-04
4.450258054434265160e-04
3.049983011752412229e-04
-1.395781886204345663e-05
7.551445667139433974e-05
1.147036195738609417e-04
1.767866991422959344e-04
2.825365484335492865e-04
4.580351794057363349e-04
7.462629935877238474e-04
1.220084662441791494e-03
2.002717694739509623e-03
3.311590358742861912e-03
5.545044260567062559e-03
9.481823488243000184e-03
1.674985912106225633e-02
3.108747549499211310e-02
6.237407087573506453e-02
1.125797366878454470e-01
8.985101231676612121e-02
5.959303719996560111e-02
3.702414909672255283e-02
2.581293980896493673e-02
2.519523878074738168e-02
3.533448906165422010e-02
5.641300901150796826e-02
8.698722727080482331e-02
1.160813118748605099e-01
1.272787622955573739e-01
1.170618222778044420e-01
5.515238904757595317e-02
2.509662693156535992e-02
1.294903617073661639e-02
7.216484185574287280e-03
4.221812063983487046e-03
2.553158178761327172e-03
1.571205422896607921e-03
9.776812388544023954e-04
6.091825261773520109e-04
3.786083211775370986e-04
2.317712934785370459e-04
1.376500203168929011e-04
7.705436649786365797e-05
4.404628117918202063e-05
5.488110343029853799e-05
1.448747151030075428e-05
2.309079600449801223e-04
-1.926750400963356561e-04
-4.168129083574182749e-04
-3.710315093415810297e-04
-6.895589517659793432e-05
1.903534746487527682e-04
1.314052708545213910e-05
6.567533717696717342e-04
6.293605958378372181e-04
2.803348341366225700e-05
8.102376794844932495e-05
1.155827242706622220e-04
1.769475339884215128e-04
2.825700078202680334e-04
4.580514870329725004e-04
7.462799525028641001e-04
1.220090773733003295e-03
2.002715429134887311e-03
3.311589116532797066e-03
5.545052377699446339e-03
9.481834579333811575e-03
1.674986395929894956e-02
3.108747668315782128e-02
6.237407208445589629e-02
1.125797702059677941e-01
8.985102380497800301e-02
5.959303883972538740e-02
3.702414009863212035e-02
2.581294097162966511e-02
2.519525715836672466e-02
3.533451294345424376e-02
5.641302436845169188e-02
8.698722433405149668e-02
1.160813103427335291e-01
1.272787913023261663e-01
1.170618865742435455e-01
5.515241423013898109e-02
2.509663444686677583e-02
1.294903830145512948e-02
7.216490978788532747e-03
4.221825196750652459e-03
2.553162910131693414e-03
1.571206219080282249e-03
9.776782585640504328e-04
6.091600834838181407e-04
3.785630472791571524e-04
2.314762054221683614e-04
1.357814769078575991e-04
6.581862369715459050e-05
-2.481676474139204585e-05
-3.790485724898994468e-04
2.367639233309930670e-04
-3.671116718204977408e-05
-2.011791732956784591e-04
-1.284780755057340017e-04
3.525495891689571807e-04
-3.595622754444763205e-04
-2.854053384659596551e-04
-6.762670794765898415e-04
9.137230570883302311e-05
1.047666560149514197e-04
-4.840875153239536637e-04
2.701105087089258840e-06
1.044009755573954760e-04
1.805270011389720425e-04
2.946261235112777920e-04
4.807133909532674437e-04
7.860118773193434548e-04
1.287337023426241142e-03
2.116040457987282668e-03
3.494938461977909871e-03
5.828243842248931501e-03
9.859637193405284064e-03
1.708428050873608481e-02
3.071497703543405941e-02
5.875252349727302231e-02
1.001338844314733634e-01
7.672547234336979383e-02
4.807973284675599174e-02
2.632514474294422868e-02
1.412644789624605685e-02
1.105341969909751955e-02
1.759193153978091950e-02
3.470972840141944155e-02
6.336693615680068226e-02
9.948484643347865752e-02
1.284038649831936441e-01
1.307522181454580656e-01
6.295608998774092357e-02
2.909424515506629089e-02
1.508963490314172047e-02
8.398562987086207951e-03
4.889139212342273784e-03
2.930207440739240020e-03
1.785745052768681826e-03
1.098816931396234733e-03
6.781095104337300956e-04
4.177373157040926445e-04
2.546429168825720558e-04
1.525584605275386962e-04
9.325257509019051021e-05
8.669067316534123050e-05
2.348950662785438443e-04
2.519469474840509778e-04
-1.159375495560084184e-04
-3.224055104310638445e-04
-9.989911805987503410e-06
-3.532865920187074592e-04
-1.363871656036160190e-04
4.822252441586623485e-05
-5.160493372828812899e-04
-4.454899542197734313e-05
1.061967325188046445e-04
2.750662189356372234e-04
9.485400503660331979e-05
1.158635659763476689e-04
1.819450673163149372e-04
2.947931050443865545e-04
4.807242325939851155e-04
7.860012894110896420e-04
1.287334040818521527e-03
2.116041359351049714e-03
3.494930476973000417e-03
5.828231094328258435e-03
9.859627490242396305e-03
1.708427413590431904e-02
3.071497965962475055e-02
5.875252264630832777e-02
1.001338368411887891e-01
7.672544995612294583e-02
4.807971085133137812e-02
2.632514287313924770e-02
1.412644415298585157e-02
1.105340863951075753e-02
1.759192434377040981e-02
3.470972018995254621e-02
6.336693778944293975e-02
9.948485731920327091e-02
1.284038527064284285e-01
1.307521776079743347e-01
6.295607537574490764e-02
2.909424210024823959e-02
1.508964468936533666e-02
8.398562999776678153e-03
4.889126567054378862e-03
2.930204801902511029e-03
1.785742569140069593e-03
1.098821992625625618e-03
6.781292263722569569e-04
4.177343014870679044e-04
2.546642535652094514e-04
1.528529943395270094e-04
9.569453562473162944e-05
1.078002305142709789e-04
4.221978366977481101e-04
4.495868743608284518e-04
-2.500893039252326884e-04
7.325722024145504450e-05
-9.280140589787722061e-05
8.263162717342525661e-05
-3.490113239971439837e-04
-9.385084432776105885e-05
-2.038751180881108590e-04
1.838428651395835679e-05
1.464107832695257935e-04
2.293919946672143566e-04
9.880311666239374399e-05
1.180820569912806984e-04
1.825258819410005139e-04
2.949245376250701246e-04
4.807597607087118791e-04
7.860180255727082120e-04
1.287337402216002418e-03
2.116036489129793051e-03
3.494931032450128688e-03
5.828247556736880497e-03
9.859643526389207796e-03
1.708428048337312308e-02
3.071498226783710150e-02
5.875252397552231665e-02
1.001338687364987795e-01
7.672546084737202898e-02
4.807971603783715853e-02
2.632514103934900998e-02
1.412644868408897796e-02
1.105342497268974045e-02
1.759194720347682234e-02
3.470973478044837163e-02
6.336693253501829437e-02
9.948485065901606361e-02
1.284038673088429561e-01
1.307522188979673428e-01
6.295609130063051229e-02
2.909424641121038935e-02
1.508964900581312961e-02
8.398571534449098333e-03
4.889139971571387390e-03
2.930210400303107868e-03
1.785742439374604943e-03
1.098817863222098165e-03
6.781082168277830164e-04
4.176800317744348346e-04
2.543096808576925257e-04
1.506809386201075419e-04
8.257327510881830508e-05
2.458254124636925937e-05
-1.404653598306911133e-04
-2.567576077322614148e-04
2.761907123953459987e-04
2.925955598477944660e-04
-4.629015819488159511e-04
-3.415451995147832857e-04
4.056206700154129795e-04
-1.275356146665795887e-04
-7.235999258111270975e-04
-1.821325495635062446e-04
2.003738269415089221e-04
1.458339387670136672e-04
7.895309689675717997e-05
1.122584669905314311e-04
1.825903793399154349e-04
3.002856662609621613e-04
4.928625297589929108e-04
8.086668927906999699e-04
1.327120144465940071e-03
2.185512611258423350e-03
3.612446439755168971e-03
6.021719726978461834e-03
1.015371820006251424e-02
1.747725320112940295e-02
3.108491976349921429e-02
5.861125198843936818e-02
9.873455661771129988e-02
7.500851830103950901e-02
4.550969326421398092e-02
2.229190141438635447e-02
8.363517920410143067e-03
3.304031717628808183e-03
7.269559261237071128e-03
2.087649647997536287e-02
4.531712960087157932e-02
7.980590851635305238e-02
1.157908514096769870e-01
1.312959508141501863e-01
6.642830255178522325e-02
3.171015947480700786e-02
1.675200134675376359e-02
9.403361615566551562e-03
5.485297511847666771e-03
3.275753158150244374e-03
1.984926178817896392e-03
1.211846508981678349e-03
7.423229123613521701e-04
4.535206702742751645e-04
2.737797741779834752e-04
1.594101107060079392e-04
8.017580275798157270e-05
-9.191265371150122453e-06
-3.293721349463878080e-04
3.657576609032967452e-04
-5.859666236384394807e-05
4.816692230293739396e-04
-5.431826235124294225e-04
-2.170933951690215186e-04
2.271485731987118442e-04
-5.093656917691881695e-04
-4.292162278482192467e-04
1.772897902481957279e-04
2.260894529135116637e-04
-1.815093247144043990e-04
3.863691631948483550e-05
1.071353892187933002e-04
1.819254686286934854e-04
3.001865046533620427e-04
4.928382313140916874e-04
8.086539593506204262e-04
1.327121196904630087e-03
2.185520801651663712e-03
3.612441831845620687e-03
6.021706398746668430e-03
1.015370894583232306e-02
1.747724641757189556e-02
3.108491760598894663e-02
5.861124719067141442e-02
9.873452889621661677e-02
7.500850097538173944e-02
4.550968275198474106e-02
2.229190779526365324e-02
8.363517978856262539e-03
3.304022346031269385e-03
7.269551306536447231e-03
2.087648899834226510e-02
4.531713269047168979e-02
7.980591685251207934e-02
1.157908451027853114e-01
1.312959363893487219e-01
6.642829331998215125e-02
3.171016233332726864e-02
1.675201346715110562e-02
9.403356284351113703e-03
5.485275444948944402e-03
3.275742978409581976e-03
1.984924389842903508e-03
1.211855590797951757e-03
7.423404293454669185e-04
4.535247330834000449e-04
2.738347561264155836e-04
1.597850196229619085e-04
8.202493306658729109e-05
-2.624162532405864136e-06
-3.328765700649146146e-04
-3.342063248918030545e-04
1.130440731208976802e-04
9.638204836067466671e-06
-2.191447841012730065e-04
-5.516270727325190727e-04
7.575802418048456716e-04
-1.019048932281194726e-04
4.296128888174029708e-05
-1.414185075673215673e-04
5.886678761554185279e-05
2.534060488547505057e-04
1.057937455790625272e-04
1.177977539051852120e-04
1.836360449252691135e-04
3.004762655600561917e-04
4.928974883795437904e-04
8.086723754521111043e-04
1.327125007406118867e-03
2.185515141036637517e-03
3.612441223409436873e-03
6.021721304812726987e-03
1.015371724254449798e-02
1.747724608263955329e-02
3.108492382158575817e-02
5.861125556800177855e-02
9.873455259609577317e-02
7.500850993116561782e-02
4.550968360375497873e-02
2.229190439902170237e-02
8.363520759305118069e-03
3.304034866729355785e-03
7.269571454928374331e-03
2.087650133647538445e-02
4.531712687019255614e-02
7.980591285639231092e-02
1.157908568309190117e-01
1.312959567667905114e-01
6.642829935663369101e-02
3.171015943470722326e-02
1.675201473988537776e-02
9.403367629887767962e-03
5.485297280914080281e-03
3.275757067431848968e-03
1.984923734295201449e-03
1.211847416536348870e-03
7.423241015473501080e-04
4.534930305523980306e-04
2.736781638280234852e-04
1.593452282046780005e-04
8.371355213613707969e-05
4.097130432439737219e-05
1.907006800314088428e-04
-2.807192340087948383e-04
-2.171502210260575565e-04
-3.525436702977521744e-04
-1.900263443572737748e-04
2.553798509491801748e-04
-2.695733066692456098e-04
4.202484771427409727e-04
4.351490364262676730e-04
7.089788332309291600e-05
2.337743805926850141e-04
3.368748551675903062e-04
9.954783335124196386e-05
1.073812400154753569e-04
1.771732094095741328e-04
2.970285820353365559e-04
4.911172536848269505e-04
8.078233742937419902e-04
1.327107140414110356e-03
2.187747453394939083e-03
3.621312209715440555e-03
6.050390651918805505e-03
1.024002528993473576e-02
1.773911527356633600e-02
3.190822103603436349e-02
6.137362920465799787e-02
1.068571821578681719e-01
8.302076985166954859e-02
5.125093254481415811e-02
2.534359864178924865e-02
8.707809938510996731e-03
1.040790692384728532e-03
2.138317518396304004e-03
1.227460880622112567e-02
3.223489623288805506e-02
6.225141177913819102e-02
9.741022101313769055e-02
1.198915853744484117e-01
6.493160500611822039e-02
3.247018925957770308e-02
1.763302998035955541e-02
1.004735753437349666e-02
5.901004038047682684e-03
3.527104671867737750e-03
2.133099244057039615e-03
1.297037697857399922e-03
7.908597922607716203e-04
4.802621857986305674e-04
2.875246235533049583e-04
1.655841467756190624e-04
8.926060878675062110e-05
6.663167636101293876e-05
2.811171375227390721e-04
5.598637300764372965e-05
1.028391016975025200e-04
-1.958958701572373015e-04
3.861965642805620554e-04
8.694058872512872667e-04
-1.655798040717186125e-04
2.608023621080686965e-05
3.730226093108933330e-04
3.183832464832750788e-04
-2.468983305663707785e-04
-1.196952272730472905e-04
4.169749849252610421e-05
1.000783366860507972e-04
1.762800718514002224e-04
2.969110039357366281e-04
4.910941457137869273e-04
8.078150781773226104e-04
1.327108699343167815e-03
2.187750808669956543e-03
3.621296678054387354e-03
6.050367812974310339e-03
1.024001531493896715e-02
1.773911489960720150e-02
3.190822671570651969e-02
6.137363553846918174e-02
1.068571830761041730e-01
8.302076254175058678e-02
5.125092815068854613e-02
2.534360471891494021e-02
8.707807267195407860e-03
1.040778972783671557e-03
2.138305152368701056e-03
1.227459837133609670e-02
3.223489815385304630e-02
6.225141963856527239e-02
9.741021732459825833e-02
1.198915767082490563e-01
6.493159515684493455e-02
3.247018625147290311e-02
1.763303386418999669e-02
1.004734856567829696e-02
5.900987052484920822e-03
3.527104439651223503e-03
2.133108081097200015e-03
1.297049871288514199e-03
7.908691039413545806e-04
4.802651276353328688e-04
2.875896785338963204e-04
1.661429234170251732e-04
9.332512638092982859e-05
9.460536832337714832e-05
4.670118558914305692e-04
-3.601079774943237921e-04
-4.997294412069963653e-04
-3.553793633543325843e-04
2.852907632309356471e-04
6.149245305383856672e-04
-3.028660576696357194e-04
1.656407797268537687e-04
3.197029993106659512e-04
7.108116802077699874e-05
-3.679480829721052282e-05
2.793464182366646258e-04
8.883953935116680422e-05
1.057621017705467236e-04
1.769873459134997532e-04
2.970215093010360381e-04
4.911214745822904204e-04
8.078226607202372350e-04
1.327110016215156223e-03
2.187747538427807417e-03
3.621302608775609205e-03
6.050391077749083663e-03
1.024002733945855552e-02
1.773911444170088794e-02
3.190823154248234594e-02
6.137363787462859349e-02
1.068571848725229645e-01
8.302076193687601968e-02
5.125092354440496933e-02
2.534360129098151351e-02
8.707810858585922700e-03
1.040791333179535072e-03
2.138326833379671985e-03
1.227461315285162911e-02
3.223489591737602189e-02
6.225141919417675335e-02
9.741022568049371999e-02
1.198915860452904464e-01
6.493159927431067791e-02
3.247018593472263126e-02
1.763303933110903915e-02
1.004735967459596466e-02
5.901003210760490808e-03
3.527110466356099972e-03
2.133098765517304866e-03
1.297039679898602743e-03
7.908590490439662470e-04
4.802127815931531976e-04
2.872009377022328525e-04
1.635175255760203540e-04
7.536133281911194999e-05
-3.256974593641702464e-05
-4.669589972133868553e-04
8.443921863072395356e-05
2.008200071650460783e-06
-1.828439464329317517e-04
-3.189377911927898180e-04
-3.047978357769158715e-04
-7.818353327424558332e-05
-5.258507015515901788e-06
-5.369113137699250233e-04
5.739033407610777317e-04
3.978634267241870550e-04
-2.208220829076931833e-04
-1.727641024644388041e-05
7.316516578362071302e-05
1.618832451132997015e-04
2.849688255617251285e-04
4.756653680158655644e-04
7.828416748458338860e-04
1.284443781788884194e-03
2.114416279202516614e-03
3.500125286940971615e-03
5.861635433823001416e-03
9.989593196741338235e-03
1.754556201273557714e-02
3.233717439670464461e-02
6.472287706919534200e-02
1.196024884718205061e-01
9.729651337772490804e-02
6.232262407811327287e-02
3.238723828558266737e-02
1.237958450855362186e-02
2.089637204919214068e-03
8.054294628731078739e-04
8.307658846747435072e-03
2.488458447261366127e-02
5.086618979840783900e-02
8.284314581039327330e-02
1.069015854277133998e-01
6.148975667905471482e-02
3.202989329428562737e-02
1.783751146472854418e-02
1.031421411363294023e-02
6.105396776723523954e-03
3.661666675914348849e-03
2.216692969032109037e-03
1.347056163156540483e-03
8.199594844170671019e-04
4.960607914060897409e-04
2.942126793343221615e-04
1.642215809722487015e-04
7.416412970733531637e-05
-8.824128580815319029e-06
-2.200733858416690180e-04
-4.316084894232043211e-04
1.546391357518832668e-04
-4.137523688143321344e-04
1.621589206906034293e-04
7.401933057146111166e-05
-3.727123313279460010e-05
1.072539845150612836e-04
1.833661383043298137e-04
-3.606150235398321953e-04
-2.451932134288172579e-04
3.386255666292233642e-04
5.907635031762948014e-05
8.438321092868332799e-05
1.635995594979237162e-04
2.852220231202422804e-04
4.756959149307112087e-04
7.828464497823986283e-04
1.284451654724730850e-03
2.114427402650745098e-03
3.500118165347287924e-03
5.861617704791114748e-03
9.989583479283534531e-03
1.754555852914386344e-02
3.233717595127456879e-02
6.472288126663928998e-02
1.196024930825793503e-01
9.729650455500803152e-02
6.232262014356759749e-02
3.238724419491019468e-02
1.237958178701280623e-02
2.089624834750689573e-03
8.054137966325269210e-04
8.307647619022029417e-03
2.488458890955893427e-02
5.086620044579964056e-02
8.284314817257658337e-02
1.069015854034668089e-01
6.148975406075020411e-02
3.202989560115786227e-02
1.783751587105673539e-02
1.031420284897309123e-02
6.105377201184744584e-03
3.661663329636773937e-03
2.216700356435534567e-03
1.347063982619486552e-03
8.199572276241619880e-04
4.960416840307387519e-04
2.941263821976015523e-04
1.638729867777653673e-04
7.336705596024380789e-05
-3.317433966144593991e-06
-9.983663272443268671e-05
-1.089023251259889114e-04
-5.909697482037659243e-05
-1.927452471249425784e-04
-1.991976436527894030e-04
-3.869518949051668592e-04
-3.293272068458589087e-05
2.918353896226535309e-04
-1.854472163895033363e-04
-1.083497513159656204e-04
-1.821751465041221169e-04
-5.463432907737550328e-04
-6.415909548398127007e-05
6.660376787326471458e-05
1.610277189818703255e-04
2.848705412873325576e-04
4.756551317765822257e-04
7.828373576354202877e-04
1.284447439309258218e-03
2.114420286772556324e-03
3.500120619313936733e-03
5.861639023741697929e-03
9.989594350872606221e-03
1.754555942985992420e-02
3.233718454077241095e-02
6.472288705197853931e-02
1.196024919910317619e-01
9.729650676515075314e-02
6.232261847262624693e-02
3.238724148194657704e-02
1.237958289592397398e-02
2.089634398903622309e-03
8.054364187077860853e-04
8.307664026663915194e-03
2.488458808921981472e-02
5.086620025972537346e-02
8.284314992489694163e-02
1.069015839924416511e-01
6.148975044336804641e-02
3.202988970864280305e-02
1.783751940219971410e-02
1.031421565346656022e-02
6.105399387856826586e-03
3.661676998617416617e-03
2.216695116721560232e-03
1.347057563081580957e-03
8.199590407269831882e-04
4.960312792346850382e-04
2.940457945523191697e-04
1.634421649341577466e-04
7.121163750646331567e-05
-1.349481155827512282e-05
-1.476624048496359492e-04
4.732936639742232421e-05
-4.011219635551960781e-04
5.841676330911420301e-04
-4.342097117275368808e-05
1.910977008911452152e-04
4.630149168532579564e-04
-2.454225972670225244e-05
-5.212979498022578869e-05
-1.363522396686639687e-04
-5.488081867355135076e-05
-2.483865266222606816e-04
-5.752589612914120454e-05
5.202619348863294550e-05
1.469670430873679741e-04
2.677445665808716731e-04
4.490392474683486913e-04
7.367961144700112264e-04
1.203510608937576011e-03
1.971496162732823843e-03
3.254214386164040046e-03
5.449062210597335754e-03
9.341684602052880912e-03
1.664155373266986218e-02
3.150821054207039729e-02
6.603844403312762734e-02
1.306485597364532847e-01
1.153034193978308142e-01
7.956873507230437237e-02
4.526157950039914890e-02
2.086105403157919105e-02
7.174337033942678778e-03
3.074867226851336986e-03
8.008718064093386588e-03
2.192806271922870601e-02
4.527473397689361218e-02
7.505785132320311193e-02
9.906789787562345073e-02
5.889087874879318091e-02
3.130312667242799579e-02
1.764213462611871272e-02
1.027644280506954076e-02
6.111993788306022482e-03
3.678718838172017995e-03
2.232799489796128724e-03
1.359692583745469516e-03
8.282919801024089422e-04
5.003701163349041480e-04
2.943290894815571131e-04
1.603880584209593373e-04
7.209616423639940528e-05
4.098839430319953535e-05
2.571366317402537364e-04
-4.151708966773039926e-04
-4.343923357687542964e-04
-6.206102691877727218e-04
-1.408309508866427732e-04
-6.406172397395723604e-05
2.351803794647411045e-04
-9.639145719679008992e-05
3.572519652040181092e-04
-4.579709501034763975e-04
-4.242815955575164827e-04
-1.326730647055832090e-05
-5.667315429070690720e-06
6.243380186062491349e-05
1.489105291951007539e-04
2.680717703440562739e-04
4.490870386343063982e-04
7.368081991681479405e-04
1.203516174802045195e-03
1.971498881270194754e-03
3.254198720723662421e-03
5.449040139610229240e-03
9.341678225222355483e-03
1.664155876548623764e-02
3.150821908755772199e-02
6.603845040339351158e-02
1.306485560094025056e-01
1.153034085127723346e-01
7.956873444660879369e-02
4.526158706868813053e-02
2.086105098619145046e-02
7.174324353210269345e-03
3.074851895510606180e-03
8.008711497041012470e-03
2.192807139788054138e-02
4.527474138039022655e-02
7.505784598355254300e-02
9.906788382483151800e-02
5.889086830182013732e-02
3.130312522146615206e-02
1.764213724366241187e-02
1.027643632219014599e-02
6.111985278830999423e-03
3.678724076741927453e-03
2.232810300624341396e-03
1.359697026429286916e-03
8.282803925664834754e-04
5.003263767102411738e-04
2.940278347372753229e-04
1.582903067439652746e-04
5.728539346419766321e-05
-6.666752796466541230e-05
-5.453642657445344558e-04
2.573458003030903692e-04
8.114106347010771082e-05
4.548984327040123446e-04
2.736304382407412435e-04
3.672150572458581191e-04
-1.124207621188788334e-05
1.295553456489336038e-04
2.412425147673050272e-04
-5.881534350448637451e-04
-4.217841935786595300e-05
-3.985783609159442844e-04
-6.146250021567574028e-05
5.388528543129326900e-05
1.475891615386656355e-04
2.678891824411592354e-04
4.490665728566875688e-04
7.367975186432107080e-04
1.203515421271752778e-03
1.971500013431833932e-03
3.254209293637639906e-03
5.449063752926142958e-03
9.341683096199208253e-03
1.664155037624261493e-02
3.150822034091562557e-02
6.603845336306406189e-02
1.306485610575548462e-01
1.153034181448467227e-01
7.956873656008230100e-02
4.526158506223613986e-02
2.086104936760432849e-02
7.174329393808245685e-03
3.074871337051807325e-03
8.008723969625927003e-03
2.192807029688059392e-02
4.527474702288581537e-02
7.505785231013331615e-02
9.906788899965857098e-02
5.889086949130813153e-02
3.130312501854694285e-02
1.764214647297141642e-02
1.027644724809563016e-02
6.111997360957585959e-03
3.678727395245934197e-03
2.232800179968914833e-03
1.359692108146056365e-03
8.282913992523449316e-04
5.003490454998277314e-04
2.942002959617602488e-04
1.597803620839365285e-04
6.982668742506620296e-05
3.699930058074524665e-05
2.954464418199471542e-04
-1.320909706647130941e-04
4.026225275564718643e-04
-7.089061790520991349e-04
2.435009818389443313e-04
3.623903424304144596e-04
-3.632261419684869558e-04
-2.562500167466846813e-04
-8.066159507766763577e-05
6.273754503177182305e-04
-1.373895820710867191e-04
-5.991625954303438995e-04
-8.744548919280620476e-05
4.437311844084772960e-05
1.355945386923492488e-04
2.480367549968597171e-04
4.145265513396856252e-04
6.749452680028371907e-04
1.093310415439427983e-03
1.774540459864207493e-03
2.908570653685960909e-03
4.846734422661255932e-03
8.317361779182914916e-03
1.492937119004781980e-02
2.877036464024146367e-02
6.224457729109732218e-02
1.294019479328706868e-01
1.271039978853430452e-01
9.844013279492123958e-02
6.263090855914965616e-02
3.417565580992469598e-02
1.712791115031047848e-02
1.057914579357742933e-02
1.363553416290688020e-02
2.594605965001792192e-02
4.799445991268664474e-02
7.714490714027751050e-02
1.009874424856967851e-01
5.935223134242153392e-02
3.112099722768238777e-02
1.736794685785020276e-02
1.006294381318122849e-02
5.974493721709742307e-03
3.601309489931439622e-03
2.191503882526411352e-03
1.339500989224357789e-03
8.180748639209909669e-04
4.943921809996513215e-04
2.880279108859687019e-04
1.492196757909029423e-04
4.609495729634325933e-05
-3.586014076244595542e-05
-6.528456790483519868e-05
1.413748273393908360e-04
1.896340686488932588e-04
-4.226570412332333556e-04
-3.630243807700690522e-04
-1.027347018921589056e-04
-1.570870920675670394e-04
-3.297425189926514824e-04
1.939088714671454231e-04
6.056549665281324435e-04
-1.195585739124666323e-04
-2.098732142202014883e-04
-2.579835306434945718e-05
5.478308540073483098e-05
1.373706685217988127e-04
2.483173617782891444e-04
4.145646276423991779e-04
6.749563332115631527e-04
1.093312605312995187e-03
1.774543166237536494e-03
2.908562914381904348e-03
4.846720385937301756e-03
8.317358092834140071e-03
1.492937398136863145e-02
2.877036871148788352e-02
6.224457794989564363e-02
1.294019088349853963e-01
1.271039831823097543e-01
9.844013577807282644e-02
6.263091606501225428e-02
3.417564921984777432e-02
1.712789466475131764e-02
1.057912693743839200e-02
1.363552634634035594e-02
2.594606581704384657e-02
4.799446294076899211e-02
7.714490650147340367e-02
1.009874360725870057e-01
5.935222849820983443e-02
3.112099852986387541e-02
1.736794302520663219e-02
1.006293162901408453e-02
5.974486010266013940e-03
3.601314964339793773e-03
2.191514841930912883e-03
1.339505948689318458e-03
8.180672801174520333e-04
4.943894068826990007e-04
2.880247075179791054e-04
1.494242639086607104e-04
4.935417592776838135e-05
-1.596957757912987053e-06
2.457363948012327012e-04
4.367507613836510232e-04
5.508965430695741657e-04
-3.988642043148883263e-04
1.531263395490229968e-04
-1.612068729204866008e-04
4.105932112268929142e-04
-2.096260415931118233e-04
-2.268114223022461449e-04
2.282870641286112261e-04
-1.652956258102840757e-05
6.482932204896642682e-04
7.865340291499988768e-05
6.765564821823457059e-05
1.389486604877416328e-04
2.485321086987368451e-04
4.145982698826492321e-04
6.749520141233886954e-04
1.093315122695972391e-03
1.774543956711424880e-03
2.908566821374693970e-03
4.846734704466826998e-03
8.317357403658465209e-03
1.492936753046524706e-02
2.877037540083337078e-02
6.224458762805309964e-02
1.294019550624827541e-01
1.271040010929928021e-01
9.844013970264263447e-02
6.263091635240088106e-02
3.417564860862741527e-02
1.712789789501605389e-02
1.057914513682734446e-02
1.363553931649437445e-02
2.594607191112257086e-02
4.799447971377204109e-02
7.714491008579260622e-02
1.009874233424784135e-01
5.935221967239243807e-02
3.112099254091508366e-02
1.736795040015350414e-02
1.006293989388123977e-02
5.974494607535379108e-03
3.601320249391688159e-03
2.191510450842202792e-03
1.339504014453413118e-03
8.180741175278116077e-04
4.943616325716558828e-04
2.877997076208442312e-04
1.477477118406205945e-04
3.677583118742834632e-05
-9.603573279733275403e-05
-4.701351479696357820e-04
-8.936916164449685087e-05
-1.540707925460829545e-04
9.092265517368848971e-05
1.952567502474633458e-04
-2.223750942298936340e-04
-1.103114836176347303e-04
5.572599309606267835e-04
-1.764407412211020589e-05
4.233648942671826244e-04
-7.024237163955133665e-05
5.072924923395742821e-05
-6.789512554443340830e-08
5.321690621475059254e-05
1.276132522671103310e-04
2.287486595380863080e-04
3.785172673917195328e-04
6.091355372212215163e-04
9.750827608007046074e-04
1.561649941930796188e-03
2.530063612555538775e-03
4.170858055121139801e-03
7.112005537302378173e-03
1.273327226601107982e-02
2.464269885700533583e-02
5.411155060824559410e-02
1.149986271296275370e-01
1.251464874327021248e-01
1.141684912731263657e-01
8.551727101882730664e-02
5.539888941395431504e-02
3.466597464785586141e-02
2.476137982408976174e-02
2.558535610226276083e-02
3.715906521687354497e-02
6.028969335200749097e-02
9.131930980853049384e-02
1.145859658455137819e-01
6.357904416578394335e-02
3.180494019575467318e-02
1.722040939331847750e-02
9.808778251585076324e-03
5.776242183509284166e-03
3.478293894720646019e-03
2.120590957777135268e-03
1.301927877405652939e-03
7.980847289557806232e-04
4.834795184393615741e-04
2.797336293097714486e-04
1.374044481469495504e-04
1.585032605951652352e-05
-1.473358176293817188e-04
-6.083436418783961510e-04
-3.082852881099995557e-04
-2.652252244586550140e-04
5.444037180126075392e-04
1.732893777273096362e-05
4.039488838144433998e-04
1.448785163334311748e-04
-1.171620430606002794e-04
-2.887532256713534287e-05
-1.515603600623719458e-04
3.145316111504782889e-05
4.457399566219956709e-05
4.302803886019104435e-06
5.497674215897399623e-05
1.280692825035675733e-04
2.288268581309154824e-04
3.785265952974056227e-04
6.091467616736552168e-04
9.750860616468881234e-04
1.561652043128628235e-03
2.530057600108201032e-03
4.170846621319317798e-03
7.112005056141964578e-03
1.273327707495833239e-02
2.464269909543037249e-02
5.411154037616036638e-02
1.149985665269593060e-01
1.251464738155472489e-01
1.141684993855121705e-01
8.551727948015949710e-02
5.539888072616205167e-02
3.466595556701480840e-02
2.476136062598787227e-02
2.558535470197969425e-02
3.715907828500172178e-02
6.028969618573590955e-02
9.131929744264850879e-02
1.145859228922149059e-01
6.357903135718664944e-02
3.180494197446222249e-02
1.722040988099805478e-02
9.808773590074546314e-03
5.776242853467588277e-03
3.478299982204902715e-03
2.120599821033784717e-03
1.301930635946408786e-03
7.980726499783719454e-04
4.834707195672364208e-04
2.797089329697752605e-04
1.375374502540599691e-04
1.932125183591599569e-05
-1.064941961823900765e-04
-2.155205501399181007e-04
-3.309170474951866198e-04
-3.864174410332267681e-04
6.483761136015109977e-04
-1.546033756996890887e-04
-3.437004473569315477e-05
1.430154199629487741e-04
4.632548852003530882e-04
-6.003407551603777946e-04
5.138244780176475651e-04
-1.898731437552103618e-04
-3.559019444631495539e-04
-3.844388354265013960e-05
5.024246523697860529e-05
1.275336216086503632e-04
2.287844029893103758e-04
3.785246907517727665e-04
6.091325774739610871e-04
9.750851630296176846e-04
1.561653976352522788e-03
2.530063609419693025e-03
4.170860387898647423e-03
7.112001674647373296e-03
1.273326940246010015e-02
2.464270820227897410e-02
5.411156176014885605e-02
1.149986758431193468e-01
1.251465018046577227e-01
1.141685002685099426e-01
8.551728104392983254e-02
5.539888158419430109e-02
3.466595888935673081e-02
2.476137616657047777e-02
2.558535932448658193e-02
3.715907515077213757e-02
6.028970706800092921e-02
9.131929927009617420e-02
1.145859175105154171e-01
6.357903344253242051e-02
3.180494198865572303e-02
1.722041730975113275e-02
9.808778873378522917e-03
5.776246179380169210e-03
3.478304241860406473e-03
2.120596985004158299e-03
1.301928110689616700e-03
7.980807099309918714e-04
4.834569620805695628e-04
2.795843194852004328e-04
1.365690773342938757e-04
1.178496467524736041e-05
-1.637825217516034678e-04
-6.483561087779462833e-04
6.875010406800619695e-05
2.933943855087074491e-06
-2.280756933180260110e-04
-5.060556473097560818e-04
-7.737834812032536231e-05
8.996608116954454110e-05
2.456791169652824069e-04
1.299624871289169702e-04
-5.131578335707401902e-04
-3.754178175489714336e-05
1.338404802809096939e-04
1.684554337818909198e-05
5.354462577662808773e-05
1.199874534136731181e-04
2.112326632360449685e-04
3.449184806336884953e-04
5.470720626537836466e-04
8.633908677273001821e-04
1.360595993037513147e-03
2.171556983242812523e-03
3.524553045796811803e-03
5.932012418255350888e-03
1.049049878051748833e-02
2.009889323376049669e-02
4.386025955950943050e-02
9.289642340642974283e-02
1.075993498847555713e-01
1.148782237304783599e-01
1.073621398828658036e-01
8.617293409767501355e-02
6.606576803603421422e-02
5.516040933382062444e-02
5.545205179318626193e-02
6.723684485712043413e-02
9.079416409858946657e-02
1.209281986708841683e-01
1.371392202014587725e-01
6.977997048049613960e-02
3.288760304582433874e-02
1.713447708621966548e-02
9.546346860455008285e-03
5.556288079835960264e-03
3.336757923527809439e-03
2.036129351172418205e-03
1.255754532381756286e-03
7.732228690068833300e-04
4.709135130770589705e-04
2.735361786140243462e-04
1.363580774808930102e-04
3.193474881201122047e-05
-1.825033369488163597e-05
2.851546287449591198e-04
2.558355660045564893e-05
2.010399647860779571e-04
-2.588784720138247652e-04
-1.983750879017472525e-04
4.109377290214332270e-04
-3.030979068182524890e-04
2.471728739479205810e-04
5.510228567605539654e-04
1.455983918691895339e-04
-1.951925411123342928e-05
-1.073483268359385517e-04
-8.075667528513528524e-06
5.148467282462808076e-05
1.199386208820575617e-04
2.112452347132248633e-04
3.449202832757374730e-04
5.470830319602366151e-04
8.633936294110800642e-04
1.360599723814595813e-03
2.171558338277340683e-03
3.524549078846458960e-03
5.932014181303673674e-03
1.049050154874844182e-02
2.009888860064341573e-02
4.386024352912928914e-02
9.289637253308857812e-02
1.075993452073846224e-01
1.148782371029624383e-01
1.073621517268496389e-01
8.617293128187684947e-02
6.606575495688338240e-02
5.516039176540762229e-02
5.545204733689169246e-02
6.723684702058274620e-02
9.079414913953706701e-02
1.209281614928727211e-01
1.371390441471651567e-01
6.977995295462668945e-02
3.288760793708962044e-02
1.713447343314983967e-02
9.546337749413099510e-03
5.556288398330932847e-03
3.336760559735573676e-03
2.036135546515431549e-03
1.255754248675797387e-03
7.731990280268209031e-04
4.708488426175073461e-04
2.731060759731924288e-04
1.334301054391590600e-04
1.227899074540017084e-05
-1.538301064632210610e-04
-6.803865350168021835e-04
2.739813732499122786e-04
1.669682496646548943e-04
-4.073466198438299084e-04
3.119781489341992564e-04
-1.370634243158598315e-04
-1.462801310182001839e-04
3.857528587812074990e-04
2.467845872133480429e-04
3.339864544158963880e-04
-2.108736454467847630e-04
-1.239060519311127736e-04
-2.346989297051024087e-05
4.738407895512297653e-05
1.190769598427243275e-04
2.110991574336413114e-04
3.448953849901623190e-04
5.470653974786813785e-04
8.633931682436027030e-04
1.360601240917837891e-03
2.171558826266570003e-03
3.524553022112489938e-03
5.932004877888706444e-03
1.049049492398319329e-02
2.009890284069668076e-02
4.386027791554638483e-02
9.289651763240933113e-02
1.075993665020462120e-01
1.148782294960332406e-01
1.073621477147423953e-01
8.617292679988601545e-02
6.606575457986342548e-02
5.516040817803161134e-02
5.545205739810740025e-02
6.723685339745118228e-02
9.079417260288571989e-02
1.209281783437020918e-01
1.371391568052581778e-01
6.977996720255415231e-02
3.288760886179853404e-02
1.713448047323120824e-02
9.546343154084070692e-03
5.556290853675326796e-03
3.336767483690948437e-03
2.036136154267060520e-03
1.255753127649196412e-03
7.732148818569646630e-04
4.708904578648520026e-04
2.734015546113810111e-04
1.356271870797579428e-04
2.842477804132561176e-05
-3.278711601711749264e-05
2.425982162754690885e-04
3.518044989980612905e-04
2.947600487877764753e-04
-9.407775236119114335e-05
1.937172221273818792e-04
6.062624179339687813e-04
-5.059023022213077897e-04
6.163816445550853232e-05
-1.196783914605316487e-04
6.784356328421811840e-05
3.512356746937881778e-04
-3.134011242531016669e-04
-4.827920559095939389e-05
4.436744533912844580e-05
1.149542830488170888e-04
1.995385899468928232e-04
3.207128644523251672e-04
5.011414543179260311e-04
7.800117835910395448e-04
1.210016754912309487e-03
1.901909712671839316e-03
3.035111431749054536e-03
5.026636235339641129e-03
8.739555402871343470e-03
1.647390624033878703e-02
3.549762193220202394e-02
7.417789036420917304e-02
8.783520204660509589e-02
1.034275587812015645e-01
1.198329844947580020e-01
1.281453492044282161e-01
1.241727376585824855e-01
1.166755983581802686e-01
1.166192893646644246e-01
1.302315907192852784e-01
1.534860985932861854e-01
1.703113238555886699e-01
1.621827666606814877e-01
7.585420226582408054e-02
3.386842090415038975e-02
1.708023589744193244e-02
9.346272639801199086e-03
5.385492056781535607e-03
3.226429777726710565e-03
1.969795842187716580e-03
1.219639936354401360e-03
7.543948641220738372e-04
4.627502105185431897e-04
2.716564155159407220e-04
1.375620412327598909e-04
2.503485652682030976e-05
-9.658902782066076638e-05
-2.434074199356159665e-04
9.510238846595203135e-05
2.634340163846852741e-04
-1.141046992661693626e-05
-3.220105968393489546e-04
-2.254240666431919435e-04
-2.474878305499469164e-04
-6.265476867024082107e-05
-4.550913536298152877e-04
2.697858804538294519e-04
7.402659024288506555e-04
6.357561131960076238e-05
6.284140176909143066e-06
5.286218240550192015e-05
1.163235113216089998e-04
1.997471235687750687e-04
3.207434903309610706e-04
5.011560379202447410e-04
7.800119348790994240e-04
1.210016183938190807e-03
1.901909287947534761e-03
3.035106828210100850e-03
5.026636835761326590e-03
8.739559150440348589e-03
1.647390304437554298e-02
3.549760639930960721e-02
7.417787170040272826e-02
8.783520066191093101e-02
1.034275718524076265e-01
1.198329912985112572e-01
1.281453415080745784e-01
1.241727207763088647e-01
1.166755797322194671e-01
1.166192913451514906e-01
1.302316019430195537e-01
1.534860929953607844e-01
1.703112869759621506e-01
1.621823945420215740e-01
7.585414921602970373e-02
3.386841712134168458e-02
1.708023087568444690e-02
9.346269195754266026e-03
5.385501078071550964e-03
3.226436263941024479e-03
1.969803666991384872e-03
1.219637729359147492e-03
7.543684941634824304e-04
4.627094317241379432e-04
2.714229661544462734e-04
1.361657630539581218e-04
1.769806808217147426e-05
-1.314729792609961763e-04
-3.752351119996246570e-04
-1.166887069889068352e-04
1.727975513636597585e-05
-3.112436453607437419e-04
2.686098059595230813e-04
1.923711821801964031e-04
-3.974311741473729107e-04
-2.135028470351378203e-04
-3.616570411886138500e-05
3.624955332479980088e-04
5.598075055604607390e-04
-2.473630267420201209e-04
-4.417318458051105095e-05
4.401696432187383835e-05
1.147391676417163322e-04
1.994766887159192547e-04
3.206943503074336714e-04
5.011334020865559598e-04
7.800110089773577534e-04
1.210020734620486857e-03
1.901912824875922519e-03
3.035111241116229038e-03
5.026629615644245992e-03
8.739554911921449884e-03
1.647391862393433187e-02
3.549764788430823104e-02
7.417798568800663961e-02
8.783521880632486067e-02
1.034275638298523814e-01
1.198329886527057381e-01
1.281453385417603286e-01
1.241727217596888810e-01
1.166755967160309493e-01
1.166192991620251251e-01
1.302316026374002178e-01
1.534861087945315339e-01
1.703112840846973952e-01
1.621824086890309713e-01
7.585417131169246152e-02
3.386842451131921033e-02
1.708023477257409120e-02
9.346268241366409088e-03
5.385497475847079996e-03
3.226440958195531290e-03
1.969804740867138818e-03
1.219638108439215825e-03
7.543835433056811151e-04
4.627209710931516531e-04
2.714854914924757535e-04
1.365210159898100513e-04
1.857840875022378319e-05
-1.390725883878982040e-04
-5.436339634648844430e-04
-3.484729579995500840e-04
-2.250459908749210386e-04
2.955987049069544741e-04
-7.921653716763518347e-05
-3.478446953711386531e-05
-2.498617473139719204e-04
4.785718169986161760e-04
3.682473529142336302e-04
2.904967629617598219e-07
7.941328650168544701e-05
-2.444645166062064446e-04
-1.908846684979156985e-05
5.892302344625807605e-05
1.196181285647163737e-04
1.961080245481767645e-04
3.084036713519919108e-04
4.757892900186056558e-04
7.333369853813818647e-04
1.125853208938030299e-03
1.751830702579546201e-03
2.763760858282655539e-03
4.525161373862158012e-03
7.768599662388546954e-03
1.445442463560935899e-02
3.079008928448473056e-02
6.406064851250727055e-02
7.553399255571865978e-02
9.194720995232168181e-02
1.185831655212621211e-01
1.583832788961652693e-01
2.076121162141248144e-01
2.478555310744000040e-01
2.703777239467363702e-01
2.818670923902408809e-01
2.646386004167583517e-01
2.201046881345301298e-01
1.757379010139558939e-01
7.822508595493554706e-02
3.411432087343611169e-02
1.695806950429321405e-02
9.204863321142333840e-03
5.277587079988860404e-03
3.158707812570372715e-03
1.929363357715111566e-03
1.197946290366178881e-03
7.439571453481482908e-04
4.603470548226790051e-04
2.762254273785820198e-04
1.506723866627956369e-04
4.721031119585277516e-05
-9.386550959254281545e-05
-5.270001129503602355e-04
-6.324627687769269959e-05
-1.853148617518117361e-04
5.272865023664495120e-04
-3.777624015054328161e-04
-2.611608291193934692e-05
-6.351823412449798421e-04
-3.131457546742433696e-04
4.312671261021166396e-04
-5.816178792160337706e-05
2.034554869943894857e-05
3.252474755673983902e-06
2.391371076664635786e-05
6.642018280917802388e-05
1.208979467406189030e-04
1.963079183802749340e-04
3.084332292040491792e-04
4.758027942208272842e-04
7.333374945845611611e-04
1.125856870085142772e-03
1.751839177651687025e-03
2.763763657272637602e-03
4.525163169930320264e-03
7.768600899532050047e-03
1.445441558889100885e-02
3.079004772582287150e-02
6.406044143915967659e-02
7.553397857865346010e-02
9.194723553634387425e-02
1.185831758216588233e-01
1.583832782181418819e-01
2.076121076087983908e-01
2.478555154681876260e-01
2.703777243935582275e-01
2.818670992436915768e-01
2.646385951964511651e-01
2.201046581585765494e-01
1.757377063069032463e-01
7.822504878813775486e-02
3.411431694478787163e-02
1.695806018071728538e-02
9.204856622461298626e-03
5.277593166905059779e-03
3.158709602894994774e-03
1.929367092196357727e-03
1.197940278763919919e-03
7.439353964664261343e-04
4.603586353117717364e-04
2.762951174859769169e-04
1.510384035287159078e-04
5.004480730907935257e-05
-7.107813314944952756e-05
-3.403313752863124206e-04
-4.833005533740529448e-04
-2.741542082211690171e-04
-1.000137434172715151e-04
1.713832693603027483e-04
3.554239016543979835e-05
-2.176139780844113601e-04
-5.826023301139021324e-04
2.420639060359258536e-04
3.447609437255305014e-04
-1.479112929286032765e-04
-1.736819799638708941e-04
-1.409118126246302789e-05
5.860163659821734082e-05
1.193630396944751396e-04
1.960282970032247492e-04
3.083804544576196740e-04
4.757811011685047164e-04
7.333366141132803160e-04
1.125859322927572808e-03
1.751836577282109590e-03
2.763759515963776225e-03
4.525152802731953992e-03
7.768598126892553579e-03
1.445443211631294335e-02
3.079009798114754407e-02
6.406064772298723786e-02
7.553400770405960252e-02
9.194722608122983531e-02
1.185831750329450762e-01
1.583832752653735743e-01
2.076121040839352117e-01
2.478555247613318524e-01
2.703777294235882867e-01
2.818670968626539319e-01
2.646386104491013636e-01
2.201046678470575113e-01
1.757377033861863003e-01
7.822507921616231319e-02
3.411433161853745510e-02
1.695806715614964211e-02
9.204857693733763460e-03
5.277591942609949176e-03
3.158716933855358708e-03
1.929371077951193714e-03
1.197942940478928693e-03
7.439447758518827033e-04
4.603257730396004125e-04
2.761387762678030127e-04
1.503995392819868859e-04
4.739353947117566282e-05
-7.948936629112541229e-05
-3.374228353747330206e-04
1.332845190039922691e-04
-9.476167633231203714e-05
-1.514042197303651176e-04
3.831432577618684504e-04
5.972259431746718968e-05
2.607133413049864457e-05
1.972719975208975303e-05
-4.446688035630808273e-04
3.281844623161682319e-04
1.398609017248187347e-04
2.506847387656220148e-04
1.016426513257572039e-04
9.686403989217574396e-05
1.337978382569455799e-04
2.019926581532805322e-04
3.108192768716536896e-04
4.764256127392346696e-04
7.326467903132509235e-04
1.123757507949082503e-03
1.747639394484088674e-03
2.756229927058854827e-03
4.511472563681485047e-03
7.743092873682362598e-03
1.440321458308962098e-02
3.067616547239138472e-02
6.381366211131485333e-02
7.525841574606707829e-02
9.166306069436074011e-02
1.183379460875261940e-01
1.582595330732327887e-01
2.076489918519574818e-01
2.479250813677599252e-01
2.703662607793500539e-01
2.818635473443731332e-01
2.646851317409009141e-01
2.201572427100707552e-01
1.757806891469710642e-01
7.824522944857482953e-02
3.411971092736464789e-02
1.696012729156080867e-02
9.205930526577985398e-03
5.278517775208259495e-03
3.159676213340852947e-03
1.930658436453224934e-03
1.199833417355480013e-03
7.471080055688349066e-04
4.660674083849213338e-04
2.876129892611699670e-04
1.760784321073547299e-04
1.152833616676140165e-04
1.430113679331164456e-04
5.684158331789559071e-04
-3.398944606518964381e-04
-1.000862408640155852e-04
-1.970709416250801635e-04
5.671195083622855787e-04
8.259062620677894292e-05
2.652850999838666504e-04
7.577639127101955642e-04
-5.002715304552098627e-04
-5.174684416793792004e-05
-7.258198199276320265e-05
2.970377106522154552e-04
1.099139657684804222e-04
9.843460282223387566e-05
1.340906332911164455e-04
2.020344253675406129e-04
3.108248032401422778e-04
4.764346736219906252e-04
7.326464947243309378e-04
1.123761134760816469e-03
1.747648875864058881e-03
2.756232603751376103e-03
4.511472707656649303e-03
7.743094618502885905e-03
1.440321057219814439e-02
3.067613302933153499e-02
6.381344561662169457e-02
7.525840431905607419e-02
9.166308582067249355e-02
1.183379477613717978e-01
1.582595234354306213e-01
2.076489829087531380e-01
2.479250740624259486e-01
2.703662740321603475e-01
2.818635600097941785e-01
2.646851103696839513e-01
2.201572326303440075e-01
1.757807341355477893e-01
7.824522967863591083e-02
3.411971215502386523e-02
1.696012049782836401e-02
9.205928826516071237e-03
5.278528810184381602e-03
3.159680602356895480e-03
1.930661410394031875e-03
1.199825978926488766e-03
7.470948428316306726e-04
4.661253134588615285e-04
2.878947264979323070e-04
1.773090190290592589e-04
1.201072244269068889e-04
1.529838156432629815e-04
4.857340722860319592e-04
-6.981010154605838135e-07
1.645157044395829525e-04
1.283752935106751726e-04
-3.201117970315854101e-04
-5.253110515434813215e-06
-2.081869226792352773e-04
5.235403696348112220e-04
5.757550916890340025e-06
1.878189670039592167e-04
3.004225180333996016e-04
2.063222288154084483e-05
6.403701280147931524e-05
9.028064036005073467e-05
1.326147614500303900e-04
2.017750898360036384e-04
3.107757186624714434e-04
4.764138748864239076e-04
7.326439163250788016e-04
1.123762260154286072e-03
1.747645593494700795e-03
2.756227646993642238e-03
4.511464146089853508e-03
7.743092675024276089e-03
1.440321757680142027e-02
3.067614690000945374e-02
6.381350343145048010e-02
7.525840336309662371e-02
9.166307837829891503e-02
1.183379572495937559e-01
1.582595344079189836e-01
2.076489834076331864e-01
2.479250707014230282e-01
2.703662591873299270e-01
2.818635657841102593e-01
2.646851303612146045e-01
2.201572663132732033e-01
1.757811013217667750e-01
7.824529244278609352e-02
3.411973063558891572e-02
1.696012537433165199e-02
9.205926565438685150e-03
5.278524927213981525e-03
3.159685543866735686e-03
1.930665824804194373e-03
1.199828750354655586e-03
7.470931382708725053e-04
4.660356099530381705e-04
2.874457780315167591e-04
1.751064298331853888e-04
1.091389556053132476e-04
9.957319166271260064e-05
2.283545258480438765e-04
2.817368913543727318e-04
-3.442390580309976321e-04
2.878474814904940517e-04
2.135128904375180632e-05
2.211750195093003667e-04
7.864551625941538842e-05
2.466164288763853722e-04
-1.079613370663109031e-04
-2.680725157241050814e-04
3.168383468291312830e-04
3.167994786094507236e-04
1.473606098880151977e-04
1.197302057320021203e-04
1.468447865481485040e-04
2.134586526592964278e-04
3.261193449006668773e-04
5.016120458382007695e-04
7.764442173004486259e-04
1.201897571211814342e-03
1.887166593113783581e-03
3.009874909997189204e-03
4.982598310925739557e-03
8.659294693234190210e-03
1.631352013562214695e-02
3.512739314988234246e-02
7.338409341133246555e-02
8.696829000695815992e-02
1.025750968583893502e-01
1.191248808442031820e-01
1.276561267671375011e-01
1.237880915064845794e-01
1.163326474304978153e-01
1.163096229238388402e-01
1.300034809136347003e-01
1.533689523942375899e-01
1.703113794716185347e-01
1.622203415622201772e-01
7.586570779864604264e-02
3.386966986825992038e-02
1.707834687110089053e-02
9.343865079059545178e-03
5.383801892255946769e-03
3.225865215969315851e-03
1.970861027080213039e-03
1.223047875948122089e-03
7.617081096460440268e-04
4.770624404383392225e-04
2.991717815556959063e-04
1.902102202026494462e-04
1.223563130204986598e-04
4.758427876992027823e-05
-3.338079109216439801e-04
2.142208197851915453e-04
1.585341515700643307e-04
-1.657492183830572177e-04
6.950371393739181885e-05
7.510614400235714238e-04
2.249059283937184179e-04
6.340572674688194630e-05
-4.794807579244082492e-04
-3.824002325756341238e-04
6.903487339418088830e-05
1.210711343623839238e-04
1.176053814540269310e-04
1.151047867186691203e-04
1.461286148906895069e-04
2.133398854127830475e-04
3.260985004888248976e-04
5.016140611816482337e-04
7.764421569418966705e-04
1.201900951311896115e-03
1.887177623962897925e-03
3.009880299970340168e-03
4.982600258046913921e-03
8.659298539867453862e-03
1.631352161496701578e-02
3.512738599719401195e-02
7.338403737263572701e-02
8.696828014794932837e-02
1.025751093643998690e-01
1.191248765627666018e-01
1.276561143899335449e-01
1.237880885041334061e-01
1.163326467291901228e-01
1.163096385607479827e-01
1.300034873482681930e-01
1.533689324158058198e-01
1.703114093994338163e-01
1.622207498602427356e-01
7.586576878920139877e-02
3.386968468347063138e-02
1.707834222612064634e-02
9.343863150846615576e-03
5.383811968866415547e-03
3.225868029153991946e-03
1.970860443638471071e-03
1.223039503250911630e-03
7.617057280512374608e-04
4.771740143431411180e-04
2.998009592150236769e-04
1.937913159521386264e-04
1.434546207520691037e-04
1.746819023731292797e-04
4.590874048458693977e-04
7.643026141843003302e-05
-2.842748835655623993e-04
5.399037405217220649e-04
-7.117424384399052752e-04
-1.126363497994737668e-05
4.574573684553419014e-05
5.685894149058654022e-04
-2.488576077741170103e-04
-4.427135543775780383e-04
-4.518956727652478174e-04
6.006254921327959306e-05
1.008641683077113300e-04
1.111584012240818671e-04
1.452823064056100002e-04
2.131748088114267443e-04
3.260656190855967546e-04
5.015997825053508056e-04
7.764414684644253481e-04
1.201902942772592985e-03
1.887174702517990105e-03
3.009873438771787282e-03
4.982590808412460520e-03
8.659295866618460166e-03
1.631352333292255402e-02
3.512738840358338444e-02
7.338410162334013664e-02
8.696827696405090569e-02
1.025751003731100591e-01
1.191248855794064532e-01
1.276561229559435018e-01
1.237880864654464091e-01
1.163326452529880317e-01
1.163096321957559076e-01
1.300035002081565971e-01
1.533689553702930197e-01
1.703113809777609677e-01
1.622205123772696433e-01
7.586576049227419793e-02
3.386969161277426227e-02
1.707834225345351842e-02
9.343857870767134297e-03
5.383806102298054237e-03
3.225872046437266646e-03
1.970868132901337690e-03
1.223044510721548990e-03
7.616951507923783171e-04
4.770343936290742009e-04
2.990507966723703580e-04
1.897998717524311638e-04
1.222927925627414840e-04
6.567471236994335687e-05
-7.728747499032098147e-05
-5.467206774157574371e-05
-1.858614064718100423e-04
6.097287625943368408e-05
7.788031736810203685e-06
2.753794489656200190e-04
8.521248133018142438e-05
2.567865113621017555e-04
-1.098387060079457779e-04
-8.407974438475624703e-05
-3.886459132457121429e-04
5.814859007792826193e-04
1.856053312034461615e-04
1.279551109985316998e-04
1.550701508825568463e-04
2.279990847049382372e-04
3.519683083643480826e-04
5.478807139706088096e-04
8.585610683579111098e-04
1.348999593768085078e-03
2.149630535689798540e-03
3.485932787428669324e-03
5.863120740883515439e-03
1.036357911367294035e-02
1.984575312574205289e-02
4.329027798030075924e-02
9.168700387214764880e-02
1.063018447261355193e-01
1.136446041116038752e-01
1.062831408676071648e-01
8.525494324811010161e-02
6.530301197883872644e-02
5.454583998243567322e-02
5.494839802804048212e-02
6.684979059341927821e-02
9.052300854959993703e-02
1.208094780703582172e-01
1.371335179523286429e-01
6.977874792723355590e-02
3.287848873856506760e-02
1.712665426823564360e-02
9.540797945942215350e-03
5.553426834271816756e-03
3.336243628076405576e-03
2.038333965108662937e-03
1.261383484572272968e-03
7.843544923228980715e-04
4.914957949157330603e-04
3.110186592386859211e-04
2.031367475635075990e-04
1.432272690080684549e-04
1.243019889643361250e-04
2.213155274488116822e-04
-2.662079809804957834e-05
7.913156580566307614e-05
5.180791237949646877e-04
-3.478515538714670153e-04
5.880906068958504035e-04
1.152066924740873026e-04
2.412325145569676967e-04
-2.235904382393358444e-04
-4.625265076520997695e-04
-6.850683105488825564e-04
4.084323802171958579e-04
1.576056719996192328e-04
1.233861512802551287e-04
1.543363100521295405e-04
2.278781433392931962e-04
3.519485758015886861e-04
5.478835622204667822e-04
8.585625633531966628e-04
1.349005929314183241e-03
2.149643881838745382e-03
3.485940565125629758e-03
5.863122738941283288e-03
1.036358078053478508e-02
1.984575169859146768e-02
4.329026471832879419e-02
9.168690844616507463e-02
1.063018209351270504e-01
1.136446100808335968e-01
1.062831299847472599e-01
8.525493254286395373e-02
6.530301943510524731e-02
5.454584759590430654e-02
5.494841256643141075e-02
6.684978812694673811e-02
9.052298483322343547e-02
1.208094857383949644e-01
1.371336121488054283e-01
6.977876760409826296e-02
3.287849133321853190e-02
1.712664219226872273e-02
9.540793501577717398e-03
5.553436895756633067e-03
3.336245334957370703e-03
2.038330443924040412e-03
1.261376649324362975e-03
7.843577081762013407e-04
4.915997811679836049e-04
3.115845109137412223e-04
2.062541182986186300e-04
1.605033658492043295e-04
2.183368011134126862e-04
7.194995552061219258e-04
-5.762109888769207793e-05
-7.282769598322320101e-05
3.891584585069475955e-05
1.569291017094039890e-04
-7.281718537232537711e-05
1.024485687615951050e-05
-6.071520933377862748e-05
-1.728739109805019810e-04
1.734360232289160349e-04
-4.580278959911819213e-04
3.526396617098583172e-04
1.446298549734071628e-04
1.204358165876256108e-04
1.536982288558552646e-04
2.277490116693387174e-04
3.519212104718518006e-04
5.478705309646841101e-04
8.585584243481584341e-04
1.349004078837137124e-03
2.149637992478135515e-03
3.485929871548428503e-03
5.863112014363786387e-03
1.036357851038447603e-02
1.984575376229755217e-02
4.329027589313444446e-02
9.168703510492033637e-02
1.063018393607745443e-01
1.136446142324380598e-01
1.062831530911174660e-01
8.525494509298633949e-02
6.530301112133184149e-02
5.454583515602974553e-02
5.494840178646986928e-02
6.684980190669853606e-02
9.052301229188955412e-02
1.208094769449964828e-01
1.371336297305890406e-01
6.977877723422928891e-02
3.287850350781294784e-02
1.712664776038239425e-02
9.540790932692626639e-03
5.553430206674294690e-03
3.336248261364545449e-03
2.038339433783905620e-03
1.261379543434814482e-03
7.843385949687398410e-04
4.914433165503993275e-04
3.107125001931745748e-04
2.012432121221360024e-04
1.310563033750560880e-04
4.194917522826689514e-05
-3.671995724551193512e-04
2.118105176572562665e-05
2.149612724030249456e-04
-7.540914101684278959e-04
-1.686941927494345244e-05
-1.550980575078910796e-04
1.057209898814356203e-04
2.684883617731676246e-04
-2.347388454270402656e-04
2.783671879905665541e-05
3.799457406086355848e-04
-1.214861279098842719e-04
2.777495398160402160e-05
9.195831595862882432e-05
1.536640126474535034e-04
2.433590953300670406e-04
3.848903608302533001e-04
6.090370339831868056e-04
9.682674501135024375e-04
1.546070146744884773e-03
2.500737708522511333e-03
4.118974904642429616e-03
7.019458877803134988e-03
1.256320030866246544e-02
2.430596049055281857e-02
5.335878263197960797e-02
1.134557029644990694e-01
1.235628801384328346e-01
1.126546166556971346e-01
8.409428411065228426e-02
5.416146777176366472e-02
3.363731107364560657e-02
2.392330276950788495e-02
2.488683032714446991e-02
3.658614024844002860e-02
5.982023341714002435e-02
9.098000711818189645e-02
1.143634309874462102e-01
6.347658843436097820e-02
3.175269108288518438e-02
1.719011504231515025e-02
9.790293480937611176e-03
5.765627678141290249e-03
3.473248438728021754e-03
2.120403915749948832e-03
1.306813633686674516e-03
8.099221387036608906e-04
5.063468015213918672e-04
3.215616594332304534e-04
2.125285670721417078e-04
1.502912979877341667e-04
1.010781791284547825e-04
-6.257798055344329939e-05
2.877907919906006048e-04
-1.243886054948898658e-04
2.814832120284750132e-05
-4.260661337122264680e-04
-6.842904104636262459e-04
-1.666330597158418247e-04
3.819043310958877076e-04
-1.819404927121088069e-04
3.245270171368393837e-04
1.055613575081648648e-04
-1.351856968327114206e-04
2.806407536523952890e-05
9.233202487808988656e-05
1.537723667965274681e-04
2.433828288073904434e-04
3.848944623947122461e-04
6.090400561879212148e-04
9.682668016407240327e-04
1.546073312622666708e-03
2.500748119027128551e-03
4.118981412692128592e-03
7.019459006271318996e-03
1.256319873555516477e-02
2.430595491112284151e-02
5.335876874659722241e-02
1.134556741396448576e-01
1.235628722954116021e-01
1.126546283835972995e-01
8.409427421167443850e-02
5.416145593140472142e-02
3.363731507744247701e-02
2.392330249704729961e-02
2.488683451838873475e-02
3.658612811904520673e-02
5.982021170336598165e-02
9.098002155418861980e-02
1.143635111950267458e-01
6.347660721058731581e-02
3.175269664027249167e-02
1.719010555389514569e-02
9.790290124235840469e-03
5.765635879159682411e-03
3.473245550291832739e-03
2.120395523435471361e-03
1.306805633815303052e-03
8.099183527481200679e-04
5.063921838948493665e-04
3.218084582458530262e-04
2.138303617597033608e-04
1.572176859048814721e-04
1.377199250670851222e-04
1.371241629565695406e-04
1.724203006017094780e-05
3.745089655611535061e-04
-1.878939007773991617e-04
-4.306201343809914627e-04
3.495924924605599304e-04
-1.913601694013559163e-05
4.567737693182118901e-04
1.997893016555198390e-04
1.616454660025158738e-04
4.400404743993533460e-04
-2.585689000963335487e-04
7.585787429178314304e-06
8.856494480042219808e-05
1.530523722712050845e-04
2.432443521038898720e-04
3.848671827884010601e-04
6.090312883094683169e-04
9.682652811554681022e-04
1.546074364365444430e-03
2.500745400923594635e-03
4.118972564075069898e-03
7.019451811376266857e-03
1.256320013482407211e-02
2.430595925096497995e-02
5.335877483522031423e-02
1.134557066611562026e-01
1.235628786536634854e-01
1.126546355733935439e-01
8.409429729439067691e-02
5.416147087058259535e-02
3.363731116015816064e-02
2.392329494170744586e-02
2.488683022237844072e-02
3.658614684734834421e-02
5.982023154044059654e-02
9.098001910347783272e-02
1.143635464162355703e-01
6.347661591456806029e-02
3.175270537129806087e-02
1.719010827182481174e-02
9.790285368030679850e-03
5.765627434974944683e-03
3.473248799118911195e-03
2.120407435209269598e-03
1.306810981995694659e-03
8.099093252589682377e-04
5.063093190420111600e-04
3.213802528347340141e-04
2.116527648767688543e-04
1.465104054094375793e-04
8.886991289170219246e-05
-5.584389231796515752e-05
1.929621294643311285e-04
2.227468121327281852e-04
-3.128512386597775453e-04
5.854394700494437752e-05
2.216963748919241581e-04
-6.997897428980338116e-04
3.254113796725119682e-04
8.263658484771932563e-05
-1.652749202565964546e-05
-2.300838265948374579e-04
-2.842234559627906422e-04
-1.436640880571873273e-05
8.190061486908770463e-05
1.585331558208973447e-04
2.613134649728546493e-04
4.208242341006605499e-04
6.754043180885142958e-04
1.087150967495582833e-03
1.759070119821089847e-03
2.877745160810245457e-03
4.789958084506279121e-03
8.213274558610015458e-03
1.473559440027019662e-02
2.838870609217947205e-02
6.142006715269798106e-02
1.277971531218806689e-01
1.254576913884639100e-01
9.679470842590423563e-02
6.107834638152355444e-02
3.282195082017824728e-02
1.598439482764187070e-02
9.621905768676358717e-03
1.281607757330230010e-02
2.524819214120674685e-02
4.738273722946854255e-02
7.662980355524348641e-02
1.005604345818875422e-01
5.913381152244530370e-02
3.100913332361601715e-02
1.730662300338074375e-02
1.002803202530917759e-02
5.955211348252736729e-03
3.591813906624858211e-03
2.189211693650610410e-03
1.343540219703541656e-03
8.296783500802395713e-04
5.170919920041015978e-04
3.291524632742952100e-04
2.222028164152982789e-04
1.747650055273843343e-04
1.903579079256019632e-04
3.477149643947425022e-04
6.807458774401143426e-04
-7.248942335429441411e-05
-1.182118935448622169e-04
2.833530165546224418e-04
-2.153191400910938391e-04
-3.490692716734068355e-04
4.083267398610275663e-04
-1.185504003531303761e-04
2.318541350505560854e-04
4.660369830276295342e-04
6.464085565521998156e-07
2.908712973342703580e-05
8.862124654412740284e-05
1.595720030660407172e-04
2.614772692846236563e-04
4.208503811713700318e-04
6.754094803804128275e-04
1.087151886974872849e-03
1.759075346070937233e-03
2.877757700350490593e-03
4.789966697926010923e-03
8.213275355640564657e-03
1.473559227941363160e-02
2.838869965781144061e-02
6.142005394451829914e-02
1.277971367008906844e-01
1.254576903698685353e-01
9.679471019831918654e-02
6.107832445659537590e-02
3.282193922148101545e-02
1.598441062887739211e-02
9.621918005179931274e-03
1.281608488273650384e-02
2.524817849661603608e-02
4.738271507629735618e-02
7.662981285779517371e-02
1.005604867215860038e-01
5.913382534697544241e-02
3.100913060096840285e-02
1.730660962845654779e-02
1.002803124174952466e-02
5.955222350774106409e-03
3.591811644958539142e-03
2.189203836449982003e-03
1.343534142460493666e-03
8.296667763518864860e-04
5.170752818991907092e-04
3.290589518342961341e-04
2.215413484400935223e-04
1.699957162647839086e-04
1.543400806730027184e-04
6.971724962564743351e-05
5.808234692469824764e-04
1.379132853842061239e-05
-7.829009062045685539e-05
-8.516584877565912032e-05
-1.492481980428722404e-04
-2.850356075656997339e-04
1.767109733879522254e-04
-2.749635896191671060e-04
5.001259856946013802e-04
1.667660799770610749e-04
-1.691677275364525797e-05
1.777012478921590483e-05
8.561836974007471760e-05
1.589201621138128554e-04
2.613451855623350958e-04
4.208244613649964267e-04
6.754036402762842329e-04
1.087150766980204877e-03
1.759075667680553559e-03
2.877753833754984579e-03
4.789956402537912453e-03
8.213268983960199041e-03
1.473559437763040554e-02
2.838870168022216908e-02
6.142005198425379980e-02
1.277971207144635024e-01
1.254576918607603064e-01
9.679472784977734279e-02
6.107835450086854245e-02
3.282195431279627540e-02
1.598439962319611260e-02
9.621899851000688050e-03
1.281607887216023971e-02
2.524819879263618533e-02
4.738273131135971317e-02
7.662980359304352729e-02
1.005604752163487686e-01
5.913382922073336101e-02
3.100914239000506986e-02
1.730661505381522400e-02
1.002802640359007867e-02
5.955212718109695498e-03
3.591813866288853709e-03
2.189214942558119752e-03
1.343539221922584190e-03
8.296693202753423809e-04
5.170707587594331129e-04
3.290591066718798067e-04
2.217681874140546615e-04
1.728159907425722832e-04
1.815716056307691408e-04
3.047703368253936915e-04
-3.078286969463244312e-05
1.902516259718088165e-04
-1.282613169057228387e-04
3.471186517938788449e-04
4.451151201779519504e-05
-7.726830779873214905e-04
-2.511388657155346122e-04
-4.251239894956179043e-05
1.591456819744671819e-05
-3.858594175200730464e-04
-1.437231552273568805e-04
3.552779577604810521e-05
9.926025531874916989e-05
1.707605390428671170e-04
2.803791625792668692e-04
4.554287923841091913e-04
7.383395764277849186e-04
1.199298169939687223e-03
1.958457308437877922e-03
3.225890998606501664e-03
5.393895311558501333e-03
9.236883287103181059e-03
1.644190626232727367e-02
3.111050716941030081e-02
6.517625310563765484e-02
1.290143303153903076e-01
1.135649526578202118e-01
7.780868540585655913e-02
4.359686995065645276e-02
1.937423916781878114e-02
5.876088096583765089e-03
1.948124769179845114e-03
7.006802935828556483e-03
2.102314384298769462e-02
4.441465424263665168e-02
7.424340086257152915e-02
9.830252604183312148e-02
5.848121201187840568e-02
3.110024347455702526e-02
1.753347489447538640e-02
1.021587406615178002e-02
6.078354025667771950e-03
3.661101171138892926e-03
2.225741301338032049e-03
1.360708090721971355e-03
8.373597328330391288e-04
5.198120496734282697e-04
3.298002671410839868e-04
2.229074263308112832e-04
1.817159379317135693e-04
2.249419094763454848e-04
4.539791174801053675e-04
-9.858051417035618874e-05
-5.196423523428174212e-04
-3.855647364959920382e-04
1.884206423794484509e-04
6.035749560917321301e-05
2.063180338206967981e-04
-9.250650594118830269e-05
-2.668937288267464935e-04
-1.131369015440758253e-04
-3.409022218133008235e-04
1.061180019055292718e-04
6.501002564756155119e-05
1.026503838374569780e-04
1.711238305799124050e-04
2.804179948643758125e-04
4.554338468145176927e-04
7.383415466254364271e-04
1.199301044636276719e-03
1.958464278208334880e-03
3.225903263614089342e-03
5.393901513678178543e-03
9.236878908672066860e-03
1.644189656068203997e-02
3.111049387659032411e-02
6.517623736049607541e-02
1.290143131934566589e-01
1.135649578851719438e-01
7.780869494684343468e-02
4.359685766919397382e-02
1.937423522694270775e-02
5.876104018264527960e-03
1.948133207780626585e-03
7.006801969495528998e-03
2.102312428961274765e-02
4.441462847813961584e-02
7.424340053855919830e-02
9.830255517019990952e-02
5.848122881197375528e-02
3.110024561423836709e-02
1.753346631464376346e-02
1.021587465177299127e-02
6.078360931431495834e-03
3.661095745154630769e-03
2.225734475710895634e-03
1.360703947627648659e-03
8.373438255477215963e-04
5.197690399695170660e-04
3.296022782892107602e-04
2.219377262584431275e-04
1.774897620001127964e-04
2.109206635971092221e-04
4.594291755960919427e-04
2.044091424900014204e-04
-4.430471080466062911e-05
2.315396248073510737e-04
6.048761243862159137e-04
-5.265572714325354991e-04
7.277280396637161278e-05
-2.796640326393124744e-04
2.707546621058580993e-04
3.737259633869270269e-04
-2.159332553872213474e-04
-2.170516921418556085e-04
2.236994569363479651e-05
9.665314591314685142e-05
1.702405733462557496e-04
2.802775263616902909e-04
4.554093341392880597e-04
7.383363057348382979e-04
1.199297160771588093e-03
1.958461237639621405e-03
3.225897089991154425e-03
5.393890262503010791e-03
9.236875446955212718e-03
1.644190473366623217e-02
3.111050284068645616e-02
6.517624300347411859e-02
1.290142998902742422e-01
1.135649567135049581e-01
7.780870674780318574e-02
4.359687448494449502e-02
1.937424319504214842e-02
5.876093034042299129e-03
1.948115497241620754e-03
7.006800444558023734e-03
2.102314638707541983e-02
4.441464133164125389e-02
7.424339657634201894e-02
9.830254530383074341e-02
5.848122773282114079e-02
3.110025123808304870e-02
1.753346751186009647e-02
1.021587069475513726e-02
6.078355614250654376e-03
3.661099518422848611e-03
2.225743531028290430e-03
1.360707812770515883e-03
8.373534704692061183e-04
5.198036113912106590e-04
3.297680931955121572e-04
2.227379217466694209e-04
1.807216332550596162e-04
2.185777946145738384e-04
4.137552058158551612e-04
1.686299483487269958e-05
-4.659307754599292133e-04
5.925480522751060434e-04
-6.140665809705120673e-05
3.769958003685513061e-04
4.430152610156435603e-04
-4.390669191984253702e-05
-2.696327053644797253e-04
4.019390306753331250e-04
-1.747944709988525573e-04
8.321744787441118230e-04
1.984143305326255496e-04
1.300597467686748611e-04
1.826149832132624039e-04
2.957978014399350740e-04
4.829153584871091862e-04
7.877615682872538385e-04
1.286200028823957691e-03
2.110167646267838322e-03
3.484134520709098511e-03
5.823108023062934825e-03
9.907265480812320682e-03
1.737661714728844925e-02
3.198487003590713695e-02
6.394663346519796621e-02
1.181270576468139294e-01
9.568132092807130062e-02
6.066959191641758259e-02
3.079738778757221823e-02
1.091412831163169651e-02
7.733819139278729025e-04
-3.780123936289523485e-04
7.210138239662173404e-03
2.383226817961099642e-02
4.979387138843911764e-02
8.174637426198906598e-02
1.058065643925635152e-01
6.087784817901918666e-02
3.172466605734965139e-02
1.767565473076989149e-02
1.022568343448500457e-02
6.056780168454798177e-03
3.635967773310562652e-03
2.205034520267938787e-03
1.345035201091319011e-03
8.260269903934972435e-04
5.108499231255588099e-04
3.206264782211543703e-04
2.083519954129278229e-04
1.495566725134645837e-04
1.439859699908083623e-04
2.766710243081837561e-04
-4.358212487776710713e-04
-3.962635651330015905e-04
4.371442087311767531e-04
-7.975873294078195087e-05
-3.465065011818259182e-04
-4.443397287641894324e-04
-4.556551651511792046e-04
9.576098062853298423e-05
1.823492523948539573e-04
-5.674242988625720265e-04
3.087977847522231970e-04
1.197653114888159851e-04
1.177049077367721928e-04
1.806344389807240235e-04
2.954794086649946611e-04
4.828640449599173033e-04
7.877531982387331322e-04
1.286200446209409846e-03
2.110170318603916007e-03
3.484141121656670909e-03
5.823112166445421761e-03
9.907264675787211608e-03
1.737661458799271211e-02
3.198486504028242444e-02
6.394662711352951112e-02
1.181270507214034204e-01
9.568132669414582125e-02
6.066959203511188697e-02
3.079736722245389816e-02
1.091412007966808401e-02
7.733954607005491793e-04
-3.780032613486341599e-04
7.210133724957754064e-03
2.383224945599334010e-02
4.979385438513111301e-02
8.174638127380250141e-02
1.058065869916374052e-01
6.087785987228933049e-02
3.172465842287532783e-02
1.767563950856888139e-02
1.022568125835879131e-02
6.056784856868752988e-03
3.635963026970405378e-03
2.205029767720796934e-03
1.345031057745166509e-03
8.260093018207768662e-04
5.107961766952992273e-04
3.203412842251751624e-04
2.066642633167914791e-04
1.392460841885326793e-04
7.750823624346427532e-05
-1.751469325494586001e-04
-3.672299721551889815e-04
-3.274448320460183787e-04
-3.529372007415175917e-04
4.908918987583909795e-04
5.342134544244136422e-04
-8.867316666686613608e-05
-5.303834872398449814e-04
5.475082201921526413e-04
-2.388111966634332744e-04
-3.574176765166192106e-04
5.023897736048149772e-04
1.449056202401073168e-04
1.209107811967798644e-04
1.810258895668484828e-04
2.955192672227143348e-04
4.828663814321794965e-04
7.877533554206530642e-04
1.286197010682711217e-03
2.110168978459475708e-03
3.484139334370292117e-03
5.823105101528930523e-03
9.907264478805619112e-03
1.737662230130133587e-02
3.198486726370527999e-02
6.394662287006411261e-02
1.181270432596762676e-01
9.568132974129958668e-02
6.066960971248489681e-02
3.079738781252375213e-02
1.091413346521957588e-02
7.733896872898534790e-04
-3.780212721860241854e-04
7.210133361842176528e-03
2.383226665100726324e-02
4.979385443084504564e-02
8.174636896376508144e-02
1.058065807455138008e-01
6.087786526077131749e-02
3.172467315123253528e-02
1.767564814298199991e-02
1.022568120856477865e-02
6.056779994230532087e-03
3.635962989239685788e-03
2.205034980191044464e-03
1.345035884415772456e-03
8.260256603880163865e-04
5.108613387094902919e-04
3.206955930265648308e-04
2.087097832160866417e-04
1.510991159626351357e-04
1.480293194177727375e-04
2.603090795940785789e-04
1.937029824526487719e-04
-2.059380374327930230e-04
3.444217532705078468e-04
1.165591524057617507e-04
5.106953198648034152e-05
-4.279580670853354806e-04
2.675096269334355887e-04
-1.138347432019694164e-04
6.877482515544087213e-05
3.078455625139333326e-04
-1.308371688864213081e-04
6.319088572279863744e-06
9.012315100355817261e-05
1.776525890978301002e-04
3.029457067388857780e-04
4.998014827471555311e-04
8.183413592998742400e-04
1.338649976101062306e-03
2.198232983298630070e-03
3.626996414593818430e-03
6.043121192154114057e-03
1.020364419253522517e-02
1.763841226832056977e-02
3.166013161746197846e-02
6.075854842092164032e-02
1.056102431125794522e-01
8.157264899985211537e-02
4.968246839210575111e-02
2.375784770786458153e-02
7.177406425755161919e-03
-3.902866825597303040e-04
7.906122882032714681e-04
1.095157499314423737e-02
3.087611981417784368e-02
6.078295046641759430e-02
9.585079930525847169e-02
1.183157491081850976e-01
6.406108306984584222e-02
3.204669841612124703e-02
1.741251537115534598e-02
9.928782541560531374e-03
5.836584519181405896e-03
3.493028826992127574e-03
2.116771390319442930e-03
1.292020571293848877e-03
7.940042752513671188e-04
4.904276537534784210e-04
3.044121197288015787e-04
1.876208015856443468e-04
1.058760523196448466e-04
1.901548408590691570e-05
-1.839774729512596348e-04
-2.596935241167530042e-04
3.377792693341142758e-04
1.188591848615565281e-05
-7.986741302781157732e-05
1.079091807962742866e-04
3.360629066487069391e-04
1.575314281408401161e-04
-4.862184138720748077e-04
1.460502959008098760e-04
-1.504494504243293271e-04
-6.495114113739995036e-04
-6.909581429382185332e-05
7.812770563352470761e-05
1.756418319581673504e-04
3.026045394113674523e-04
4.997455786393555132e-04
8.183342857609502644e-04
1.338653314962579867e-03
2.198234582123175917e-03
3.626999505178649889e-03
6.043122805283443824e-03
1.020363860798844009e-02
1.763840097569091200e-02
3.166011971391622520e-02
6.075854476813332544e-02
1.056102466503050230e-01
8.157265880097788746e-02
4.968246612952686991e-02
2.375782771137744526e-02
7.177401349817378977e-03
-3.902737323454088256e-04
7.906213253330956732e-04
1.095156678002356249e-02
3.087609894946898720e-02
6.078293558501984828e-02
9.585080319600727816e-02
1.183157563038051974e-01
6.406108778813443538e-02
3.204669083237399879e-02
1.741250558061650799e-02
9.928784704164507480e-03
5.836590135978036130e-03
3.493025446480745033e-03
2.116766507841992377e-03
1.292014622780336816e-03
7.939910413291584876e-04
4.903999958468236017e-04
3.042891036663436435e-04
1.870821660269943263e-04
1.039235396834922595e-04
1.503522855898740759e-05
-1.589102003592627449e-04
4.289794477405885155e-05
-4.746524862629320960e-04
-3.644763667402132015e-04
-1.433915166365226895e-04
-3.051113709834535922e-04
-2.925826336430592447e-04
1.776097771878097273e-04
-5.527599104334573544e-04
-2.263182590677744119e-05
-4.249050219431051547e-04
-3.550408360966539226e-04
-3.731955197874309456e-05
8.169008001025624527e-05
1.760674417758134342e-04
3.026540357210727667e-04
4.997498253540724831e-04
8.183343409984448558e-04
1.338648040359276476e-03
2.198233892534892306e-03
3.627001148477742611e-03
6.043119543907561793e-03
1.020364438349676862e-02
1.763841391253111873e-02
3.166012197018770735e-02
6.075853636126048868e-02
1.056102385018389822e-01
8.157266344876294706e-02
4.968248472347206596e-02
2.375784485327008672e-02
7.177412404142113206e-03
-3.902768971937676319e-04
7.906057742594176443e-04
1.095157133848226327e-02
3.087611671746830558e-02
6.078293220737204794e-02
9.585079602057143544e-02
1.183157644941604525e-01
6.406109518425905092e-02
3.204669918623744007e-02
1.741250747618142830e-02
9.928782573517119792e-03
5.836585783742805067e-03
3.493024373199090510e-03
2.116771861245472005e-03
1.292022877640169399e-03
7.940082769820440900e-04
4.904600896525403457e-04
3.046129780171696953e-04
1.888834567720894047e-04
1.138041172182440325e-04
6.940790092397906342e-05
1.437993758223308127e-04
-2.235978115477572936e-04
6.074631224041935715e-08
-3.781077040678758631e-04
-3.355356161941043460e-04
-1.537755157680668569e-04
3.188008316763205280e-04
-1.987373068421127177e-04
2.525601105223650037e-04
2.291524587638017318e-04
-4.327230422846226185e-04
-2.915283883398165667e-04
-1.105465126085035419e-05
8.672139897558658948e-05
1.777796209881569263e-04
3.059703864800752916e-04
5.061459147150779332e-04
8.286474617608145452e-04
1.354064270765180551e-03
2.219083130149196274e-03
3.652532466321605029e-03
6.065246012160926611e-03
1.019441285682611172e-02
1.749634647318962233e-02
3.103416765313616113e-02
5.835514977828191313e-02
9.808940670353094582e-02
7.405812587202822983e-02
4.429982188637080626e-02
2.094962351706674414e-02
6.977134027153358842e-03
1.939575298500114406e-03
5.898254848718139515e-03
1.941790058130245938e-02
4.368383700358733496e-02
7.793063908817043917e-02
1.137395613831015811e-01
1.292061588887560841e-01
6.528701010467960475e-02
3.116890608502769638e-02
1.647541855888606452e-02
9.257018980344226475e-03
5.406594737978226081e-03
3.234345609998845288e-03
1.964684203932700116e-03
1.204590633004805648e-03
7.435976372548615395e-04
4.610884547146405213e-04
2.858273641957907122e-04
1.723714401554440683e-04
8.451536506481619935e-05
-3.228202474209380425e-05
-3.622196635096949910e-04
3.831643114901171396e-04
3.209785277678793959e-04
4.816953998885178901e-05
1.792570178976787766e-04
1.597412222941396666e-04
2.429833544515280796e-04
-1.709115014228794992e-04
-5.762188623048823156e-04
7.571240988620573991e-04
-5.265413303247691508e-05
2.673670085520967105e-04
4.052042217667875968e-05
8.985601362263096544e-05
1.775507913752085343e-04
3.058403364011098077e-04
5.061179595785502382e-04
8.286449796647818227e-04
1.354067906661049871e-03
2.219079989624375172e-03
3.652530107527059058e-03
6.065247271239701879e-03
1.019441131555801246e-02
1.749634218157210611e-02
3.103416318219106088e-02
5.835515026765993735e-02
9.808940572024230087e-02
7.405812409253170747e-02
4.429980832343703018e-02
2.094960073714282472e-02
6.977128948712791462e-03
1.939584846245823039e-03
5.898266909805369163e-03
1.941789884438461372e-02
4.368382430448908976e-02
7.793063094792281043e-02
1.137395529495237867e-01
1.292061221877084942e-01
6.528699642125679325e-02
3.116888904492666826e-02
1.647540653086852422e-02
9.257022194145557437e-03
5.406602822840426807e-03
3.234345997873508665e-03
1.964680570509413915e-03
1.204585692345044997e-03
7.435918305025130499e-04
4.610731823087820523e-04
2.857549276211879675e-04
1.721821969695951202e-04
8.506092278926279733e-05
-1.765915270679808166e-05
-1.977101464042288850e-04
2.649555460048170293e-04
-5.763482394202049125e-05
2.352077632131627463e-05
-5.294103190178826553e-05
-1.941364174577899068e-04
-2.610620098332115582e-04
1.480870248400001471e-05
2.040603247850338091e-05
3.337402112267081754e-04
-6.874302435576804221e-05
-5.051876847708267797e-04
-4.763622555832435379e-05
8.017083972926469305e-05
1.766104606423815030e-04
3.057648217370809228e-04
5.061122135576582876e-04
8.286448956649406688e-04
1.354062641328739524e-03
2.219081414015878356e-03
3.652534444014029352e-03
6.065244340033021722e-03
1.019441564378469056e-02
1.749634946811298372e-02
3.103415810311426978e-02
5.835514115293835569e-02
9.808941044833760503e-02
7.405814264308369088e-02
4.429983514761800384e-02
2.094961757428380825e-02
6.977137548268798860e-03
1.939583797158859904e-03
5.898249808542786049e-03
1.941789806923898548e-02
4.368383218682329178e-02
7.793062030826518327e-02
1.137395542045773755e-01
1.292061501574137405e-01
6.528701347755840045e-02
3.116890619011176630e-02
1.647541705517012109e-02
9.257025398193908725e-03
5.406597936766443027e-03
3.234340304925376226e-03
1.964682846011297623e-03
1.204592824548644846e-03
7.436027940495424813e-04
4.611164275022677653e-04
2.859787547426488499e-04
1.732021042109875900e-04
8.899198495141466114e-05
-8.064086214038206877e-06
-2.279244816225606078e-04
2.797945191209215269e-04
-2.472712297694509408e-04
-1.781392001162785657e-04
-7.065975186121052707e-05
2.955461960507521223e-04
4.365205440516677863e-04
-3.534898272407588208e-04
-1.258391615886019681e-04
3.183027060843244345e-04
-2.475053305317087430e-04
5.550352714326725091e-04
1.347585644969097871e-04
1.127951695400195763e-04
1.816258517122169315e-04
3.051354465876370404e-04
5.029436301505579810e-04
8.208217515143777536e-04
1.337059829601929938e-03
2.182997935412848631e-03
3.583995459901461941e-03
5.943287938265704069e-03
1.000831087622057643e-02
1.727170584500344747e-02
3.094447524168256886e-02
5.900254784642226802e-02
1.003202349749166417e-01
7.642076099034016134e-02
4.725644153468223918e-02
2.516938842002872101e-02
1.278562478388271112e-02
9.614773596665840069e-03
1.601111974159129953e-02
3.287325402773693533e-02
6.117824991659488038e-02
9.693435092652749607e-02
1.256499441648565862e-01
1.280038659446412763e-01
6.153074470582706179e-02
2.844380431684561533e-02
1.476642279718382370e-02
8.231751184328294640e-03
4.801702052222656461e-03
2.885688724381016510e-03
1.764967920926012630e-03
1.092174146696485047e-03
6.803800245748888509e-04
4.264404002483846096e-04
2.682379502644405950e-04
1.687033526779780225e-04
1.056064938423948932e-04
8.323498739458297629e-05
2.486240314567290640e-04
1.693438273545701841e-04
-4.823047705119794379e-04
2.453383210909634978e-04
2.213805592550748450e-05
-2.417178333204756562e-04
3.554900318431300477e-04
4.704020429319158078e-04
-2.550809500921802267e-05
4.321661611333916728e-04
-1.983630317041909876e-04
-1.326411298817311765e-04
2.956890276067720261e-05
9.575077948676285241e-05
1.788102595534241948e-04
3.046815251731738346e-04
5.028779590708706707e-04
8.208133211553114272e-04
1.337059160097486083e-03
2.182989240129697139e-03
3.583991095133110937e-03
5.943291716338755526e-03
1.000830953245331230e-02
1.727169674150644263e-02
3.094446487194187773e-02
5.900254844277756650e-02
1.003202562651400037e-01
7.642077005633308995e-02
4.725642935405905548e-02
2.516936943645604885e-02
1.278562501001712093e-02
9.614782565803302317e-03
1.601112923666711541e-02
3.287324261861888919e-02
6.117822419462495137e-02
9.693433803627171663e-02
1.256499272675170309e-01
1.280038007619170304e-01
6.153073662717815223e-02
2.844379594941116168e-02
1.476641775016017920e-02
8.231755934122180970e-03
4.801707164296908220e-03
2.885685386950281525e-03
1.764959636821830918e-03
1.092167105819915338e-03
6.803753865776868441e-04
4.264025981652050184e-04
2.679936048916206864e-04
1.672482177397352813e-04
9.672758032765594975e-05
2.777243745236604292e-05
-1.116376377484720354e-04
1.695101112629523782e-04
-2.591901354109226721e-04
1.909508431451920714e-04
-3.824921905578988974e-04
1.579404563889893402e-04
3.747357704605383142e-04
-1.134640493239208800e-04
-2.904209066210741144e-04
2.209005172021612961e-05
-3.073337146429242850e-04
5.334165885152600609e-04
1.280688941122432630e-04
1.114486436299054971e-04
1.814066504266487699e-04
3.051066324809456306e-04
5.029429889009487962e-04
8.208253593007635825e-04
1.337058077710483357e-03
2.182993661612207120e-03
3.583995843731866467e-03
5.943287734436334020e-03
1.000831651196881084e-02
1.727170888556573553e-02
3.094446361909270263e-02
5.900253850306904496e-02
1.003202460062380952e-01
7.642077969422320094e-02
4.725645178512832834e-02
2.516938155372146213e-02
1.278562813678739765e-02
9.614780154828299341e-03
1.601111357527367982e-02
3.287324822769850663e-02
6.117823959606433909e-02
9.693433445863057496e-02
1.256499331737033487e-01
1.280038159593340497e-01
6.153074896732124710e-02
2.844380670376567624e-02
1.476642216467490519e-02
8.231755763829940592e-03
4.801701106119282865e-03
2.885679782735355633e-03
1.764964352507033705e-03
1.092176762586971476e-03
6.803866193937806780e-04
4.264632126845799352e-04
2.683278692367814110e-04
1.689574990212523687e-04
1.052445941326621466e-04
6.898093576208033813e-05
8.610021595396807903e-05
3.093194517706302480e-04
2.644399707812396228e-04
-2.120240088683845168e-04
4.885633864082518764e-05
-4.407185395366314544e-04
-5.705574216840798721e-04
-3.154602564728790047e-04
-6.239433717061820686e-05
6.148428465950552283e-04
2.006780417983643357e-05
1.610958815658861424e-04
4.738110221675507887e-05
9.182805485881099128e-05
1.744526773326772397e-04
2.990518335216561492e-04
4.932085187565092912e-04
8.018862676667499025e-04
1.301154868433514449e-03
2.115190348345746645e-03
3.466837437262002171e-03
5.755890097279803622e-03
9.774094629836910589e-03
1.716091884877401358e-02
3.169658487579822548e-02
6.335504841754611982e-02
1.141134898772581951e-01
9.074848354319112187e-02
5.967678614930087277e-02
3.649541008063756503e-02
2.485140267786734025e-02
2.391388450611247468e-02
3.366740643085739532e-02
5.422202913927061385e-02
8.421042179583543286e-02
1.128152099874323161e-01
1.237652431018509969e-01
1.136566239663888284e-01
5.346025898625361011e-02
2.435507335685490118e-02
1.259019413276555970e-02
7.035582659252919910e-03
4.129288830065909292e-03
2.507851928602920430e-03
1.551482614965639687e-03
9.730516196762776897e-04
6.140065451692780507e-04
3.909269703119126228e-04
2.516115679256268286e-04
1.668231526053328014e-04
1.185150270984764164e-04
9.889071540774084350e-05
1.061598069118800170e-04
2.067647088453662620e-04
-3.149573593116115379e-04
6.329317900071363030e-05
3.475487488765887116e-04
1.997323731441602286e-04
1.576404239144087996e-04
3.578140857881819238e-04
-1.063071080776605470e-04
-1.424778786949414729e-05
-4.784799457661943344e-04
-7.113374656804936609e-04
-7.742492079904593483e-05
7.322311379016512966e-05
1.716462292113121377e-04
2.986436424040448561e-04
4.931577819409655719e-04
8.018793020790532028e-04
1.301151155200927370e-03
2.115176767195137576e-03
3.466829455742428002e-03
5.755892585290954891e-03
9.774093261991545836e-03
1.716091155786226077e-02
3.169657695384259233e-02
6.335505273265430726e-02
1.141135563411081189e-01
9.074850693154642989e-02
5.967677470372295678e-02
3.649539381681638633e-02
2.485139989237870883e-02
2.391388175620285522e-02
3.366740830945795515e-02
5.422201967527050248e-02
8.421040803657219020e-02
1.128152119464258252e-01
1.237652214435329828e-01
1.136565006103344988e-01
5.346024261102185621e-02
2.435506457682502096e-02
1.259019159110658613e-02
7.035587653600213279e-03
4.129290497359609097e-03
2.507846060259520237e-03
1.551473684962365518e-03
9.730478559328341543e-04
6.140084174346461827e-04
3.908917219798154321e-04
2.513833182459834282e-04
1.654712505894870831e-04
1.105176644115143171e-04
5.282189283496424700e-05
-1.538649481514475759e-04
2.235851249406862638e-04
1.408086554855528510e-04
3.334483879202921578e-04
8.575839527027343619e-05
3.977568940915109292e-04
8.997405430735466378e-05
2.334538806768147881e-05
-2.265733420543575901e-04
1.140467691179349068e-04
1.979327418434111380e-04
1.446531851777718919e-04
5.745470067124470721e-05
9.533263206661453024e-05
1.753047594273103311e-04
2.992352314859936398e-04
4.932479673775381438e-04
8.018978570361035268e-04
1.301154414421293402e-03
2.115185433603136798e-03
3.466838044986013910e-03
5.755891825252811358e-03
9.774101952684653705e-03
1.716092004588854608e-02
3.169656755107275181e-02
6.335502790499232539e-02
1.141134774758126719e-01
9.074849957439964920e-02
5.967679425469583215e-02
3.649540521939931281e-02
2.485140884055223043e-02
2.391389341745869118e-02
3.366740494414658530e-02
5.422202406329045682e-02
8.421041030772274949e-02
1.128151992626011402e-01
1.237652334300156504e-01
1.136565242999808267e-01
5.346025373020721339e-02
2.435507328459931425e-02
1.259019560108982222e-02
7.035589987595487239e-03
4.129289011321698316e-03
2.507843943139094652e-03
1.551480315254544304e-03
9.730569860664153988e-04
6.140191668477622136e-04
3.909756255567076741e-04
2.518684429607366483e-04
1.681811525227581983e-04
1.255681399402363749e-04
1.346045753228042633e-04
2.787876148491509891e-04
-1.962506197410022774e-04
-1.922331848484712608e-04
-1.609552159777048025e-04
-4.439835649636839706e-04
4.157913129656820063e-04
-1.682050738941142905e-04
2.158575866870107306e-04
3.049025090355417071e-04
-5.111910883809783496e-04
3.988583756298491470e-04
-5.222575369929147995e-04
-6.471067974779916776e-05
6.846424344957713478e-05
1.663003369694630244e-04
2.913801399709053551e-04
4.805526553756068412e-04
7.778272517645682099e-04
1.256833198503619093e-03
2.034182541944738482e-03
3.331190994947409115e-03
5.545942463098332137e-03
9.528676849901645401e-03
1.710539297684972662e-02
3.283772306344616421e-02
6.968597734624300266e-02
1.369160098091098676e-01
1.205712764457649994e-01
9.036058474157693254e-02
6.673562829240080319e-02
5.489728106214672443e-02
5.452775019649621496e-02
6.533626128468733585e-02
8.533042776372423699e-02
1.064244356052938129e-01
1.138291888202818541e-01
1.065051411860150066e-01
9.187643717871060711e-02
4.338332261130550122e-02
1.988909724923538722e-02
1.038710815839824497e-02
5.877257429852843738e-03
3.495120533980965345e-03
2.156167619721021528e-03
1.354153805419986648e-03
8.633559644904389074e-04
5.531155084815205262e-04
3.585628910395462785e-04
2.366268239749478230e-04
1.651257905336805519e-04
1.300750870178455699e-04
1.196910041150717847e-04
5.099590006887249705e-05
-1.859219172220133182e-04
-2.387241671235682667e-04
7.619891648916357716e-05
-2.454477304166732132e-05
5.191409045512644779e-04
-3.929338815100064152e-04
-2.002719788903470097e-05
2.322930512097554101e-04
-3.823810398617654154e-04
-5.784351966354297277e-05
3.827317862179801432e-05
8.485403547683917645e-06
7.859972226294858403e-05
1.677634397322969614e-04
2.916209457081733692e-04
4.806027764604294309e-04
7.778346739409203571e-04
1.256829652280323176e-03
2.034166761959693703e-03
3.331181558348097690e-03
5.545944853090744447e-03
9.528674283151763319e-03
1.710538124850312022e-02
3.283770573618838284e-02
6.968596399078155756e-02
1.369160582666878456e-01
1.205712947916206673e-01
9.036057087173969549e-02
6.673561545872828960e-02
5.489728634838170196e-02
5.452775212343952127e-02
6.533626637626450961e-02
8.533041961438372902e-02
1.064244244351491286e-01
1.138292012944298603e-01
1.065051330427916332e-01
9.187630924984679925e-02
4.338330936967955964e-02
1.988909174072424693e-02
1.038710955673445915e-02
5.877264444335300424e-03
3.495121891063171071e-03
2.156164302299036408e-03
1.354149801870731511e-03
8.633592879021847978e-04
5.531278791013691113e-04
3.585553646184743955e-04
2.365690787162270361e-04
1.647932712719461963e-04
1.281714864219308679e-04
1.104321268713056458e-04
1.537097818484390606e-05
-3.875448789198692595e-04
-4.566414960432398844e-04
4.460666106585762852e-04
-2.168920567869719580e-04
5.499555658246264942e-04
-2.808878705023858010e-05
1.424232368127093635e-04
-3.438948998888472744e-04
-4.846903479638198903e-04
5.130875041393212031e-06
7.761543810009459443e-05
2.942813108693248061e-05
8.428881336510063026e-05
1.690331190577193778e-04
2.918588741122536993e-04
4.806394280855403678e-04
7.778466552896898126e-04
1.256833026856815985e-03
2.034175222317501693e-03
3.331188712547126455e-03
5.545942525006061080e-03
9.528683707818043358e-03
1.710539331614398251e-02
3.283770318331097338e-02
6.968593424617865184e-02
1.369158130022757602e-01
1.205712646628877283e-01
9.036058202397817540e-02
6.673561769451880066e-02
5.489728428906925223e-02
5.452775682852530059e-02
6.533626145101502358e-02
8.533042384432096283e-02
1.064244271339719189e-01
1.138291922392420524e-01
1.065051596213525548e-01
9.187639939758826535e-02
4.338332474723968074e-02
1.988909741979967907e-02
1.038711073560027662e-02
5.877266438725035382e-03
3.495121582965455328e-03
2.156160814833330431e-03
1.354152230438420259e-03
8.633623228763321212e-04
5.531310538055455228e-04
3.586284756777252322e-04
2.370104728943757399e-04
1.674378509985395840e-04
1.444308524303467120e-04
2.122099138004923744e-04
6.731822340415459429e-04
-1.790489905269398053e-04
-1.330035175698823248e-04
-2.431313200120188917e-04
-1.248721960853112298e-04
4.344479367368509794e-04
2.329174346274364370e-04
-3.484823223570338632e-04
2.964118141440617426e-04
-4.187384220427209629e-04
-4.596680704232525066e-04
-3.445173838739054497e-04
-4.537779813625673431e-05
6.993200535124572618e-05
1.640994354968254663e-04
2.859955174844881916e-04
4.700581373298973772e-04
7.576270615821317301e-04
1.220168241309985222e-03
1.968154245241540354e-03
3.222495639936800733e-03
5.378914190349530673e-03
9.336379282109169911e-03
1.706657748225331658e-02
3.385043640894015715e-02
7.583056258551855444e-02
1.621422086041267585e-01
1.701708789595685611e-01
1.532119719493686971e-01
1.298530803337958339e-01
1.162302134951015559e-01
1.162999283427673947e-01
1.238265713973345089e-01
1.277554117195484340e-01
1.192783256827226746e-01
1.027450578396605224e-01
8.713589291265583237e-02
7.353693957472322296e-02
3.520309383986348906e-02
1.634934968090074464e-02
8.678805433635011085e-03
4.994396507454847145e-03
3.017622813975257608e-03
1.892848579662045070e-03
1.206581068350408856e-03
7.811312908227698503e-04
5.071660304255145137e-04
3.337157370792869274e-04
2.242307136340770024e-04
1.612372030663349889e-04
1.335352640349674481e-04
1.418002616842956292e-04
2.390081868679906716e-04
-1.363940451087361321e-04
-1.831405562992464192e-05
-2.045442049181145393e-04
-9.782349577642418840e-05
-2.038939601855866877e-04
-5.105070952479534010e-04
-3.255371894731692341e-04
4.787901338421445495e-04
-6.839502384236917148e-04
5.193371136860356610e-04
1.674504230801852564e-04
5.011724531264953559e-05
8.728103186722959220e-05
1.671601525151788635e-04
2.865461247826490477e-04
4.701612412616941353e-04
7.576382034924991496e-04
1.220161823346863333e-03
1.968136552755054072e-03
3.222484715303954809e-03
5.378917521954017754e-03
9.336381091595921319e-03
1.706657304693335805e-02
3.385042599911021466e-02
7.583053601539446742e-02
1.621420364902933509e-01
1.701708750087492228e-01
1.532119571178458539e-01
1.298530708710025350e-01
1.162302170306821897e-01
1.162999219354289987e-01
1.238265702466460061e-01
1.277554061235902649e-01
1.192783257484749948e-01
1.027450853658744001e-01
8.713590023237693938e-02
7.353677149063778118e-02
3.520307645841420918e-02
1.634934403226067159e-02
8.678807740187262365e-03
4.994401409119118666e-03
3.017619595683415819e-03
1.892843373671048704e-03
1.206575684501476429e-03
7.811333539128139216e-04
5.071823946844351014e-04
3.337360151498976711e-04
2.243472985135694798e-04
1.618908874021605536e-04
1.368844952197650834e-04
1.585357906087780293e-04
3.159630318368370915e-04
-6.006877562355707843e-06
2.115827433874533823e-04
-5.411913394881732531e-04
-1.562085092149323657e-04
2.155406414032367700e-04
2.736285574066315836e-04
-1.679262612737448179e-04
-5.603801593508508450e-04
-5.836861860272718559e-04
1.428014960341634414e-04
-9.908825309314920192e-06
2.509780151255757474e-05
8.424086812225337073e-05
1.668808680637172089e-04
2.865198947884541048e-04
4.701569562097951036e-04
7.576484088928818819e-04
1.220167476962559375e-03
1.968145528007966480e-03
3.222492164218054064e-03
5.378915358790908180e-03
9.336388951658371183e-03
1.706658052601608272e-02
3.385042265869163403e-02
7.583053190965176327e-02
1.621419973088375210e-01
1.701708716668402233e-01
1.532119680096738490e-01
1.298530685139067942e-01
1.162302142447772108e-01
1.162999323103646732e-01
1.238265745378353128e-01
1.277554114744812730e-01
1.192783228366056936e-01
1.027450640332564641e-01
8.713591051359682871e-02
7.353690177491355173e-02
3.520308924105997050e-02
1.634934498996926805e-02
8.678806422622064795e-03
4.994404086753802090e-03
3.017621866568843871e-03
1.892840972011691205e-03
1.206578373323640265e-03
7.811365109425349009e-04
5.071780149372397605e-04
3.337522937046176865e-04
2.243975225724160983e-04
1.619278074753758938e-04
1.354975780251904227e-04
1.377852326894069370e-04
9.734134779954422580e-05
1.926135239986259912e-04
-5.207437666166255929e-04
2.423910629703579630e-04
-2.297550601737243187e-04
9.645086874461133693e-05
-5.582816234898917585e-04
-1.532995671798054519e-04
-5.220925014744456699e-04
-1.261243276606280686e-04
-2.506965600013628948e-04
-3.303605236195348042e-04
-2.609404299085345583e-05
7.680937018125186559e-05
1.653744032726459957e-04
2.839003163568554959e-04
4.643162494013454867e-04
7.458952969328874576e-04
1.198561246028389832e-03
1.929006188828333648e-03
3.157268914094978930e-03
5.275043636841209201e-03
9.201085120659166158e-03
1.695418495449654492e-02
3.411456607340194319e-02
7.825025697079970866e-02
1.758311993908746040e-01
2.202487021026434122e-01
2.647041395520392526e-01
2.817146754430591149e-01
2.702185679894984482e-01
2.478823604846419615e-01
2.077261274022232651e-01
1.584031949109422077e-01
1.184953742129077614e-01
9.181829454181165973e-02
7.540740052379814318e-02
6.395276381007325428e-02
3.074429315498571416e-02
1.443449488821837642e-02
7.760047479687516223e-03
4.521851107970965844e-03
2.763169973692415540e-03
1.752899510106596323e-03
1.128269624865954439e-03
7.374342179003337636e-04
4.824942195780491353e-04
3.198349562653477916e-04
2.162566997012974014e-04
1.562527118074244254e-04
1.256181615613757168e-04
9.350163364847101247e-05
-1.227274869029921199e-04
1.505820069324553855e-04
-5.183015527532230590e-04
-2.995477066725149356e-04
-5.352061507030243852e-05
4.278364935229427967e-04
-3.249738171410889993e-04
-2.155210596892868642e-04
-3.414479915096007537e-04
-1.346390844335511368e-05
2.858775048866648931e-04
3.561147146026364904e-04
7.768261883996063191e-05
9.378545152902645961e-05
1.682627074308758923e-04
2.844238347681115253e-04
4.644164944652764970e-04
7.459040868130948319e-04
1.198554394874192051e-03
1.928990312132137846e-03
3.157258572693982107e-03
5.275047168869050410e-03
9.201086200030425197e-03
1.695417982119041059e-02
3.411455879751363468e-02
7.825024701017117834e-02
1.758310852848872230e-01
2.202487022243499459e-01
2.647041269349680315e-01
2.817146757005127289e-01
2.702185838631154247e-01
2.478823577439347170e-01
2.077261243890813069e-01
1.584031847854215080e-01
1.184953699131730126e-01
9.181831124402727029e-02
7.540739808296435809e-02
6.395265311124188889e-02
3.074426542613852009e-02
1.443448307824537861e-02
7.760048213600051134e-03
4.521853742664783127e-03
2.763165480285760534e-03
1.752898173869691777e-03
1.128268590983878567e-03
7.374389673354287550e-04
4.825167059640583702e-04
3.198760557577286462e-04
2.164982597638588602e-04
1.577228262925293588e-04
1.341445545641148937e-04
1.433463776549770126e-04
1.723917223054783785e-04
2.629639593914076903e-04
-3.180175987518558500e-04
2.655366068126481711e-04
-4.939639395638099331e-04
-6.213413372859980400e-04
1.544686696467109383e-04
-5.547660056299893614e-04
-1.626188063418981529e-04
-1.879817931831263454e-04
-3.231961530283442691e-05
9.963089582930500317e-05
5.209447404301625271e-05
9.148425770627150431e-05
1.681154649078757998e-04
2.844083249922407927e-04
4.644123352129464152e-04
7.459167615593336126e-04
1.198561328881045124e-03
1.928997559969767390e-03
3.157263771130731315e-03
5.275044199966424929e-03
9.201095303506965500e-03
1.695418974319286981e-02
3.411456023060142895e-02
7.825024755038123558e-02
1.758310333295304839e-01
2.202487028699271765e-01
2.647041390070831723e-01
2.817146702226413502e-01
2.702185819918684895e-01
2.478823748158835716e-01
2.077261366426688127e-01
1.584031912321212932e-01
1.184953627028076661e-01
9.181827823450564030e-02
7.540739904255419623e-02
6.395288055677034178e-02
3.074428759335956496e-02
1.443448559232147869e-02
7.760049480090779397e-03
4.521860274272902942e-03
2.763170654959155176e-03
1.752894513056839484e-03
1.128268078873561741e-03
7.374399203722246119e-04
4.825060101438326103e-04
3.198629811378404819e-04
2.163867943177404053e-04
1.569105514237878300e-04
1.289894104598669224e-04
1.116932419121412413e-04
-1.527314750688827974e-05
2.117683777186386027e-05
8.666432798461929071e-05
-4.093797881449588272e-04
-3.529200553123526822e-04
-4.466108771362871138e-04
3.609173151528461353e-04
-2.379929211849667070e-04
3.262216586135577539e-04
1.043368280757178847e-04
6.395306939291811772e-04
-1.047305854604634702e-04
2.287543325649032695e-06
8.389340771095054954e-05
1.683772054984153128e-04
2.851875709207757760e-04
4.647443901709136520e-04
7.459079455909000409e-04
1.198407045858523867e-03
1.928807304548574124e-03
3.157138614643628400e-03
5.274993559660187507e-03
9.201056515054453072e-03
1.695360636520498732e-02
3.411141315299137666e-02
7.823546019104338223e-02
1.757965496991169829e-01
2.202050210041334166e-01
2.646561055365789228e-01
2.817169739255389049e-01
2.702282645701697961e-01
2.478259768004276165e-01
2.076944795597726878e-01
1.585174267769834111e-01
1.187156312282477560e-01
9.207414839888991565e-02
7.565307177273265793e-02
6.417217279883025149e-02
3.084546754984234321e-02
1.448062567933314226e-02
7.782808090012472736e-03
4.533861822972513195e-03
2.769563338651204361e-03
1.756326509227370235e-03
1.129839456336489967e-03
7.378385199527974980e-04
4.818825306869569899e-04
3.181946854393665576e-04
2.134893742403746401e-04
1.538534054522967018e-04
1.352025608186006628e-04
1.816891940191668771e-04
3.963605202997907257e-04
4.520472093665107451e-04
2.556607906261055478e-04
2.048231732540754205e-04
-1.723164830985844328e-04
-2.305245902712641762e-05
3.471902117540741155e-04
1.322566974375588252e-04
7.443384386324110877e-05
1.917658471920289775e-04
-4.301741942285603913e-04
-4.827458444530193112e-04
-2.911820509893563917e-05
8.276088183516330896e-05
1.687672463767742666e-04
2.853546175718189664e-04
4.647891918674401331e-04
7.459043213856226835e-04
1.198397022758590502e-03
1.928791801836042237e-03
3.157127083160282070e-03
5.274994466791418750e-03
9.201054788714265950e-03
1.695360221423121774e-02
3.411141667157448210e-02
7.823550745881870105e-02
1.757968768135437787e-01
2.202050456711974746e-01
2.646560777249599150e-01
2.817169563483647998e-01
2.702282524758523596e-01
2.478259621233698529e-01
2.076944785713570607e-01
1.585174228588127343e-01
1.187156294346491947e-01
9.207415535576482513e-02
7.565305716723796925e-02
6.417211401370437329e-02
3.084542516507279147e-02
1.448060628273023336e-02
7.782808943150780132e-03
4.533865129710685539e-03
2.769559460666618129e-03
1.756328069146757039e-03
1.129838922496754746e-03
7.378405748070990776e-04
4.819036932518844978e-04
3.182273708695066827e-04
2.136863777249415621e-04
1.550978751396442736e-04
1.423094670774166428e-04
2.213266318893627083e-04
6.097218920015191152e-04
2.509624770679517395e-04
3.118585543900821082e-05
-4.684633421257992252e-04
-1.740339693991750333e-04
2.172012941220418357e-04
-3.873445801837804370e-04
-4.191985627830220281e-04
-4.874322632788157726e-05
1.327381509739219241e-04
3.921467075105208823e-04
2.879032529613629004e-04
6.543656959801292280e-05
9.490233047866852671e-05
1.703572705853007160e-04
2.855486194815776862e-04
4.648124651662660146e-04
7.459228466839259780e-04
1.198405404577676308e-03
1.928797970459064128e-03
3.157132337902795148e-03
5.274995249518674156e-03
9.201068817837216099e-03
1.695361438815986763e-02
3.411141297439664044e-02
7.823545056220258809e-02
1.757962979646033874e-01
2.202050014351180363e-01
2.646560971037715815e-01
2.817169709149985324e-01
2.702282643584115185e-01
2.478259827691910999e-01
2.076944913399879078e-01
1.585174291074838426e-01
1.187156247683855970e-01
9.207413574417480651e-02
7.565305423668122753e-02
6.417218116055102561e-02
3.084544249865493401e-02
1.448061241083061466e-02
7.782811200156423276e-03
4.533871579943084089e-03
2.769564150905400989e-03
1.756322059746754901e-03
1.129836229746287914e-03
7.378421892181821935e-04
4.818934630931989357e-04
3.182181588453764087e-04
2.136008036894210184e-04
1.544617781645441380e-04
1.388151614730211299e-04
2.062667425928989089e-04
5.859511056458974404e-04
5.477601130790458968e-05
-9.661308125983255365e-05
5.046949853883919765e-06
5.309542150684619941e-04
3.554787765141081144e-04
1.734168525576651660e-04
-2.275744201335389613e-04
-1.947364099335169687e-04
2.197101913422940282e-04
-1.893264626596268061e-04
-1.588635256162019302e-04
2.534922715765846102e-05
9.766830399375489276e-05
1.750642151832748476e-04
2.903536047243206707e-04
4.718735822353191888e-04
7.586301873346345051e-04
1.221152020401134646e-03
1.969615925643929209e-03
3.224767111623208851e-03
5.382282591619188920e-03
9.340786315480116217e-03
1.707135020166698769e-02
3.385270348095645310e-02
7.582188151256716302e-02
1.621044586259377251e-01
1.701716873818364395e-01
1.533119159275590226e-01
1.300718589009474679e-01
1.165210821636328276e-01
1.166381552704537500e-01
1.241978652967773433e-01
1.282319113834259894e-01
1.199473819200923691e-01
1.035505807288975011e-01
8.795197371836996347e-02
7.428746228460332557e-02
3.555101416796067892e-02
1.649805893392820855e-02
8.752419098156910549e-03
5.034518102344580706e-03
3.040380323460160211e-03
1.906033595138559647e-03
1.213693010705734973e-03
7.841794652326528319e-04
5.067397366456286934e-04
3.295424323230863439e-04
2.146139310928221462e-04
1.426216764384088964e-04
9.929694678892504419e-05
7.766387761833995766e-05
8.270433089295213037e-05
4.212337866857577932e-04
1.555980266477782054e-04
-1.028544350124654499e-04
3.714718509249149297e-05
-2.775510839776180040e-04
2.256887816225766239e-04
-1.305470885748183602e-04
-2.666137089181998222e-04
-5.207702812315409741e-05
-3.133639743736532559e-04
1.857544710186953714e-04
6.845401963509875544e-05
1.034855949561595232e-04
1.759170659727993702e-04
2.905034851873502101e-04
4.719000934963275742e-04
7.586208372983007861e-04
1.221143273579122735e-03
1.969605972297075458e-03
3.224760796709057360e-03
5.382286157778070138e-03
9.340786615758683853e-03
1.707134870715024816e-02
3.385270974802203486e-02
7.582192327216881467e-02
1.621047596007074154e-01
1.701716999766827720e-01
1.533118883825622669e-01
1.300718534103263158e-01
1.165210783968480268e-01
1.166381415776494707e-01
1.241978621407100747e-01
1.282319051698520840e-01
1.199473789378817518e-01
1.035505837819719194e-01
8.795196388306958379e-02
7.428747039469746349e-02
3.555098381350099007e-02
1.649804386832975922e-02
8.752422684874831479e-03
5.034518768446358608e-03
3.040369839633210846e-03
1.906030979938718459e-03
1.213689823665768620e-03
7.841803625872998014e-04
5.067589509774033264e-04
3.295422900376290018e-04
2.146251231513475173e-04
1.428878611089891705e-04
1.013919946952623473e-04
9.363109792261750935e-05
2.036094954099111956e-04
1.884913447433170317e-04
3.022289351710725049e-04
5.591825340445050842e-05
-2.404346261775682208e-04
1.657839188200477102e-04
2.163139924439474310e-04
4.859060527763782444e-04
-3.385799088444588776e-04
-2.167685678378859569e-06
-3.974453083781821891e-05
-3.563315880010975065e-04
1.057788262583885987e-05
9.747282402487145408e-05
1.753301134119776344e-04
2.904387505075370986e-04
4.718958576171504264e-04
7.586370670779465442e-04
1.221149670317259964e-03
1.969606689405145866e-03
3.224759663492161605e-03
5.382283898247789376e-03
9.340797167888527375e-03
1.707135787877522154e-02
3.385270806130995236e-02
7.582189030128635987e-02
1.621044303958500687e-01
1.701716606632907580e-01
1.533118886716374474e-01
1.300718486754418868e-01
1.165210789782040041e-01
1.166381588586757750e-01
1.241978783613413018e-01
1.282319168937076093e-01
1.199473802997575445e-01
1.035505842958772543e-01
8.795197323145566293e-02
7.428741168562964792e-02
3.555099009843698532e-02
1.649804838325646256e-02
8.752423309178376104e-03
5.034525941464531099e-03
3.040379651031238206e-03
1.906030584161048274e-03
1.213690803022638960e-03
7.841846684226617828e-04
5.067532135837744508e-04
3.295631139714304400e-04
2.146765322758373274e-04
1.426500495348419922e-04
9.685172100872886138e-05
4.377132845600983869e-05
-2.654127390988157589e-04
5.127262727998950021e-04
3.756487863253753830e-04
-1.660557422772689150e-04
-1.205661726435072620e-04
5.381827243907697043e-04
-4.398776760326683524e-05
6.196735430479900948e-04
5.282048504641736943e-04
-4.889434900141755415e-04
-5.271032231798986186e-04
3.903806526245520692e-04
1.420090524192259849e-04
1.229237065599596984e-04
1.821085352557941402e-04
2.962262631812468349e-04
4.821019638339953334e-04
7.785714990545786239e-04
1.257837872901638272e-03
2.036184962870817711e-03
3.334952344702176493e-03
5.552339441345017709e-03
9.538635880704341222e-03
1.711960943201261062e-02
3.285543423076406344e-02
6.969986665298232020e-02
1.369321665731816351e-01
1.207002330157693482e-01
9.061665898244977702e-02
6.711225184803171206e-02
5.537180789481385701e-02
5.511893092756768586e-02
6.605318704689222553e-02
8.619920577665607375e-02
1.074212444394364308e-01
1.149680979939493169e-01
1.076932893940565072e-01
9.298670717323520574e-02
4.390386749229285845e-02
2.011915467443810973e-02
1.050110218684106173e-02
5.938402080475601620e-03
3.528701994127318199e-03
2.174812531292744534e-03
1.363491106765396099e-03
8.667275054628413664e-04
5.514701388784010519e-04
3.514881586179489145e-04
2.210248023447578837e-04
1.333103819011818305e-04
6.403775033686269437e-05
-1.824349496153317648e-05
-2.025664380621238728e-04
1.346461451418932531e-04
1.828145468344018448e-04
3.621718934482304371e-04
-7.390145305706825180e-04
9.414345530697884254e-05
-1.687370603753345815e-04
2.412277742367380077e-04
6.948714432315673427e-04
-4.066041163039627428e-04
1.719875752168997655e-04
4.289475605555250642e-04
1.417888815703436398e-04
1.220861120460431891e-04
1.818784408919863133e-04
2.961857841818686080e-04
4.820917165472789526e-04
7.785560183125030077e-04
1.257829973230691805e-03
2.036177200925718897e-03
3.334944274668051600e-03
5.552336098299210515e-03
9.538630226237836823e-03
1.711960591582091171e-02
3.285544300431528925e-02
6.969988924944331421e-02
1.369322310776058815e-01
1.207002192910423405e-01
9.061662974574875851e-02
6.711224906017272673e-02
5.537180812823391113e-02
5.511892481239283326e-02
6.605318973867473076e-02
8.619920412244955199e-02
1.074212467751460148e-01
1.149681075717681605e-01
1.076932942035864760e-01
9.298672743777433580e-02
4.390384641299444057e-02
2.011914276688846898e-02
1.050110953257913683e-02
5.938406884731923380e-03
3.528695534276619569e-03
2.174814691227603975e-03
1.363489955965641346e-03
8.667287213247291001e-04
5.514839037870679361e-04
3.514387639135466016e-04
2.207543220138262832e-04
1.318980091132974952e-04
5.590431118836704537e-05
-6.557146384777626886e-05
-4.776928841465838470e-04
-1.189958920322715572e-04
5.631774595035031375e-05
-2.503950790249862522e-04
3.958098272212086377e-04
-3.808022406817908670e-04
-3.147705998531637466e-04
3.770723066416633391e-04
7.890870127485715151e-05
-8.720568801771929712e-05
4.797382135447602778e-04
6.477370393754244794e-04
1.672769493317234775e-04
1.251673183537763134e-04
1.822507134566739057e-04
2.962224224134108472e-04
4.821001184573382942e-04
7.785727869729662303e-04
1.257835925062724021e-03
2.036177588818231712e-03
3.334945846122904563e-03
5.552342252753504799e-03
9.538644783711910241e-03
1.711961301131709190e-02
3.285543560928146090e-02
6.969985378191743963e-02
1.369319790445106266e-01
1.207001748769563759e-01
9.061662370458027638e-02
6.711224623425500468e-02
5.537181174718582705e-02
5.511894054462969372e-02
6.605320337720352319e-02
8.619921072530112305e-02
1.074212410668044237e-01
1.149681034937708596e-01
1.076932930055480159e-01
9.298665003702001608e-02
4.390385709124219188e-02
2.011915203106183839e-02
1.050111243518132495e-02
5.938412137059234305e-03
3.528702637431281684e-03
2.174811158788561745e-03
1.363487208667513639e-03
8.667305635757380699e-04
5.514868717088698127e-04
3.515424263148399730e-04
2.213534317271387730e-04
1.353394982006195116e-04
7.667894072186585671e-05
6.293633945587875228e-05
3.420747902976229078e-04
-1.205700960181937004e-04
5.299395313929524504e-05
1.861964546240866311e-04
-1.414910166534683901e-04
1.168032526069386892e-04
-2.225943541984165856e-04
2.078072877898372469e-04
5.438025627726685495e-04
4.079172441923495460e-04
1.046529598749515634e-04
1.963122355598886795e-04
6.063322812725293508e-05
9.638509121004554486e-05
1.756097516079898951e-04
2.991647005675276928e-04
4.934105250695952323e-04
8.029165250564672526e-04
1.303706396435053150e-03
2.120297560280494896e-03
3.475923134480586076e-03
5.771214700224159243e-03
9.798837505669821465e-03
1.720060760380165421e-02
3.176154934887021747e-02
6.347340886995458953e-02
1.143450893939695623e-01
9.110109346035624722e-02
6.013282415806898290e-02
3.705852452324416568e-02
2.551829529164261964e-02
2.472348776558629460e-02
3.464160616434659029e-02
5.539972124105899814e-02
8.553756151681032871e-02
1.142252776399107494e-01
1.252215203852260206e-01
1.150806595677095895e-01
5.415038655647237686e-02
2.465979648691507195e-02
1.274193881995897351e-02
7.117203238750670173e-03
4.174194690071371568e-03
2.532686462262884793e-03
1.563947059727943071e-03
9.776834735342721482e-04
6.124386106213111983e-04
3.832008670725177792e-04
2.350553423148118504e-04
1.342492209597093188e-04
5.145639651786160527e-05
-5.030394562784873299e-05
-2.381036309379120849e-04
-1.917199950551004084e-04
1.873798750452355130e-04
2.433300563790608332e-04
-1.305253160245400039e-05
3.951618931592885465e-04
4.510961626099575008e-05
3.879522157371922725e-04
1.347884602770770023e-04
-7.724630166889155289e-05
1.082761643158525010e-04
-4.288414815305794173e-04
-2.182910491709051551e-05
8.512419162165683569e-05
1.740389196131169420e-04
2.989393438728532256e-04
4.933702567121675021e-04
8.028967355497803639e-04
1.303700598803822584e-03
2.120295308114539864e-03
3.475917799551379340e-03
5.771210193451736109e-03
9.798832568808856294e-03
1.720060281051993128e-02
3.176155097419743750e-02
6.347341529397457216e-02
1.143451469253133485e-01
9.110109220207539271e-02
6.013281396472688195e-02
3.705853478153019187e-02
2.551830185109197138e-02
2.472348186986432494e-02
3.464160283108305705e-02
5.539971352166840612e-02
8.553756160971005829e-02
1.142252856434028824e-01
1.252214984775375795e-01
1.150805410909790799e-01
5.415036132998303497e-02
2.465979099076060985e-02
1.274194982083859742e-02
7.117204800228281447e-03
4.174181173396181860e-03
2.532683136471871547e-03
1.563944680547929263e-03
9.776888205460230498e-04
6.124553243813243494e-04
3.831414700018122461e-04
2.347155111517797892e-04
1.323431016519508439e-04
3.976222906782671506e-05
-1.248458748920866490e-04
-7.326782090653281539e-04
7.535253332820606744e-05
2.418540924806370591e-04
1.353179889251987891e-04
-3.237617883911834927e-04
-2.144799149797923762e-04
-2.294989133733716638e-04
8.026118330969289573e-04
4.748743950939175100e-04
-1.352482546379707331e-04
8.380767703039658132e-05
-2.014080143971265643e-04
2.673330569180039946e-06
8.751702313552513473e-05
1.742165947204413104e-04
2.989394195436305413e-04
4.933740515886334129e-04
8.029105501666852079e-04
1.303703693874270564e-03
2.120290765962347303e-03
3.475915051298387841e-03
5.771215480617628707e-03
9.798841300723023715e-03
1.720060706731218331e-02
3.176155474691419456e-02
6.347341498949599092e-02
1.143450647739815834e-01
9.110106435706920303e-02
6.013279810702262806e-02
3.705852064842021787e-02
2.551829980511639145e-02
2.472349819282547781e-02
3.464162472452058522e-02
5.539972727411955622e-02
8.553755547865291020e-02
1.142252761769629033e-01
1.252215058454285435e-01
1.150805885701168957e-01
5.415038397720182278e-02
2.465979855915289773e-02
1.274195102069609203e-02
7.117210105273866563e-03
4.174192664994369646e-03
2.532686302117854310e-03
1.563944747583551542e-03
9.776885791203135476e-04
6.124567608742835468e-04
3.832522057764560378e-04
2.353637947868225265e-04
1.361130285347611317e-04
6.242197438105548640e-05
1.264736349413544920e-05
1.107278475176222296e-04
3.342541147249510715e-05
1.936389342297980599e-04
-1.370284400672885212e-04
3.166634487374203372e-04
-3.925203707653063582e-04
3.023428834105499393e-04
-2.631151038135191053e-04
-1.189683055443999491e-06
1.429687038579232434e-04
2.177555088958949654e-04
-1.391722905734307293e-04
-2.782851738612386142e-05
6.794346986576991858e-05
1.668414755074012329e-04
2.994344652435766349e-04
5.010105738748220957e-04
8.215048868044913044e-04
1.340659635940668953e-03
2.190925688221247170e-03
3.598730646549085609e-03
5.969222184513279378e-03
1.005253665250320332e-02
1.734748288485830903e-02
3.107759268534731473e-02
5.925370004195349566e-02
1.007839472460358710e-01
7.697322573029587167e-02
4.786995243601804145e-02
2.586490602367937097e-02
1.357438277314488781e-02
1.053910550303366681e-02
1.709163547878828765e-02
3.415356954129097899e-02
6.261356137709435388e-02
9.844700135484318881e-02
1.271274516187692882e-01
1.294445447073263589e-01
6.226556785585057874e-02
2.878023366673431935e-02
1.493416792946269424e-02
8.320197783144899287e-03
4.848434004108519504e-03
2.909974403991202972e-03
1.775794930843566967e-03
1.094887087799320015e-03
6.770877610275405096e-04
4.179195420335368098e-04
2.536360632199712050e-04
1.460355308826232423e-04
6.943998801362840072e-05
3.633505742580846804e-06
-1.103838703341514856e-04
-2.828188868844297757e-04
2.143630604357866316e-04
1.145555631469419647e-04
3.435190066199172629e-04
-1.001423451569647679e-04
-5.235826640713849201e-05
5.298673556972678238e-05
-2.651561302321407253e-04
-2.881295682969674059e-04
1.152058375040409231e-04
4.723500425262131713e-05
-1.063783144296295020e-06
7.191545903675522684e-05
1.674208677910558039e-04
2.995113114647474659e-04
5.010117397679277875e-04
8.214917296505749172e-04
1.340656634872242200e-03
2.190927313189888152e-03
3.598724360107634877e-03
5.969212131475603623e-03
1.005252891357374771e-02
1.734747816937451045e-02
3.107759737287931617e-02
5.925370511507355165e-02
1.007839417222254896e-01
7.697321497601011808e-02
4.786993661876995376e-02
2.586490938071190140e-02
1.357438371683277953e-02
1.053909792728443748e-02
1.709162985425326936e-02
3.415356085681023335e-02
6.261356120268314618e-02
9.844700732395218756e-02
1.271274277854937129e-01
1.294444501521864743e-01
6.226554990395865435e-02
2.878023181817574577e-02
1.493417972752189744e-02
8.320199428923385002e-03
4.848422761218133467e-03
2.909973106970941813e-03
1.775793426132525653e-03
1.094892788029725762e-03
6.771061061935741351e-04
4.178997449847534165e-04
2.535626333693637743e-04
1.458693707227849039e-04
6.994926042985447068e-05
1.885358879131886290e-05
8.039471459361594572e-05
2.130012248093741625e-05
5.212816269076090076e-04
-2.398525490794389055e-04
-6.930510351856335161e-05
-2.258573053630280013e-06
-2.724363335937967701e-04
-1.477783460606790756e-04
2.959059662557681132e-04
-5.482160301524325501e-04
-2.019378116498061907e-04
-4.893679718266529975e-04
-7.516475844571064182e-05
6.105723256228929967e-05
1.657783718855859625e-04
2.992593331737133521e-04
5.009794861503444026e-04
8.214969583374326411e-04
1.340656788113284235e-03
2.190920095222255708e-03
3.598722348088456875e-03
5.969224762690155360e-03
1.005254189534425871e-02
1.734748351027292149e-02
3.107760137738761405e-02
5.925370717657205133e-02
1.007839377804273379e-01
7.697320592911170711e-02
4.786993021628347528e-02
2.586490265207725195e-02
1.357438452671286093e-02
1.053911134510748457e-02
1.709165037348353566e-02
3.415357439392661953e-02
6.261355539593171926e-02
9.844699814934469717e-02
1.271274387977584797e-01
1.294445069849136098e-01
6.226556314932435443e-02
2.878023414987095074e-02
1.493418182411502225e-02
8.320205984919835582e-03
4.848434606599789920e-03
2.909977442557292685e-03
1.775792444834310658e-03
1.094889574929136999e-03
6.770980821004730140e-04
4.179328318571419085e-04
2.537075246056370772e-04
1.464346343747194496e-04
7.168565709804897591e-05
1.735031995113682439e-05
-1.516963247499869277e-05
1.152550431723689528e-04
-1.669455262470191550e-04
2.455525900686240178e-04
-4.719299923213298847e-05
-8.763255495205648040e-05
2.190460844835551035e-05
-3.819258029807758113e-04
-1.963170688488773347e-04
4.920682275475852857e-04
1.058991283083330715e-04
-5.965930438411125693e-04
-9.120850549486121813e-05
5.447443182371909675e-05
1.622848282688837702e-04
2.985012144999692261e-04
5.035211752997314832e-04
8.300318738557583252e-04
1.360024463127518799e-03
2.231831144145561465e-03
3.676033588722315681e-03
6.106944445513692345e-03
1.026691644025243960e-02
1.762438398788522889e-02
3.126767428805162646e-02
5.881660669361690741e-02
9.892701765182169982e-02
7.494223605511120267e-02
4.518415302064915373e-02
2.186725969033916431e-02
7.957341301821373170e-03
3.038698866594356004e-03
7.136592756364790006e-03
2.083311495054540607e-02
4.523113027084911530e-02
7.955325490663116283e-02
1.152938302936615117e-01
1.306598733292423098e-01
6.604429350900571649e-02
3.151054585145647569e-02
1.664228148295523319e-02
9.342162525114284730e-03
5.449256011471606195e-03
3.254533613076164913e-03
1.971837929970054245e-03
1.204135795551528791e-03
7.378065043312660156e-04
4.510493808216868724e-04
2.721670454874096541e-04
1.587362703915940767e-04
8.925134103758692705e-05
7.738015383069786230e-05
2.900299009623586713e-04
4.610418709152624126e-04
-2.679229881254879277e-04
4.172235861840814042e-04
-8.683266728313794992e-05
-4.214636608442612711e-04
-2.784748097846535212e-04
-1.743576069043303509e-04
-2.114293797992772988e-04
1.142331654077001528e-04
-1.688705733643797386e-04
5.850977291865449252e-05
-1.177568543789796057e-06
6.744862650666616196e-05
1.641863506021402322e-04
2.987752103678404281e-04
5.035531015044464580e-04
8.300269055364134160e-04
1.360027135527812261e-03
2.231840277222221433e-03
3.676030343091751026e-03
6.106932927003413947e-03
1.026690804343876641e-02
1.762437789695706081e-02
3.126767343509195829e-02
5.881660481916279465e-02
9.892700440172527698e-02
7.494222513128116769e-02
4.518414733170213887e-02
2.186727057330485613e-02
7.957345511589355297e-03
3.038692418304134342e-03
7.136586023522367532e-03
2.083310714070132907e-02
4.523113209152492681e-02
7.955326014143603020e-02
1.152938137206670627e-01
1.306598252492367773e-01
6.604428226667215240e-02
3.151055007074485270e-02
1.664229564911604356e-02
9.342158990431375515e-03
5.449235485099325482e-03
3.254524956750786194e-03
1.971837743457613337e-03
1.204147276511522693e-03
7.378290415626201663e-04
4.510639217142041750e-04
2.722343671787745773e-04
1.589963674141433875e-04
8.958429248553245869e-05
7.057206909989220483e-05
1.806586292558173107e-04
-9.272075745977067035e-06
-8.798550910428960120e-05
2.237404439756881321e-04
9.236606054538050686e-05
6.360677117312798492e-04
1.384508717866230387e-04
-4.911411919974018698e-04
-5.635357513208001613e-04
4.283256592098257402e-04
2.668596472617999716e-04
-4.376916699615890621e-05
-2.623644062237957350e-05
6.201166815359024853e-05
1.630895701978833179e-04
2.985694993613437730e-04
5.035216830346173024e-04
8.300283236885911374e-04
1.360026664591238018e-03
2.231832241674398375e-03
3.676027702074706645e-03
6.106945225776565754e-03
1.026691447216220368e-02
1.762437682003096390e-02
3.126767976862930565e-02
5.881661250396827412e-02
9.892700922012209741e-02
7.494222125290238290e-02
4.518414008440768681e-02
2.186726284060473355e-02
7.957344664218633096e-03
3.038702129206329126e-03
7.136604153416713746e-03
2.083311861055837585e-02
4.523112582497103296e-02
7.955325352244987935e-02
1.152938194359083290e-01
1.306598440950100526e-01
6.604428528402507548e-02
3.151054485128903376e-02
1.664229437717495638e-02
9.342167956660924269e-03
5.449255509000005410e-03
3.254537608191172826e-03
1.971835496617234656e-03
1.204137102448997508e-03
7.378105785556767675e-04
4.510277677123914917e-04
2.719980298156160340e-04
1.575082702622506185e-04
8.049106120134363386e-05
1.604121838233314972e-05
-1.339358893908030950e-04
1.771860377018495030e-04
2.072365340875068247e-04
6.741752004625413712e-04
-3.409293367592933178e-04
-2.631222425365553662e-04
-7.315655924736393697e-04
-1.569686959596171987e-04
-4.813216571796465797e-04
-6.437059858860965603e-04
1.911653341352285496e-04
1.408603640847298430e-04
1.387652793270819423e-05
7.024148918512892179e-05
1.625014971930555064e-04
2.945394838105454662e-04
4.968261500551535408e-04
8.204238870748582595e-04
1.346791463931357267e-03
2.215587849879522859e-03
3.659230595600639849e-03
6.101170310067672437e-03
1.030661653082937460e-02
1.782442604198000019e-02
3.200598241913427122e-02
6.144594881274555859e-02
1.068291280536223242e-01
8.278711881738551326e-02
5.081390896992400014e-02
2.484553317966173291e-02
8.266033379328917990e-03
7.712552262547285901e-04
2.048831516484622955e-03
1.234336077858534317e-02
3.234299309948339418e-02
6.228436310350262545e-02
9.725290390011195885e-02
1.195726174142830306e-01
6.470759663822617247e-02
3.232997843581315867e-02
1.754113670640624137e-02
9.986965207426663077e-03
5.859777473760095431e-03
3.498959491091442955e-03
2.113526839828000232e-03
1.283833033815119607e-03
7.823026352081434822e-04
4.752736535144726411e-04
2.848740310831203004e-04
1.631028106655744753e-04
7.954651137684214427e-05
1.161719600061085668e-05
-5.985261571506616737e-05
-2.176755672786045928e-06
7.412042353489179530e-04
-3.804906385417210695e-05
-4.875661047738405777e-04
-3.785449412188932701e-04
6.876399156129066814e-05
-3.021611590410534483e-04
-3.314331269506552388e-04
2.396450330374810356e-04
5.211745175011113073e-04
-1.770207682813632337e-04
-1.513525074591133726e-05
6.823822872067885031e-05
1.625202159728234290e-04
2.945773198597387613e-04
4.968312114101665952e-04
8.204208820307035566e-04
1.346795206353603716e-03
2.215593664072134598e-03
3.659217751508207859e-03
6.101149926024042325e-03
1.030660794030210936e-02
1.782442690671973834e-02
3.200598975899258958e-02
6.144595697888970837e-02
1.068291324984842472e-01
8.278711577016806267e-02
5.081390860865624831e-02
2.484554310731855106e-02
8.266034083052719444e-03
7.712462571528395580e-04
2.048820945029730060e-03
1.234335151872746096e-02
3.234299587325914493e-02
6.228437163611894034e-02
9.725289953385664321e-02
1.195726028485197268e-01
6.470758778781986187e-02
3.232997708720433683e-02
1.754114248822536901e-02
9.986958108143291837e-03
5.859762359486850140e-03
3.498961494415079275e-03
2.113538352245264082e-03
1.283849228612115234e-03
7.823233088470498472e-04
4.753217578366811160e-04
2.851369880582596290e-04
1.645538911274217536e-04
8.760378630431085516e-05
5.627211224128939574e-05
1.813175969503331715e-04
3.855093620767688746e-04
4.204331207584457823e-04
-2.237462750217725628e-04
-6.520924367144227121e-04
3.244454972173280486e-04
-3.526549069275983304e-04
-8.715660577434183875e-05
-3.440500847799922044e-04
-1.095713475375915990e-05
-6.777252520257768250e-06
-1.316730117195635092e-04
-1.863865439114946679e-05
6.592097316132557736e-05
1.618511520946612936e-04
2.944280790025550478e-04
4.968036705624202408e-04
8.204156521869273048e-04
1.346791995255443341e-03
2.215586862464423955e-03
3.659220368999929057e-03
6.101169722917220047e-03
1.030661723873433494e-02
1.782442459447038802e-02
3.200599307614317851e-02
6.144595730883873480e-02
1.068291268776691005e-01
8.278710815059199535e-02
5.081389823756594232e-02
2.484553581449125068e-02
8.266034292752849968e-03
7.712556134769115107e-04
2.048840037479855714e-03
1.234336423884485091e-02
3.234299166914212514e-02
6.228436824628040547e-02
9.725290412536430340e-02
1.195726095358973368e-01
6.470758866541566345e-02
3.232997421612261724e-02
1.754114536533111363e-02
9.986966608057543451e-03
5.859776267076505576e-03
3.498965236335345973e-03
2.113526216037562959e-03
1.283835719375690191e-03
7.823092186456125953e-04
4.752706289916997840e-04
2.848257874839438828e-04
1.627073506162436114e-04
7.643146306818175489e-05
-1.238365571705412530e-05
-2.448863730768647976e-04
3.558631074078024781e-04
1.330567638868014374e-04
1.812921533944218916e-04
-4.554172644002050792e-04
-6.947314376924643847e-04
6.737664753270214630e-04
3.351760932985404064e-04
-1.410326070714218330e-04
-2.776378177121536432e-04
-1.600895840500663446e-04
-9.148686588245805802e-05
2.445829612021401770e-06
7.186930428682154184e-05
1.595290305301364398e-04
2.854799073792810824e-04
4.796261168099164268e-04
7.905729533617155465e-04
1.296466520591075481e-03
2.132056485429593019e-03
3.525106995370687422e-03
5.897815108773000851e-03
1.004188199842229179e-02
1.762451990536623506e-02
3.245663366863734550e-02
6.491442565889156413e-02
1.198821934345102314e-01
9.742002858545768806e-02
6.224663352422956514e-02
3.222777701197276912e-02
1.225148931149697140e-02
2.114882078342510650e-03
1.005484806921099232e-03
8.674317043271510472e-03
2.529952913781048987e-02
5.121033483308847639e-02
8.297105019984410412e-02
1.068158683635181266e-01
6.134803095746248908e-02
3.189455115967543969e-02
1.773078118620442442e-02
1.023494046577543004e-02
6.046883274985118302e-03
3.618921409562084104e-03
2.185799300171938943e-03
1.325359116067094650e-03
8.057382897219083186e-04
4.880936152652548586e-04
2.914548316596883462e-04
1.641794503934191490e-04
6.691400947709992152e-05
-6.891871861292532997e-05
-5.636664129268492826e-04
2.230677868465010926e-04
-2.108231531688169148e-04
-2.122247106035312649e-04
2.896118951754425097e-04
7.170468125121023234e-05
1.041263945006049929e-04
1.222279136615837618e-04
-3.786553791409169437e-04
-3.151362374223252755e-05
4.569108658833613643e-04
7.862980710208482727e-05
1.773957512983460977e-05
7.334018558004194699e-05
1.597152097199794178e-04
2.855018603418296957e-04
4.796252538609481215e-04
7.905741949610554887e-04
1.296474705480114798e-03
2.132069343282463978e-03
3.525102324656019959e-03
5.897799711028557657e-03
1.004187371551279115e-02
1.762451747310680300e-02
3.245663653987786168e-02
6.491443119652452742e-02
1.198822002976404344e-01
9.742002335639100841e-02
6.224663398624705885e-02
3.222778700677725316e-02
1.225149035516818682e-02
2.114873059865446988e-03
1.005471949088959085e-03
8.674308430341764325e-03
2.529953603734490936e-02
5.121034866129184349e-02
8.297105559805512121e-02
1.068158707532156360e-01
6.134802969135225853e-02
3.189455523084938626e-02
1.773078789010613596e-02
1.023493179597119787e-02
6.046865912167423418e-03
3.618920118252442423e-03
2.185809209364489216e-03
1.325371194155504926e-03
8.057500548602752194e-04
4.881415567370163389e-04
2.917252795641620249e-04
1.658617591058222311e-04
7.821757585916399691e-05
1.117682950619048116e-05
2.967722871421629493e-05
4.106902220885435867e-04
-2.636425052970110686e-04
-2.248394253725890472e-04
1.298491668352507161e-04
7.425721578907043575e-06
-5.700097382248461587e-05
3.990138367600405797e-04
1.968379693110919218e-04
-1.666572775741395499e-04
-1.324956707214652093e-04
-2.283795751187724468e-04
-2.613731119289046750e-05
6.637757660948038260e-05
1.585198009388616523e-04
2.852962459085603203e-04
4.795895921537795615e-04
7.905610165771446681e-04
1.296467617923596988e-03
2.132059300007442450e-03
3.525101473955195071e-03
5.897817502627748960e-03
1.004188169254526496e-02
1.762451622702267823e-02
3.245664306118039438e-02
6.491443419315563734e-02
1.198821955863104971e-01
9.742002072962294146e-02
6.224662726789239459e-02
3.222778049005593781e-02
1.225148759532983765e-02
2.114878809241444411e-03
1.005490884600982252e-03
8.674321315718545519e-03
2.529953180958649517e-02
5.121034491140214612e-02
8.297105480999228400e-02
1.068158668473424139e-01
6.134802264862484339e-02
3.189454634690000456e-02
1.773078815863111252e-02
1.023494101043280133e-02
6.046885329469410195e-03
3.618931611230802661e-03
2.185801251560891712e-03
1.325361323786522711e-03
8.057471521254031986e-04
4.881269916912592439e-04
2.916723230505559056e-04
1.656848461961182839e-04
7.749316126045308214e-05
7.220541703361037549e-06
-2.097889923792913722e-06
-1.758935021382264439e-04
7.771630751805904444e-05
-5.178830980585419873e-04
1.207223206073734003e-04
3.621531991705515658e-04
-6.076618607733240326e-05
-3.643189095928771781e-04
2.463991713358166386e-04
3.647552083709124570e-04
1.243116685192448138e-04
1.281698103906156688e-04
2.958122426770345138e-05
7.511248265392447214e-05
1.543544598671146503e-04
2.713852728776166255e-04
4.524947867252960285e-04
7.418110026999291369e-04
1.211251471693473988e-03
1.984093287275587141e-03
3.274260843011933021e-03
5.483047616191326704e-03
9.399548389807532364e-03
1.674639463034921158e-02
3.170180741770713129e-02
6.642088421011860255e-02
1.313079358619715920e-01
1.158434122819630013e-01
7.984795159593018055e-02
4.534678936956405837e-02
2.087648731310779576e-02
7.259014981878602127e-03
3.275266353887833302e-03
8.331177506605960681e-03
2.224588959230089022e-02
4.546279427490520358e-02
7.494982636700905920e-02
9.867963208148418375e-02
5.857623338612712172e-02
3.106605114037742574e-02
1.746569570119120909e-02
1.014644526290054555e-02
6.016672681093305705e-03
3.608861074091271846e-03
2.182533510877517329e-03
1.324303248934229332e-03
8.052746406522414638e-04
4.880344204691441316e-04
2.923357882797781074e-04
1.683200855365488331e-04
8.574525591744234826e-05
3.768208236721289973e-05
1.643778352442087053e-04
4.648894517437507107e-04
-5.843843703356593766e-05
6.037162093813811751e-04
5.419719073110538490e-05
3.150972779368290105e-04
7.415125828255157117e-05
-8.076983199405458219e-05
-1.093574232558332173e-04
3.858096564914268996e-04
-4.444022231939119658e-04
-1.356419064409014618e-04
1.101659400072552501e-07
7.209724281746638101e-05
1.541346335496904913e-04
2.713787099190192033e-04
4.524962500926820092e-04
7.418183532151849564e-04
1.211257511211522205e-03
1.984097634128836017e-03
3.274247163301231573e-03
5.483026881665101389e-03
9.399542517674039366e-03
1.674640022108142903e-02
3.170181764545219882e-02
6.642089406576823229e-02
1.313079443326728712e-01
1.158434071097150242e-01
7.984795727881684180e-02
4.534680215067200121e-02
2.087648851624213792e-02
7.259005797673126134e-03
3.275254046008738498e-03
8.331173937726303602e-03
2.224590169003063528e-02
4.546280782433851503e-02
7.494983164468954628e-02
9.867963660644231416e-02
5.857622409693007126e-02
3.106605073015441046e-02
1.746570017834299729e-02
1.014644111597175560e-02
6.016666099825320260e-03
3.608868119056028809e-03
2.182546715585315881e-03
1.324310756097390410e-03
8.052701699120596484e-04
4.880237021598931354e-04
2.922131692242216469e-04
1.672641756570723869e-04
7.714504889913354282e-05
-3.313628632592865401e-05
-4.245807276435708622e-04
-2.096478613231042708e-05
1.016674543130210962e-04
-5.989945504286236242e-04
4.363258328333041594e-04
-1.005269641177780100e-04
-1.955175549107849301e-05
-3.104166368768653634e-04
-2.409929290251474059e-04
3.134490649071012733e-04
5.161264441146231133e-04
-1.172446444310975601e-04
-6.912106942676749941e-06
6.938207939876931871e-05
1.534284395584300685e-04
2.712311190046931227e-04
4.524654677680217847e-04
7.418011355491655823e-04
1.211253509460348933e-03
1.984096212175595099e-03
3.274255076806835852e-03
5.483048012054480592e-03
9.399545523369568639e-03
1.674639023231223878e-02
3.170181646408200271e-02
6.642089154499077053e-02
1.313079344317283348e-01
1.158434076288110959e-01
7.984795253563420347e-02
4.534679530165781208e-02
2.087648234986952747e-02
7.259006541084586997e-03
3.275269282899267737e-03
8.331182154793599290e-03
2.224589581796146409e-02
4.546280790155324963e-02
7.494982832520738492e-02
9.867961838084622628e-02
5.857621958482778918e-02
3.106604681917756253e-02
1.746570596120698704e-02
1.014644853210518172e-02
6.016675690814421266e-03
3.608869409205351254e-03
2.182533713345026233e-03
1.324302741972115550e-03
8.052795503584753720e-04
4.880538000173069695e-04
2.924359762702039619e-04
1.688191397135873088e-04
8.767903913890172645e-05
3.944925507297051160e-05
8.681129634946830025e-05
1.504350058805361047e-05
-1.918654797391105182e-04
1.340637203196399477e-04
-6.751231114619790988e-04
2.005026886476830666e-04
-2.295806094536985073e-04
-4.255529102449820845e-04
4.396862772516119458e-06
3.833025810848326195e-04
-1.557647166755577882e-04
-1.915058714922221006e-04
-1.003260039599290826e-05
6.976493386243733618e-05
1.462778605402299988e-04
2.528253089684388117e-04
4.171477674551276422e-04
6.779245718729211929e-04
1.098574224178872679e-03
1.785443441833707264e-03
2.929482399149203452e-03
4.888042100787108254e-03
8.396370298469839344e-03
1.508620814388173317e-02
2.908830344878040111e-02
6.294956557597121416e-02
1.307524106930573471e-01
1.284638668689323249e-01
9.956823600209693814e-02
6.344503801145226496e-02
3.474561688744283450e-02
1.760640939710512651e-02
1.104080416621175745e-02
1.410585409739057577e-02
2.628761009363395074e-02
4.803975594415753336e-02
7.667304050178469499e-02
1.000831141438712629e-01
5.871520495674557166e-02
3.069375788815121089e-02
1.707095898703418768e-02
9.851060024873847798e-03
5.822167013305876854e-03
3.490490041270479394e-03
2.112239029480935185e-03
1.283661921395176262e-03
7.816174783435001936e-04
4.747627881229827206e-04
2.859606243877147423e-04
1.687391768424421098e-04
9.564802481549193602e-05
4.676370444753162473e-05
-5.636100205290078211e-05
-3.000878819849686087e-04
2.394332042511623120e-04
-4.897116718915177792e-04
-4.837464668338223176e-04
4.811233795903528242e-04
3.507796063220393530e-04
2.679259081223142928e-04
-2.704617637316595095e-04
6.813142314465669926e-05
-3.327225906109153482e-04
-4.970122176636929856e-06
2.353864322839503746e-05
7.602554814020723306e-05
1.474521926462033080e-04
2.530312186181226525e-04
4.171826236854702307e-04
6.779389303552458591e-04
1.098578979403373517e-03
1.785448311650660817e-03
2.929476862009839679e-03
4.888029915571726405e-03
8.396367980855183599e-03
1.508621245375916728e-02
2.908831118278224284e-02
6.294957969347150795e-02
1.307524501368659275e-01
1.284638773484142737e-01
9.956824885783908952e-02
6.344505152953247573e-02
3.474561486221561940e-02
1.760639645258245053e-02
1.104078851466510323e-02
1.410585025622927008e-02
2.628762095265653465e-02
4.803976819592502279e-02
7.667305373379779132e-02
1.000831332515158129e-01
5.871520286575090952e-02
3.069375980606965995e-02
1.707095648808645838e-02
9.851049386371392089e-03
5.822160489276671964e-03
3.490496817153551472e-03
2.112251865849245052e-03
1.283667766988478426e-03
7.816056298255858858e-04
4.747322072160458707e-04
2.857963279711189038e-04
1.680380226119416358e-04
9.382995435824607509e-05
5.274284314884907632e-05
1.018966521457165671e-04
-2.316476073893304545e-04
7.854642074213750765e-07
-3.755579744228988649e-04
1.113176087754440144e-04
6.091663841006366743e-04
3.758941344238313220e-04
2.081751900976011040e-04
1.635909500865407966e-04
-1.535478871973205723e-04
-4.497740169379145655e-04
-1.323753273795612913e-04
-1.994690116166695899e-07
7.137023781913045314e-05
1.465362211469500441e-04
2.528670414527495343e-04
4.171515402617430486e-04
6.779206119447664944e-04
1.098576775021585300e-03
1.785446297322188999e-03
2.929478074632849930e-03
4.888041494524045932e-03
8.396364900072563267e-03
1.508620386766014280e-02
2.908831472689497530e-02
6.294957762536429469e-02
1.307524208346254324e-01
1.284638668181126153e-01
9.956824163921433601e-02
6.344504593624891720e-02
3.474560925692916219e-02
1.760639526896294604e-02
1.104080238781348852e-02
1.410585810101901497e-02
2.628762124978842318e-02
4.803977776340863370e-02
7.667304762701661336e-02
1.000830916617162364e-01
5.871518746106938608e-02
3.069374967721564401e-02
1.707096044918977179e-02
9.851054381886669570e-03
5.822166747910823698e-03
3.490500206118418887e-03
2.112244930406802484e-03
1.283664268898318441e-03
7.816193487708680875e-04
4.747633747196144493e-04
2.859638535039217533e-04
1.688382350336967272e-04
9.687447179991092849e-05
5.902580351412617122e-05
5.631719292375484185e-05
9.081780735293287484e-05
3.261586749188950536e-05
-1.428474392361370822e-04
-2.638431469451688028e-04
-3.014287061710590890e-04
1.260422606881036014e-04
2.289063342553126850e-04
-2.045535193129153747e-04
3.802569527219389783e-04
-2.954253044720865791e-04
-2.792139860479102048e-04
4.454905933227488204e-06
7.541127375576932843e-05
1.391957833431248476e-04
2.328217095005373136e-04
3.791406063568141297e-04
6.095219976982406678e-04
9.778718731799887660e-04
1.571419677491278687e-03
2.553156894383396772e-03
4.221722682969765612e-03
7.215697872100828268e-03
1.294730330269598662e-02
2.509202380389348105e-02
5.514169709492460630e-02
1.170356178222593524e-01
1.272902516277436280e-01
1.161566859632306575e-01
8.709871451899929562e-02
5.648833360579132851e-02
3.538100073039476129e-02
2.520533743886844980e-02
2.580639158832535862e-02
3.699465860114036636e-02
5.955467717859404264e-02
8.979770209247882329e-02
1.125229461846129209e-01
6.233197254629996298e-02
3.106390882679591764e-02
1.673523516482343723e-02
9.472342631014419451e-03
5.538288653741973468e-03
3.306528844334892352e-03
1.998321980506370058e-03
1.215740322708944512e-03
7.410580784802194530e-04
4.510196129672576666e-04
2.725465182276503836e-04
1.635281101232462936e-04
1.035042519981319194e-04
1.021978859706598980e-04
2.409268063534782687e-04
-2.649326289935282730e-04
-3.402894564325353974e-04
-6.075714050007375916e-04
5.173296741024493908e-04
2.385475103881919742e-04
-4.859992500239683597e-04
-1.249496280804235934e-04
5.883546777779251726e-04
2.690450953826508166e-04
-2.198768855796779558e-04
3.005652212649025383e-04
8.941764761671366164e-05
8.863754563791059846e-05
1.413228284550878833e-04
2.331582822430441416e-04
3.791949839516871247e-04
6.095431529775980793e-04
9.778788193907791363e-04
1.571424282105554713e-03
2.553153155299452831e-03
4.221713256073458646e-03
7.215699112855534711e-03
1.294731002052508691e-02
2.509202799141369011e-02
5.514170412383786329e-02
1.170356791048007689e-01
1.272902669951476995e-01
1.161567025922390362e-01
8.709872814613490999e-02
5.648832931935984791e-02
3.538098511167980798e-02
2.520532181200211413e-02
2.580639492909744120e-02
3.699467799711574773e-02
5.955469171821464736e-02
8.979771362765123777e-02
1.125229511677129091e-01
6.233195922491700791e-02
3.106390925052983712e-02
1.673523615029311531e-02
9.472339704545107777e-03
5.538291060593821501e-03
3.306536607371972272e-03
1.998332423023282435e-03
1.215742210985179105e-03
7.410340882232291848e-04
4.509426517656455434e-04
2.721312300333987425e-04
1.613913302704177448e-04
9.344225062436820040e-05
5.975789112992509081e-05
1.031919881405432077e-04
2.134766622649065639e-05
6.766681770153717686e-05
1.318252762558657233e-04
-4.409223031506914032e-04
1.229228482161922166e-04
-2.995757625861728154e-04
3.034630130940979813e-04
-8.539183482959509781e-05
4.044610829486444291e-04
-7.558307539582502488e-05
7.576814590077810962e-05
5.293171603087957257e-05
8.265447973870783697e-05
1.403496932575894988e-04
2.330149096198407964e-04
3.791702368419704234e-04
6.095223788002905423e-04
9.778744567439504910e-04
1.571423407513132791e-03
2.553156388755921553e-03
4.221724191771427347e-03
7.215693145138604714e-03
1.294730004843222711e-02
2.509203462189721345e-02
5.514171652430058940e-02
1.170357199117959685e-01
1.272902723351168885e-01
1.161566942485929288e-01
8.709872372330310086e-02
5.648832475071982606e-02
3.538098375265200102e-02
2.520533281458301605e-02
2.580639387531199341e-02
3.699466817940662289e-02
5.955469511649588016e-02
8.979770263180841816e-02
1.125229001511100085e-01
6.233195382464350870e-02
3.106390543217222092e-02
1.673524030219452480e-02
9.472341504162918452e-03
5.538291617693116148e-03
3.306538529616091359e-03
1.998327083587284492e-03
1.215738680811771387e-03
7.410497227322035375e-04
4.509837659358034039e-04
2.723451661753085486e-04
1.624414611125454843e-04
9.793836599273120810e-05
7.509559741088341588e-05
1.163752631412546455e-04
-1.512948331143921220e-04
1.672795498972184133e-04
-7.004556680620132626e-04
-3.860923234715731380e-04
-3.576906595977352081e-05
2.215258165533056343e-04
-2.420011310344635964e-04
3.193909314601257356e-04
1.248447114425462183e-04
-9.116084303665490424e-05
3.917650667624271573e-04
9.963436355969829887e-05
8.436340041653122266e-05
1.292307735148974599e-04
2.109984659038392188e-04
3.406648996846927020e-04
5.422544126948367895e-04
8.610074584700002504e-04
1.366196866250261269e-03
2.193390326643855116e-03
3.581028508156838212e-03
6.055833338831508039e-03
1.075653358677937030e-02
2.067531835770607812e-02
4.522769903316503637e-02
9.571138337933417228e-02
1.106744482056846030e-01
1.180067092006730350e-01
1.102292435771593249e-01
8.839788510605185723e-02
6.751604013312029196e-02
5.586975826085389257e-02
5.549603428173846553e-02
6.647849303867056636e-02
8.901256207245583640e-02
1.179533176606824552e-01
1.336051551994218156e-01
6.771532289234963309e-02
3.170491179023600392e-02
1.637710936695532110e-02
9.027381607901660554e-03
5.192171471724283532e-03
3.075413673857098525e-03
1.850771473268599194e-03
1.125150287400877511e-03
6.854478322339892411e-04
4.172460145935702990e-04
2.513779531767660886e-04
1.489463851186645859e-04
9.150159938694796963e-05
1.097697670175610906e-04
4.911139640547453750e-04
1.927653326572399315e-04
-1.892736556347247628e-04
2.558401607648531613e-04
2.810299134193578602e-04
1.841440614746722671e-04
5.190736995737579271e-05
-8.399490693712768343e-04
-2.420138958629094517e-04
1.770627631978762819e-04
4.402422977735885330e-04
3.191784195143971105e-04
1.014277654184476886e-04
8.635376029564944080e-05
1.297748260979635082e-04
2.111024715135632055e-04
3.406840250937509767e-04
5.422701204661760669e-04
8.610125182901806054e-04
1.366202312315371002e-03
2.193393223591732014e-03
3.581026166411284666e-03
6.055836821911984857e-03
1.075653833212759578e-02
2.067531694294955785e-02
4.522769596954620552e-02
9.571143140583987519e-02
1.106744575662414604e-01
1.180067265916298902e-01
1.102292593864540315e-01
8.839788674670691349e-02
6.751603089723642870e-02
5.586974453927814194e-02
5.549603576037723945e-02
6.647850175065243838e-02
8.901256108773696052e-02
1.179533084797711184e-01
1.336050867337103543e-01
6.771530232823208539e-02
3.170491364568096132e-02
1.637710603925681893e-02
9.027374380503598583e-03
5.192173906845022266e-03
3.075418361302433186e-03
1.850779282612385196e-03
1.125149147312571197e-03
6.854136744078595869e-04
4.171257790585762917e-04
2.506578173381261579e-04
1.445671778271353006e-04
6.497910652523684904e-05
-5.494395995218853245e-05
-5.654982673882231071e-04
2.580756168495461312e-04
2.049846598840582182e-04
-1.831139232733026935e-04
-1.932656754789297351e-04
4.281122783296673886e-04
2.060892711788080449e-04
-5.352823565965063269e-04
1.617822011605728086e-04
3.472118617248727665e-04
4.511678493806556793e-05
1.557529304481344694e-04
8.609514043844937090e-05
8.529716916762879165e-05
1.298030348556106705e-04
2.111501301899117850e-04
3.406950695461958049e-04
5.422574860241684844e-04
8.610112422196242003e-04
1.366202061876373554e-03
2.193391764959447612e-03
3.581027818961818581e-03
6.055824970940508131e-03
1.075652895619642543e-02
2.067532783733690843e-02
4.522772151697013882e-02
9.571152756309721232e-02
1.106744627735044700e-01
1.180067106558101153e-01
1.102292487602414689e-01
8.839787577946871255e-02
6.751602498289814569e-02
5.586975632127090530e-02
5.549603911813764945e-02
6.647850283932989213e-02
8.901257523852186548e-02
1.179533008163298757e-01
1.336050008842613324e-01
6.771529918480262422e-02
3.170490946365939894e-02
1.637710893398258705e-02
9.027375781703782243e-03
5.192173018687577107e-03
3.075422524058911249e-03
1.850777465639501631e-03
1.125146769493470724e-03
6.854317521511334946e-04
4.171793996165637963e-04
2.509821641047537289e-04
1.466119363496257882e-04
7.799239593013630029e-05
3.187235840149479107e-05
4.035583820644936097e-05
-8.666417137102182028e-05
-5.894685774389782129e-05
-3.856402607013195011e-04
6.154320909354038050e-04
-3.527755590077931219e-04
-4.919367128301028883e-04
3.362118778407116311e-04
3.671074477791496228e-04
2.833381165077500656e-04
2.499357117930287183e-04
-3.449438124232709173e-04
-3.100845029976957761e-05
4.938512025631782522e-05
1.101135730695379441e-04
1.894765431412312093e-04
3.079235335284577274e-04
4.876867552074817076e-04
7.684781665255317100e-04
1.206321676828103328e-03
1.915704504699721313e-03
3.088012011854252611e-03
5.157881565322801169e-03
9.039284383585362986e-03
1.714876597637170208e-02
3.714964524996291345e-02
7.764845864586727986e-02
9.164534542995922406e-02
1.074471939676253512e-01
1.238512483937140446e-01
1.316158333372736966e-01
1.264497490102257649e-01
1.174501304380762279e-01
1.158622539761388764e-01
1.278862797648519234e-01
1.496744779204236264e-01
1.652464535034174342e-01
1.566014830899726817e-01
7.256631338346958282e-02
3.200997438174117693e-02
1.590346470681650720e-02
8.547752864570200629e-03
4.830493774606349489e-03
2.832155636386871848e-03
1.692416458364227189e-03
1.025386639109773877e-03
6.227634544411606195e-04
3.782458256719988519e-04
2.263401591576487079e-04
1.301417552860300480e-04
6.498392541320592922e-05
2.140054504762698475e-05
5.062124231374847517e-05
4.323082529689954370e-05
5.588357386044545466e-04
-5.957854383585948138e-06
1.859053801728297842e-04
-3.891322688722810889e-04
-4.124108015169704062e-04
3.070618206278763278e-04
-1.235260432461332872e-04
4.273066397851486516e-04
-2.267213321661037180e-04
-3.003686071791617342e-04
-3.210723601448047036e-05
4.815127006577487191e-05
1.097850291543024735e-04
1.893962881706501441e-04
3.079085378259518719e-04
4.876958564220381710e-04
7.684791004224661047e-04
1.206322655686573953e-03
1.915705532503298369e-03
3.088008980215668775e-03
5.157884205697843907e-03
9.039291494467711213e-03
1.714877038890339281e-02
3.714965499062483634e-02
7.764854367005320779e-02
9.164534981290556326e-02
1.074472087106064511e-01
1.238512571202713963e-01
1.316158289351762600e-01
1.264497350197205661e-01
1.174501147607780460e-01
1.158622598113868141e-01
1.278862931193167907e-01
1.496744729868936530e-01
1.652464359068539779e-01
1.566014022824596397e-01
7.256629951947198010e-02
3.200997866448673096e-02
1.590346282799884672e-02
8.547751982238895388e-03
4.830505254484122706e-03
2.832164346709253617e-03
1.692426152446544450e-03
1.025384597096348337e-03
6.227312020846188529e-04
3.781698143455735359e-04
2.259141095284695111e-04
1.277340474108046731e-04
5.230581406508923192e-05
-4.270604225747901765e-05
-2.499952265760706574e-04
-3.540478910298088352e-05
-2.740558233104076875e-05
-3.582137174241071219e-04
1.949234418664229850e-04
-2.030162711826125890e-04
4.748167467282301147e-04
-4.018394208898982641e-04
4.987868611571381981e-04
-3.363170272814443415e-04
-7.153529188356507309e-05
2.965408672604700124e-04
5.545969386519384979e-05
6.165877909905966546e-05
1.119126176577621711e-04
1.897488252282216944e-04
3.079626763921001565e-04
4.876889383100472923e-04
7.684790505200283454e-04
1.206325654399367005e-03
1.915707215569653491e-03
3.088011203786945099e-03
5.157874175419017646e-03
9.039282978512369268e-03
1.714877691933444290e-02
3.714966355929952974e-02
7.764849693403971798e-02
9.164534389714375229e-02
1.074471985805716817e-01
1.238512501413855521e-01
1.316158210528309003e-01
1.264497311195055540e-01
1.174501284419287445e-01
1.158622631022579452e-01
1.278862946509529142e-01
1.496744891184723925e-01
1.652464577241831156e-01
1.566015430793819829e-01
7.256632454376231445e-02
3.200997799381068848e-02
1.590346049121530228e-02
8.547746230944550105e-03
4.830497800173102693e-03
2.832166085620680361e-03
1.692424901574108220e-03
1.025383782201959174e-03
6.227474620843135135e-04
3.781875034790978122e-04
2.259886037256995516e-04
1.280565531067121053e-04
5.285574881372007058e-05
-4.985479764708848995e-05
-3.803275811185774318e-04
2.525373396180289557e-04
-4.916511021936142067e-04
4.516739737255610486e-04
4.321118037858974839e-04
1.264567085577649754e-04
8.633197953146099922e-06
2.154572910909236438e-04
2.306807492550827889e-04
-6.131441265383831074e-04
-1.250615738748509737e-06
-1.055895920982989470e-04
-2.607966499154677512e-05
3.406077628943590679e-05
9.471586435679152144e-05
1.713062886329144469e-04
2.820331333738179051e-04
4.472789580675267979e-04
7.038379210594415160e-04
1.100590277371442686e-03
1.740755442319197408e-03
2.790313953638943849e-03
4.633011371465281525e-03
8.059377580684543366e-03
1.516281813906631207e-02
3.260309185151263195e-02
6.801295351083837259e-02
7.995925085201717464e-02
9.683219034995058094e-02
1.238998256079174021e-01
1.635820036029669577e-01
2.111967770103298225e-01
2.485047047048261626e-01
2.681610169280895795e-01
2.783065276675513178e-01
2.600191221094747540e-01
2.124274134896188548e-01
1.662357912702815965e-01
7.274760873424698793e-02
3.109646847286351087e-02
1.508207709120559618e-02
7.953969146285988501e-03
4.422544710949246997e-03
2.562324665664451016e-03
1.516169999718422349e-03
9.125777107781074060e-04
5.509670431405243275e-04
3.332643910553454943e-04
1.985224223629639877e-04
1.141159004188672618e-04
5.693572997566359123e-05
2.941979070683255473e-07
-1.876183828221801434e-04
-3.648299660960316240e-04
-4.483630254212040583e-04
-7.689548489144336460e-05
-2.422040426441453092e-04
3.747541483747248841e-05
4.469454323689451419e-04
5.320727772735303401e-04
6.622204922847195387e-04
-5.437227573777846974e-05
-3.161955974133629377e-04
-4.005133350618994689e-04
-7.934756007728820191e-05
2.429947488955106597e-05
9.295804311834858621e-05
1.709838997302329299e-04
2.819768943892151129e-04
4.472802652767296060e-04
7.038381328451972238e-04
1.100595324692322944e-03
1.740765445050574322e-03
2.790318615636319666e-03
4.633015893344925688e-03
8.059383747595847899e-03
1.516282201575288972e-02
3.260310279043985432e-02
6.801300162740923916e-02
7.995926215383784841e-02
9.683221301206483556e-02
1.238998363666927588e-01
1.635820037977175623e-01
2.111967697139828237e-01
2.485046886809869071e-01
2.681610131905444172e-01
2.783065229111146288e-01
2.600190965484615591e-01
2.124274085627402275e-01
1.662360729513113200e-01
7.274765859878676300e-02
3.109648455346718243e-02
1.508207413874380377e-02
7.953965530731979539e-03
4.422553386959370871e-03
2.562328694670489536e-03
1.516175824938816941e-03
9.125725071087473043e-04
5.509413811506221276e-04
3.332506141171369678e-04
1.984687628948060144e-04
1.139749474677209147e-04
5.788929718769156421e-05
1.527312069276722342e-05
-5.876886264686040178e-05
-7.593942349285522390e-04
-5.148117683071107504e-04
1.678470083500151178e-04
-1.191686726366501765e-04
-1.586056382647132480e-04
4.079903369505230408e-04
7.408675008641554143e-05
3.404058380234855166e-04
-4.074275336118889698e-04
-1.921978937279422554e-04
-9.323565355318040311e-05
-2.677759591391759160e-05
3.348373748435728542e-05
9.455558485593282682e-05
1.712708452491341720e-04
2.820232742258573606e-04
4.472741190527724695e-04
7.038381172561049238e-04
1.100596215547712618e-03
1.740760947322668927e-03
2.790312153806916509e-03
4.633002320262297365e-03
8.059375935564097246e-03
1.516282764234923829e-02
3.260311429987394760e-02
6.801302503967682211e-02
7.995925945460874429e-02
9.683219723036991244e-02
1.238998305851032877e-01
1.635819960743568613e-01
2.111967613828499846e-01
2.485046959131503308e-01
2.681610141958807869e-01
2.783065227222988325e-01
2.600191029291304412e-01
2.124274244386532562e-01
1.662363108584672122e-01
7.274768068640831420e-02
3.109648327311129168e-02
1.508207228209806905e-02
7.953961248502380843e-03
4.422548162218598901e-03
2.562332948269122578e-03
1.516177356121437957e-03
9.125741029428148434e-04
5.509537738637971215e-04
3.332340542908010365e-04
1.983699103857479321e-04
1.134781491120671491e-04
5.537977225016701830e-05
6.610049245821219665e-06
-4.560006882351611744e-05
-2.792528959650021300e-04
6.114031444730513073e-04
-2.006139405349063645e-05
-5.297479714149991217e-04
5.182072544654231462e-04
-5.662317209398316439e-04
-4.327291114946360301e-04
-3.295901853157056998e-04
-5.006389025244858916e-04
4.803230677184289703e-05
3.816023167363913836e-04
4.174483525888292458e-05
3.682050560472966349e-05
8.662519938893355079e-05
1.597096888842898207e-04
2.665634176683931325e-04
4.261434399618995155e-04
6.750680021802065583e-04
1.061967379787639087e-03
1.690123894844570160e-03
2.725613157223290371e-03
4.551967641647306113e-03
7.961004197752159089e-03
1.504781867617426688e-02
3.249346829686338561e-02
6.794140305811671721e-02
8.010326758681914072e-02
9.739540107184707640e-02
1.249551069200891956e-01
1.647970853903967248e-01
2.116486138088521096e-01
2.473402546525405865e-01
2.652115476795614546e-01
2.741030536830245667e-01
2.553496256880540827e-01
2.064263467631712867e-01
1.590965909782589005e-01
6.889909646275135802e-02
2.909423705812831662e-02
1.391479003133669692e-02
7.229791914391028342e-03
3.961249796352269738e-03
2.264639738917084786e-03
1.324072675659949570e-03
7.893678477464367632e-04
4.725100709276595120e-04
2.838713484326768556e-04
1.680600836843789661e-04
9.804233739029288971e-05
6.273822309480709476e-05
8.932297458028074465e-05
3.304125642428917559e-04
-5.023066078867410237e-05
-6.540209935753526918e-05
-6.594077115405130168e-04
-3.824788574319373064e-04
9.533169201038359274e-05
1.689247296913310510e-04
-8.073738770028705087e-04
-2.592516037166267139e-04
3.173087021548061186e-04
1.508199864750224984e-04
-1.806119767266436656e-04
-4.644838733649105344e-05
2.215009117019172660e-05
8.413246107600128607e-05
1.592722494697695922e-04
2.664884452893818111e-04
4.261405128664753450e-04
6.750672436518022996e-04
1.061972333001607411e-03
1.690134976080194572e-03
2.725617792535656950e-03
4.551970256088402021e-03
7.961009088738629086e-03
1.504782069912587693e-02
3.249346716267883378e-02
6.794140285027375215e-02
8.010326704069610504e-02
9.739541752682034925e-02
1.249551069232085337e-01
1.647970754421544115e-01
2.116486060809266434e-01
2.473402484787558808e-01
2.652115621410848778e-01
2.741030702243553718e-01
2.553495940954761956e-01
2.064263380825123728e-01
1.590969510350175864e-01
6.889915605761769146e-02
2.909425544894496743e-02
1.391478937707541982e-02
7.229793555322477222e-03
3.961263577489743115e-03
2.264646459479012497e-03
1.324077736230979720e-03
7.893603491121229093e-04
4.724871440540807889e-04
2.838723428178267609e-04
1.680799445322570288e-04
9.838545575140067651e-05
6.717310402533756752e-05
1.318189410783090207e-04
6.946323119150337724e-04
1.013967864508742890e-04
4.221609840169725431e-04
-4.553464303415134286e-04
-6.792928320977628318e-04
-1.311609662531936524e-04
1.868946508310470177e-04
2.580053490807768788e-04
-5.826482023652082451e-05
3.277600133905687841e-04
-8.736469096688943056e-05
-3.270886330099272003e-04
-6.166103064442196840e-05
2.109536544053039304e-05
8.420334297601925547e-05
1.593317839779376320e-04
2.665008734560255789e-04
4.261297500927732390e-04
6.750648063060510741e-04
1.061971815570397553e-03
1.690129731847703166e-03
2.725610484013377827e-03
4.551958838813849155e-03
7.961004223819434164e-03
1.504782598164170274e-02
3.249348897575168177e-02
6.794156965416785210e-02
8.010327465535059532e-02
9.739540141434366305e-02
1.249551125062067780e-01
1.647970802388384615e-01
2.116486023112364168e-01
2.473402406406010334e-01
2.652115429141832514e-01
2.741030698484152039e-01
2.553496170630214501e-01
2.064263299440288468e-01
1.590968659347734848e-01
6.889913222802653003e-02
2.909424700858522297e-02
1.391478312212081347e-02
7.229785268006986253e-03
3.961255558028732929e-03
2.264648188555176862e-03
1.324079570778931856e-03
7.893626617702139813e-04
4.724938063899528497e-04
2.838298181383528372e-04
1.678370294546490055e-04
9.689713180762613779e-05
5.732230264166547629e-05
6.574066801434699466e-05
2.388073703129404469e-04
-2.136986648543224340e-04
3.072683528516163875e-04
-3.450825445211283559e-04
4.597624249811018576e-04
1.581376451993982829e-04
4.729801346995379427e-04
2.736616140682805124e-04
2.669468920772690240e-05
3.871372720302899127e-04
4.935854884886615741e-04
-3.450039273130836240e-05
-1.745745144963173549e-05
2.375164444174269999e-05
7.898204318651448792e-05
1.517913420412611699e-04
2.578931552245255403e-04
4.183549004757599970e-04
6.726540933126053242e-04
1.075638711093457409e-03
1.741527283091421491e-03
2.861061819074763989e-03
4.866895446625589365e-03
8.671992472727157661e-03
1.667750614766906614e-02
3.649593307152736860e-02
7.677550648699656144e-02
9.155136238548668148e-02
1.087810518433117435e-01
1.266098826261764787e-01
1.346048259432163496e-01
1.282264340986845053e-01
1.170827097521440763e-01
1.123052938915096860e-01
1.197345462555163692e-01
1.354427595959491193e-01
1.451190394360875879e-01
1.332537060913481231e-01
5.983221660706326828e-02
2.545622871702471132e-02
1.212760824174458074e-02
6.233425863703285878e-03
3.371561008865425670e-03
1.900016237440464674e-03
1.095896733088322318e-03
6.455773840891030138e-04
3.822627204349999261e-04
2.272505097113635244e-04
1.316919468001936629e-04
7.020528561084330799e-05
2.226447053631086859e-05
-3.522097619377850028e-05
-1.443014678074067711e-04
-2.804269154138889120e-04
4.696413741488367211e-04
-2.296890973896999720e-04
5.122346851879417328e-04
5.772919727466606322e-04
1.619693510347281753e-04
2.888373663600703320e-04
3.422733213114798752e-06
-4.466986441224280141e-04
-6.445373181356874297e-05
-8.386485319116918546e-05
-3.959594570630534967e-05
1.793904630854752756e-05
7.769140613691402880e-05
1.515192696285169391e-04
2.578390632751192436e-04
4.183514209792487683e-04
6.726522965714491851e-04
1.075643411506623740e-03
1.741539889300063341e-03
2.861069073808694772e-03
4.866899315341425766e-03
8.671997005426278216e-03
1.667750423214994088e-02
3.649591957197637765e-02
7.677552619333845307e-02
9.155135122511263990e-02
1.087810629896549669e-01
1.266098817798874121e-01
1.346048164311112183e-01
1.282264340359284827e-01
1.170827117353323704e-01
1.123053105414124342e-01
1.197345539061775710e-01
1.354427305363608280e-01
1.451189978838086925e-01
1.332534723522205145e-01
5.983222005343693389e-02
2.545624431433932133e-02
1.212760703623884037e-02
6.233426815319700887e-03
3.371573726473628321e-03
1.900021346844489329e-03
1.095897814085830622e-03
6.455665755562919493e-04
3.822358444381506186e-04
2.272067371691335218e-04
1.313918129601170744e-04
6.828898364726512901e-05
1.039378162948568411e-05
-1.119138770333970621e-04
-6.649766149245646754e-04
-3.161169804825694502e-04
-3.297611370792934214e-04
-5.739678363225786699e-04
4.661123384861438706e-04
-8.402731481079139505e-05
-7.470280294097632573e-05
-1.164264630377756835e-04
3.069944488936843176e-04
7.656101088329716163e-04
-3.454641661833470563e-04
-2.479563880725664548e-04
-5.715067322007713813e-05
1.642234829733637251e-05
7.766367385156847591e-05
1.515568617186703615e-04
2.578493265926142170e-04
4.183444377197606838e-04
6.726514526284474394e-04
1.075643813535269140e-03
1.741535065207319146e-03
2.861059998436155365e-03
4.866887588240472254e-03
8.671993414153729776e-03
1.667750986075787131e-02
3.649593146646932379e-02
7.677552310117077838e-02
9.155135532073016558e-02
1.087810571572304652e-01
1.266098893187428964e-01
1.346048210892605568e-01
1.282264271070814587e-01
1.170827053575339421e-01
1.123052998232850347e-01
1.197345654277362226e-01
1.354427634309228190e-01
1.451190084916319789e-01
1.332535168182790719e-01
5.983219354702122572e-02
2.545623004808386658e-02
1.212759630288385258e-02
6.233415294091457746e-03
3.371563555844082297e-03
1.900022061743254298e-03
1.095903180004314473e-03
6.455728655696414253e-04
3.822450263137044404e-04
2.271888492116961829e-04
1.313215564249192681e-04
6.799031970053986333e-05
9.075404982340679229e-06
-1.148427684448378685e-04
-6.362273908482904243e-04
-3.070459613355706495e-04
-3.936726031058629068e-04
4.339665442868119493e-04
-3.075782227800035124e-04
4.244427190353682196e-04
3.181286129123352927e-04
2.907278617496049953e-06
-2.636698034942573069e-04
-2.053646839431192154e-04
3.000510808320489714e-04
-1.575555615501084204e-04
-4.594765651227503025e-05
1.565488355456813558e-05
7.414688665292469669e-05
1.470555906209505511e-04
2.541171001930821768e-04
4.197199937447413189e-04
6.880936385139603192e-04
1.125014458745285167e-03
1.863554499409176462e-03
3.137764848882214873e-03
5.466779226117846405e-03
9.978694597935244479e-03
1.962526413382565185e-02
4.371914424760910134e-02
9.356098634453934026e-02
1.099663391542722024e-01
1.197075663965420506e-01
1.139463687358850119e-01
9.265183327031070726e-02
7.075290142473254773e-02
5.638161622401391404e-02
5.112605662520258026e-02
5.443867165472596192e-02
6.580762391501662756e-02
8.179557381246595205e-02
8.944269712209912404e-02
4.359269702031216831e-02
1.932390475155994908e-02
9.341926251148043731e-03
4.795431720206675720e-03
2.573710989554225340e-03
1.432946269361915848e-03
8.165240030091831845e-04
4.757355842320945853e-04
2.789402805387558907e-04
1.643237080304681499e-04
9.379274604748527675e-05
4.916864256737186399e-05
2.228186495161012766e-05
4.029862059870561682e-05
3.078096806522323103e-04
3.202027138229780029e-04
-3.066908844095038900e-04
3.822184206729740269e-04
3.934159277976336834e-04
2.067260619571422559e-04
-5.052815529174592841e-05
4.507607876991434614e-04
-2.298025868701720131e-04
-6.871248842174019914e-04
2.324470027970504252e-04
-2.748225494669364471e-04
-6.632262742758042397e-05
1.177701769702002152e-05
7.338498638548768055e-05
1.469001850352376945e-04
2.540866291556813220e-04
4.197211587016039030e-04
6.880959963379553943e-04
1.125022343513735297e-03
1.863569730331085788e-03
3.137774808205388757e-03
5.466783528570776790e-03
9.978697726995196596e-03
1.962526158533830709e-02
4.371912497156982963e-02
9.356089501693255761e-02
1.099663261956243809e-01
1.197075845133977329e-01
1.139463667663355162e-01
9.265182755566024608e-02
7.075291308486167385e-02
5.638162737689454002e-02
5.112607459330232446e-02
5.443866895250187160e-02
6.580759576548014800e-02
8.179555453223190387e-02
8.944268664594347273e-02
4.359270919730607458e-02
1.932391177192708046e-02
9.341917812198334559e-03
4.795430247272426325e-03
2.573723653713744577e-03
1.432950146843033502e-03
8.165217904803132162e-04
4.757256983500186311e-04
2.789171297451642105e-04
1.642648516766887661e-04
9.341468547378878459e-05
4.698730043369374039e-05
1.038694642259907726e-05
-2.357371105557543533e-05
-2.966665932440248836e-05
2.654512897425862503e-04
-8.835881881695391386e-06
2.592877453897644781e-04
1.176020697230415763e-05
3.269219718048062056e-04
-9.993551853260523854e-05
2.770249193866397997e-04
-5.357208424722587851e-04
-3.121714457437077084e-04
1.860918711526581395e-04
8.370751002743797057e-05
-1.532503229402762372e-05
1.944503548182218314e-05
7.458003010910794995e-05
1.470955273690823775e-04
2.541163863101829302e-04
4.197169581636431995e-04
6.880918709293777115e-04
1.125018837769959290e-03
1.863561709041840122e-03
3.137761637884452053e-03
5.466770221932985147e-03
9.978693920503179174e-03
1.962526507569038042e-02
4.371913624451020247e-02
9.356092887692085691e-02
1.099663320001113553e-01
1.197075867719142456e-01
1.139463833987901936e-01
9.265183442843701045e-02
7.075289829901842964e-02
5.638160894040718241e-02
5.112605646781869656e-02
5.443867942143819361e-02
6.580762317382031490e-02
8.179556672892578095e-02
8.944270273788906822e-02
4.359270326973643112e-02
1.932391175001582292e-02
9.341915792545327224e-03
4.795422064131362253e-03
2.573712603559654213e-03
1.432949673008169361e-03
8.165286153486532843e-04
4.757308009993302866e-04
2.789241772626301400e-04
1.642746847351122857e-04
9.352121953042859986e-05
4.763972844252796604e-05
1.382665027305390056e-05
-6.090398505527522099e-06
5.452485610071903773e-05
2.656856049902733613e-04
-4.798927223329977699e-04
-3.003474028935424378e-04
4.812650019583541950e-04
-2.354167255396061070e-04
-3.355736674612375733e-04
-1.994084002947501860e-04
-3.823705994362726460e-05
2.206800934843725136e-04
-9.115594143793543888e-05
-1.945183732897838461e-04
-5.296271326131374611e-05
1.458742259938934188e-05
7.152305637825351911e-05
1.422682945129077144e-04
2.488202817575273771e-04
4.186040356502083635e-04
7.007253290479035319e-04
1.173395062502314342e-03
1.990979344961067449e-03
3.437610419010560421e-03
6.129744432863289821e-03
1.143856669191141949e-02
2.291876604673274281e-02
5.167835245767477687e-02
1.115883329873028490e-01
1.241139910630958687e-01
1.163888427267577019e-01
9.050572391824686369e-02
6.148445166237000853e-02
3.971314219878966517e-02
2.612089444381980943e-02
1.996585254653254760e-02
2.017484082341684457e-02
2.644659956589233071e-02
3.683043836705588575e-02
4.502385165738787692e-02
2.425241491583822809e-02
1.133366520114510029e-02
5.612398084613097124e-03
2.894279749097121608e-03
1.546669272317593470e-03
8.529382667925448957e-04
4.813752385408163635e-04
2.784651557165027189e-04
1.623278487905964896e-04
9.517928407958193854e-05
5.321784846110935632e-05
2.523369219807099426e-05
3.364610662512688155e-06
-1.455086687116468575e-05
-4.651711825944362163e-05
-1.835703796126788827e-05
-4.606977144190019680e-04
1.388416389572604817e-04
2.280902576398857642e-04
-3.935268845434315558e-04
-4.981783330572464412e-04
-7.286795081096271074e-05
-2.177947303501137155e-04
5.313996562297646463e-04
4.616736801501088779e-04
-2.605545794289987858e-04
-6.037612470333923400e-05
1.353632802709622762e-05
7.133427854607881280e-05
1.422270713663950311e-04
2.488105860891846421e-04
4.186050724970052060e-04
7.007255910712680176e-04
1.173400025536887716e-03
1.990991981785125535e-03
3.437619426414163792e-03
6.129747374767242039e-03
1.143856810982463515e-02
2.291876434975172530e-02
5.167834728389997939e-02
1.115883303220623068e-01
1.241139998441241482e-01
1.163888681648818646e-01
9.050572149808921996e-02
6.148444502877010304e-02
3.971315056459042564e-02
2.612089852309283644e-02
1.996586037495998861e-02
2.017483096569116716e-02
2.644657274866703614e-02
3.683043604275344773e-02
4.502387493394213736e-02
2.425243668790518642e-02
1.133367622043296788e-02
5.612391890331413190e-03
2.894279037947417813e-03
1.546679888366237800e-03
8.529373324290372149e-04
4.813679790482412019e-04
2.784552158721806891e-04
1.623066616814540953e-04
9.511873557683658972e-05
5.287549364881124532e-05
2.345092143308851192e-05
-5.048593025937445073e-06
-4.979813203612775194e-05
-1.554838978508300763e-04
3.121054104665008165e-04
5.210428907449741890e-04
1.476818491807229566e-04
4.354322421411410964e-04
-1.090383475623845483e-04
4.180060318713709486e-04
4.711020041512886778e-04
-1.272797537360571558e-04
4.432097027360269400e-04
-1.733717672430712040e-04
-7.498283262024166859e-05
-3.183422129760530217e-05
1.809899687530505007e-05
7.206883254560008897e-05
1.423447566270808992e-04
2.488271221626699756e-04
4.186023579557779351e-04
7.007234033459608987e-04
1.173399074072865563e-03
1.990986782940274390e-03
3.437607771200441257e-03
6.129737074472209335e-03
1.143856654323604886e-02
2.291876567647991442e-02
5.167834585875036302e-02
1.115883137667001979e-01
1.241139904518293036e-01
1.163888646346480371e-01
9.050573557918373258e-02
6.148445255539541215e-02
3.971313971573730423e-02
2.612088418987519242e-02
1.996584902379052590e-02
2.017484248097616006e-02
2.644659124179949208e-02
3.683043384013524185e-02
4.502386936355065594e-02
2.425243041769508529e-02
1.133367577757004273e-02
5.612388897790311117e-03
2.894269451517052574e-03
1.546667303939716111e-03
8.529373133725900395e-04
4.813777724739821962e-04
2.784618530954072256e-04
1.623170968962074591e-04
9.515943777399843624e-05
5.314371887222662090e-05
2.498511242920379354e-05
3.114248458613100654e-06
-8.239818962499210979e-06
4.427735105947649524e-05
-1.807695687935288818e-04
-1.465876672809437488e-06
4.672913522768607267e-04
4.461662684512480580e-05
-4.767633218708850363e-04
-4.228774020921217481e-04
-4.372829560147089038e-04
2.341757039365216086e-04
2.138253567966796106e-04
9.246330599426027023e-05
-1.498017153525943782e-04
-2.060639206664936128e-05
2.553784986086409613e-05
7.091859954731975064e-05
1.349383002484103370e-04
2.368770100363507133e-04
4.049006809717673404e-04
6.907233530136717547e-04
1.181826033476698380e-03
2.047839341862295066e-03
3.610782432515348937e-03
6.553700249572238720e-03
1.240784584324196131e-02
2.505598669278931434e-02
5.630791424958914854e-02
1.200504033119319663e-01
1.210879207199593854e-01
9.744809604392497271e-02
6.656599297222526301e-02
4.071731835667104227e-02
2.315746001226685544e-02
1.217886660407296526e-02
6.037083187733534827e-03
3.206407377469506267e-03
3.059267401450976257e-03
4.824281955027840373e-03
7.204727130211351430e-03
4.655191763253254365e-03
2.379266337364671028e-03
1.212986845057217227e-03
6.187165020375992672e-04
3.237994294097561198e-04
1.759854786772019374e-04
9.936493867540620848e-05
5.940212358554109091e-05
3.600062721674663344e-05
2.222519663615147523e-05
1.196773702600304937e-05
2.801820153682181864e-06
-9.732937011635406130e-06
-2.978096791030689257e-05
-3.047657564748174321e-05
-2.655996161792151169e-04
-1.606005673235151251e-04
-5.004901606947251324e-04
-6.670789004346402463e-04
3.539868557436353042e-05
-3.368804811484245017e-04
-2.952316187265790516e-04
4.679613785821527968e-04
1.442919232787926982e-04
7.709689175336382821e-05
1.401589164697545872e-04
1.201485821747800557e-05
2.914892306343591454e-05
7.128522440091994406e-05
1.349679706607545971e-04
2.368771609637937284e-04
4.049016084638141014e-04
6.907247874555728440e-04
1.181833138624356324e-03
2.047854323157933133e-03
3.610793764869404954e-03
6.553704216563958213e-03
1.240784741718744220e-02
2.505598563785645105e-02
5.630791224040568310e-02
1.200504110379621292e-01
1.210879308810614008e-01
9.744810616872925935e-02
6.656597682182356646e-02
4.071731099580118418e-02
2.315748030061484664e-02
1.217888371889435870e-02
6.037095306980338853e-03
3.206396670716092287e-03
3.059245617971365419e-03
4.824283484874606134e-03
7.204752002246982145e-03
4.655206496121027347e-03
2.379266742668988913e-03
1.212975838736399378e-03
6.187180050459116943e-04
3.238126656210287089e-04
1.759850626329566043e-04
9.935839977762079059e-05
5.939595500780454337e-05
3.598255896649937721e-05
2.216298290710026346e-05
1.160895343125029262e-05
7.145094635766416286e-07
-2.186585121933003656e-05
-1.030991810868867341e-04
-4.970157203604946275e-04
-4.045939456375715780e-04
-4.899572686379110274e-04
4.725642618183673851e-05
-9.140165609464202259e-05
-3.722408780266031657e-04
4.177489427767494220e-04
-5.953216845103864166e-04
2.837571551921895443e-04
-3.311253584519753893e-04
1.869167036924677510e-05
-9.654982376445976221e-05
-1.801349910697437284e-05
2.534212209711811367e-05
7.080605199898736359e-05
1.349023537634843576e-04
2.368651424306409607e-04
4.048967872959281246e-04
6.907220751793751541e-04
1.181831165954150969e-03
2.047847760707877107e-03
3.610780473902103823e-03
6.553694426513425805e-03
1.240784586096980481e-02
2.505598332691585939e-02
5.630790398632756072e-02
1.200503932357117332e-01
1.210879242040753395e-01
9.744811631225500093e-02
6.656599897350160000e-02
4.071731932227448669e-02
2.315746217237485763e-02
1.217885885220890314e-02
6.037082047923791710e-03
3.206410491345257699e-03
3.059257880861489774e-03
4.824279687884136698e-03
7.204740104841123038e-03
4.655202408201703987e-03
2.379272149162651399e-03
1.212976706245615750e-03
6.187088869896654585e-04
3.237991460754653574e-04
1.759840928100160889e-04
9.936709078102142541e-05
5.940041295339941539e-05
3.599350040921924887e-05
2.222043168605951238e-05
1.197282795713085604e-05
2.910841384292647688e-06
-8.992329925666144291e-06
-2.835692703706163865e-05
-6.882087694593410460e-05
-1.504785968223667602e-04
-4.223086493529997116e-05
4.726631781281785054e-04
4.091876576633622295e-04
-3.618952030169351623e-05
-8.774097217111519968e-05
-1.877042469963496874e-04
4.215630676152549907e-04
7.528590786858989792e-04
-3.945516305305121719e-04
2.538708058584798343e-04
5.150375623338396313e-05
3.980161466666672066e-05
6.728771114562487191e-05
1.208147604772397327e-04
2.123077496316985518e-04
3.679176752494311801e-04
6.377259188826091187e-04
1.110579879094229262e-03
1.956412185437863670e-03
3.503374409752932610e-03
6.430687551653557071e-03
1.224748392749118973e-02
2.464090631173004517e-02
5.429993436587599032e-02
1.112505205929485153e-01
1.012515475974763712e-01
7.378145903425964436e-02
4.705091652610867564e-02
2.677025841773816167e-02
1.285180299711695395e-02
3.170008051935394120e-03
-3.884588916173391943e-03
-9.875436302070357900e-03
-1.574182671693687141e-02
-2.183078993563091277e-02
-2.568064269414098780e-02
-1.376574778916767744e-02
-6.563766776742531797e-03
-3.330858618205075582e-03
-1.761918946170775097e-03
-9.559795040290638502e-04
-5.263316684092476548e-04
-2.923607131097734606e-04
-1.622466793964414539e-04
-9.010451619120003037e-05
-4.935006436839001279e-05
-2.674293095437705974e-05
-1.385692415837626052e-05
-6.006638448713104267e-06
7.286955693246333451e-07
-2.495002732390246204e-05
2.192666199867781955e-04
4.399511769989281041e-04
1.689675556470022696e-04
-3.953015008739288417e-04
2.085220110430078644e-04
-3.812325326609352825e-04
-2.302551407759215023e-04
-1.729577534240333780e-05
2.483306960860121908e-05
9.684820591717212626e-05
-1.111635655033462236e-04
6.596403204739535403e-06
3.382592315857088362e-05
6.642700892974445553e-05
1.206819507643312837e-04
2.122862867827252325e-04
3.679158680278546358e-04
6.377295147843860907e-04
1.110588958105544798e-03
1.956427165954471685e-03
3.503383616186085767e-03
6.430686659604182599e-03
1.224747798147176638e-02
2.464089785050211853e-02
5.429992753001008227e-02
1.112505202114667385e-01
1.012515592529896896e-01
7.378147384201640124e-02
4.705090872625307397e-02
2.677025896529404078e-02
1.285182375517779016e-02
3.170021919433941172e-03
-3.884585171195353327e-03
-9.875452101762643292e-03
-1.574185015838326304e-02
-2.183079132757597893e-02
-2.568061891298665383e-02
-1.376572868086058284e-02
-6.563762358068880864e-03
-3.330865560263598230e-03
-1.761916383326984177e-03
-9.559704995832108429e-04
-5.263352476357385833e-04
-2.923659468957117390e-04
-1.622490399841206130e-04
-9.011640700486385545e-05
-4.938073241830204452e-05
-2.689640896902181991e-05
-1.466250876667583535e-05
-9.822560737443160827e-06
-1.490592169049797024e-05
-5.924731785574080263e-05
7.504296314427486958e-05
-7.743072914019442530e-04
5.361108612579079972e-04
-2.738473297097087224e-04
-1.667982025271758410e-04
4.283858372185900135e-04
-1.315811859366022147e-04
-2.221000779547745304e-04
3.406623327566084942e-04
-3.606834230243802301e-05
-1.975330710542793841e-04
-3.504110775198089091e-06
3.272768159100165669e-05
6.632034426960639563e-05
1.206660660664268380e-04
2.122801268304730382e-04
3.679117628350919234e-04
6.377239423706118626e-04
1.110583457882825678e-03
1.956418070016895192e-03
3.503369107652782189e-03
6.430679444264431575e-03
1.224748221262212181e-02
2.464090232881393713e-02
5.429992843115812040e-02
1.112505205785822432e-01
1.012515603692660526e-01
7.378148090728560426e-02
4.705091918893381658e-02
2.677026015054448718e-02
1.285180575876927397e-02
3.169997106116565974e-03
-3.884593402377536659e-03
-9.875436769667334663e-03
-1.574184128600065666e-02
-2.183079330041867369e-02
-2.568062920730564483e-02
-1.376573539309679413e-02
-6.563761656850042661e-03
-3.330868216845289838e-03
-1.761924279296966196e-03
-9.559795162462289553e-04
-5.263346910690702880e-04
-2.923596991714810843e-04
-1.622480057956521889e-04
-9.011105637623177233e-05
-4.935370561512676646e-05
-2.671995490923227993e-05
-1.347039420663219085e-05
-1.734176465299863768e-06
4.230232235834105258e-05
3.614066609841662609e-04
-2.844185268092275074e-06
-1.223007162228487068e-04
2.272510282476605192e-06
2.458624365156946421e-04
-5.107980514816076300e-04
5.502969264814743346e-05
-1.454465784627961399e-04
5.373875645002302616e-04
9.483712360072052514e-04
7.974415762801165058e-05
1.253594252983876976e-04
5.337354136213527428e-05
3.691992947812555308e-05
5.457857251265425309e-05
9.677799814667346716e-05
1.716693083221315782e-04
3.015386269314723517e-04
5.294688433970625363e-04
9.343583911859218048e-04
1.665128044686239829e-03
3.011405605076387850e-03
5.558935391683869458e-03
1.058139288650682998e-02
2.105288484714829336e-02
4.504449713506258890e-02
8.728852501896332272e-02
7.423338369212438559e-02
5.184690950536390702e-02
3.238875941432139277e-02
1.783504380853720775e-02
7.138290643211318669e-03
-1.659478431279937365e-03
-1.015328401972335516e-02
-2.003749763805949893e-02
-3.242383508779822510e-02
-4.684151445816052417e-02
-5.663456553679530742e-02
-3.059733086054785417e-02
-1.466066942970933873e-02
-7.447378836623472047e-03
-3.925509268046117189e-03
-2.123536042600848283e-03
-1.168695127657090821e-03
-6.513992019070811035e-04
-3.655853889088486785e-04
-2.057969082604163460e-04
-1.148258058188710072e-04
-6.177133604158045548e-05
-2.860812536434631943e-05
-3.200414838662196094e-06
3.764871780602296354e-05
2.581749881245218878e-04
1.450989048153561835e-04
-7.812818279929602630e-05
1.853184033077667574e-04
1.836861654894888553e-04
-4.838168357594575483e-04
1.445161520714418581e-05
2.153843502004395530e-04
-2.542457985790598160e-04
3.330628245165767761e-04
5.541600096123389265e-05
2.508961989905937151e-04
5.963382941740699185e-05
3.607539641061134318e-05
5.417147584654469672e-05
9.667317499732427672e-05
1.716462504164949839e-04
3.015345941615605045e-04
5.294712979307337943e-04
9.343634870061478777e-04
1.665137510727328612e-03
3.011412870201151792e-03
5.558938112570018658e-03
1.058139378644155221e-02
2.105288358106406632e-02
4.504449565966132940e-02
8.728852163273585762e-02
7.423339211321061670e-02
5.184691390656276377e-02
3.238874300047554083e-02
1.783503979258856814e-02
7.138308871501635941e-03
-1.659464387087021542e-03
-1.015328404044483351e-02
-2.003751148680735228e-02
-3.242384631089322705e-02
-4.684150454012523529e-02
-5.663453992990365865e-02
-3.059731595083422032e-02
-1.466067494092519394e-02
-7.447392327901308264e-03
-3.925509301307163884e-03
-2.123529360444946761e-03
-1.168698136174101208e-03
-6.514022223673420235e-04
-3.655862647888543011e-04
-2.058017156762812351e-04
-1.148137540829462732e-04
-6.169262875757072610e-05
-2.823981914358090611e-05
-1.885345330812838735e-06
3.615707475583707249e-05
1.600120366698539332e-04
3.773115823048983305e-04
1.525421682263483018e-04
-5.517526040721499117e-04
-6.827145200858488003e-04
-3.953073338841715735e-04
-1.189742783510015664e-04
3.745596976720548966e-04
5.119159820240782059e-04
3.019065184462906785e-04
-1.873432151029000628e-04
5.579500686637288735e-04
1.024405606539827683e-04
4.245380204207017033e-05
5.515243890220441250e-05
9.682036658798429097e-05
1.716663857866327074e-04
3.015363001505700692e-04
5.294663352405854298e-04
9.343596346654757219e-04
1.665132642865656699e-03
3.011402341696099629e-03
5.558933997072052803e-03
1.058139756016832599e-02
2.105288145304579778e-02
4.504448600821515242e-02
8.728851255755459837e-02
7.423339243341056659e-02
5.184692671052058138e-02
3.238875777914159565e-02
1.783504689356330344e-02
7.138296515647961533e-03
-1.659488818944874784e-03
-1.015329040360288260e-02
-2.003750010736855477e-02
-3.242385084271707379e-02
-4.684151539789518232e-02
-5.663454712470680080e-02
-3.059731533939268402e-02
-1.466066444034848891e-02
-7.447387573526184634e-03
-3.925513364786702847e-03
-2.123537804236345916e-03
-1.168701338099113664e-03
-6.514001099147351953e-04
-3.655865506509826490e-04
-2.058047723168504161e-04
-1.148554089940380699e-04
-6.197846567555319439e-05
-3.013272483848783765e-05
-1.483761417710401830e-05
-5.413307140389184423e-05
-4.824373101942359141e-04
7.648665957001444908e-05
5.500225364506487139e-04
3.755052912051948764e-04
-1.922256617157256948e-04
-1.035461811039475405e-04
3.157513204076389714e-04
-4.757462026146916617e-04
-3.524048383582759850e-04
-2.879973479012414668e-04
5.813834707134859711e-04
-1.242896140484588108e-04
-3.431444225747925879e-05
3.627106005438502226e-06
2.961865080932173067e-05
6.243863635813467193e-05
1.153478643569248393e-04
2.065761042437184569e-04
3.670288883700059592e-04
6.539911498641896685e-04
1.173219877087180096e-03
2.131382666599849346e-03
3.939327894223893130e-03
7.472504259109570210e-03
1.470831174638336826e-02
3.069488904641431981e-02
5.681258745522602127e-02
4.698662859953957327e-02
3.251110868943235532e-02
2.008467496152781251e-02
1.017227096270327015e-02
1.668092732884310456e-03
-7.124255945787831210e-03
-1.780083388966429911e-02
-3.231081184829142500e-02
-5.171528060976235408e-02
-7.402683266419533836e-02
-8.705800180683716250e-02
-4.492703496260584684e-02
-2.099770174224868322e-02
-1.055256567527827066e-02
-5.543027759206680012e-03
-3.002104792780420101e-03
-1.659533842225101655e-03
-9.307682916800591238e-04
-5.269664950552912716e-04
-2.992651748473153933e-04
-1.686057144600540555e-04
-9.083541064739269761e-05
-4.113222595861876452e-05
-6.367693882979584788e-06
-3.682949772409207600e-06
-2.666852708125585884e-04
-5.726630827953859467e-04
-3.506532351577900286e-04
4.771956438812994345e-04
-1.015445732202666519e-04
4.623913271322416360e-04
3.217471456471345382e-04
3.779988439190746727e-05
2.479923048422433808e-05
-4.554666620235079191e-04
5.509623278241644086e-04
-3.279777835649588151e-04
-6.780791985855844702e-05
-2.282450296166268619e-06
2.853690504662684439e-05
6.224152048095191940e-05
1.153140551682383459e-04
2.065730937995160761e-04
3.670343185175818537e-04
6.539952380637675811e-04
1.173225948122091000e-03
2.131387619796350306e-03
3.939325917855154326e-03
7.472496102866264464e-03
1.470830276578703917e-02
3.069488872956601874e-02
5.681259344157531949e-02
4.698664121125977616e-02
3.251111080866266045e-02
2.008465905027129531e-02
1.017226999395909326e-02
1.668110567416328975e-03
-7.124241717791992418e-03
-1.780083761632907449e-02
-3.231082608943321166e-02
-5.171528688297095250e-02
-7.402682113552684628e-02
-8.705797815005057727e-02
-4.492702488591158311e-02
-2.099770693132277377e-02
-1.055257376094013468e-02
-5.543023637286727083e-03
-3.002097522587546165e-03
-1.659535778162291074e-03
-9.307716197493313319e-04
-5.269690814688665539e-04
-2.992641596745422919e-04
-1.685564815601874684e-04
-9.051426645617423078e-05
-3.901443328666967547e-05
8.125800351821247874e-06
9.803250028191172168e-05
4.644726846770439095e-04
-3.664436734825329682e-04
5.505102957076720392e-04
1.361302599671240397e-04
-1.791239170051734005e-04
-3.861124499619464248e-04
4.139072162134850835e-04
-2.511476594592015063e-04
-3.101699780482658074e-04
-4.233311104749129528e-04
4.136298393082242595e-04
-3.191395019989160366e-04
-5.454834858360479820e-05
1.290075276819598647e-06
2.928860725411869186e-05
6.237805967378558464e-05
1.153354913582309781e-04
2.065752718084874404e-04
3.670278385548634810e-04
6.539920890953707794e-04
1.173224412757694832e-03
2.131380707699572549e-03
3.939327735789460889e-03
7.472505229548550253e-03
1.470830057064115987e-02
3.069487397894147401e-02
5.681257679793643572e-02
4.698664155656384622e-02
3.251112448099550967e-02
2.008467066652794980e-02
1.017227498396998560e-02
1.668101086083708263e-03
-7.124263830550050212e-03
-1.780083911277954498e-02
-3.231081453174609180e-02
-5.171529549510396617e-02
-7.402683177578377183e-02
-8.705798284337186443e-02
-4.492702476892389274e-02
-2.099770321716074029e-02
-1.055257572915514926e-02
-5.543029581766258096e-03
-3.002105217993364383e-03
-1.659539858765093565e-03
-9.307693108474306056e-04
-5.269662247264260760e-04
-2.992680917269340945e-04
-1.686096797747637798e-04
-9.082320527992631179e-05
-4.073374926286348183e-05
-1.513659921977094003e-06
4.410886556238707612e-05
1.654216788948443000e-04
1.256927801205155520e-04
-8.518071795806599923e-05
-6.017235616877407781e-04
-3.946626446714144470e-04
-2.604769339123065835e-04
-1.482796522099432465e-04
-4.829117382329670919e-04
-4.903875083365927826e-05
4.420347569317957287e-04
-2.742505472644019525e-04
-6.348180764685623775e-05
-2.965557665668844752e-05
-8.505824017654436430e-06
6.097060202755671002e-06
2.242391175985752655e-05
4.699150455643161305e-05
8.902539994331676841e-05
1.622581230968175468e-04
2.935241893380162708e-04
5.291188984444255986e-04
9.613070862340619954e-04
1.771707320880822100e-03
3.348809974373416921e-03
6.597338991047904666e-03
1.383145326056980408e-02
2.579297051508475103e-02
2.191849435167463056e-02
1.579139665730367945e-02
9.901051593624954003e-03
3.894820780947075029e-03
-3.158218018528854629e-03
-1.282467745675026222e-02
-2.671002970133478510e-02
-4.693234120147894706e-02
-7.360019574712110824e-02
-1.010034356684127166e-01
-1.110075904831500093e-01
-5.418237785003906376e-02
-2.458677495612924743e-02
-1.221899312663453536e-02
-6.414565915354105557e-03
-3.493597245387589784e-03
-1.950245573526776174e-03
-1.106360296407826044e-03
-6.345486286058377081e-04
-3.648362175643784068e-04
-2.081846608021059705e-04
-1.132640211370084356e-04
-5.076002116248697332e-05
1.512749750960835830e-06
7.012403953917401294e-05
2.226010242737244747e-04
4.909977545825217537e-04
2.726971453988459798e-04
-2.191154769510255816e-04
-3.864562786543562908e-04
-6.303814654820949883e-04
3.437742556952180697e-04
7.424199848608565178e-05
-2.454286422932852986e-04
5.781500767682631187e-04
-2.547817000963824904e-04
-3.639719006822260015e-04
-7.402814248752354672e-05
-1.577499197861712287e-05
4.820764799734732016e-06
2.219855087856276388e-05
4.695591406392523139e-05
8.902305339872452019e-05
1.622632567561779250e-04
2.935234730046770539e-04
5.291196375556041090e-04
9.613118441577307629e-04
1.771709204165872794e-03
3.348808531834163507e-03
6.597337854583075305e-03
1.383145818201792117e-02
2.579297577182613349e-02
2.191849634597517818e-02
1.579138732634202333e-02
9.901033261983374287e-03
3.894820210467679102e-03
-3.158202949335797184e-03
-1.282465962279681800e-02
-2.671002603453464033e-02
-4.693234495431728576e-02
-7.360018989209776707e-02
-1.010034194842010652e-01
-1.110075596985379415e-01
-5.418238116038868318e-02
-2.458678970778782613e-02
-1.221900377347893280e-02
-6.414561075330180509e-03
-3.493587866694894059e-03
-1.950244072907364890e-03
-1.106362766189579938e-03
-6.345514511730065239e-04
-3.648346559957437525e-04
-2.081686051028891580e-04
-1.132183139698523811e-04
-5.067404406344220197e-05
9.777983878886381000e-07
6.061427750987120861e-05
1.247113360428039137e-04
-7.794618425929525601e-05
-3.776859351515506513e-04
5.417298550099138927e-05
8.204729314268113176e-05
-5.706161772805664202e-05
1.999078288125316898e-04
-6.045224382385826944e-05
2.222981457950687448e-06
4.099194667079325034e-05
-6.917727434712830220e-04
-1.180277604142535507e-05
-3.117180166342610253e-05
-1.042847733397398372e-05
5.503919155175273212e-06
2.228180174099675176e-05
4.696311201829715562e-05
8.902303796227555325e-05
1.622565046154361332e-04
2.935224062358955080e-04
5.291207208265128479e-04
9.613051932668356669e-04
1.771709782075025401e-03
3.348812011823416434e-03
6.597327198082755979e-03
1.383143979386065869e-02
2.579296730271308374e-02
2.191851054902917845e-02
1.579141074738983283e-02
9.901045166874400394e-03
3.894822884727343511e-03
-3.158210413026032483e-03
-1.282468341731515110e-02
-2.671003332917072301e-02
-4.693234393253881143e-02
-7.360020923566612527e-02
-1.010034347312769726e-01
-1.110075730838492869e-01
-5.418237529639267219e-02
-2.458677737547931147e-02
-1.221899696918392689e-02
-6.414561472015808431e-03
-3.493595893774359157e-03
-1.950252592832281504e-03
-1.106363351774809984e-03
-6.345492156955727164e-04
-3.648415886613039184e-04
-2.082112843525010207e-04
-1.133948984491207841e-04
-5.129856366689171534e-05
-1.229832313558212839e-07
7.012758490003408792e-05
2.796754487337110048e-04
2.971788490597486085e-04
1.943473997597010782e-04
7.183810792769716031e-05
-1.255524249046064203e-04
-5.474183596544643956e-05
3.157406196942164154e-04
2.619851140446757685e-05
-2.821758648385200947e-04
-1.008849204065521673e-04
1.814706083511893658e-04
8.263330323455197676e-05
2.203967333374421989e-05
-6.694443743179363232e-06
-1.550534329854368732e-05
-2.016408801477958596e-05
-2.713997319687411677e-05
-3.881964984366609040e-05
-6.071892606814351952e-05
-9.954873828854498045e-05
-1.748528887060048361e-04
-3.210369221577162027e-04
-6.131449429674969837e-04
-1.202695682825210589e-03
-2.359820747148255043e-03
-4.616818517105593551e-03
-7.135197381966306047e-03
-4.772054910464515812e-03
-3.028391657704436555e-03
-3.189707228313554653e-03
-6.024996675455930248e-03
-1.215840378786133512e-02
-2.311110196026035929e-02
-4.062863540336283247e-02
-6.640877388436955409e-02
-9.724224520112824399e-02
-1.208604055942620048e-01
-1.198545150694377559e-01
-5.621145189760456268e-02
-2.501064518980317120e-02
-1.238322796760153721e-02
-6.539278368172949524e-03
-3.601657657718507557e-03
-2.041862558254930755e-03
-1.177557335267677419e-03
-6.874636500506878939e-04
-4.018433055342090251e-04
-2.332891359075449790e-04
-1.294962654378424907e-04
-6.125979329736131775e-05
-4.687801761752467824e-06
8.498679183146042905e-05
4.509920107896542123e-04
-3.174451134001566904e-04
7.388713191698871282e-04
2.195560838090819446e-04
9.349979355861985132e-05
-1.951163694022386226e-04
4.115980111217698990e-04
3.165462106801485262e-04
-6.128996595166594664e-04
-2.928204369321213483e-04
2.021254981464081228e-04
2.930622218278672395e-04
3.512550117573966891e-05
-7.451377577488356643e-06
-1.605094874699082477e-05
-2.030322011603695137e-05
-2.716283847419074230e-05
-3.882171989882250674e-05
-6.071729500045416742e-05
-9.955489402569260462e-05
-1.748540632452778875e-04
-3.210295111060638496e-04
-6.131428412795910266e-04
-1.202701934671121780e-03
-2.359827843348005685e-03
-4.616815500309279056e-03
-7.135185999736486789e-03
-4.772046987064237043e-03
-3.028400641018297139e-03
-3.189720586318272634e-03
-6.024991557344717627e-03
-1.215838908586337405e-02
-2.311108675911524579e-02
-4.062864163862036498e-02
-6.640878873748773392e-02
-9.724224169267914331e-02
-1.208603867789241615e-01
-1.198544619688003965e-01
-5.621144752288517732e-02
-2.501065223979004673e-02
-1.238323231623728905e-02
-6.539272521490626343e-03
-3.601651620103334117e-03
-2.041865057821889116e-03
-1.177564787516235034e-03
-6.874693750998820503e-04
-4.018428196516628595e-04
-2.333025295862753423e-04
-1.296411635263013064e-04
-6.243915707642638607e-05
-1.401358636615199991e-05
1.301709359134027389e-05
-1.012438282391371381e-04
-7.785232523872947521e-05
3.052300424073705601e-04
-5.334770040515337278e-06
2.400584408997875972e-04
-2.571271399125531210e-04
3.933674056072278616e-04
7.420569720552989360e-04
-3.338187838062779060e-04
2.787055093610718440e-04
3.247865192860459435e-04
-4.728947264322789433e-05
-1.869275568354056399e-05
-1.633091819473176566e-05
-1.751114567924187549e-05
-2.055152081807389643e-05
-2.720844933385689702e-05
-3.882789407134657275e-05
-6.072250173158549007e-05
-9.955334933210739027e-05
-1.748526464630724441e-04
-3.210372866773635253e-04
-6.131396656478953775e-04
-1.202693808804754846e-03
-2.359835040524654610e-03
-4.616834669895822189e-03
-7.135201678044125924e-03
-4.772038975355305350e-03
-3.028380602455503241e-03
-3.189712919641749401e-03
-6.024993967752491179e-03
-1.215839745181902277e-02
-2.311110917350939209e-02
-4.062864327344607035e-02
-6.640878039817406375e-02
-9.724225238959748052e-02
-1.208603902158016108e-01
-1.198544701436942833e-01
-5.621144428416621069e-02
-2.501064578887825240e-02
-1.238323116135307822e-02
-6.539275785739845359e-03
-3.601660444423645472e-03
-2.041873236018881561e-03
-1.177562806840007185e-03
-6.874649447066055220e-04
-4.018534918614330149e-04
-2.333581594250755148e-04
-1.299216448748082757e-04
-6.387689545680692632e-05
-2.099797134144807669e-05
-1.821718654113745823e-05
-2.132419923997949099e-04
-8.026610436892451248e-04
-9.598149096536878473e-05
-6.675693396943619589e-04
-1.097367028761748190e-04
-5.993128157494180856e-05
5.577856031140683308e-04
-5.112462084183308020e-04
6.156707496012729999e-05
-3.375806193582001741e-04
-3.655263524661345903e-04
6.383920050261331514e-04
7.838216697771835059e-05
-1.599831329533408445e-05
-4.198374123683678313e-05
-6.488300250584211381e-05
-1.024120868156874054e-04
-1.667577326576782492e-04
-2.810739974599298216e-04
-4.828898277280635172e-04
-8.534682286120570411e-04
-1.546387650758008440e-03
-2.892730226357390338e-03
-5.609130057664364968e-03
-1.132690114306459522e-02
-2.423789611697612853e-02
-4.498635360042414072e-02
-3.679767647615252851e-02
-2.642252256558091233e-02
-2.015500926218868893e-02
-1.994231830626282467e-02
-2.608050714936084591e-02
-3.963916480417093574e-02
-6.136406053475585570e-02
-9.032793004698858041e-02
-1.162077953478218156e-01
-1.239612288362981624e-01
-1.114498880377357559e-01
-5.160626385142035727e-02
-2.288374088153746072e-02
-1.141876419121307974e-02
-6.117590580247097773e-03
-3.429549853936288053e-03
-1.985477197413589197e-03
-1.169344442598085031e-03
-6.976640454385320267e-04
-4.159513894990020779e-04
-2.463049581967785193e-04
-1.396994038718033155e-04
-7.000800613046713060e-05
-1.965756595914482603e-05
1.751031176321073702e-05
1.409014459801045259e-05
-4.148323542428453592e-04
-7.223789684054840595e-05
-2.504162688706098000e-04
5.224342752688966585e-04
3.110910955957157443e-04
-5.900225597235428474e-04
-4.096532544545935747e-04
5.315140553953367217e-04
-5.041199042906426139e-04
-3.421121743538451841e-05
1.590282581318861420e-04
9.861249801341354538e-06
-2.650967025086831881e-05
-4.365818155469262696e-05
-6.513905319260020069e-05
-1.024428386512928811e-04
-1.667611336441606504e-04
-2.810755745608610077e-04
-4.829007888600544019e-04
-8.534728755725933544e-04
-1.546381432680841994e-03
-2.892728109996027704e-03
-5.609134418348222378e-03
-1.132690584698308953e-02
-2.423789373931781871e-02
-4.498634538421738410e-02
-3.679766265928097191e-02
-2.642253204564440697e-02
-2.015501964109859406e-02
-1.994231671171967091e-02
-2.608050394583406525e-02
-3.963915635414993338e-02
-6.136406264470558453e-02
-9.032793239734486501e-02
-1.162077797865563866e-01
-1.239612166513351238e-01
-1.114498560028460150e-01
-5.160626836746576990e-02
-2.288374968757135586e-02
-1.141876655350596535e-02
-6.117584750201711212e-03
-3.429547350160586094e-03
-1.985482292817645350e-03
-1.169352780178331032e-03
-6.976670021587084471e-04
-4.159436057871710216e-04
-2.462961218978769527e-04
-1.396250706423712580e-04
-6.931106303686103746e-05
-1.366081020995212074e-05
6.876581401748031697e-05
4.454090645235894512e-04
-2.330573241326749662e-04
-1.082813487401049251e-04
-4.123956506613332684e-04
-6.508593218256085314e-04
8.485763872639527866e-05
4.742346910255947371e-04
-3.104087499198725925e-05
-8.419145824794233945e-05
-1.716168488057529028e-04
7.798623400037895087e-05
-4.320441907274836916e-04
-8.178389869760008854e-05
-4.123076829398858581e-05
-4.603233873808202015e-05
-6.553638824310462096e-05
-1.025134695676753780e-04
-1.667687227346152103e-04
-2.810777410574740310e-04
-4.828952842186261772e-04
-8.534677143039391374e-04
-1.546385971206998234e-03
-2.892723071344527764e-03
-5.609129594525789735e-03
-1.132691944863649033e-02
-2.423791842424543805e-02
-4.498635721741150312e-02
-3.679766240718067294e-02
-2.642251291651113651e-02
-2.015501099782839034e-02
-1.994231176133724748e-02
-2.608049753520592581e-02
-3.963916639675781756e-02
-6.136406630111514160e-02
-9.032793831808635932e-02
-1.162078072810515672e-01
-1.239612264185241952e-01
-1.114498542677289789e-01
-5.160626195773573149e-02
-2.288374327978429101e-02
-1.141876486691942652e-02
-6.117585010678180599e-03
-3.429551364606921778e-03
-1.985486858349077861e-03
-1.169348729474926603e-03
-6.976629515736707064e-04
-4.159566789476569796e-04
-2.463528715905118158e-04
-1.399871768834278537e-04
-7.174341203639746762e-05
-3.023090703409005189e-05
-4.735970332350961928e-05
-3.854356242702082795e-04
-4.947609461475267669e-04
3.664288670885754626e-06
-4.680903042938518610e-05
-1.283676003102855842e-04
-3.300187125698223855e-04
-2.114127211128379415e-04
2.793178276304599428e-04
-2.826237626128146616e-04
-4.162026369960316165e-04
-1.018309292361848988e-04
-1.393140382886369651e-04
-7.106003053342413770e-05
-6.155517401720892985e-05
-7.493798407886047774e-05
-1.092041147996802939e-04
-1.734273691025567377e-04
-2.844874126393741017e-04
-4.791286007577519193e-04
-8.187828451362261879e-04
-1.434349606598277161e-03
-2.574812223329384173e-03
-4.796245894961899923e-03
-9.343234599438282606e-03
-1.932598193671425033e-02
-4.359510151484095875e-02
-8.942291278573166746e-02
-8.176321954597948194e-02
-6.577022683303700157e-02
-5.439936634116666891e-02
-5.107736240651091636e-02
-5.631903713464782302e-02
-7.065638024801494665e-02
-9.252625378882513296e-02
-1.138147460159406321e-01
-1.196096156632040913e-01
-1.098857232165900005e-01
-9.346658146838193737e-02
-4.366745367299736114e-02
-1.959930501593476482e-02
-9.963511976105872761e-03
-5.457102933842301364e-03
-3.131098793282785942e-03
-1.858874399594220503e-03
-1.121516574705414470e-03
-6.855160993458368421e-04
-4.176586869735099297e-04
-2.524795173373649022e-04
-1.457967358758629963e-04
-7.423452963768408701e-05
-2.182533957534166360e-05
8.023121057248314421e-06
-6.999838910107716709e-05
3.768074606818971428e-04
-1.817207268202041350e-04
-2.544604561058401351e-04
5.905938839515393951e-04
-2.825579699554305480e-04
4.631359983645990980e-04
3.753000543260901368e-04
4.069752139911438820e-04
3.843269258651700062e-04
-3.269613653193850561e-04
-3.196569685789545936e-04
-1.010370547627053857e-04
-6.661716628792566553e-05
-7.578028830381392390e-05
-1.093204805000082074e-04
-1.734319737110226868e-04
-2.844868621413575724e-04
-4.791311968682935760e-04
-8.187960295909845008e-04
-1.434355756191554691e-03
-2.574806247635138753e-03
-4.796244825645381779e-03
-9.343242335719275163e-03
-1.932598990888304349e-02
-4.359508499713100893e-02
-8.942276088670743361e-02
-8.176318520238710919e-02
-6.577023588990422998e-02
-5.439937073412498547e-02
-5.107735315456167491e-02
-5.631902934952016937e-02
-7.065636994560048345e-02
-9.252625749298547253e-02
-1.138147530461260520e-01
-1.196096047899069675e-01
-1.098857247164788387e-01
-9.346659560068223960e-02
-4.366745447374148492e-02
-1.959930916321038497e-02
-9.963509870542648986e-03
-5.457095021963093151e-03
-3.131096644270966751e-03
-1.858877123839919755e-03
-1.121520494723815932e-03
-6.855135596089516337e-04
-4.176476923960754733e-04
-2.524847482466891402e-04
-1.458084022280091028e-04
-7.419024976740652472e-05
-2.125857900464231241e-05
1.287649357855179080e-05
-3.771116861236544892e-05
-4.998462030671977935e-04
2.729753393771955708e-04
-2.482057291431413585e-04
1.165929148674253854e-04
1.214777552934054582e-04
5.004033209088398250e-04
1.751163606045206178e-04
-3.131773017718396254e-06
-2.262692585455112042e-05
-2.222003547945864310e-04
-4.092331282589609640e-04
-1.192200256303486874e-04
-7.037545252486468342e-05
-7.653228483801351883e-05
-1.094834938554923031e-04
-1.734702244014119262e-04
-2.844887079763973466e-04
-4.791317237312020202e-04
-8.187907042868574703e-04
-1.434352006833799218e-03
-2.574812242840049392e-03
-4.796238930777172761e-03
-9.343233370065160207e-03
-1.932599378807209334e-02
-4.359509974873124888e-02
-8.942283223083147270e-02
-8.176320957447122395e-02
-6.577022787988513752e-02
-5.439937004400472592e-02
-5.107735760852066820e-02
-5.631902986019529656e-02
-7.065638210934145624e-02
-9.252626265137410544e-02
-1.138147593243130362e-01
-1.196096290292719133e-01
-1.098857097955379947e-01
-9.346646619607712481e-02
-4.366743171065053108e-02
-1.959930249485153375e-02
-9.963509854086966683e-03
-5.457095169734118602e-03
-3.131099260487362618e-03
-1.858882826730464755e-03
-1.121520050217902301e-03
-6.855131204455490500e-04
-4.176542128888189286e-04
-2.524649753008619229e-04
-1.456735337256508328e-04
-7.331744333093410016e-05
-1.534752725863846676e-05
5.279174481525016885e-05
2.364470658940653858e-04
1.295654424887843529e-04
-3.713350233585553054e-04
3.464204145785981293e-04
2.680903794362668739e-04
-5.519810688213894504e-05
3.521711633117882191e-04
1.254531472226727258e-04
2.718202028875630152e-04
-3.486457309048345200e-05
-6.807197369083114839e-04
-3.152982534789394329e-04
-1.116701097912853227e-04
-8.418778063700046131e-05
-1.012041444110307837e-04
-1.488781862983990368e-04
-2.372714117499762900e-04
-3.884340000163814832e-04
-6.494500761047692803e-04
-1.098608638030104060e-03
-1.901887538996177443e-03
-3.373333972967447990e-03
-6.235382040894296013e-03
-1.213153164224121082e-02
-2.546516320162360569e-02
-5.985624057823472899e-02
-1.332884991966042376e-01
-1.451116122366989947e-01
-1.353880400966324116e-01
-1.196565801443663923e-01
-1.122104928881910851e-01
-1.169883425530920951e-01
-1.281372763429165229e-01
-1.345522021439852223e-01
-1.265934717452436020e-01
-1.087515634942060327e-01
-9.150606058468582771e-02
-7.670332081175811056e-02
-3.645633850623515582e-02
-1.665777279623305296e-02
-8.660289550880179849e-03
-4.859222753405326688e-03
-2.855596278566028060e-03
-1.737615283654676650e-03
-1.072694403966878299e-03
-6.705863788297284711e-04
-4.168630311920210898e-04
-2.569096438693056804e-04
-1.508262586138394725e-04
-7.662092950827303949e-05
-1.378220672544754223e-05
5.862581807110182219e-05
1.798454269373685795e-04
-3.373682187634090800e-04
-5.800383823892561698e-04
-4.877698385952461261e-04
-3.022330606136889859e-04
-2.333915321512994008e-04
3.088745334083062917e-04
3.976249886162117487e-04
-1.401893258752974047e-04
4.377130111179804530e-04
-3.528205076721050923e-04
-8.666790841986311139e-05
-7.944608512534672448e-05
-7.961062535478875032e-05
-1.005567746671559614e-04
-1.487644950288429370e-04
-2.372433280522236155e-04
-3.884337290736841687e-04
-6.494561857712531682e-04
-1.098623863954429226e-03
-1.901895437227520266e-03
-3.373327475755794318e-03
-6.235377224509150267e-03
-1.213153282077875442e-02
-2.546516247107814129e-02
-5.985619336318506734e-02
-1.332881422821899642e-01
-1.451115656047678726e-01
-1.353880542825565414e-01
-1.196565842062578128e-01
-1.122104916477469766e-01
-1.169883478521433345e-01
-1.281372760995356519e-01
-1.345522075122880801e-01
-1.265934733060737616e-01
-1.087515452606345051e-01
-9.150604024422080707e-02
-7.670325418526814654e-02
-3.645632394459574765e-02
-1.665777308092104489e-02
-8.660285453504579581e-03
-4.859216801816488608e-03
-2.855598790839136789e-03
-1.737620130753924448e-03
-1.072700152342785304e-03
-6.705865583882130885e-04
-4.168565395603523517e-04
-2.569401922369956800e-04
-1.509919368204151930e-04
-7.763098680313620774e-05
-2.070668530151854704e-05
9.584465635843369798e-06
-1.772844407524730307e-04
-8.909261031530657342e-05
-1.125096141244214990e-04
-2.081277274704780708e-04
-9.461437853034018264e-05
3.569330728206910252e-04
-1.026993557390505223e-04
-3.867889312982086326e-04
2.731113234982119773e-04
7.574707064617424010e-04
-3.329948692311348549e-04
3.185440445674019385e-04
-2.895033378224328520e-05
-7.336033716429073831e-05
-9.982003383747853082e-05
-1.487026798781111801e-04
-2.372446596678355819e-04
-3.884252403622269977e-04
-6.494527355613488248e-04
-1.098617862331457409e-03
-1.901891275907152548e-03
-3.373333121517840556e-03
-6.235372663382890597e-03
-1.213152862968056717e-02
-2.546517069928638452e-02
-5.985621489913610371e-02
-1.332883227511947877e-01
-1.451116075497221880e-01
-1.353880585948959991e-01
-1.196565904954406123e-01
-1.122104981088341835e-01
-1.169883425447121317e-01
-1.281372772678935068e-01
-1.345522071558456489e-01
-1.265934798051810972e-01
-1.087515653058380855e-01
-9.150602825615231084e-02
-7.670319443977619001e-02
-3.645630469248163641e-02
-1.665776739927089453e-02
-8.660286383935698884e-03
-4.859215622756694365e-03
-2.855598492703788349e-03
-1.737624412917525805e-03
-1.072698800405221453e-03
-6.705832736045878656e-04
-4.168534652494027665e-04
-2.568659836021733442e-04
-1.505333981748528476e-04
-7.473324932008742040e-05
-1.860356947034394838e-06
1.339341603512952256e-04
6.625940410056201969e-04
1.478384114248334276e-04
-2.192790539186003371e-04
-2.190412864233699992e-04
-4.327549960310368747e-04
-1.292049571844648866e-04
2.868984744329365166e-04
2.072656086891204712e-04
-8.555978862946252703e-05
-3.619087027882243360e-05
2.645104350155819605e-04
-4.542407405178146176e-04
-1.352849713897374202e-04
-9.697343613937517935e-05
-1.216961900731033561e-04
-1.833512749680893947e-04
-2.933980523150206410e-04
-4.784793846803409912e-04
-7.930085239127779555e-04
-1.326395277592067783e-03
-2.265854539321994921e-03
-3.962018285969839265e-03
-7.230266831840624978e-03
-1.391689492000813995e-02
-2.910180665752908416e-02
-6.892711028679991692e-02
-1.591651384080861598e-01
-2.064887188972995002e-01
-2.553202403377926033e-01
-2.739562387039333746e-01
-2.650479840895446637e-01
-2.473084361678944132e-01
-2.117468628416208365e-01
-1.649036117814040858e-01
-1.250217277464560073e-01
-9.739985009915708147e-02
-8.007880392486632637e-02
-6.788708560208496501e-02
-3.246434504618878059e-02
-1.503328256896047620e-02
-7.952326812414622567e-03
-4.546165663291010239e-03
-2.721408949047517904e-03
-1.687101371577400455e-03
-1.059754322909889574e-03
-6.736790821357779412e-04
-4.254473115663193151e-04
-2.666251858741919495e-04
-1.602170617787862571e-04
-8.591254341988518116e-05
-2.424244397836917449e-05
4.718943184249929895e-05
1.998745982197761830e-04
2.928900769391622720e-05
9.595993617839854997e-05
1.301617017772146577e-04
-1.502984056602544552e-04
-1.378731808580184074e-05
1.589407785256333303e-04
-1.653616628202341009e-04
-1.972421439776809397e-04
5.943148847624373345e-04
2.798013672360066730e-04
-2.193660200918441227e-04
-1.001843801399467169e-04
-9.163138885167030907e-05
-1.208819107066562160e-04
-1.832039607808512275e-04
-2.933640605775019502e-04
-4.784803360292635369e-04
-7.930148120247004990e-04
-1.326408643562940626e-03
-2.265862034176551344e-03
-3.962011953560959886e-03
-7.230263865344041009e-03
-1.391689994719444608e-02
-2.910181296989880831e-02
-6.892706170190492088e-02
-1.591646159369853042e-01
-2.064886901251253293e-01
-2.553202791045225961e-01
-2.739562500559958313e-01
-2.650479904780786988e-01
-2.473084467269168751e-01
-2.117468688965211676e-01
-1.649036247188719606e-01
-1.250217355557435850e-01
-9.739983973160397379e-02
-8.007877237645100177e-02
-6.788690013453298200e-02
-3.246431577200491886e-02
-1.503328141457087319e-02
-7.952322080654578018e-03
-4.546161399527005181e-03
-2.721412617257984619e-03
-1.687102454632582451e-03
-1.059755907447211456e-03
-6.736768516739479514e-04
-4.254365691333347635e-04
-2.666453196983546822e-04
-1.603008422168012575e-04
-8.617757321501921797e-05
-2.477125875821884537e-05
5.218544036029128448e-05
2.962415845924574890e-04
8.391653342584601098e-04
-5.533996184082356357e-04
1.449020758366685721e-04
-5.349289161597028421e-04
-1.092924690873519391e-04
-4.926491930009853706e-04
-4.219162644209015331e-05
1.664595491202099485e-06
-6.025816795931349503e-05
3.680332303220946126e-05
-3.742775181750318081e-04
-1.199946814306839101e-04
-9.427048350297876039e-05
-1.212468000626418262e-04
-1.832758919604345993e-04
-2.933803942830556810e-04
-4.784708854783711733e-04
-7.930104260196836402e-04
-1.326404464340317059e-03
-2.265860032797532668e-03
-3.962018232221949446e-03
-7.230257577100609838e-03
-1.391689226985549574e-02
-2.910181191481122503e-02
-6.892705230831717989e-02
-1.591646346167115145e-01
-2.064886952780920493e-01
-2.553202742345252463e-01
-2.739562522652622123e-01
-2.650479931553504920e-01
-2.473084351290892602e-01
-2.117468583117191883e-01
-1.649036137815553804e-01
-1.250217366052583934e-01
-9.739985059694582226e-02
-8.007876977612669867e-02
-6.788698047523245016e-02
-3.246431307239396741e-02
-1.503327599766240454e-02
-7.952320423258505203e-03
-4.546156188730813945e-03
-2.721409304497579649e-03
-1.687107818367420678e-03
-1.059757522692749690e-03
-6.736753903830357834e-04
-4.254382326264548168e-04
-2.665984868963715802e-04
-1.600686405210714031e-04
-8.517057807036810288e-05
-2.134457385801398916e-05
5.169343967810415431e-05
1.250100278001540490e-04
4.499074619539904555e-04
2.929884144822394315e-04
2.877125183711055608e-04
3.562606359011767751e-04
2.218079582912582215e-04
-3.983712802123709506e-04
-3.598213043243398399e-04
5.320154252933873614e-04
-4.209005762868503649e-04
5.042726284050719557e-04
4.288957545160823094e-04
1.781332009345576992e-05
-7.679581003992376790e-05
-1.338091247439590376e-04
-2.124331832360585052e-04
-3.421463462234554365e-04
-5.564984452077897936e-04
-9.157257050742286485e-04
-1.517775174954892657e-03
-2.562306680089616439e-03
-4.421234128123236427e-03
-7.950785262390869593e-03
-1.507783776386724568e-02
-3.109243631924194298e-02
-7.275337409998247629e-02
-1.662581596649205518e-01
-2.124487415559619952e-01
-2.599564315450264007e-01
-2.781293853506896507e-01
-2.679686764739677707e-01
-2.484557225055545049e-01
-2.112900911674281956e-01
-1.636929435614177530e-01
-1.239758534145777025e-01
-9.685103003779195474e-02
-7.995087124225321029e-02
-6.797575297763548685e-02
-3.258272206511558106e-02
-1.515275886401736861e-02
-8.053228150408668976e-03
-4.628781882067548557e-03
-2.787146994103553276e-03
-1.738502360402150023e-03
-1.099004783669043934e-03
-7.030888708272018403e-04
-4.473907087079874619e-04
-2.834071771472622511e-04
-1.745213569556715554e-04
-1.017500541773067854e-04
-5.270151132602983923e-05
-4.425864284315110195e-05
-2.423727408616538478e-04
1.548510379659595373e-05
3.470600999604162202e-05
-1.891764164459639960e-04
6.171200655428099764e-04
1.637962314110183470e-04
5.006535217790092059e-04
-3.161972899559332821e-04
1.982436253203251353e-04
-9.277438209734211599e-04
4.891886740505575499e-04
3.281465065869580092e-04
4.979943614272765345e-06
-7.864618783786465287e-05
-1.340984429046968344e-04
-2.124610677945477780e-04
-3.421438750672516722e-04
-5.565086073714039768e-04
-9.157347077945778013e-04
-1.517788145204539748e-03
-2.562315473666941512e-03
-4.421230721378821213e-03
-7.950785820851727012e-03
-1.507784401773176741e-02
-3.109244238277625305e-02
-7.275334788921017370e-02
-1.662578505984238786e-01
-2.124487371780406919e-01
-2.599564686641150368e-01
-2.781293924164750520e-01
-2.679686757569433309e-01
-2.484557317821746714e-01
-2.112900948014162783e-01
-1.636929515455967654e-01
-1.239758588786942090e-01
-9.685102882289484127e-02
-7.995084439923547115e-02
-6.797548142739445742e-02
-3.258269588422271767e-02
-1.515276164227067138e-02
-8.053222385159675492e-03
-4.628776917619995858e-03
-2.787150292595004172e-03
-1.738500894218054883e-03
-1.099005925837722580e-03
-7.030884244054331480e-04
-4.473772118183827083e-04
-2.834171941940756968e-04
-1.745702240372178451e-04
-1.019485446377983555e-04
-5.409690894930432425e-05
-5.496291035773854709e-05
-3.294685031468767801e-04
1.270081463691064148e-05
-2.305014391415684673e-04
-2.080420216712490489e-04
5.657331415764087039e-04
4.089421496283623557e-04
-3.980054534196850939e-04
-6.012480166066859434e-04
3.346605052660479927e-04
-3.423448076029230271e-04
5.474992065118535270e-04
3.388996550191903588e-05
-3.448313527839846345e-05
-8.393017719947525816e-05
-1.347950818809313153e-04
-2.125697458497374846e-04
-3.421616976582598905e-04
-5.564968773771449689e-04
-9.157295220230215983e-04
-1.517785215558509855e-03
-2.562313423725118017e-03
-4.421233007166376107e-03
-7.950774059120745488e-03
-1.507783314714709888e-02
-3.109244245048709693e-02
-7.275336154504295771e-02
-1.662580993583627209e-01
-2.124487466774435118e-01
-2.599564542391676336e-01
-2.781293998229122932e-01
-2.679686719410844242e-01
-2.484557177502981773e-01
-2.112900842428817039e-01
-1.636929404337842675e-01
-1.239758602559261069e-01
-9.685103530171632058e-02
-7.995087104959110180e-02
-6.797573061625789004e-02
-3.258271180716268423e-02
-1.515275779770787479e-02
-8.053221163305710265e-03
-4.628771985876846580e-03
-2.787147278588765573e-03
-1.738508264181255585e-03
-1.099009544006836724e-03
-7.030869385911245372e-04
-4.473822534502468131e-04
-2.833865593366220498e-04
-1.744029223502069142e-04
-1.010468371143614257e-04
-4.840540107966893592e-05
-1.506864150581460527e-05
-1.693176773896118154e-05
-3.361365056878949415e-04
-3.535588813408563260e-04
-2.010084146899603194e-04
-4.421886763769573609e-04
1.175135528783393269e-04
4.632082646109523453e-04
-2.775823646721351672e-04
8.777096056173857035e-05
8.870536199959571679e-05
-1.667833323398394511e-04
-7.302060883346403377e-05
-7.343000244123085868e-05
-1.029232345770807319e-04
-1.535143210320513327e-04
-2.403272115593559218e-04
-3.864473283248327567e-04
-6.274208856019522929e-04
-1.027465286015087458e-03
-1.692491146749035627e-03
-2.829778482228686477e-03
-4.825273405225192526e-03
-8.537861932593969819e-03
-1.588700000946870541e-02
-3.198152971009816936e-02
-7.251431465183610925e-02
-1.564837682908397920e-01
-1.651113364382443827e-01
-1.495245824740117357e-01
-1.277444433362900367e-01
-1.157202385620447194e-01
-1.173277172755614883e-01
-1.263512100177769104e-01
-1.315810127694840015e-01
-1.238738371100143593e-01
-1.074732472721706411e-01
-9.166165896567396443e-02
-7.763850386643486590e-02
-3.714150203737917599e-02
-1.714389379416282611e-02
-9.035859580124459139e-03
-5.155287428452745221e-03
-3.085968831224595362e-03
-1.914269388934970511e-03
-1.205438100129559240e-03
-7.683899183021608396e-04
-4.886079136805983629e-04
-3.104077094911795770e-04
-1.941579018064289619e-04
-1.173529263900850966e-04
-5.612390481125850131e-05
4.259011611522988896e-05
4.394088837292405209e-04
1.883471170597730935e-04
-5.985314332460057139e-04
-5.992413816412439208e-04
-9.604278661337206787e-05
-3.060094636121334826e-04
1.072422305857346028e-04
-3.141255974672176867e-04
3.104494593599857271e-04
-5.193670679545507487e-05
-3.736834027192343505e-04
-2.069153090475200039e-04
-1.008458822076043740e-04
-1.085749926939801394e-04
-1.546325760415427598e-04
-2.405240441485879596e-04
-3.864797071510545209e-04
-6.274380940375394932e-04
-1.027472913169845273e-03
-1.692498457592516575e-03
-2.829782019718452869e-03
-4.825267334116056274e-03
-8.537860119067847142e-03
-1.588700282810704204e-02
-3.198153291396124698e-02
-7.251431531671694020e-02
-1.564837286643540604e-01
-1.651113373849980026e-01
-1.495246006079610501e-01
-1.277444387063572384e-01
-1.157202336479327409e-01
-1.173277259171651848e-01
-1.263512143047549885e-01
-1.315810229927729114e-01
-1.238738434627004587e-01
-1.074732496284205724e-01
-9.166164906916461630e-02
-7.763826974257774516e-02
-3.714148556553804881e-02
-1.714389700225471200e-02
-9.035852570635244385e-03
-5.155285710662190456e-03
-3.085979063940033802e-03
-1.914272314043214242e-03
-1.205441558977411254e-03
-7.683884228522797240e-04
-4.885850577360658590e-04
-3.103906955994147803e-04
-1.940820899602789073e-04
-1.169256323369730354e-04
-5.435027771933328175e-05
4.875842131424965850e-05
4.511982321226866714e-04
-2.173584134409436324e-04
2.286901794189861184e-05
-1.568513112762488695e-04
-6.850316360969178496e-05
7.936885914358764236e-05
8.682034435889762151e-04
2.630556236551636934e-04
-4.211296168749236054e-04
-3.678372534427485404e-04
1.389949171370998308e-04
-3.754905825123312427e-05
-7.336728279816165561e-05
-1.039669223831902133e-04
-1.538703593744610053e-04
-2.404145667218086067e-04
-3.864624603004027884e-04
-6.274207914002320838e-04
-1.027468902230155518e-03
-1.692500974494228145e-03
-2.829786391561517518e-03
-4.825272569938541048e-03
-8.537851820924776888e-03
-1.588699451178769706e-02
-3.198152951458006765e-02
-7.251430923722153310e-02
-1.564838261666894603e-01
-1.651113356722573033e-01
-1.495245992667529056e-01
-1.277444548841421557e-01
-1.157202366570218577e-01
-1.173277130178640715e-01
-1.263512023951602059e-01
-1.315810141764905961e-01
-1.238738515420584052e-01
-1.074732636208253628e-01
-9.166168333190856388e-02
-7.763847716796737353e-02
-3.714150877281872931e-02
-1.714389973376586121e-02
-9.035854658353853486e-03
-5.155280352325142083e-03
-3.085970789114124251e-03
-1.914273843731301595e-03
-1.205441619480819094e-03
-7.683857964316533843e-04
-4.885950139809670800e-04
-3.103848530182295941e-04
-1.940767496586693730e-04
-1.171804318239291125e-04
-5.735058542615112392e-05
1.917275537052205451e-05
1.791434076664763302e-04
2.924466615917956417e-04
-2.460525067087245346e-04
-4.063094611294275999e-04
6.489566824490342533e-04
-5.366850101736934464e-04
-5.987358200778686561e-04
-4.131663855305084724e-04
-5.212399182157274256e-05
-2.141986934900190433e-04
3.005767529983842303e-04
-3.469385938980941463e-04
-1.372562659433235579e-04
-1.243418848655228760e-04
-1.697763197595850843e-04
-2.635733557825581646e-04
-4.240979900776638040e-04
-6.889498022898989105e-04
-1.125957920954936357e-03
-1.849105320743438512e-03
-3.070251225327314936e-03
-5.182226964096077991e-03
-9.009084596229618297e-03
-1.634514966277886630e-02
-3.164605465297088555e-02
-6.759750205084258390e-02
-1.333523513036577179e-01
-1.177326359526312399e-01
-8.884048174893872940e-02
-6.635112745592239292e-02
-5.538299577466483659e-02
-5.576675573860909868e-02
-6.739778981671988578e-02
-8.828287125773903732e-02
-1.101477962914415853e-01
-1.179942432534387825e-01
-1.106965252637479302e-01
-9.572276578559882343e-02
-4.522902429620189596e-02
-2.067497717029485871e-02
-1.075551424669596995e-02
-6.054726098425485502e-03
-3.579948331455548236e-03
-2.192660926469919801e-03
-1.365840160422654654e-03
-8.614008192540335493e-04
-5.437583148809643817e-04
-3.442376838253651526e-04
-2.182771893042865043e-04
-1.433296835176672531e-04
-1.100392833497960407e-04
-1.415728708090456599e-04
-4.107696928581982339e-04
1.532423719453204303e-04
-1.530008781353000766e-04
-3.424081782187460136e-04
3.788381650308551049e-05
-3.431447551023765474e-04
-2.336868934244641963e-04
-6.334171243303707028e-04
9.141326717946809824e-05
1.576221821122873843e-04
-2.190035331362068162e-04
-5.660647980973746666e-04
-1.876426938539253958e-04
-1.350245947834517117e-04
-1.718905750705820108e-04
-2.639609960336172247e-04
-4.241670509790118442e-04
-6.889725047303265877e-04
-1.125964247399200650e-03
-1.849110227813061114e-03
-3.070256538758420195e-03
-5.182227885490628058e-03
-9.009088509508954290e-03
-1.634515363166145346e-02
-3.164605372185877452e-02
-6.759750952451942796e-02
-1.333524275588443830e-01
-1.177326547080312230e-01
-8.884050357203814030e-02
-6.635112651542469930e-02
-5.538299288631155781e-02
-5.576676044031197987e-02
-6.739778842016895533e-02
-8.828287641336320102e-02
-1.101477968186231199e-01
-1.179942340070404966e-01
-1.106965157112094200e-01
-9.572264998199087049e-02
-4.522902336525819189e-02
-2.067498255162491042e-02
-1.075550491853958374e-02
-6.054720601404040697e-03
-3.579954796179269857e-03
-2.192659387722663018e-03
-1.365841438438278972e-03
-8.613968563883438699e-04
-5.437277017721848854e-04
-3.441927569923229928e-04
-2.180351782386171118e-04
-1.419230678594803942e-04
-1.024155019598533634e-04
-9.988734632836334098e-05
-1.814117241646727549e-04
1.508313049077381974e-04
4.145691351474913911e-04
-4.330904766107870939e-04
2.688458352138195924e-05
4.262380221983585018e-04
2.969475868886023201e-04
-3.137534094696549087e-04
4.315651570093695551e-04
-6.051325064370168677e-04
3.210189995269764943e-04
-9.672675640723763532e-05
-1.189228438294583724e-04
-1.245434630048329768e-04
-1.702847629527323616e-04
-2.637260131445914695e-04
-4.241297895725812308e-04
-6.889536137599735783e-04
-1.125960691708743954e-03
-1.849113115104773905e-03
-3.070258084674331971e-03
-5.182224454389582416e-03
-9.009076158287080902e-03
-1.634514710917164479e-02
-3.164605355641886969e-02
-6.759750086185542517e-02
-1.333524351423567289e-01
-1.177326602779718151e-01
-8.884050681105588876e-02
-6.635113492832382664e-02
-5.538299145131488077e-02
-5.576674766673112016e-02
-6.739777695574847294e-02
-8.828287148855037958e-02
-1.101478108494888808e-01
-1.179942560050293437e-01
-1.106965510729205071e-01
-9.572281473855397127e-02
-4.522904789338819814e-02
-2.067498536495136416e-02
-1.075550651736707775e-02
-6.054717702764979281e-03
-3.579949260509656620e-03
-2.192663825018762152e-03
-1.365845187609062480e-03
-8.613981113803491525e-04
-5.437402313329934731e-04
-3.441799007964147948e-04
-2.179670263124159593e-04
-1.415908435678685305e-04
-9.989263220208039807e-05
-7.841958667222484784e-05
1.312702205278697641e-05
4.827704523209012618e-04
2.397225627114831425e-04
-7.533362818574762000e-05
4.024104909666862155e-04
6.016634565870029091e-04
-9.222489987059521088e-05
-4.747872294165348344e-05
4.207400123913704413e-04
-1.851921666076583183e-04
5.278034597410949944e-04
2.850120160086185993e-04
-2.664720689781289534e-05
-1.045332044673362475e-04
-1.734424649901588689e-04
-2.802745609680527242e-04
-4.555371059806652152e-04
-7.428640652807251424e-04
-1.214864946844819091e-03
-1.994427096655830480e-03
-3.298010611576345213e-03
-5.522755779563345152e-03
-9.444503104023839815e-03
-1.668627436325901062e-02
-3.097412277369690839e-02
-6.215543602214784052e-02
-1.121856935634713698e-01
-8.952908477340915105e-02
-5.936127982791711277e-02
-3.686333100773645649e-02
-2.570059986454208828e-02
-2.511152886040099105e-02
-3.527333731988218507e-02
-5.636877348785641895e-02
-8.696849065258784039e-02
-1.160796136843346704e-01
-1.272846542602445175e-01
-1.170559470930288420e-01
-5.514924404329006602e-02
-2.509519621779982002e-02
-1.294844319334543734e-02
-7.216014697452620592e-03
-4.221629409474723406e-03
-2.553098732239071200e-03
-1.571531225524734014e-03
-9.785405602375887076e-04
-6.112258736316205678e-04
-3.831422956706388499e-04
-2.421834484393829397e-04
-1.626989285282971309e-04
-1.415914121984014899e-04
-2.242834675649349105e-04
-6.038651408508871393e-04
6.051655586730898427e-04
4.193361846564207132e-04
-1.534002750883361316e-04
5.386059186645270833e-05
6.621319039504692128e-05
7.575345189678907710e-05
4.302830253899878553e-04
-2.122748377112485484e-04
-1.332595321944430753e-04
4.253942539396424801e-04
-4.451666183540902485e-04
-1.420766371670099764e-04
-1.238714011379637547e-04
-1.767400258159120897e-04
-2.808343192406007939e-04
-4.556343810526831766e-04
-7.428904701590008808e-04
-1.214868835293983962e-03
-1.994426358421882116e-03
-3.298013364194860280e-03
-5.522757841873542767e-03
-9.444505854343960768e-03
-1.668627841142672832e-02
-3.097412438024158693e-02
-6.215544286556374393e-02
-1.121857064917954200e-01
-8.952908914177699906e-02
-5.936128594149936433e-02
-3.686331868940959794e-02
-2.570059214496789313e-02
-2.511153339857993827e-02
-3.527334032370048333e-02
-5.636878277595098324e-02
-8.696849189542703307e-02
-1.160796015356381078e-01
-1.272846724259633355e-01
-1.170560033571550335e-01
-5.514925920261291858e-02
-2.509519873497574952e-02
-1.294843149736749077e-02
-7.216012942775560692e-03
-4.221643088425336247e-03
-2.553102538687961661e-03
-1.571533481819177612e-03
-9.785323020527385632e-04
-6.111905053179680870e-04
-3.830910047895125996e-04
-2.418935343737140030e-04
-1.609618338826483903e-04
-1.316468374230314381e-04
-1.663543315399565535e-04
-2.595597532693157648e-04
6.509096532698279607e-04
5.499025064880080091e-04
-3.424022821539390534e-04
-3.632908344127813282e-04
-2.909256840861759816e-04
5.479068063023339501e-04
2.743889015202980185e-05
-1.335692011539487713e-04
9.794209060557236644e-05
1.010913753737142337e-04
-4.740989658492127828e-04
-1.411226838318669274e-04
-1.228732970169683263e-04
-1.764625478533350775e-04
-2.807800596315084495e-04
-4.556203749008099456e-04
-7.428771931720300984e-04
-1.214868673622519551e-03
-1.994434360121860074e-03
-3.298019189224334242e-03
-5.522755299726490874e-03
-9.444499698086507300e-03
-1.668627597908504609e-02
-3.097411940708579697e-02
-6.215543214634887403e-02
-1.121857232420615108e-01
-8.952910575831335427e-02
-5.936130311751574434e-02
-3.686333684692507523e-02
-2.570059629862814568e-02
-2.511151966856509099e-02
-3.527332023349344370e-02
-5.636877038749477792e-02
-8.696850134674992405e-02
-1.160796175145903386e-01
-1.272846823596687216e-01
-1.170560723775286582e-01
-5.514927549675718854e-02
-2.509520445149884468e-02
-1.294843507038249616e-02
-7.216009840794331519e-03
-4.221632966041681014e-03
-2.553100266919046315e-03
-1.571534438400039660e-03
-9.785352065481019677e-04
-6.112035226878776220e-04
-3.830730890670438300e-04
-2.418252419315672374e-04
-1.608345620051472797e-04
-1.321648264711496458e-04
-1.787684519617714141e-04
-4.047433005807926751e-04
-7.974857689728982279e-05
-1.616447182178882517e-04
-9.476150050987650108e-05
-4.688237969556803162e-04
-2.001241569631402497e-04
5.889088002308159311e-04
-1.372716578642616632e-04
5.074067039088405991e-05
-3.891799515586225690e-05
-1.167531922645100430e-04
6.174443791061177880e-04
6.966192096992680880e-05
-7.914443411611318769e-05
-1.712934476237599048e-04
-2.900631302136111788e-04
-4.771000447673377277e-04
-7.817779491115660253e-04
-1.281162343918900055e-03
-2.106283203432011281e-03
-3.478868156851937666e-03
-5.801526979313112800e-03
-9.814482941634016661e-03
-1.700678776686703753e-02
-3.057743883616385536e-02
-5.849301693159422721e-02
-9.968627000879944078e-02
-7.636288006135537321e-02
-4.781807484348854498e-02
-2.614083861041579041e-02
-1.399602490378614936e-02
-1.095422850741883426e-02
-1.751477094587577249e-02
-3.464522850988341340e-02
-6.332140765315651121e-02
-9.945941602823676897e-02
-1.284034620325169296e-01
-1.307526553784439383e-01
-6.295423307868998342e-02
-2.909273109651542427e-02
-1.508889419120567829e-02
-8.397988990352225902e-03
-4.888845921898915016e-03
-2.930014564860278659e-03
-1.785810454801459602e-03
-1.099142031742409917e-03
-6.789733769204934393e-04
-4.195565851549909421e-04
-2.587812989783325169e-04
-1.626481099725023149e-04
-1.198834826665714690e-04
-1.631039393463780797e-04
-4.813937079187738844e-04
1.697900574218202409e-04
-3.983796434401364468e-05
-3.009115708182236951e-04
-2.914340351272273278e-04
6.858856209112923355e-04
1.379268990126434843e-04
2.678363368810097707e-04
-1.267314316641407555e-04
5.953987131919291458e-04
-1.932178867432334240e-04
3.481141637394772801e-04
1.587168048839883940e-05
-8.962337119540989157e-05
-1.732570062835920937e-04
-2.904184155395951074e-04
-4.771661617738968009e-04
-7.817985736183202675e-04
-1.281163440467700601e-03
-2.106278601661535320e-03
-3.478872181497770846e-03
-5.801534778192100721e-03
-9.814488285475904752e-03
-1.700679079150983417e-02
-3.057743391348588524e-02
-5.849301106251767607e-02
-9.968625311857275129e-02
-7.636287867828227272e-02
-4.781808444325064827e-02
-2.614083389795136478e-02
-1.399602300522784920e-02
-1.095423496598054228e-02
-1.751477505340615429e-02
-3.464523642063549458e-02
-6.332140555111849534e-02
-9.945940191605084912e-02
-1.284034712310490323e-01
-1.307526969013886320e-01
-6.295424622886149069e-02
-2.909273179702641030e-02
-1.508888233915925588e-02
-8.397987467086663604e-03
-4.888857709419284527e-03
-2.930016864282842907e-03
-1.785812705353496000e-03
-1.099136012349117078e-03
-6.789487880152255198e-04
-4.195347785895677081e-04
-2.586367058291938340e-04
-1.617927397274278973e-04
-1.154334290021274192e-04
-1.406322440601593619e-04
-3.713742496541492404e-04
-3.551915347188177891e-05
-5.220344780324515099e-04
-5.789519957929636787e-04
1.960312059869492526e-04
-6.913245681567641997e-05
-2.397492708665166733e-05
-6.556435973938057533e-05
3.031634136552471652e-04
2.641541741478046148e-05
6.061213284965937567e-05
9.409569862050890909e-05
-1.786009604434574016e-05
-9.408601251406051411e-05
-1.738368662262592269e-04
-2.904940018594864425e-04
-4.771721262424000426e-04
-7.817916739057183349e-04
-1.281165924400801907e-03
-2.106289257171249044e-03
-3.478877102864427490e-03
-5.801524618987383662e-03
-9.814477922530611201e-03
-1.700678804310201686e-02
-3.057743148173629535e-02
-5.849301132424066657e-02
-9.968629019999131202e-02
-7.636289788324233940e-02
-4.781809715512561065e-02
-2.614084438977762326e-02
-1.399602493486658793e-02
-1.095422429910616023e-02
-1.751475715230241953e-02
-3.464522566116051694e-02
-6.332141504911717456e-02
-9.945941455438646328e-02
-1.284034699570635318e-01
-1.307527134027668125e-01
-6.295425366320837879e-02
-2.909273745299269937e-02
-1.508888337371843032e-02
-8.397982461153617045e-03
-4.888846796807387943e-03
-2.930012990331688685e-03
-1.785813847171224692e-03
-1.099138757878087265e-03
-6.789543444869631031e-04
-4.194917672628886121e-04
-2.584264866499637846e-04
-1.607088762795618451e-04
-1.093700145716206890e-04
-1.060579874842761301e-04
-1.699373553311227302e-04
-4.892478241381814829e-06
4.578782221110950829e-04
1.309511944760928363e-05
1.394575493993303270e-05
-2.587106736617702219e-05
-4.517383008768351420e-04
5.950907175134660643e-05
-2.967053031617533773e-04
3.536033397922226477e-04
1.186016875735145340e-04
-9.564074076467313863e-05
-6.406921975973604280e-05
-1.025555866405068121e-04
-1.762898289134514880e-04
-2.958152216373564165e-04
-4.888217552730775468e-04
-8.038733596924242620e-04
-1.320229116836784842e-03
-2.174662233331126071e-03
-3.594594166379531247e-03
-5.991876135359059177e-03
-1.010308164950337630e-02
-1.738980654974051077e-02
-3.092893108756834819e-02
-5.831448469643903121e-02
-9.821912707067373405e-02
-7.458203642751470852e-02
-4.519648267770928762e-02
-2.206836229396842361e-02
-8.203798585411150104e-03
-3.181372536987760267e-03
-7.171755167681027193e-03
-2.079085939891072571e-02
-4.524583022252447878e-02
-7.974934354908075340e-02
-1.157599692093702337e-01
-1.312802733004996003e-01
-6.642033219013097900e-02
-3.170702362016972892e-02
-1.675069912323206775e-02
-9.402551080117805063e-03
-5.484809262074012010e-03
-3.275354815559477877e-03
-1.984640793294723069e-03
-1.211490734345813287e-03
-7.416510257228157684e-04
-4.517576407676041289e-04
-2.692545292317858577e-04
-1.481507168848310893e-04
-5.401094013018499745e-05
5.753234744481211516e-05
3.121899518901106682e-04
-5.163830088774725748e-04
5.376674080852058462e-04
-3.355609952904336124e-04
-2.505601433496055554e-04
-3.538334956917582141e-04
4.176062051171041279e-04
1.550141747835634398e-04
-2.800763855027795803e-04
4.449650946736367885e-04
-2.176506729430733136e-04
-1.017512471639771873e-04
-6.664780263824566283e-05
-1.034086201112354965e-04
-1.765068705074811966e-04
-2.958643903626521541e-04
-4.888347883348975265e-04
-8.038817961645790310e-04
-1.320223935957387257e-03
-2.174649982323798979e-03
-3.594595215186016917e-03
-5.991885503053198669e-03
-1.010308753441118215e-02
-1.738981076761480365e-02
-3.092893120304197538e-02
-5.831448623741162379e-02
-9.821912836821287962e-02
-7.458204050719981215e-02
-4.519648324627868058e-02
-2.206834958172714314e-02
-8.203793464319228054e-03
-3.181377948697228404e-03
-7.171760369669294422e-03
-2.079086587635704461e-02
-4.524582576149403790e-02
-7.974933186635611848e-02
-1.157599792364888552e-01
-1.312803054476212039e-01
-6.642034170747145028e-02
-3.170701877730433549e-02
-1.675068538781417093e-02
-9.402555378859632843e-03
-5.484830699190257342e-03
-3.275364564274955113e-03
-1.984642267979987162e-03
-1.211481647316691498e-03
-7.416346762953819139e-04
-4.517615777047589900e-04
-2.692560973255408541e-04
-1.481721837327772736e-04
-5.481157875554115981e-05
4.744579748280438632e-05
2.122265547634580285e-04
-5.861960094812179852e-04
1.788037241234545602e-04
2.852179410358709620e-04
1.206493459431827269e-04
-2.344350227499984328e-04
4.194431028648917099e-04
3.067165101577861959e-04
-7.969839979856590878e-04
2.840268819269621179e-04
7.092178507180862230e-05
-5.006168568209928241e-05
-5.859870883398662098e-05
-1.021925926548898991e-04
-1.763386437173849292e-04
-2.958398135565975758e-04
-4.888275830638972403e-04
-8.038759164116962130e-04
-1.320226263123031908e-03
-2.174661270352142625e-03
-3.594600862504746322e-03
-5.991875896932528055e-03
-1.010308400638823892e-02
-1.738981446225859595e-02
-3.092892632199650133e-02
-5.831447981201636627e-02
-9.821914314885193953e-02
-7.458205263826916953e-02
-4.519649779431877956e-02
-2.206836115161040987e-02
-8.203796871586396117e-03
-3.181370876661395158e-03
-7.171744970789285627e-03
-2.079085758211113646e-02
-4.524583568370504211e-02
-7.974933945421747161e-02
-1.157599689607951288e-01
-1.312802997576863751e-01
-6.642034483824625635e-02
-3.170702787795534605e-02
-1.675068809316697382e-02
-9.402546828755280889e-03
-5.484811008158686427e-03
-3.275352225561182617e-03
-1.984644156081653062e-03
-1.211488687058508542e-03
-7.416370313808557735e-04
-4.517123977002687686e-04
-2.690045146890577459e-04
-1.467623717841746696e-04
-4.626165943082027518e-05
1.020714540343271767e-04
5.799076684688663635e-04
-1.078895479247041147e-06
-1.669292053886416280e-04
2.853750663044574598e-04
-3.596170494127895164e-04
1.906399514510396609e-04
8.172240805497323513e-05
2.433031030797973813e-04
-4.049381204261419637e-04
-4.865274408399348680e-04
-3.025257312003306197e-06
-6.760951831317652157e-04
-1.558009867877280198e-04
-1.126114322858448797e-04
-1.740304163708846419e-04
-2.930482837830175559e-04
-4.869593029114138044e-04
-8.027622945182680053e-04
-1.319905714020343625e-03
-2.176500387581657790e-03
-3.602954260754480734e-03
-6.019752020041545422e-03
-1.018806883743265598e-02
-1.764885673194051610e-02
-3.174533126093653790e-02
-6.105617651889058695e-02
-1.062843001407554749e-01
-8.252984095791075780e-02
-5.088437410364455432e-02
-2.508104842435331799e-02
-8.523098802209761946e-03
-9.029606105782299720e-04
-2.032073991647948344e-03
-1.218364959546253123e-02
-3.215815980828023307e-02
-6.218575734389473336e-02
-9.736403099604890032e-02
-1.198630596540559146e-01
-6.491985672516301098e-02
-3.246622548515539636e-02
-1.763183374073723844e-02
-1.004689559571250897e-02
-5.900798947364081781e-03
-3.526890619115576921e-03
-2.132811819176873552e-03
-1.296411940272967044e-03
-7.893357947753315432e-04
-4.763446601434796128e-04
-2.775970996136055370e-04
-1.404497317981575092e-04
-2.431171879948243418e-05
1.137465232929492609e-04
3.164539822709011877e-04
1.618283985231728120e-05
3.055600922640708630e-04
3.383513168172205972e-04
-5.582249688684146017e-04
-4.461113162785030738e-04
4.107620661943021641e-04
-2.511905094995577634e-04
-3.310778587419603417e-04
-1.285396444813053189e-06
6.787538060629939515e-04
-4.113426408903966673e-04
-1.141220389050409754e-04
-1.058571237935644968e-04
-1.729219864069652030e-04
-2.928690534363440176e-04
-4.869317214469479353e-04
-8.027592589647878762e-04
-1.319898582584763105e-03
-2.176491768546187644e-03
-3.602965135055810793e-03
-6.019770261232768732e-03
-1.018807467743081986e-02
-1.764885355596388164e-02
-3.174532236966087773e-02
-6.105616745526940697e-02
-1.062842909291111526e-01
-8.252984107336015784e-02
-5.088437060668352108e-02
-2.508103640692642411e-02
-8.523096844411100909e-03
-9.029684651818594820e-04
-2.032083019754348397e-03
-1.218365749103965390e-02
-3.215815494333237184e-02
-6.218574497161092479e-02
-9.736403281385012931e-02
-1.198630701866081616e-01
-6.491986569418403685e-02
-3.246622690795660654e-02
-1.763182846109963287e-02
-1.004690333997836603e-02
-5.900814781535111686e-03
-3.526889837632418354e-03
-2.132802330800506827e-03
-1.296399931672749962e-03
-7.893290533941145059e-04
-4.763568671320500200e-04
-2.776285279854719449e-04
-1.405137129742756348e-04
-2.412198863237518211e-05
1.191790205442109910e-04
3.855392599340697751e-04
2.930865034438317270e-04
-1.028944528441419400e-04
2.839041540118699054e-04
-6.174659335851625033e-04
-8.705611798129083529e-05
-4.643851848960967987e-04
-4.547234456649955385e-05
-5.974114221583846961e-04
4.586633264795728104e-04
-2.065247102216482872e-04
-9.692664014471785998e-05
-7.376204005784498343e-05
-1.006929474629017046e-04
-1.722914966419816709e-04
-2.927892958487524565e-04
-4.869198596850008039e-04
-8.027592785219911722e-04
-1.319903042791912466e-03
-2.176501374864899495e-03
-3.602965250187222142e-03
-6.019752947691669673e-03
-1.018806824791558541e-02
-1.764885882238377904e-02
-3.174532144761450098e-02
-6.105616855380732733e-02
-1.062843022080464800e-01
-8.252985389010963901e-02
-5.088438738979846748e-02
-2.508104743631301911e-02
-8.523099202692426338e-03
-9.029615676344430065e-04
-2.032066568217884544e-03
-1.218364785050075720e-02
-3.215816244311887895e-02
-6.218574959789262280e-02
-9.736402322990775349e-02
-1.198630618525293873e-01
-6.491986519602543915e-02
-3.246623114458409981e-02
-1.763182617448924225e-02
-1.004689501829762570e-02
-5.900801226894505577e-03
-3.526886172951277775e-03
-2.132813384715321128e-03
-1.296409404547873385e-03
-7.893255736032971396e-04
-4.763229392015813591e-04
-2.775133676629179709e-04
-1.402015957104101539e-04
-2.446447458288240044e-05
1.029074468452366843e-04
1.914321518069941191e-04
3.837034932197243894e-04
-1.662514113356724371e-04
2.213175476639574874e-04
-4.870213399285868230e-04
7.458783703380971874e-05
-5.940150771361321549e-04
1.897540928197781625e-04
-2.347730883653561260e-04
-2.197952395541398496e-04
-5.344540944378383708e-04
2.809302878892089815e-04
4.440298096734802128e-05
-6.137089774058321053e-05
-1.553445108703303281e-04
-2.802290455798939748e-04
-4.712437033046766371e-04
-7.776385264558130636e-04
-1.277243960309223589e-03
-2.103390488518179589e-03
-3.482458425885686867e-03
-5.832461290204777465e-03
-9.940523746664988239e-03
-1.746019293820151586e-02
-3.218101132668629849e-02
-6.440630246969589190e-02
-1.189940676780038009e-01
-9.673437717329415320e-02
-6.188340881253465847e-02
-3.206697055439278188e-02
-1.215458100916559821e-02
-1.924432190235627390e-03
-6.807118453495090028e-04
-8.203714211368139109e-03
-2.479740936228952419e-02
-5.079036825892407903e-02
-8.278292572791604020e-02
-1.068580929627845344e-01
-6.147265008935830222e-02
-3.202523694644576063e-02
-1.783658097742464241e-02
-1.031420008835218227e-02
-6.105519814426414553e-03
-3.661718573923234462e-03
-2.216586960274844007e-03
-1.346628280356241582e-03
-8.187143569600935453e-04
-4.927389912693613512e-04
-2.857008936277031456e-04
-1.429753119140903602e-04
-2.187203070100437097e-05
1.362487047202628587e-04
5.126054374661408565e-04
6.261366737462545709e-05
-2.794849993955137563e-04
1.064831249670217196e-04
-3.756723391749717633e-04
2.316483018581694709e-04
-2.083357581978773152e-04
5.588563881075353035e-04
-2.709930589861568595e-04
-3.908448258166002704e-04
5.450344566259600386e-04
5.383704064433317196e-04
8.371350884085903177e-05
-5.474652435971487634e-05
-1.541703391136304831e-04
-2.800258039645622311e-04
-4.712099695258030593e-04
-7.776289180985590261e-04
-1.277231982197301339e-03
-2.103374535555679100e-03
-3.482460858384783114e-03
-5.832474709209748039e-03
-9.940529635675507056e-03
-1.746019299106064265e-02
-3.218100640084978897e-02
-6.440629681639400972e-02
-1.189940700276052726e-01
-9.673438612036769357e-02
-6.188340650369956314e-02
-3.206695885386647710e-02
-1.215457876710894329e-02
-1.924439979873003711e-03
-6.807233260242595042e-04
-8.203721903325586831e-03
-2.479740144432544466e-02
-5.079035392956463002e-02
-8.278292257257276188e-02
-1.068580968858969249e-01
-6.147265260895295319e-02
-3.202523307549375031e-02
-1.783657493156666843e-02
-1.031420980879863177e-02
-6.105538027015191931e-03
-3.661720844759077179e-03
-2.216578914934423227e-03
-1.346620259372634243e-03
-8.187165528484237646e-04
-4.927572115557856108e-04
-2.857918746947821827e-04
-1.434899464227030194e-04
-2.497763173317889607e-05
1.162902475280207172e-04
3.784315229795823113e-04
-1.032069342693543452e-04
-7.122691788634841030e-04
3.922056935031831737e-04
1.399588588823423570e-05
-5.228458336699632215e-04
4.373939545254225750e-04
2.635808347086246689e-04
1.383323152855831396e-04
-1.996396093853046862e-04
-1.413030029264330883e-04
3.512414974789105173e-04
5.457156000381941556e-05
-5.973793373122508450e-05
-1.550629711364020895e-04
-2.801755183334934973e-04
-4.712348028122323364e-04
-7.776413569058902896e-04
-1.277240962825509224e-03
-2.103387584062267265e-03
-3.482464566022006828e-03
-5.832459294619419046e-03
-9.940524266543042040e-03
-1.746019707129039047e-02
-3.218100236667866682e-02
-6.440629358397777227e-02
-1.189940629078480305e-01
-9.673438783736268420e-02
-6.188341893486219020e-02
-3.206696920980747767e-02
-1.215458375927602405e-02
-1.924436510010642514e-03
-6.807067721884667039e-04
-8.203711575768960970e-03
-2.479740828577913642e-02
-5.079035838737955277e-02
-8.278292009271191743e-02
-1.068580955519856102e-01
-6.147265860616465960e-02
-3.202524246593645846e-02
-1.783657462865909094e-02
-1.031420007352882445e-02
-6.105518739184368979e-03
-3.661709739373454793e-03
-2.216586061942219573e-03
-1.346626622012206788e-03
-8.187051784895635993e-04
-4.927076997471710115e-04
-2.855567792354066843e-04
-1.423718288146170313e-04
-1.990649869297697440e-05
1.385964537026897019e-04
4.761875524393652899e-04
1.584386898704075750e-04
2.441678887073119126e-05
-2.029895569316704225e-04
-8.275745898685478343e-05
1.384541491786438162e-04
-2.531927706502530421e-04
-2.413025219529446391e-04
4.422170979417090080e-04
-5.377156215893826377e-04
-2.398746732766562429e-04
4.525508229153491673e-04
8.216772508940377643e-05
-4.352054262790210792e-05
-1.413457996026070502e-04
-2.631437163290266108e-04
-4.445822641920139755e-04
-7.316173693869965208e-04
-1.196608759541182817e-03
-1.961266595891374576e-03
-3.238336438280426353e-03
-5.423397244140676365e-03
-9.299319094166884694e-03
-1.656843768418241741e-02
-3.137423123666381597e-02
-6.576057997228551555e-02
-1.300923236322584498e-01
-1.147240551571871991e-01
-7.907415582002030874e-02
-4.488876104331832040e-02
-2.060204910464144556e-02
-6.990854663204973916e-03
-2.943977589674137176e-03
-7.906911689003178270e-03
-2.184892539919554288e-02
-4.521119995313346157e-02
-7.501140094663746871e-02
-9.903897179585574584e-02
-5.888041019485196204e-02
-3.130161014594683849e-02
-1.764301577175926561e-02
-1.027763499124796642e-02
-6.112883470015203352e-03
-3.679351225231884768e-03
-2.233197603172172932e-03
-1.359976273228309489e-03
-8.283835987529586994e-04
-5.000258862743282027e-04
-2.927230848472492310e-04
-1.556344987962509198e-04
-6.009184612534575025e-05
-1.135944022758105566e-05
-1.498244259603913428e-04
2.647093996817343397e-04
-1.279446402570308850e-04
-1.813876883191669937e-04
4.974512534903370023e-04
2.545713934757912146e-04
-2.284015718650671658e-04
-2.588499576182179732e-04
-3.550352456488459554e-04
-8.396070922534260082e-05
-3.655424786234606933e-04
2.207918529880794961e-04
6.715005514183377264e-05
-4.296107186950065717e-05
-1.408245866784887544e-04
-2.630074423153918846e-04
-4.445527194601563495e-04
-7.316029162646300659e-04
-1.196599542399268308e-03
-1.961259753135654021e-03
-3.238348007371448338e-03
-5.423415743072967747e-03
-9.299322418372590535e-03
-1.656842985898947240e-02
-3.137421974022841509e-02
-6.576057292271092480e-02
-1.300923389378765560e-01
-1.147240671712517202e-01
-7.907415028646208599e-02
-4.488874742869995021e-02
-2.060204712778992281e-02
-6.990862485181279298e-03
-2.943988588041345465e-03
-7.906914599972992425e-03
-2.184891289702234687e-02
-4.521118928398456388e-02
-7.501140708077520813e-02
-9.903898990160028837e-02
-5.888042017882594986e-02
-3.130160953821587572e-02
-1.764301140389409883e-02
-1.027764016107507103e-02
-6.112891057882233366e-03
-3.679345353840814820e-03
-2.233186350701039241e-03
-1.359971135760972526e-03
-8.283909221035628059e-04
-5.000369869177060137e-04
-2.927833451588435828e-04
-1.559821587461294263e-04
-6.209678332429037040e-05
-2.366802182974738514e-05
-2.290131302832295961e-04
-5.571871212153972608e-05
1.356827593000438456e-06
2.477784127878675116e-04
2.840951728019360596e-04
-3.556381041109705761e-04
-4.873722594523355062e-04
-2.789525180052478625e-04
2.322493752734807663e-04
9.602936879006178730e-05
3.092140400573312425e-04
-1.507924997974899230e-04
3.385942839336896051e-06
-5.424916118532039603e-05
-1.428246448338321370e-04
-2.633466531516195637e-04
-4.446118088868910375e-04
-7.316257335750973303e-04
-1.196606282324473277e-03
-1.961264005080070368e-03
-3.238342893637923599e-03
-5.423397251695364144e-03
-9.299322228283545336e-03
-1.656844247639388187e-02
-3.137422231081014173e-02
-6.576057086948036701e-02
-1.300923168049943068e-01
-1.147240612412449151e-01
-7.907416045289353268e-02
-4.488875754257999617e-02
-2.060205485392849548e-02
-6.990863699203399978e-03
-2.943975428593017998e-03
-7.906908412227200977e-03
-2.184891994064611445e-02
-4.521118653641741092e-02
-7.501139778035377514e-02
-9.903897952765197688e-02
-5.888042206183535798e-02
-3.130161397262642281e-02
-1.764300568006862968e-02
-1.027763224883769706e-02
-6.112881570248768909e-03
-3.679344247381818346e-03
-2.233198181312887921e-03
-1.359976091127573306e-03
-8.283708895977987853e-04
-4.999584015762458889e-04
-2.923448461516789344e-04
-1.535221767310414884e-04
-4.849713524894806130e-05
5.088784178900613160e-05
1.697951974120437532e-04
-1.194269570324490759e-04
3.845773422384685092e-04
4.088025030291555953e-04
3.698378914063239482e-04
-3.306358526994526269e-04
2.663985434683495261e-04
3.405816045065730648e-04
-4.486545948825038164e-04
-2.651028623286211315e-04
1.169800506578487872e-04
-1.064308176955232533e-04
1.840123438394950996e-06
-5.255286558903614461e-05
-1.331284429359849719e-04
-2.439501488084535089e-04
-4.100451772936899780e-04
-6.698006168071723044e-04
-1.086825787717530774e-03
-1.765406029571041325e-03
-2.895040364243046081e-03
-4.825564820859575693e-03
-8.283462270805537833e-03
-1.487201883418257098e-02
-2.866664368076396116e-02
-6.202812629264504996e-02
-1.289677265515637994e-01
-1.265865183718878073e-01
-9.792041713997758079e-02
-6.220148580451468484e-02
-3.386996305528559154e-02
-1.691475854456229652e-02
-1.043179972589396674e-02
-1.352633507419937105e-02
-2.586653684398834349e-02
-4.793855327773819536e-02
-7.711278916491993984e-02
-1.009791387785377026e-01
-5.935209658910937242e-02
-3.112456354411372722e-02
-1.737133725905762663e-02
-1.006556684351629302e-02
-5.976226304666077370e-03
-3.602591185496171848e-03
-2.192507873393150994e-03
-1.340687476618569610e-03
-8.198767153105374550e-04
-4.977792368259788096e-04
-2.947552803786545445e-04
-1.630052020107429609e-04
-7.442170977947075059e-05
-2.407480805551678283e-05
-1.031861685776447069e-04
2.384802504098854884e-04
3.818897720670135680e-04
-5.524668400627037859e-05
3.283262197452060677e-04
-6.640759009794993143e-04
-8.330149755222135497e-05
-4.426572534708627348e-04
-2.810574646610554308e-04
-4.890701589549784707e-05
7.560292568559994907e-05
5.042804272372172466e-04
8.266286379667968094e-05
-4.088465538749238123e-05
-1.313284274180449949e-04
-2.436709141976803425e-04
-4.100005335076026703e-04
-6.697832783728232403e-04
-1.086818812716608884e-03
-1.765398985126900465e-03
-2.895043924169193351e-03
-4.825575120961514593e-03
-8.283462622084557594e-03
-1.487201284829347755e-02
-2.866663558619798879e-02
-6.202811846665801793e-02
-1.289677108310614551e-01
-1.265865175152242617e-01
-9.792040227174884925e-02
-6.220147192898713151e-02
-3.386996505527878343e-02
-1.691477016893158311e-02
-1.043181389783149650e-02
-1.352633830929208039e-02
-2.586652492611066570e-02
-4.793854553378375238e-02
-7.711279041772703402e-02
-1.009791394746061832e-01
-5.935209604885512830e-02
-3.112455908955808620e-02
-1.737133941939069531e-02
-1.006557801812943582e-02
-5.976233397013712770e-03
-3.602585269968254077e-03
-2.192496579437851374e-03
-1.340682056901535508e-03
-8.198824083579506119e-04
-4.977727033228292880e-04
-2.947279766008766640e-04
-1.628412445962474123e-04
-7.301922377503112507e-05
-1.182153585225437104e-05
3.401015728900983028e-06
1.188961995897530718e-04
3.533274271053560875e-04
-1.132733430134751383e-04
-5.014131362475000766e-04
-5.109324161799771655e-04
-2.306890958032400019e-04
-5.027357046740875586e-05
-1.624687984936297274e-04
-2.782791162411545971e-04
6.235713137816698131e-06
1.632006306107122316e-04
2.309600632145334388e-05
-5.164860329551890618e-05
-1.332711442081673176e-04
-2.440046371326926370e-04
-4.100601362281276426e-04
-6.698080219393249581e-04
-1.086824103753763083e-03
-1.765403897511473369e-03
-2.895045448555307217e-03
-4.825565909645859047e-03
-8.283468042129116596e-03
-1.487202364981001293e-02
-2.866663350849556549e-02
-6.202811630781032703e-02
-1.289677172141120154e-01
-1.265865229822961124e-01
-9.792041556032915484e-02
-6.220147988549295376e-02
-3.386997094375331779e-02
-1.691477292418941403e-02
-1.043180209795940491e-02
-1.352633233236429956e-02
-2.586652557103127914e-02
-4.793853264458877717e-02
-7.711278296029104584e-02
-1.009791482619716713e-01
-5.935210987281722833e-02
-3.112457023085275429e-02
-1.737133562092629466e-02
-1.006557253824216444e-02
-5.976227089730194383e-03
-3.602581986715026625e-03
-2.192502622481892673e-03
-1.340683898396631459e-03
-8.198632276268161528e-04
-4.977057370692135850e-04
-2.943143708074611267e-04
-1.602644619364072798e-04
-5.687741004193238567e-05
9.194689174027711001e-05
6.883784017667045558e-04
-1.168269381829096788e-04
-2.754224091427664263e-04
-1.300524112485430806e-04
-6.080687152705798051e-05
4.217132125407025865e-04
4.636130002452559448e-04
7.981610355442907948e-05
2.240178962477576362e-05
-4.626456554156279521e-05
3.937605584796456107e-04
7.175542607557535454e-05
-1.692783707207271075e-05
-5.947043213362336399e-05
-1.255824716041750689e-04
-2.241894171244651949e-04
-3.734742444206666447e-04
-6.037539173950885567e-04
-9.689271324072460442e-04
-1.553642720880817106e-03
-2.519003038781973854e-03
-4.154350662988230518e-03
-7.086753475133791141e-03
-1.269187932972722956e-02
-2.457012663956490220e-02
-5.396298788748302849e-02
-1.147159153122412761e-01
-1.247914125036721916e-01
-1.137395792535042111e-01
-8.508907233925953884e-02
-5.507190258962114254e-02
-3.443791652492989713e-02
-2.461157959619272168e-02
-2.548655385745957763e-02
-3.710165346176833023e-02
-6.026779087365575355e-02
-9.132968100099451980e-02
-1.146240198247074071e-01
-6.359814356322171514e-02
-3.181588577648902794e-02
-1.722695718051675193e-02
-9.812998250857967938e-03
-5.778816081397821630e-03
-3.480144219158985350e-03
-2.122055605159384704e-03
-1.303761520444484019e-03
-8.010950467220562775e-04
-4.895543201086954193e-04
-2.927351258268686947e-04
-1.667251871200025443e-04
-8.621330252090499699e-05
-4.091663941393091405e-05
4.441435023041693758e-07
-2.795605335479479968e-04
-8.574758665290753131e-05
4.253852087131941009e-04
-2.688424057646864301e-04
2.182169974099904550e-04
-2.410065383615151065e-05
-1.447023308765842944e-05
2.958998649671337462e-04
-1.228234034284456653e-04
5.728841182495092096e-04
-1.123474662471925608e-04
-2.653963268645105877e-05
-5.857163162167697024e-05
-1.251245211134036257e-04
-2.240903081968336993e-04
-3.734548370129838857e-04
-6.037367230866989235e-04
-9.689193029351566124e-04
-1.553636566185447867e-03
-2.519005128285920457e-03
-4.154358366144791925e-03
-7.086750306802738764e-03
-1.269187051000402952e-02
-2.457012031068395858e-02
-5.396298380092432595e-02
-1.147158955637667122e-01
-1.247914127786448057e-01
-1.137395628441227186e-01
-8.508905946615100135e-02
-5.507190809381450058e-02
-3.443793056001528269e-02
-2.461159327384472573e-02
-2.548654980213018589e-02
-3.710163258034631512e-02
-6.026778214955813562e-02
-9.132968983306823108e-02
-1.146240306465629993e-01
-6.359814373963575129e-02
-3.181587856722360719e-02
-1.722695465924242025e-02
-9.813001707305781668e-03
-5.778814579244299400e-03
-3.480137518898181268e-03
-2.122046286011110457e-03
-1.303757762621588065e-03
-8.011019974647829974e-04
-4.895390290356353225e-04
-2.926814314243903923e-04
-1.666313957927667631e-04
-8.657382950112688428e-05
-4.811055148407505260e-05
-7.172693807527658028e-05
1.454618071856409139e-04
-2.578144272904206585e-05
-1.950131087372377177e-05
-2.425485094296059849e-04
-3.099148941052225865e-04
3.363130647051252540e-05
4.036889662654603059e-04
5.641650167961900254e-04
2.079511260290083980e-05
-1.637685182654013603e-04
-2.345585800594077869e-04
-5.148171376299518425e-05
-6.351549774419861796e-05
-1.260708723534205834e-04
-2.242536016777620523e-04
-3.734883910427074915e-04
-6.037618402595820418e-04
-9.689265739156597331e-04
-1.553640001184022727e-03
-2.519004316026553052e-03
-4.154349647833146392e-03
-7.086758567559260300e-03
-1.269188292434627295e-02
-2.457011694074055091e-02
-5.396297708771687074e-02
-1.147158875646958204e-01
-1.247914100511198082e-01
-1.137395755634549865e-01
-8.508906272566148232e-02
-5.507191030089755163e-02
-3.443793288539969549e-02
-2.461158523970250964e-02
-2.548655383060274143e-02
-3.710164364736853737e-02
-6.026777464757351876e-02
-9.132969017451475491e-02
-1.146240925411841499e-01
-6.359815969298650284e-02
-3.181588756149859171e-02
-1.722695180333292178e-02
-9.812999609589768621e-03
-5.778813777184895265e-03
-3.480135450161465048e-03
-2.122051156831187592e-03
-1.303762482170583818e-03
-8.010963306742175565e-04
-4.895501513492178268e-04
-2.927456262603155956e-04
-1.670593845904622609e-04
-8.992895447584017203e-05
-7.431535321602075880e-05
-2.756597560832640698e-04
-2.396719595269795758e-04
-2.837916133726020931e-04
-2.087469453723542895e-04
-8.994363231908446233e-04
-5.151188514931286750e-04
-3.213279624542045450e-04
-5.566242307574651810e-05
2.348978019879036832e-04
-2.610838880673449296e-04
7.357002121611264968e-05
-2.782578682282373680e-04
-4.402677532172749603e-05
-5.266727468385889934e-05
-1.126862015280194495e-04
-2.035473035470306588e-04
-3.381984427038224974e-04
-5.410113633037817943e-04
-8.573987878510430779e-04
-1.353641928099551250e-03
-2.162811137806047550e-03
-3.512289535739536971e-03
-5.914348077200469803e-03
-1.046267754611914132e-02
-2.005194576563141054e-02
-4.376560472298179211e-02
-9.272838438156913443e-02
-1.074025394007629697e-01
-1.146405307899127229e-01
-1.070453643678820482e-01
-8.586975577128296011e-02
-6.583670670467277330e-02
-5.500949043971061631e-02
-5.535690536513299120e-02
-6.719227378825838592e-02
-9.080070018685232336e-02
-1.209773331998920537e-01
-1.372149005171827141e-01
-6.981382398546728818e-02
-3.290427113714415597e-02
-1.714349091174028478e-02
-9.551866303248683979e-03
-5.559590863256227457e-03
-3.339111194642786339e-03
-2.037924825503254281e-03
-1.257856992499096268e-03
-7.764526659637609836e-04
-4.771604191561052972e-04
-2.861727372589600014e-04
-1.618384482504480490e-04
-7.797322858974357657e-05
-2.226238390027812848e-05
4.021981241508254307e-05
1.747364095701672121e-04
-2.742287325866526407e-04
-8.206929428312640794e-05
-5.836220554769396690e-04
6.881391547600028196e-04
-2.632483489898227694e-04
-5.235866586909860166e-04
-7.935163803801287860e-05
6.598322336431092889e-05
2.406022531671748576e-04
-1.601632770095245422e-05
-1.273293435504657484e-05
-4.877661781072589948e-05
-1.121979107773078709e-04
-2.035031345767405726e-04
-3.381964653368291001e-04
-5.409984954464666217e-04
-8.573929687430352324e-04
-1.353634930474418912e-03
-2.162806486044120940e-03
-3.512290135314399819e-03
-5.914342549211309627e-03
-1.046266950344581885e-02
-2.005193961397228747e-02
-4.376558915709987535e-02
-9.272829229110443605e-02
-1.074025282458098418e-01
-1.146405086586811811e-01
-1.070453499604430425e-01
-8.586975612454711415e-02
-6.583671376970721967e-02
-5.500950131058209708e-02
-5.535690361133557835e-02
-6.719226212675774579e-02
-9.080070570568130051e-02
-1.209773469248876104e-01
-1.372149178746858156e-01
-6.981381835632925748e-02
-3.290426086649055754e-02
-1.714349265297623534e-02
-9.551873937363692529e-03
-5.559589411623352788e-03
-3.339107767063449229e-03
-2.037917926202272630e-03
-1.257854601779791453e-03
-7.764597989575338808e-04
-4.771234810458289629e-04
-2.859968190003044823e-04
-1.611217847605104180e-04
-7.513900110006773662e-05
-1.395037691277183546e-05
3.478370587902673426e-05
5.855634208362010557e-04
3.748426696771545369e-05
3.920775071957359383e-04
-3.823299226925918107e-04
6.784098066207109418e-05
-5.106174553469521949e-04
-9.331340180984659097e-05
-2.255689677489376461e-04
1.377198140134702775e-04
-3.422012775783261408e-05
-3.187330653020142699e-05
-1.047848106479677303e-05
-4.777383320386762702e-05
-1.119561598141670508e-04
-2.034417863252622604e-04
-3.381885912424408111e-04
-5.410145859351951463e-04
-8.573971024151859008e-04
-1.353637841935189301e-03
-2.162810539911017189e-03
-3.512290787837683056e-03
-5.914356610566529580e-03
-1.046268147276998954e-02
-2.005193369246063839e-02
-4.376557836457843631e-02
-9.272826573966448660e-02
-1.074025230684374638e-01
-1.146405255342546337e-01
-1.070453565889790126e-01
-8.586976230710752223e-02
-6.583671920812807221e-02
-5.500949275923511933e-02
-5.535690322405299041e-02
-6.719226151394294688e-02
-9.080068518655202980e-02
-1.209773390794045417e-01
-1.372149516050493456e-01
-6.981384017724104329e-02
-3.290427351454348892e-02
-1.714349175578558371e-02
-9.551872466883987514e-03
-5.559589905810761665e-03
-3.339103246262085760e-03
-2.037919700803662078e-03
-1.257860354211894809e-03
-7.764631676604542279e-04
-4.771902001150866686e-04
-2.863748058299420466e-04
-1.633246752669798485e-04
-8.875381509690076390e-05
-9.969489297336117369e-05
-5.115121302692213993e-04
3.950098797205800049e-04
-1.230416558541605617e-04
2.881737520967176075e-04
-4.613905774268327472e-04
-5.824599785881664886e-05
-4.008232315213207451e-05
1.689199256035620446e-04
9.690100251796282061e-05
4.729310604042574989e-04
-3.796318967736657000e-04
3.605596297727065198e-04
8.972359940640598787e-05
-1.531058365330050896e-05
-9.509223502229413735e-05
-1.859057002058206421e-04
-3.111584977627037947e-04
-4.938798258018452193e-04
-7.738849322206675955e-04
-1.203835345503772398e-03
-1.895078362847429964e-03
-3.026379829028108363e-03
-5.015236034837037941e-03
-8.722707606634728245e-03
-1.644729537447927117e-02
-3.544526495260435367e-02
-7.409854445171372428e-02
-8.776286058135411572e-02
-1.033950381723885842e-01
-1.197948708391949890e-01
-1.280659676518844103e-01
-1.240465877246970244e-01
-1.165589376828896906e-01
-1.165478815395771112e-01
-1.302278583458482131e-01
-1.535443455617563346e-01
-1.703955073854928060e-01
-1.622731220274381547e-01
-7.589403091157001513e-02
-3.388744717186392003e-02
-1.709016517381399189e-02
-9.352220159446322095e-03
-5.388935656841089411e-03
-3.228804276292572637e-03
-1.971428608893678863e-03
-1.221340535140492912e-03
-7.566976361671166754e-04
-4.669447893390850954e-04
-2.795919581450900565e-04
-1.525101528809116131e-04
-5.162514025715684890e-05
5.370036377207660684e-05
1.717337625249682202e-04
-4.400040722238296974e-04
-5.371173929264957438e-04
1.497138387369534199e-04
-2.190196911769026430e-04
4.491108938851965494e-05
2.605274376389848196e-04
1.787164635304782300e-04
-1.815069385948469519e-04
1.135509503334002529e-05
4.512350965864444889e-04
2.172289974215924502e-04
6.465472697473021878e-05
-1.977295457943705791e-05
-9.588902121381330176e-05
-1.860639398801402524e-04
-3.111883523330781346e-04
-4.938730085401060472e-04
-7.738834666033916161e-04
-1.203833133890548027e-03
-1.895075767423938821e-03
-3.026381178096284111e-03
-5.015231466998990029e-03
-8.722697700406956134e-03
-1.644728524183036375e-02
-3.544524864809357745e-02
-7.409853451188910811e-02
-8.776285407951711637e-02
-1.033950153117458720e-01
-1.197948610107333611e-01
-1.280659738747856602e-01
-1.240465981024087144e-01
-1.165589488928728129e-01
-1.165478744506530107e-01
-1.302278416424496876e-01
-1.535443535696720818e-01
-1.703955077525171058e-01
-1.622729501753606973e-01
-7.589400948636232380e-02
-3.388743804984186564e-02
-1.709016674207788217e-02
-9.352221781229887176e-03
-5.388925439210481491e-03
-3.228796991656379765e-03
-1.971419956340669712e-03
-1.221339634683519387e-03
-7.567059575716276630e-04
-4.668804755714663513e-04
-2.792254283538550151e-04
-1.505193845814735464e-04
-4.001365028517321425e-05
1.235184864129666867e-04
6.069513409424404007e-04
-8.698456101717529445e-05
-5.070119671587759464e-04
-2.487956642184948816e-04
-4.899534657315156392e-04
-1.080758262527943173e-04
1.145022537576150684e-04
-5.764135848215719326e-05
-4.749757005259754288e-04
4.601223343752716764e-05
6.838600686232138839e-04
5.462982314469307056e-04
1.211188562720905333e-04
-9.864074376409254493e-06
-9.415898058919407458e-05
-1.857527779174918635e-04
-3.111397230728300085e-04
-4.938826045491872532e-04
-7.738858633204789969e-04
-1.203832392486598292e-03
-1.895076406729890098e-03
-3.026381115089740986e-03
-5.015243366603317973e-03
-8.722707386863020468e-03
-1.644727799083181216e-02
-3.544522640570692273e-02
-7.409846567325828470e-02
-8.776283969183915068e-02
-1.033950293215801924e-01
-1.197948660638667728e-01
-1.280659773604217178e-01
-1.240466016672798488e-01
-1.165589421307027390e-01
-1.165478785220240010e-01
-1.302278416079524215e-01
-1.535443302557361611e-01
-1.703955119462110257e-01
-1.622730039725523710e-01
-7.589402780611338717e-02
-3.388744769486736613e-02
-1.709017035488584468e-02
-9.352227095680371027e-03
-5.388932091111240871e-03
-3.228794675156057472e-03
-1.971421201612059623e-03
-1.221343431597370207e-03
-7.567060094109522711e-04
-4.669409020951082465e-04
-2.795224549518177397e-04
-1.519107230132361690e-04
-4.683527808787260924e-05
9.033639525880236972e-05
4.466205103593068478e-04
1.126948626637548178e-04
-1.247218383559506575e-05
2.479207865625237704e-04
-1.935177303155461402e-04
5.573083425366878816e-04
1.622831021568591620e-04
-1.050223360091892072e-04
-2.876208659835325916e-04
2.916159898876893473e-04
-5.627576760736375904e-05
2.849231343966220011e-04
8.723039191149703302e-05
-7.739593469468787320e-06
-8.716383096306449000e-05
-1.760892761346226961e-04
-2.958365112900444870e-04
-4.673362555910644798e-04
-7.271455677343535663e-04
-1.120508206359746009e-03
-1.746850756635694299e-03
-2.758273320481146717e-03
-4.519262177538341252e-03
-7.761172280460544755e-03
-1.444496501299822287e-02
-3.077306892651026152e-02
-6.405220703405384297e-02
-7.554973911988444035e-02
-9.204425576816177568e-02
-1.187727982088095380e-01
-1.586991829307010660e-01
-2.079339707861416198e-01
-2.479950742587871404e-01
-2.703553336015049879e-01
-2.818329812612097030e-01
-2.646461327620222570e-01
-2.201481880654592160e-01
-1.758121257686239558e-01
-7.826345830015157823e-02
-3.413293000263840915e-02
-1.696785498941516188e-02
-9.210831947182267568e-03
-5.281076004030849438e-03
-3.161084220967422514e-03
-1.930796807554210600e-03
-1.199059573105617582e-03
-7.448829825581156951e-04
-4.615991026881142881e-04
-2.780696483969285256e-04
-1.539829707294307749e-04
-5.831218059904764571e-05
2.244199505935960063e-05
4.403935277542014954e-06
-4.033281499873032829e-04
9.267010828482397396e-06
-4.857356513045223015e-04
-2.363637593933241431e-04
4.353407017709693414e-04
-1.124926187817788964e-06
-2.054841491544506446e-04
-2.313010846865892300e-04
5.328115005425738656e-04
-2.918016341694348206e-05
-2.148990176655023654e-04
1.831724186110591539e-05
-1.787618314424705823e-05
-8.872182316477547181e-05
-1.763520736260323083e-04
-2.958810620814337523e-04
-4.673324712717590750e-04
-7.271441071769798453e-04
-1.120501902968766908e-03
-1.746839345364157008e-03
-2.758267303290191149e-03
-4.519256508403676938e-03
-7.761164891879607577e-03
-1.444495764016008425e-02
-3.077303066159766884e-02
-6.405191330438360364e-02
-7.554971328789408802e-02
-9.204424673909149257e-02
-1.187727945983940298e-01
-1.586991932959240792e-01
-2.079339800579474984e-01
-2.479950864414981193e-01
-2.703553342880484212e-01
-2.818329805516321396e-01
-2.646461608781778829e-01
-2.201481779264258531e-01
-1.758117066478446233e-01
-7.826339219023706328e-02
-3.413291343824056967e-02
-1.696785874705880257e-02
-9.210836584537076752e-03
-5.281068829074932712e-03
-3.161081721928265479e-03
-1.930792302746464368e-03
-1.199063526394430644e-03
-7.448949277257256281e-04
-4.615355122270646971e-04
-2.777271231773752202e-04
-1.522370679194093811e-04
-4.896794998558390511e-05
7.157351276104372223e-05
2.545191710343960444e-04
8.134287263329671247e-05
-1.626322578062799158e-04
4.380456081088998492e-04
1.558113948118886429e-04
1.648066631227168197e-04
-3.794004024454249733e-04
-3.562399591083267240e-04
1.799027752134122480e-04
-3.210235419706364800e-04
-2.889409271206443163e-04
2.835223733588869118e-04
9.469884194553554121e-05
-5.300907159163472874e-06
-8.658085249883210738e-05
-1.759707981230027301e-04
-2.958190325991319524e-04
-4.673375874412337471e-04
-7.271456804905512827e-04
-1.120503014971126676e-03
-1.746845997183960313e-03
-2.758275741703385044e-03
-4.519271527978505586e-03
-7.761173298172376230e-03
-1.444495189406110394e-02
-3.077303163369286138e-02
-6.405205738829977680e-02
-7.554970912573495678e-02
-9.204424531124356934e-02
-1.187727934702396543e-01
-1.586991924057647718e-01
-2.079339815742312914e-01
-2.479950811734542293e-01
-2.703553387245316020e-01
-2.818329726945331681e-01
-2.646461245596603562e-01
-2.201482094692022162e-01
-1.758121641950053382e-01
-7.826344886573792514e-02
-3.413292152072171931e-02
-1.696786020806811263e-02
-9.210839823650149999e-03
-5.281072918268373169e-03
-3.161076629269742727e-03
-1.930790428274933249e-03
-1.199063592975008934e-03
-7.448915542688619483e-04
-4.615872976286761642e-04
-2.779380390769441351e-04
-1.528929050954889123e-04
-4.986411511605004293e-05
8.481035669558295142e-05
4.485704632856650628e-04
-9.998193081630201025e-05
-8.792413220371456280e-05
2.239398767007491728e-05
4.096727018278933176e-05
-4.543454058354628252e-04
2.157845999154095647e-04
1.010169092784197125e-04
-6.034201286870131595e-05
-2.744015899308599308e-04
2.708995336965126116e-04
2.054203081651327027e-04
7.827652227226859880e-05
-1.007288909858803462e-05
-8.792946334619132151e-05
-1.762749585777769964e-04
-2.957523439479523507e-04
-4.670148424935902163e-04
-7.264222833345889774e-04
-1.119120973673971235e-03
-1.744244561001040590e-03
-2.753567055665813706e-03
-4.510505403117018655e-03
-7.744374625765245226e-03
-1.441021926585489728e-02
-3.069400474811504950e-02
-6.388044914925851414e-02
-7.536345820211820534e-02
-9.186481964861957505e-02
-1.186399780396009268e-01
-1.586759771096336313e-01
-2.080262785750631171e-01
-2.480620202353571169e-01
-2.702995571326416990e-01
-2.817474312190460517e-01
-2.646106567026975109e-01
-2.201542065528699632e-01
-1.758348520104945634e-01
-7.827574420097178909e-02
-3.413478934797765929e-02
-1.696780396699025528e-02
-9.210559280475425978e-03
-5.281073012946034713e-03
-3.161320958396085599e-03
-1.931320511328569372e-03
-1.199896721842862819e-03
-7.462999248496169930e-04
-4.641835081894126001e-04
-2.832670826930069798e-04
-1.650893553389593655e-04
-8.183264391121374914e-05
-1.666381645768092248e-05
3.105468280666502743e-05
3.903799903602582630e-04
-2.352859684451717070e-05
7.687271613371272254e-04
-4.183726864864345096e-04
-8.533510486790322905e-04
-1.016470820424811641e-04
-4.480731608680561307e-04
-4.767402807879676579e-05
1.152970724818166005e-04
1.161417655848904845e-04
4.805418376997106162e-04
1.036202820052134526e-04
-8.266546681682478798e-06
-8.793336882485956935e-05
-1.763249450559571034e-04
-2.957656310185930891e-04
-4.670073020483580281e-04
-7.264206247317421148e-04
-1.119114775874372825e-03
-1.744232331343321344e-03
-2.753561413805393019e-03
-4.510502108201396194e-03
-7.744369143956073703e-03
-1.441021473653931843e-02
-3.069397905131882737e-02
-6.388021075263544679e-02
-7.536344802956847222e-02
-9.186482117864322450e-02
-1.186399861959538254e-01
-1.586759948910364537e-01
-2.080262891313014173e-01
-2.480620287287749193e-01
-2.702995532824082892e-01
-2.817474386916635209e-01
-2.646106824357543630e-01
-2.201541984540196506e-01
-1.758345404473966589e-01
-7.827568771865826835e-02
-3.413477339507090674e-02
-1.696780617555308096e-02
-9.210559218169083601e-03
-5.281061050963262345e-03
-3.161315906909436483e-03
-1.931316970611228739e-03
-1.199903933200427734e-03
-7.463147117423683677e-04
-4.641375012190241214e-04
-2.830459525741181072e-04
-1.640619777757328166e-04
-7.667684383226149405e-05
8.919187515177253299e-06
1.580333868547127024e-04
1.330746680858975917e-04
-1.454778499840569375e-04
-4.580211500715252999e-05
2.804997437269475665e-04
-4.342831539031740345e-05
3.113711835629492486e-04
3.834851213711036160e-05
-3.356884290871584931e-04
5.585830456379872874e-04
5.764137717512441946e-04
3.355393164925466213e-04
1.010820373283018457e-04
-5.788892279976442018e-06
-8.710864273012036718e-05
-1.761208708611927166e-04
-2.957284693810867176e-04
-4.670154966311590352e-04
-7.264242323289230637e-04
-1.119117037585968611e-03
-1.744239470485795147e-03
-2.753570495530768651e-03
-4.510515002431620540e-03
-7.744375706077481596e-03
-1.441021504303644125e-02
-3.069400322095565056e-02
-6.388043516562831592e-02
-7.536347217269943888e-02
-9.186482061144127242e-02
-1.186399777291037017e-01
-1.586759841093635104e-01
-2.080262868253218989e-01
-2.480620207894939644e-01
-2.702995524823441076e-01
-2.817474312924357349e-01
-2.646106515729333974e-01
-2.201541845933440433e-01
-1.758346415492062220e-01
-7.827570960107807507e-02
-3.413477684618676511e-02
-1.696780932730408351e-02
-9.210565459360404300e-03
-5.281067610521948501e-03
-3.161313129344860140e-03
-1.931314498358447556e-03
-1.199902718780709735e-03
-7.463165886961894676e-04
-4.642224113905275211e-04
-2.834817636870971000e-04
-1.663380927873076552e-04
-8.894140330439538774e-05
-5.543849682156693924e-05
-1.608950752223042261e-04
1.570317304439470759e-04
-3.132458810174419705e-04
-5.723998742664145999e-04
-7.207072658413578347e-04
-1.808943346981452228e-04
7.407775566580334422e-05
4.123034594785691107e-04
1.593672208791628543e-04
1.343877564203409681e-04
1.186868379387541857e-04
2.490529848374609194e-06
1.370917566854696835e-05
-3.130362484274797216e-05
-9.807156407143905645e-05
-1.860249753854075806e-04
-3.103390835265205775e-04
-4.921927307675751616e-04
-7.707832549488720549e-04
-1.198449163498649167e-03
-1.885781332991770878e-03
-3.010507669558167097e-03
-4.987106681439002279e-03
-8.670225842301898522e-03
-1.633920443896805588e-02
-3.518764978238264618e-02
-7.354467435491053584e-02
-8.717774661275141945e-02
-1.028581575537830528e-01
-1.193980249640075320e-01
-1.278212443115721575e-01
-1.238210014853719232e-01
-1.163121571026676238e-01
-1.162971275260842874e-01
-1.300213271440217311e-01
-1.534104817470128002e-01
-1.703504863554173021e-01
-1.622725009144858899e-01
-7.589351234455647688e-02
-3.388100447955189748e-02
-1.708339169767854326e-02
-9.346850010227595110e-03
-5.385378608617948266e-03
-3.226832275769067095e-03
-1.970881923119424933e-03
-1.222227240335206806e-03
-7.595021970376177826e-04
-4.730015419380632392e-04
-2.920532640559456378e-04
-1.783982018088735354e-04
-1.042187844309896576e-04
-2.889351238226635525e-05
2.829955543078553366e-04
2.647319343770439823e-04
-5.928147141328982085e-04
-2.667777008770063317e-04
-2.662724138399201584e-05
-4.228685754196248895e-04
5.000985973278510629e-04
3.480907595301815970e-04
-1.744947944624526659e-04
4.629156096326324027e-04
-9.969071408139856089e-05
-1.946900252930884730e-04
-6.864894988965927725e-06
-3.354651183561861401e-05
-9.832939334673300642e-05
-1.860645013806854224e-04
-3.103455208347692586e-04
-4.921864921003295951e-04
-7.707826246394550900e-04
-1.198443277135206484e-03
-1.885767691663950288e-03
-3.010499525368629491e-03
-4.987102110958110089e-03
-8.670220237855774323e-03
-1.633920201993738913e-02
-3.518763973848683391e-02
-7.354451710328922809e-02
-8.717773934289702042e-02
-1.028581521440856822e-01
-1.193980300771018271e-01
-1.278212547031474522e-01
-1.238210016596581892e-01
-1.163121571769219348e-01
-1.162971152623663712e-01
-1.300213268674033640e-01
-1.534104990303465921e-01
-1.703504682756241950e-01
-1.622723314630906688e-01
-7.589347309578500789e-02
-3.388098833877858235e-02
-1.708339421810538272e-02
-9.346850638844335368e-03
-5.385367714413767139e-03
-3.226828904452310950e-03
-1.970882310512915916e-03
-1.222237356032994252e-03
-7.595180409644586468e-04
-4.729754590666861852e-04
-2.919492190563158446e-04
-1.780203823488409629e-04
-1.028205662449225682e-04
-2.538632546438477952e-05
2.771732474468778995e-04
1.098670744306174009e-04
4.141184475175531746e-04
-3.017017124715407799e-04
-5.041722559042227225e-04
-1.157755231712827938e-04
3.821954939975128135e-04
-2.053243130303688052e-05
-1.217244182593796341e-04
4.477123378884377276e-04
-1.927231211779049816e-04
1.670027106139815830e-04
4.050660179644592260e-05
-2.643640738878804384e-05
-9.714811085430362717e-05
-1.858512076649452508e-04
-3.103108175293921669e-04
-4.921916021132624651e-04
-7.707847362219245142e-04
-1.198444543662476047e-03
-1.885774307392510318e-03
-3.010510347860966690e-03
-4.987115650266513676e-03
-8.670226782005092253e-03
-1.633920466850562192e-02
-3.518765586807703905e-02
-7.354459828216604322e-02
-8.717777091493504604e-02
-1.028581676723535204e-01
-1.193980287161617859e-01
-1.278212500509769145e-01
-1.238210052667353261e-01
-1.163121573255826019e-01
-1.162971203965390693e-01
-1.300213194379388204e-01
-1.534104719858292165e-01
-1.703504644779014199e-01
-1.622724292335298579e-01
-7.589349065524098048e-02
-3.388099328922282438e-02
-1.708340039803332017e-02
-9.346859500784116329e-03
-5.385376126713713185e-03
-3.226826952276273374e-03
-1.970876222026606180e-03
-1.222232240960450774e-03
-7.595200170872713416e-04
-4.730646816758473164e-04
-2.924682341784566207e-04
-1.812417286963453791e-04
-1.241446789687526903e-04
-1.722604484069903115e-04
-7.763470587453426145e-04
7.285197837869529112e-05
6.029654221187515719e-05
3.074699999213747516e-04
1.503084326728850535e-04
-4.146858893063141136e-04
-4.601095770216462799e-04
-4.260628401443332272e-04
-2.672172864399776599e-05
1.089337147158029986e-05
-1.249375052122732072e-04
-2.240155946632120599e-05
4.868708214463042431e-06
-4.049158777271862157e-05
-1.091313564267906385e-04
-2.022735651138107469e-04
-3.371780040768210642e-04
-5.392368495605362987e-04
-8.537836127568267184e-04
-1.346817084918888480e-03
-2.150214249779576915e-03
-3.489777048961018729e-03
-5.873048466823497030e-03
-1.038416441535959869e-02
-1.988994500187040923e-02
-4.338975812196767951e-02
-9.193286704510326979e-02
-1.065794704305844248e-01
-1.139008917501405788e-01
-1.064016814094495972e-01
-8.527928262395299830e-02
-6.530718841828385413e-02
-5.456084187739811131e-02
-5.497844473935092902e-02
-6.689371985550722488e-02
-9.058171961703088970e-02
-1.208600903335691062e-01
-1.371704317793854822e-01
-6.979210316428435812e-02
-3.288096332844678976e-02
-1.712593356197211411e-02
-9.540035081159862346e-03
-5.552576393885112066e-03
-3.335532983217009105e-03
-2.037037348243328928e-03
-1.259253484120752709e-03
-7.805349513991022324e-04
-4.852305455036929043e-04
-3.012461597656746707e-04
-1.901401299129424835e-04
-1.331980442715764300e-04
-1.443481173150111205e-04
-3.583388266200576515e-04
-7.931811232794680488e-05
4.429340493433625374e-04
2.617427390506498093e-04
3.288159848032893066e-04
-3.979733482249338933e-04
-3.353590914998760071e-04
3.712717940747080640e-04
-3.350514736103541694e-04
-1.182199670285570851e-04
1.248029825733506745e-04
1.766441139492749000e-04
2.677341502614018337e-05
-3.785113560565788826e-05
-1.087756964289623112e-04
-2.022239113176897327e-04
-3.371694655028801223e-04
-5.392278758989567508e-04
-8.537793088468593680e-04
-1.346808290307089252e-03
-2.150198295220477271e-03
-3.489766477886728502e-03
-5.873043608394045746e-03
-1.038415997748833204e-02
-1.988994200474404964e-02
-4.338975074289563166e-02
-9.193280599827208244e-02
-1.065794607163181168e-01
-1.139008780988407937e-01
-1.064016850689798871e-01
-8.527928495834123657e-02
-6.530717430266919088e-02
-5.456083093035585946e-02
-5.497843047501729113e-02
-6.689372488033967779e-02
-9.058174378036518148e-02
-1.208600884705092332e-01
-1.371703874776442345e-01
-6.979208149418650309e-02
-3.288095526148238773e-02
-1.712594256235854331e-02
-9.540038032029121359e-03
-5.552565563082150109e-03
-3.335530864208033006e-03
-2.037040886555970941e-03
-1.259262239153886506e-03
-7.805450208256486076e-04
-4.852088360109098526e-04
-3.011686398026937220e-04
-1.898427885171784886e-04
-1.319369668563802008e-04
-1.401655986079151732e-04
-3.574126062068630678e-04
-1.523881615974650018e-04
5.921664560125338946e-05
1.872564349150010780e-04
5.119317610593217662e-04
-4.305518474640294448e-04
-1.371489227475965352e-04
-2.284198126212116638e-04
-1.013148529232312824e-04
-4.540956426900024626e-04
-3.728924822028205810e-04
-7.605865937912788678e-05
1.087878418975693158e-05
-3.725550247797538103e-05
-1.082593891899778879e-04
-2.020828879486681736e-04
-3.371436855157643598e-04
-5.392336576653194123e-04
-8.537850153908401038e-04
-1.346813342506310946e-03
-2.150207844936604523e-03
-3.489781140817818303e-03
-5.873058594669049691e-03
-1.038416702630396912e-02
-1.988994809433448571e-02
-4.338977225706248941e-02
-9.193288545397182432e-02
-1.065794832237584172e-01
-1.139008833060048687e-01
-1.064016728520081334e-01
-8.527927819348546379e-02
-6.530718804050886228e-02
-5.456084846802680688e-02
-5.497844699116152117e-02
-6.689371851654679624e-02
-9.058171799274737646e-02
-1.208600875343813497e-01
-1.371704360225785013e-01
-6.979208904744539643e-02
-3.288095304070293157e-02
-1.712594237508878806e-02
-9.540043916364170096e-03
-5.552574614408663928e-03
-3.335529773176791092e-03
-2.037032959276068554e-03
-1.259257069126536914e-03
-7.805421775312146185e-04
-4.852217298138461108e-04
-3.011365526548804347e-04
-1.891027898907679397e-04
-1.237935877466686345e-04
-6.179583264626697177e-05
3.527962375601537332e-04
-2.542489125987806116e-04
2.544262441882612859e-05
5.661369651962690078e-04
1.900787565343044325e-04
1.098733113770934309e-04
1.652335125176102287e-04
2.518061363213597260e-04
-4.165078713757320835e-04
2.204530198574676785e-04
-4.218762810878440653e-05
2.228073363029664555e-04
4.296412233782935118e-05
-4.152078295572478566e-05
-1.209119744131807397e-04
-2.230818154869493178e-04
-3.728029545785468361e-04
-6.021719570618768846e-04
-9.651130871091593774e-04
-1.545864132845353950e-03
-2.504051056048509343e-03
-4.126949140478014186e-03
-7.035807622335672404e-03
-1.259440921151817362e-02
-2.436887087937179841e-02
-5.349567156216328973e-02
-1.137680007453634734e-01
-1.238431380478851734e-01
-1.128203302589688983e-01
-8.415909412350335017e-02
-5.420819059372354587e-02
-3.369093561775417245e-02
-2.398921685726283781e-02
-2.496267718576694952e-02
-3.666567434958852706e-02
-5.989739151692393543e-02
-9.103694608528155319e-02
-1.143927732709546091e-01
-6.347743128785350575e-02
-3.174419497213507024e-02
-1.718217898045825906e-02
-9.785051742888697945e-03
-5.762119376670056699e-03
-3.470846502528791237e-03
-2.117920791717571843e-03
-1.303538416274851964e-03
-8.045961251519779525e-04
-4.975398892142106951e-04
-3.071870705297794434e-04
-1.918616412719437614e-04
-1.349513155393084569e-04
-1.758586170736102094e-04
-5.874877506475684446e-04
7.308715981093361633e-04
5.412092069666233252e-05
4.605594593408111350e-04
-6.193704203672157011e-04
-2.204954611311136224e-04
-2.587845559009463361e-04
-2.158888772202263804e-04
2.199936438254866905e-04
1.671105654098294069e-04
-2.633693966982348205e-05
4.941226192382345960e-06
2.385515856217680725e-05
-4.229211842458871951e-05
-1.206886035386998593e-04
-2.229957115928501304e-04
-3.727821210194941725e-04
-6.021642144219410079e-04
-9.651112078877754040e-04
-1.545858558159126338e-03
-2.504038001516259871e-03
-4.126939744422245676e-03
-7.035804317985713818e-03
-1.259440694870875808e-02
-2.436886924394411971e-02
-5.349566643190524495e-02
-1.137679646030109459e-01
-1.238431229270109402e-01
-1.128203054053023291e-01
-8.415909628703927003e-02
-5.420819522521184292e-02
-3.369092610785162645e-02
-2.398921296032344511e-02
-2.496267094668750547e-02
-3.666568473732089578e-02
-5.989741782635076006e-02
-9.103694850967199159e-02
-1.143927268784905027e-01
-6.347739915328476368e-02
-3.174418052066670104e-02
-1.718218464833481951e-02
-9.785053530773742819e-03
-5.762110522203114926e-03
-3.470849110564510048e-03
-2.117929145415387796e-03
-1.303547025173752791e-03
-8.046047259081005529e-04
-4.975256226229009000e-04
-3.071141195382307010e-04
-1.914160203108346639e-04
-1.316843142936028027e-04
-1.513209861195576554e-04
-3.997420252354264556e-04
3.096664333000219470e-04
-2.747516043141234811e-04
2.032222269986674217e-04
-2.065136012409830998e-04
4.072804768256808584e-05
2.507286343918213849e-04
2.603649473651812197e-04
5.825930517230610119e-04
-8.633042043475666594e-05
-2.411940804576220051e-04
6.298812003947286929e-04
1.110401087959609766e-04
-2.953704761552782170e-05
-1.187787761319888035e-04
-2.227053250560597224e-04
-3.727406745907595404e-04
-6.021643102333050588e-04
-9.651141026698840854e-04
-1.545860658961013823e-03
-2.504044372113770327e-03
-4.126952563701424652e-03
-7.035815812033489880e-03
-1.259441039565034962e-02
-2.436887250774565777e-02
-5.349568164485903748e-02
-1.137680320176838455e-01
-1.238431412818900568e-01
-1.128203140021211415e-01
-8.415908716872118334e-02
-5.420818772135206631e-02
-3.369093639192864698e-02
-2.398922716367928032e-02
-2.496268150555948015e-02
-3.666567409511996278e-02
-5.989739520514434507e-02
-9.103693573440695130e-02
-1.143926956591838490e-01
-6.347740660953013481e-02
-3.174418243263999601e-02
-1.718218730056501539e-02
-9.785061456783761269e-03
-5.762121146678534159e-03
-3.470847517365182808e-03
-2.117918180569865368e-03
-1.303540054224426765e-03
-8.045982206770562828e-04
-4.975155562453332375e-04
-3.070370793672902139e-04
-1.910289649166151842e-04
-1.305981657566116958e-04
-1.567797143627681965e-04
-5.462980138415624107e-04
3.209008947057502906e-04
-1.986803230646647437e-04
-3.711627455669549297e-04
-1.201983294573487755e-04
2.248956778386570511e-04
5.999143119866051730e-04
2.102877174825290379e-04
3.177616025921402580e-04
-5.503026317173254810e-05
-3.711186871639554912e-04
-2.153550699697937400e-04
-4.596423551275603489e-05
-6.821674942967279141e-05
-1.387846460829703587e-04
-2.467694760634259665e-04
-4.118130323985545109e-04
-6.705997528482492576e-04
-1.085777327263261422e-03
-1.760891958405744629e-03
-2.883764476241142041e-03
-4.801962561832016571e-03
-8.235731878328572675e-03
-1.477618798638396895e-02
-2.846502456495337077e-02
-6.157033294405570706e-02
-1.280938855785774544e-01
-1.256620703847385057e-01
-9.690274995973201244e-02
-6.115162954433286252e-02
-3.289845902133536892e-02
-1.606769326432979858e-02
-9.708906540173204563e-03
-1.289838335454727633e-02
-2.531474162397873151e-02
-4.742399512510116211e-02
-7.663061596768133699e-02
-1.005186747131925074e-01
-5.909518614932663533e-02
-3.098040453092097343e-02
-1.728711028528819027e-02
-1.001582271176358445e-02
-5.947486317504387457e-03
-3.586725245353856832e-03
-2.184945216187218937e-03
-1.338843549499987330e-03
-8.228079454047252609e-04
-5.055715200808596869e-04
-3.078531312219689683e-04
-1.792632181187671966e-04
-7.667889489073956841e-05
8.063359086144489360e-05
6.127500889200024510e-04
5.325061625371794354e-04
-5.988617476674930329e-04
6.089860610027137853e-04
-5.865697246239656498e-04
-1.744176979322078840e-04
6.339930864879931042e-04
-7.983181349985362307e-05
2.769945860552446145e-04
-8.262288952754211582e-05
-4.016820889331082674e-04
5.554584815424030595e-05
9.432261451772179289e-06
-5.732379722320219410e-05
-1.367286575689202093e-04
-2.463906185457591315e-04
-4.117446086352675311e-04
-6.705857568954652669e-04
-1.085773259747492992e-03
-1.760884211797445788e-03
-2.883749243790024314e-03
-4.801951020369436655e-03
-8.235727859993708169e-03
-1.477618623059539886e-02
-2.846502461709820436e-02
-6.157033542773007045e-02
-1.280938928324545090e-01
-1.256620730813598208e-01
-9.690274291695578912e-02
-6.115164526768602365e-02
-3.289846453134846055e-02
-1.606767243695473441e-02
-9.708890374053917582e-03
-1.289837330492459022e-02
-2.531475267272330007e-02
-4.742401694013066021e-02
-7.663061392690018181e-02
-1.005186315080727755e-01
-5.909516613997160134e-02
-3.098040218320425448e-02
-1.728712116532060347e-02
-1.001582236452350748e-02
-5.947474733447230370e-03
-3.586727146063191981e-03
-2.184952775413650378e-03
-1.338848993701538276e-03
-8.228178199603152420e-04
-5.055841072263800133e-04
-3.079273919978162545e-04
-1.797287346366274751e-04
-7.944749476693767928e-05
6.266563299053978255e-05
4.849982542098499414e-04
3.453963992232634813e-04
2.074854763231914301e-04
1.049752801751926610e-05
3.752231612784603086e-04
7.955009955736379985e-05
1.725245763144200861e-04
5.124367878697763754e-04
2.684058356382884266e-04
-3.561983548420532089e-04
-2.715633141318947604e-04
2.716884373883408422e-04
3.244922102105293450e-05
-5.473439121717671777e-05
-1.364124364600157336e-04
-2.463512303299939693e-04
-4.117421820980303828e-04
-6.705892001219359222e-04
-1.085776666288002738e-03
-1.760887155112266173e-03
-2.883756765005595236e-03
-4.801965268912111381e-03
-8.235738487972642588e-03
-1.477618882034933447e-02
-2.846502878991554603e-02
-6.157034609019758353e-02
-1.280939153462022084e-01
-1.256620723535933903e-01
-9.690273638302095149e-02
-6.115162502611040662e-02
-3.289845448103030645e-02
-1.606768909393741993e-02
-9.708914826406773654e-03
-1.289838589811743291e-02
-2.531473940105210749e-02
-4.742400103713086124e-02
-7.663061160613927891e-02
-1.005186444915015104e-01
-5.909517396585280136e-02
-3.098039864685813230e-02
-1.728712014652886500e-02
-1.001582996349546263e-02
-5.947486439603417996e-03
-3.586726621086454118e-03
-2.184942920094584337e-03
-1.338844183726412831e-03
-8.228108287190309981e-04
-5.055594378640981042e-04
-3.077825387362539467e-04
-1.789053189855469158e-04
-7.482790403263422777e-05
9.033686362246474435e-05
6.683002192312937446e-04
2.575650734665452571e-04
-9.410470168236030619e-05
1.212037902138180982e-04
7.649124180925806547e-05
2.779905964125328451e-04
-5.712896776797143857e-05
-7.548748034636702938e-05
2.206340708876540523e-04
3.353274235492787896e-05
6.983697565586164356e-05
-4.396321756755897114e-04
-9.498545823342613816e-05
-8.612859763782456334e-05
-1.542521154221034474e-04
-2.692349301657862774e-04
-4.492329206608026244e-04
-7.359181861944596005e-04
-1.200210815820718438e-03
-1.962950213163290603e-03
-3.235400264877743258e-03
-5.410938382516274417e-03
-9.266646319869864881e-03
-1.649320428932370478e-02
-3.120132479677551265e-02
-6.534261002238896110e-02
-1.292956289079587318e-01
-1.137674297956588615e-01
-7.796337545871701025e-02
-4.373687404674864859e-02
-1.951101508733123560e-02
-6.006918963661937554e-03
-2.068803444471344413e-03
-7.106592107555142861e-03
-2.108707566086990767e-02
-4.442529064500899683e-02
-7.418476181677245707e-02
-9.817949299345857250e-02
-5.839849107163232189e-02
-3.104854793372264013e-02
-1.750149719541571613e-02
-1.019649327758500972e-02
-6.066476840387146491e-03
-3.653468924404299628e-03
-2.219952391617666977e-03
-1.355044536496432476e-03
-8.299391158607548249e-04
-5.080376032771878906e-04
-3.085378485844511923e-04
-1.805204226886477953e-04
-8.936777558756491566e-05
-1.137250559251371100e-05
2.119297892902511146e-05
-3.229565354719190459e-05
5.751749601896738841e-04
4.239818081875894751e-04
-1.232918841711700721e-04
1.149956952817874045e-04
3.716800338476733000e-04
2.037699900753111782e-05
-3.510671572423551957e-04
3.909897125671594727e-05
3.461160128797035880e-04
5.944004188332489272e-04
5.202084124590409381e-05
-6.403426390510850422e-05
-1.508371087893795970e-04
-2.686903675388301310e-04
-4.491429715293814430e-04
-7.359009260413334032e-04
-1.200203760128735076e-03
-1.962940532726776578e-03
-3.235385271462900246e-03
-5.410929293051709721e-03
-9.266647639662915770e-03
-1.649321052885235547e-02
-3.120133300010807104e-02
-6.534261830466474297e-02
-1.292956350492670270e-01
-1.137674223289901476e-01
-7.796336025752707843e-02
-4.373688099542384633e-02
-1.951101434070139432e-02
-6.006899004023015000e-03
-2.068791429962438429e-03
-7.106590376600680631e-03
-2.108709234652404382e-02
-4.442531477151980684e-02
-7.418476802828545547e-02
-9.817947625551198820e-02
-5.839847449512250432e-02
-3.104854410681046062e-02
-1.750150446227768594e-02
-1.019649186496226177e-02
-6.066469331336568106e-03
-3.653473912022260628e-03
-2.219958786858306984e-03
-1.355047673906227546e-03
-8.299521662033904719e-04
-5.080730069973292016e-04
-3.087171765271837860e-04
-1.814731105756807483e-04
-9.413859773991421851e-05
-3.517053441629386888e-05
-9.924193398046082251e-05
2.694827157157171399e-04
-7.360428358963446435e-07
-2.718259867225812534e-04
-2.955130668972212301e-05
-8.897196077738324252e-05
8.080659389940193218e-05
-4.171698984852207975e-04
-4.824016731139935577e-04
6.252761541930079931e-04
5.563298179475943597e-04
-4.929120386231951095e-04
-8.365765657568580366e-05
-8.131947323132866106e-05
-1.530293298085215318e-04
-2.689733870245597405e-04
-4.491836329947568969e-04
-7.359102347509758127e-04
-1.200210868550318421e-03
-1.962946955384815232e-03
-3.235395085728877407e-03
-5.410944435107385014e-03
-9.266655193720706521e-03
-1.649320667934328979e-02
-3.120132902119127430e-02
-6.534261655865647445e-02
-1.292956306357209151e-01
-1.137674136070560837e-01
-7.796335560259547159e-02
-4.373687141476796658e-02
-1.951101136566142646e-02
-6.006915249393311382e-03
-2.068814816635480142e-03
-7.106597439645734836e-03
-2.108707631706503369e-02
-4.442530401466252693e-02
-7.418476871665541372e-02
-9.817949533848557842e-02
-5.839848159340388367e-02
-3.104854344543808362e-02
-1.750150653516388197e-02
-1.019649827526602007e-02
-6.066476725017925370e-03
-3.653471920242204636e-03
-2.219951299443202828e-03
-1.355045639860144070e-03
-8.299458269817808079e-04
-5.080470744028071266e-04
-3.085784291683233284e-04
-1.807336365758348295e-04
-9.049832446402029441e-05
-1.777058053516741772e-05
-1.737676889259530877e-05
4.534850897576893987e-04
3.567633828554999200e-04
-3.205403167324573908e-04
-1.458587613800254993e-04
8.704013275796779322e-05
3.943109888852515144e-05
2.726283745199167266e-04
-5.838722455197496415e-04
-6.274981223429196373e-04
-2.135753559308448840e-04
5.255242482499985254e-05
-3.871786116386224964e-06
-7.294342374622687843e-05
-1.613693794935164652e-04
-2.867826901353935144e-04
-4.794771984625026883e-04
-7.878103253548037616e-04
-1.289416837285986247e-03
-2.117235095990233421e-03
-3.496923637068189740e-03
-5.844903894153514502e-03
-9.944107095401310756e-03
-1.743882134123681676e-02
-3.209171792057717576e-02
-6.413377631921678146e-02
-1.184233065301737164e-01
-9.592622174084508568e-02
-6.087287620178243042e-02
-3.097266806633631672e-02
-1.106781953467601484e-02
-9.057264119982366690e-04
2.717602030089786734e-04
-7.275293589921654445e-03
-2.383452097778682860e-02
-4.970831511203212955e-02
-8.155865965995290345e-02
-1.055401729492400353e-01
-6.073097888399413974e-02
-3.164599234224277358e-02
-1.763017226527325079e-02
-1.019857664164037538e-02
-6.040278417999544319e-03
-3.625412656223811134e-03
-2.197503094894766047e-03
-1.338470598650255911e-03
-8.187346772597972871e-04
-5.010449587550871173e-04
-3.057731103880742931e-04
-1.836782442349211588e-04
-1.027498710834185195e-04
-3.010818675410883443e-05
1.209117914147794765e-04
4.092581083811923305e-04
1.799539455595795855e-04
-5.346324463370726076e-04
-1.535187580328930775e-04
-9.090369477971752996e-05
1.233399652846161272e-05
2.952240471812626042e-05
-5.712893005971239049e-04
-5.106721047174125764e-04
-1.583251340322159827e-05
-2.216605174266642205e-04
-2.819002472680280893e-05
-7.464666307519081335e-05
-1.613806763573570602e-04
-2.867466001073807214e-04
-4.794649564709602975e-04
-7.878063027887470364e-04
-1.289412582615520478e-03
-2.117229749930032556e-03
-3.496914334936901837e-03
-5.844896933458617293e-03
-9.944105016557439405e-03
-1.743882081397798989e-02
-3.209171902200442378e-02
-6.413377899871980370e-02
-1.184233152169659464e-01
-9.592622016068037827e-02
-6.087287269873078305e-02
-3.097268421244914888e-02
-1.106782374966317796e-02
-9.057091686509049664e-04
2.717727181144103158e-04
-7.275295240034914020e-03
-2.383453618864734419e-02
-4.970832799612994596e-02
-8.155865503861280119e-02
-1.055401560726087623e-01
-6.073096722653278240e-02
-3.164599874437023369e-02
-1.763018652126372918e-02
-1.019857808252921244e-02
-6.040273133174288954e-03
-3.625417016932868004e-03
-2.197507567983849209e-03
-1.338474352570797731e-03
-8.187524907172674497e-04
-5.011030191721887149e-04
-3.060680113516610367e-04
-1.851811966930230356e-04
-1.097544932978426578e-04
-5.882179520412943066e-05
3.930747707756967785e-05
5.047026226828183870e-04
1.453260743645312810e-04
-4.111736531346287835e-06
2.543045765176119260e-04
-3.261595681010534694e-04
-1.658983101290495193e-04
-1.516429511556657608e-05
-5.631335014978134951e-04
-2.193823506194471666e-04
-5.378501052937601293e-04
3.981848710232299910e-04
4.996455289749866341e-05
-6.406576859547291505e-05
-1.598730846524859409e-04
-2.865306176180448241e-04
-4.794368031633873821e-04
-7.878047241261450272e-04
-1.289418505544319372e-03
-2.117234319945422976e-03
-3.496919661116656020e-03
-5.844907759346680901e-03
-9.944109103852698597e-03
-1.743881715568959545e-02
-3.209172133632599844e-02
-6.413378739948960572e-02
-1.184233207409701449e-01
-9.592621507871956776e-02
-6.087286247733073030e-02
-3.097266980977269463e-02
-1.106781508716252367e-02
-9.057198751915466551e-04
2.717496806305964830e-04
-7.275300524423799695e-03
-2.383452374992642633e-02
-4.970832973829383827e-02
-8.155866297687329458e-02
-1.055401651604086638e-01
-6.073096608757264092e-02
-3.164598773953108957e-02
-1.763018056272631223e-02
-1.019858037039684563e-02
-6.040280039432427243e-03
-3.625418822590239891e-03
-2.197504012100633293e-03
-1.338472083604047569e-03
-8.187438150602686579e-04
-5.010734477585261030e-04
-3.059124401087701551e-04
-1.843611931789737590e-04
-1.060643191129478918e-04
-4.632197154486898867e-05
4.006473750544448591e-05
2.563698430929437096e-04
6.960730192596309603e-04
-3.203328393492560554e-04
2.087139811103101467e-04
2.733074089391994833e-04
-2.656276012078410487e-04
-2.528592074640052573e-04
4.099310973080551031e-04
1.032897404717830037e-04
2.783666635252487402e-04
3.435850117823159924e-04
6.906596999149369233e-05
-6.359195484397108357e-05
-1.685547524274848600e-04
-3.005059157362611360e-04
-5.005474680346530840e-04
-8.214762785520567665e-04
-1.344560183781057499e-03
-2.208225697785747444e-03
-3.643442770487382437e-03
-6.070189347393460493e-03
-1.024852907171748019e-02
-1.771419681803323987e-02
-3.179198862140001497e-02
-6.100114767902223289e-02
-1.060159005415323846e-01
-8.193126142812956481e-02
-4.997495483250947307e-02
-2.399665710069311814e-02
-7.372789325196363146e-03
2.356860753600209372e-04
-8.982250474411080082e-04
-1.099091096411182467e-02
-3.081730586895229523e-02
-6.059398050640109334e-02
-9.553170704314145611e-02
-1.179276460515364111e-01
-6.386534894087179948e-02
-3.194801681544941208e-02
-1.735707015022059513e-02
-9.895764318291437947e-03
-5.816371682836368046e-03
-3.479977469977502211e-03
-2.107690008827364792e-03
-1.284628937026175734e-03
-7.868964977742148956e-04
-4.827644836121265833e-04
-2.967413862673005855e-04
-1.840044339760419062e-04
-1.200939292921503285e-04
-8.876953049686500013e-05
-2.910901371159054350e-05
-1.935553980864680452e-04
5.069705350567446037e-04
5.063274580113594084e-04
1.152649061433467311e-04
-5.965975531790646555e-04
-2.032403761194031318e-04
1.167714968511296940e-04
2.956855729546772047e-04
-2.246861357373068483e-04
9.194943160140874321e-05
1.241625027380006518e-04
1.812117079123930360e-05
-7.377683498108714058e-05
-1.704311127055529475e-04
-3.008288281167350166e-04
-5.005978262589789660e-04
-8.214806402501367366e-04
-1.344554612014163065e-03
-2.208221732802240125e-03
-3.643437101637841610e-03
-6.070185047586130860e-03
-1.024853193722611959e-02
-1.771420522084958191e-02
-3.179199718934973273e-02
-6.100114874859645375e-02
-1.060158955951708143e-01
-8.193125305184650875e-02
-4.997495305256168668e-02
-2.399667276840420152e-02
-7.372790641890557793e-03
2.357025475624299283e-04
-8.982127165967735772e-04
-1.099091639585236986e-02
-3.081732220293454880e-02
-6.059398952219345602e-02
-9.553170132551419558e-02
-1.179276276135320517e-01
-6.386534060231377485e-02
-3.194802246240457944e-02
-1.735707895625546518e-02
-9.895761415108811354e-03
-5.816365555380773912e-03
-3.479980671598452337e-03
-2.107695010154851927e-03
-1.284636081400656422e-03
-7.869185202698643572e-04
-4.828489561414393751e-04
-2.972196059692175547e-04
-1.867567485675659239e-04
-1.360365404546066558e-04
-1.837402420330528599e-04
-6.194996384695858208e-04
-1.182848525395221269e-04
3.793165806029410894e-04
5.766086137414689347e-04
-4.819235205270645263e-04
6.054626965838773561e-04
2.221216595043678209e-04
-4.600277282123240515e-04
2.670950528599501037e-04
-9.933388551617910664e-05
6.898929639613341229e-05
6.123800907488144299e-04
1.013795144616172884e-04
-5.939073148043055389e-05
-1.679710316694236160e-04
-3.004226229358280880e-04
-5.005361505791544987e-04
-8.214738817208908257e-04
-1.344561441718879116e-03
-2.208225399655210693e-03
-3.643438830753664790e-03
-6.070191889043725746e-03
-1.024852982592402810e-02
-1.771419601230580371e-02
-3.179199870201309536e-02
-6.100116053360140483e-02
-1.060159060760558769e-01
-8.193125096136856522e-02
-4.997494256317605577e-02
-2.399666092297942158e-02
-7.372784019824406287e-03
2.356948888778933248e-04
-8.982329592056367959e-04
-1.099091643133224237e-02
-3.081730901483844057e-02
-6.059399541632536773e-02
-9.553170717562473047e-02
-1.179276281949184491e-01
-6.386533918933867682e-02
-3.194801785693765495e-02
-1.735707959267661013e-02
-9.895765752106629523e-03
-5.816371860418351886e-03
-3.479983317292774814e-03
-2.107691054344422703e-03
-1.284629789745283732e-03
-7.869064257820068513e-04
-4.828090196284705120e-04
-2.969750031416837398e-04
-1.851786652974859472e-04
-1.258099102660405232e-04
-1.153045008869773408e-04
-1.423965528153766562e-04
-2.400878285780670457e-04
-4.468457938521674011e-04
-2.581599787814799034e-04
-1.159522091979729675e-04
-3.616076936562781508e-04
3.613301771873216300e-05
-3.216291607644746831e-05
-3.528414042726987239e-05
1.947214279135072216e-04
-9.250990082176741816e-05
6.002358691180326037e-04
4.628688165080840732e-05
-8.993032055680653697e-05
-1.847033621103122587e-04
-3.121278028298841577e-04
-5.118574392965384925e-04
-8.350759637019541850e-04
-1.362573857906722178e-03
-2.231649827234970240e-03
-3.671954096997407345e-03
-6.096459618000146970e-03
-1.024573895730303795e-02
-1.758400178925003179e-02
-3.119043500939095576e-02
-5.865419286074333854e-02
-9.860730753169699714e-02
-7.450897559278540916e-02
-4.464273388405762266e-02
-2.120293743664765362e-02
-7.157799143297536443e-03
-2.055500116193077331e-03
-5.940647948879573294e-03
-1.935815332877538833e-02
-4.348444626890633768e-02
-7.756890626080790996e-02
-1.132695238908626584e-01
-1.287337028625086255e-01
-6.506007050388351587e-02
-3.105816323909780033e-02
-1.641354857965268352e-02
-9.219685313853746844e-03
-5.383375900557775193e-03
-3.219062371261289038e-03
-1.954050960658281801e-03
-1.196080538128609138e-03
-7.357956687064493972e-04
-4.531818444587148520e-04
-2.788871654148315869e-04
-1.720398945684251926e-04
-1.095126678968084342e-04
-7.374206845584326149e-05
-7.593167597699001740e-06
1.693049141970269489e-04
-3.423911733316810889e-04
-4.150789779067100217e-04
-1.995046056272952546e-04
-3.697293440748455163e-05
5.863060133868217959e-04
-1.649689497167602145e-04
4.211958566899512597e-04
4.296481485958321216e-04
-2.000937744441252670e-04
-2.453984809646503470e-04
-7.656320808138161195e-05
-1.090435834045429297e-04
-1.877786682961402325e-04
-3.126228832379356190e-04
-5.119318995626964425e-04
-8.350833649107962690e-04
-1.362569256323648828e-03
-2.231650897198000742e-03
-3.671954011589044237e-03
-6.096455768429933156e-03
-1.024573780712534354e-02
-1.758400311649093231e-02
-3.119043580177479832e-02
-5.865418827051040174e-02
-9.860729700681593324e-02
-7.450897338285995819e-02
-4.464274175332403477e-02
-2.120295484782203088e-02
-7.157800184593643075e-03
-2.055486725300395730e-03
-5.940632432101734979e-03
-1.935815194853809235e-02
-4.348445272902756731e-02
-7.756890456064072237e-02
-1.132695197266855025e-01
-1.287336940817674913e-01
-6.506007485144117697e-02
-3.105817735280053810e-02
-1.641355956566905444e-02
-9.219681456608624578e-03
-5.383367528676732613e-03
-3.219062046543010296e-03
-1.954054978632164662e-03
-1.196087264938893282e-03
-7.358114476604634465e-04
-4.532540492696562743e-04
-2.792921543061520524e-04
-1.741776171702457592e-04
-1.203264182392190006e-04
-1.246148236899130937e-04
-2.117453451797566308e-04
3.881431280932902341e-04
-4.993991072224616837e-04
1.365465662111194978e-04
-9.067841208712321556e-05
-4.962565230974320154e-05
-4.274037761349904515e-04
-2.920480339513198843e-04
-2.757757360288147952e-04
-1.549540819460402930e-04
5.890427903519165247e-04
-1.074986802729671414e-04
-4.156650127249780931e-05
-1.011047787392233064e-04
-1.861246595849594539e-04
-3.123103572969602440e-04
-5.118809996446638515e-04
-8.350771777156757673e-04
-1.362576001938653122e-03
-2.231652287425272586e-03
-3.671952875903386308e-03
-6.096462100629194622e-03
-1.024573693982300249e-02
-1.758399926371077837e-02
-3.119044430665106685e-02
-5.865420293690751241e-02
-9.860731866723894401e-02
-7.450896865338454966e-02
-4.464272493042201889e-02
-2.120294308260509825e-02
-7.157795845781276395e-03
-2.055492011688276124e-03
-5.940654133702959368e-03
-1.935815742324579342e-02
-4.348445039405085533e-02
-7.756892174173021792e-02
-1.132695276297535358e-01
-1.287336824150688563e-01
-6.506006433445227222e-02
-3.105816354956864034e-02
-1.641355126760326438e-02
-9.219680225510305804e-03
-5.383374091649345029e-03
-3.219069031764569457e-03
-1.954053818346743968e-03
-1.196081626976675969e-03
-7.358053034076220177e-04
-4.532362621246883105e-04
-2.792033203535125466e-04
-1.738367519784963925e-04
-1.196661656497374190e-04
-1.301691548259760348e-04
-3.098581822944204310e-04
6.149837739837150539e-04
-3.391284800207394214e-04
-4.192969205398447549e-04
4.786909442920033819e-05
-1.399149848489735243e-05
1.391169847880702919e-04
4.847534253200776178e-05
-5.397277679473108224e-05
2.097269609141200813e-05
-1.444513471156289004e-05
-4.741432494972490364e-04
-1.650511053515587917e-04
-1.472972416622312785e-04
-2.045826692991468672e-04
-3.197687640066102063e-04
-5.134597920115091833e-04
-8.303694994046187513e-04
-1.347976301008838593e-03
-2.197867795943181206e-03
-3.605938250519379485e-03
-5.977797348782580046e-03
-1.006456151355950533e-02
-1.736883665772713178e-02
-3.112309781209085871e-02
-5.936639059460057516e-02
-1.009872467217599601e-01
-7.700416148016546447e-02
-4.768511258948383152e-02
-2.547074424297572984e-02
-1.298334880452808870e-02
-9.717420616858483615e-03
-1.600264883412951325e-02
-3.271457076824624277e-02
-6.083451452859019865e-02
-9.642715445337003699e-02
-1.251234392504591564e-01
-1.275368895465793517e-01
-6.129727600715768887e-02
-2.832836385967751544e-02
-1.470087044366008219e-02
-8.191276566604344112e-03
-4.775938360489390480e-03
-2.868262653486001752e-03
-1.752606565257857968e-03
-1.082047846909316808e-03
-6.706870446584661588e-04
-4.152782995413390431e-04
-2.540506672699188663e-04
-1.494682556637826380e-04
-7.508204044910525750e-05
2.116371400492392734e-06
2.244749821001350276e-04
4.793644234705216967e-04
-7.007507007429898769e-04
-2.283053240862608290e-04
-4.522862849866916206e-04
-3.328002632600761857e-04
2.909262341452030628e-04
-2.128554975296181673e-06
2.763206912885782915e-05
1.205759995167021557e-04
3.068904303002477287e-04
-2.841314768549170109e-04
-1.579134112846593014e-04
-1.493700995801322952e-04
-2.053782255558031045e-04
-3.199500383827289592e-04
-5.134889263297665691e-04
-8.303722858513240676e-04
-1.347974771152327372e-03
-2.197874360137661714e-03
-3.605940267972995977e-03
-5.977791109100924136e-03
-1.006456021736280328e-02
-1.736884261408299171e-02
-3.112310346748494577e-02
-5.936638263830569529e-02
-1.009871985568346620e-01
-7.700414685876452725e-02
-4.768511898445078334e-02
-2.547075713048976148e-02
-1.298334437215083008e-02
-9.717407356240301969e-03
-1.600263557669928671e-02
-3.271457911431167181e-02
-6.083453222662293935e-02
-9.642715538514608220e-02
-1.251234368323932145e-01
-1.275368870510517061e-01
-6.129727034618390191e-02
-2.832836871706667300e-02
-1.470087450516362193e-02
-8.191271382914290522e-03
-4.775933212587386498e-03
-2.868266191534541223e-03
-1.752615253688808794e-03
-1.082056189560037882e-03
-6.706961205616137831e-04
-4.153319182310395014e-04
-2.543548257190048740e-04
-1.511397233413340729e-04
-8.465862310262718183e-05
-5.537368172639455362e-05
-1.453321738885651922e-04
1.436930400339176089e-04
-5.747725516814133125e-04
-3.544852862260924474e-04
3.260985510302404056e-04
1.233761187133232623e-04
3.228409236413103188e-04
2.487981144016172472e-04
-3.981508082238749803e-04
-6.526894802528950944e-04
5.645885923687412808e-04
-1.507011366835487763e-04
-1.281849285186421460e-04
-1.426818713094883434e-04
-2.039387675118140030e-04
-3.196691425793788776e-04
-5.134422816707420907e-04
-8.303641432523936649e-04
-1.347978499848899144e-03
-2.197872738106956651e-03
-3.605938548918279692e-03
-5.977798277841224299e-03
-1.006455642931179673e-02
-1.736883335243006449e-02
-3.112310660458798492e-02
-5.936639612437201452e-02
-1.009872547553882505e-01
-7.700415672160604297e-02
-4.768510829965207781e-02
-2.547074939325684809e-02
-1.298334491602594863e-02
-9.717413786320537594e-03
-1.600265641779854281e-02
-3.271457947867432298e-02
-6.083452334393522204e-02
-9.642716602260649472e-02
-1.251234294133873048e-01
-1.275368392338372958e-01
-6.129725717534509344e-02
-2.832835967464423371e-02
-1.470087173323784621e-02
-8.191273215518154321e-03
-4.775940668825676486e-03
-2.868272895438886069e-03
-1.752611490471184773e-03
-1.082047812365814635e-03
-6.706907793778650248e-04
-4.153097375675020731e-04
-2.542554947517553497e-04
-1.508255858820151509e-04
-8.452093063183542586e-05
-6.647680669870886891e-05
-2.927169310259186263e-04
-2.401395591842391951e-04
1.612488034809630901e-04
-7.561957333357668194e-05
3.904693205420705390e-04
1.937106175832521032e-04
4.072874816800696831e-04
-3.951214639388131076e-04
-2.974914336925918641e-04
1.677879563098680978e-04
-3.939531974505120502e-04
-4.059008113353158257e-04
-1.942784107881774666e-04
-1.650101365962310107e-04
-2.120240163051464977e-04
-3.204428324086630955e-04
-5.074926057849129136e-04
-8.139584766839586243e-04
-1.314035953046569470e-03
-2.131832276457544528e-03
-3.490391100292519755e-03
-5.791952625947573673e-03
-9.831825110536492052e-03
-1.726046183364268738e-02
-3.188217817165814316e-02
-6.374669801857087148e-02
-1.148646050334961588e-01
-9.142331941236989112e-02
-6.015561150911196558e-02
-3.679666182167041361e-02
-2.499800006182475998e-02
-2.392094879860209161e-02
-3.351560440084980219e-02
-5.387310727827458040e-02
-8.367217206397535578e-02
-1.122127205257976712e-01
-1.232553623219399958e-01
-1.131930917902161521e-01
-5.321822915919049990e-02
-2.423393205423506405e-02
-1.252091748120279235e-02
-6.992309581076903979e-03
-4.101420689235042022e-03
-2.488669812299352992e-03
-1.537673676068929390e-03
-9.614084543556163575e-04
-6.022143577023393243e-04
-3.757160395636070620e-04
-2.283966489590124368e-04
-1.264167872874975547e-04
-4.077050735372076009e-05
5.969371534575628266e-05
1.708147958650967882e-04
1.521421355352475433e-04
2.367200166842778439e-04
1.979949639292901764e-04
-1.958250829757818745e-04
-9.882480985487805203e-05
-1.221806912463060436e-04
-6.613560412528215679e-04
-4.099557917232358952e-04
3.197441407439826646e-04
-9.734223520493531215e-05
-4.893710780293982106e-04
-2.065766249349033684e-04
-1.672820624701949126e-04
-2.124862098223855250e-04
-3.205211392611402609e-04
-5.074980177884335936e-04
-8.139585885242823018e-04
-1.314037362241410583e-03
-2.131843818819763314e-03
-3.490396897660153017e-03
-5.791947850522344808e-03
-9.831823951352016214e-03
-1.726046602144575351e-02
-3.188218113303410706e-02
-6.374668594342584871e-02
-1.148645132886491754e-01
-9.142329554547647119e-02
-6.015561864647717832e-02
-3.679667157300214875e-02
-2.499799892439386398e-02
-2.392094664651007313e-02
-3.351559761246587776e-02
-5.387311157654638832e-02
-8.367217486569358820e-02
-1.122127038510654096e-01
-1.232553420409009809e-01
-1.131930512428493407e-01
-5.321822169168242272e-02
-2.423393734325121271e-02
-1.252091954759923867e-02
-6.992304435815405866e-03
-4.101419075526335431e-03
-2.488675815868119246e-03
-1.537682986250813941e-03
-9.614133477689574495e-04
-6.022135410072226250e-04
-3.757394937945914134e-04
-2.284873108136918781e-04
-1.266310127066483566e-04
-4.027264438255427029e-05
7.471760740942897077e-05
3.458348831036741136e-04
9.912980163455310974e-05
2.110018454342333033e-04
1.684695141927962814e-04
-9.632180099474793426e-05
-4.531730602731434297e-04
2.066050119602061457e-05
-3.656832093598852244e-04
-4.336366733401726746e-04
-4.141896934121260866e-04
-2.752178136058585928e-04
-2.831584471409809680e-04
-1.618299310668911187e-04
-1.578342160792623188e-04
-2.105692000413453280e-04
-3.201609841564296882e-04
-5.074376916283809911e-04
-8.139449242223520094e-04
-1.314036581154173593e-03
-2.131837721102843378e-03
-3.490391117177227363e-03
-5.791951610919196351e-03
-9.831818296574723962e-03
-1.726046001991928328e-02
-3.188218987429617540e-02
-6.374670119301194260e-02
-1.148645764844599959e-01
-9.142330924466783582e-02
-6.015560910570217495e-02
-3.679666315394949927e-02
-2.499799316519281736e-02
-2.392093888015931272e-02
-3.351560648611949522e-02
-5.387311375759436943e-02
-8.367218107834215046e-02
-1.122127284288145371e-01
-1.232553449778491239e-01
-1.131930210842698181e-01
-5.321820914165217853e-02
-2.423392866162347309e-02
-1.252091628505774303e-02
-6.992303355857402633e-03
-4.101421770683680995e-03
-2.488679006385460888e-03
-1.537677233210860226e-03
-9.614051607939842758e-04
-6.022080139330805108e-04
-3.756905228098740904e-04
-2.281977053596112657e-04
-1.248711729984502863e-04
-2.904373759445457893e-05
1.473270958114501848e-04
8.207402715660642653e-04
3.605760719913381684e-04
1.942297752435184961e-04
-3.305995842120357871e-04
3.271908485021833807e-04
4.716288606007326364e-04
-2.468330602727526225e-04
-4.335397750336716103e-04
-5.474673038293689396e-04
5.482998544883809075e-04
1.503791904662148669e-04
-2.567247135864050302e-04
-1.381302226349842674e-04
-1.482283175859392950e-04
-2.063127405768690886e-04
-3.147971614019955166e-04
-4.965246397809037430e-04
-7.913090943839583540e-04
-1.270913192806797038e-03
-2.051871530641611631e-03
-3.355494425379858606e-03
-5.582216876128510107e-03
-9.585399445083393408e-03
-1.720169752754951292e-02
-3.301641873466320404e-02
-7.007115271479436025e-02
-1.376761654243330024e-01
-1.213185687466609014e-01
-9.090697019361831943e-02
-6.706944273825979352e-02
-5.503176125136809149e-02
-5.447323384344485847e-02
-6.506300918146044887e-02
-8.482701003256687411e-02
-1.058197208798888761e-01
-1.132624906346206967e-01
-1.059890119088066074e-01
-9.134658508825883871e-02
-4.310470573774841802e-02
-1.975289666932503185e-02
-1.031018674441823088e-02
-5.829259822039413799e-03
-3.464014602625966558e-03
-2.134520417881693652e-03
-1.338434170633085243e-03
-8.499985878715830400e-04
-5.394239865981933623e-04
-3.404661454424636716e-04
-2.082949154166538106e-04
-1.158953457382317189e-04
-4.234075058804267892e-05
1.760361497647450999e-05
-3.125253408346282416e-05
1.229182157944938916e-04
-1.697474735925086201e-04
-4.546935899441832316e-04
-3.195460332887458711e-04
1.408956370844186251e-04
-4.465011504106723879e-04
3.360371344518938677e-04
2.424886702112396555e-04
-4.507857759953653380e-04
9.143417551115644965e-05
-3.557473170863762607e-04
-1.504760534573940838e-04
-1.497682440689891877e-04
-2.065025822472434027e-04
-3.148010744642025147e-04
-4.965120681112400155e-04
-7.913067411154498009e-04
-1.270916183402858628e-03
-2.051885624860668236e-03
-3.355501885747701196e-03
-5.582212420382343110e-03
-9.585399821875091944e-03
-1.720170667155973554e-02
-3.301643148705181441e-02
-7.007115623047631414e-02
-1.376760856926292909e-01
-1.213185504346663418e-01
-9.090698145326106538e-02
-6.706945010407465435e-02
-5.503175429350291165e-02
-5.447322802859313334e-02
-6.506299992875737292e-02
-8.482701556454105840e-02
-1.058197265135929072e-01
-1.132624789979200380e-01
-1.059889795244969013e-01
-9.134646330816588444e-02
-4.310469354393288433e-02
-1.975290166813396114e-02
-1.031018608698251217e-02
-5.829253086963818477e-03
-3.464013398537462741e-03
-2.134523903304089230e-03
-1.338438831297824151e-03
-8.499973503299840033e-04
-5.394169613048279766e-04
-3.404876527141098607e-04
-2.083817887795898986e-04
-1.162388071420031847e-04
-4.402483848483950042e-05
8.083395924286339076e-06
-9.588213937302371621e-05
4.513650268229261629e-04
7.255935556073953680e-06
-2.165818771578685348e-04
4.760204701756129745e-04
-1.366314558922321549e-04
6.192596026827747950e-05
4.243078423095020561e-04
-2.286737983655174109e-05
-7.950966525816696023e-04
4.322936471310825967e-04
1.627250021828180384e-04
-6.492878897361620174e-05
-1.348529963520277402e-04
-2.038572853485635678e-04
-3.143473894933945995e-04
-4.964403932923859737e-04
-7.912899865479688932e-04
-1.270913696321200386e-03
-2.051879332296618116e-03
-3.355497330171938655e-03
-5.582217651106021958e-03
-9.585393590210645326e-03
-1.720169780939376572e-02
-3.301643359377351428e-02
-7.007115263590019127e-02
-1.376760218271911862e-01
-1.213185468719665122e-01
-9.090697380595019750e-02
-6.706944789693980447e-02
-5.503175753154537775e-02
-5.447322690501335551e-02
-6.506301089777448421e-02
-8.482701781738036240e-02
-1.058197287616577248e-01
-1.132624894758654521e-01
-1.059889873256393555e-01
-9.134657355805278489e-02
-4.310469385025085531e-02
-1.975289537635216419e-02
-1.031018481092776592e-02
-5.829251976410499032e-03
-3.464014804447684750e-03
-2.134528424038739138e-03
-1.338437123762117355e-03
-8.499951245974999431e-04
-5.394203282122347161e-04
-3.404624771364926769e-04
-2.082409423081819759e-04
-1.153380012212423583e-04
-3.744139566845071756e-05
5.748808014893455663e-05
2.812229924204211499e-04
6.738934670958230191e-04
-1.099963448817036621e-04
-2.924291818273141931e-04
2.937245053026358156e-04
-7.148746333723621530e-04
-1.896684492907724066e-04
-3.300449173989812037e-04
-2.385691494655895622e-04
2.318259197266731410e-04
-1.364099120506534403e-04
3.339597210587531031e-05
-6.883523563024238295e-05
-1.287691917735074880e-04
-1.988585005928216972e-04
-3.084226694599519745e-04
-4.863223241581620337e-04
-7.718413569442803381e-04
-1.235108691288911483e-03
-1.986690711328749099e-03
-3.247321970743322593e-03
-5.414949285721560625e-03
-9.390919863169354745e-03
-1.715622189006129131e-02
-3.401043546897113135e-02
-7.616114308576991954e-02
-1.627263999945186557e-01
-1.707764397985143956e-01
-1.537302719165822840e-01
-1.301752306089623001e-01
-1.162721262411137157e-01
-1.160902589681827024e-01
-1.234160947953439613e-01
-1.272359917132674934e-01
-1.187618000478480040e-01
-1.021794138624139286e-01
-8.653159667520696208e-02
-7.289055969062492590e-02
-3.487174846853538512e-02
-1.619085374310802808e-02
-8.591422801535303008e-03
-4.940820149043044680e-03
-2.983337015771383733e-03
-1.869173785678538086e-03
-1.189594062561934997e-03
-7.668954765084959324e-04
-4.928532167029469474e-04
-3.150752339351826415e-04
-1.955321801901705348e-04
-1.121341079231679414e-04
-4.291000948946468226e-05
5.820816641870599375e-05
4.522398650379595621e-04
2.956013857445824802e-04
-1.837059027993075513e-04
-7.275657802212013442e-04
1.808320898849946764e-04
-2.974992210326598998e-04
-1.810276512191150101e-04
-1.620996496640085647e-04
-3.183207680457828719e-04
5.843165696927494438e-04
-1.334900719110859160e-04
1.588058811202704775e-04
-4.727928769823766205e-05
-1.248751680533900918e-04
-1.981497847869970283e-04
-3.082749676057403064e-04
-4.862869504987649811e-04
-7.718405627718058102e-04
-1.235115494642477106e-03
-1.986706985868067713e-03
-3.247331100131380620e-03
-5.414944099624654540e-03
-9.390916303601296033e-03
-1.715622466124107348e-02
-3.401044117057947652e-02
-7.616113689482413573e-02
-1.627263268185228928e-01
-1.707764336471933042e-01
-1.537302913682741246e-01
-1.301752379856367381e-01
-1.162721272542562440e-01
-1.160902661435845307e-01
-1.234160959171973354e-01
-1.272360007259844550e-01
-1.187618041027396626e-01
-1.021794044020917919e-01
-8.653156959682352378e-02
-7.289036720823528770e-02
-3.487173956940120556e-02
-1.619086220474161980e-02
-8.591422386838491396e-03
-4.940815932434742576e-03
-2.983340472853185984e-03
-1.869179225678373234e-03
-1.189600355977211326e-03
-7.668964521008454598e-04
-4.928480879455903125e-04
-3.151049576614292397e-04
-1.956520893709454481e-04
-1.126590968941993765e-04
-4.574949143274264281e-05
4.074649388358430387e-05
3.298874135879993597e-04
-1.762356509565489817e-04
-2.956008012249328925e-04
3.779441632064196909e-04
4.053523032840529732e-04
-2.316703521701621554e-04
1.614979246814128491e-04
-5.117237857980409550e-04
-6.293844614935568873e-04
3.973968950058985507e-04
-1.656923745649377128e-04
4.655378415052721197e-04
7.284794378886242789e-06
-1.148696134447704456e-04
-1.963229207947442398e-04
-3.079624892751185792e-04
-4.862371448491427579e-04
-7.718227581306823888e-04
-1.235110219868820617e-03
-1.986699959019862845e-03
-3.247326119629438766e-03
-5.414949210075175635e-03
-9.390912307932404793e-03
-1.715622328236620503e-02
-3.401045732277089423e-02
-7.616117101610102302e-02
-1.627264420863324679e-01
-1.707764568752069279e-01
-1.537302890075332718e-01
-1.301752411177505286e-01
-1.162721314959846153e-01
-1.160902585754735594e-01
-1.234160944725631454e-01
-1.272359942454338588e-01
-1.187618016504349561e-01
-1.021794038480985101e-01
-8.653156654632983280e-02
-7.289054134520915607e-02
-3.487174856185342592e-02
-1.619085862300129186e-02
-8.591422718642074269e-03
-4.940813754762744120e-03
-2.983339191048108539e-03
-1.869182569086526215e-03
-1.189598162770972092e-03
-7.668936571767552253e-04
-4.928573917503620500e-04
-3.151309678610508531e-04
-1.959026481408007909e-04
-1.145945617864142573e-04
-5.965251135040921778e-05
-5.872083163628936790e-05
-3.846263232503384431e-04
-1.626387158110309972e-04
-2.204460329612359100e-04
-1.637032226341890667e-05
-5.427934861734819171e-05
-5.537024849051331828e-04
2.289712075555447594e-04
2.111149397271904708e-05
-1.308670374218654712e-04
-9.439740701648542719e-05
4.918149645690816484e-04
-4.648722889265393407e-04
-1.667842003697542978e-04
-1.462250345104123129e-04
-1.999106853798387139e-04
-3.052745334297542168e-04
-4.800140001259241350e-04
-7.599267174332759427e-04
-1.213473676209847300e-03
-1.947468725613117060e-03
-3.181748023118333938e-03
-5.310135351172976664e-03
-9.253433348374064116e-03
-1.703887689427788926e-02
-3.426244731364692236e-02
-7.854660601688813470e-02
-1.762866701162571492e-01
-2.205034828369057121e-01
-2.647572618253769550e-01
-2.817963125016095249e-01
-2.702826617023075806e-01
-2.479745050589294564e-01
-2.078053342073513388e-01
-1.581911184105205537e-01
-1.180058180165050735e-01
-9.111970000423325056e-02
-7.461288772038875139e-02
-6.310607684377543547e-02
-3.032544549515456267e-02
-1.424176760070818698e-02
-7.656426262902782907e-03
-4.459395217322134793e-03
-2.723616354292873135e-03
-1.725917005499135858e-03
-1.109279935155711456e-03
-7.221406292244625944e-04
-4.680339645279190915e-04
-3.021834774599483991e-04
-1.906477947814895968e-04
-1.157693438367384821e-04
-6.545047782682145024e-05
-4.640390812443587545e-05
-1.696455706735596294e-04
-4.827651267688701713e-05
8.083933933252928240e-05
3.752687273140876717e-05
-4.500081503377426941e-04
-1.520955368147023767e-04
4.093415000946306606e-04
9.780684271640518123e-05
-2.592887562905208453e-05
-1.592553267686931781e-04
2.084561883091828741e-04
-2.283065657185790300e-04
-1.243124171882459836e-04
-1.385851999366880167e-04
-1.985529798322894211e-04
-3.050147831771521357e-04
-4.799598402438662011e-04
-7.599251420776260849e-04
-1.213480579048015987e-03
-1.947483260793905204e-03
-3.181756713029688238e-03
-5.310130141745397249e-03
-9.253430923954222148e-03
-1.703888075409104585e-02
-3.426244688912667008e-02
-7.854652566302663952e-02
-1.762859859366768811e-01
-2.205034561769734502e-01
-2.647573087067692232e-01
-2.817963332288597744e-01
-2.702826732624708517e-01
-2.479745185765539484e-01
-2.078053419543234026e-01
-1.581911342256074327e-01
-1.180058299464668420e-01
-9.111969759419244475e-02
-7.461287980129314990e-02
-6.310595789070583272e-02
-3.032545271566854106e-02
-1.424178037713259501e-02
-7.656426445725720252e-03
-4.459392826702768264e-03
-2.723620818792239686e-03
-1.725918504944766669e-03
-1.109281940087028561e-03
-7.221392694941500918e-04
-4.680263217694254161e-04
-3.022164844536928815e-04
-1.907808472181982248e-04
-1.161847181785900275e-04
-6.610191594686381589e-05
-3.780090718167542635e-05
-2.645538141012745994e-05
-1.385943026261450041e-04
-1.292720440058775738e-04
-3.939845176988065675e-04
4.237542470218410066e-04
2.075409022976962574e-04
-6.120842734222629563e-04
-3.633708929802103508e-04
-4.609291491726871738e-04
-2.955844229916726614e-05
-5.145628764606601359e-05
-2.503640978215115149e-04
-1.230414976175529340e-04
-1.375832318746672675e-04
-1.982636607965243601e-04
-3.049671861639774721e-04
-4.799545796737978332e-04
-7.599119833623150209e-04
-1.213475033918585706e-03
-1.947477988310094763e-03
-3.181753888390765304e-03
-5.310136034203498563e-03
-9.253425921373695240e-03
-1.703887851621843641e-02
-3.426246686281696902e-02
-7.854662104617411711e-02
-1.762866542918323509e-01
-2.205034925089550679e-01
-2.647572792723138502e-01
-2.817963210935047202e-01
-2.702826673258998391e-01
-2.479745027952570957e-01
-2.078053284397891609e-01
-1.581911202126522198e-01
-1.180058274475815072e-01
-9.111970512663891686e-02
-7.461288839580786092e-02
-6.310609574193726257e-02
-3.032545902318449851e-02
-1.424177626539410539e-02
-7.656424553116348945e-03
-4.459386957666349079e-03
-2.723616790762740329e-03
-1.725923126631975823e-03
-1.109282705296772004e-03
-7.221373805046156372e-04
-4.680332536580829512e-04
-3.022172941729295292e-04
-1.908617337397892379e-04
-1.169766563603359953e-04
-7.186857718644922650e-05
-7.722361698245482065e-05
-2.867334575799666005e-04
2.405350077816791911e-04
-6.715878647691238691e-05
8.118373970539612290e-05
-3.151732656777861668e-04
8.951758442067865693e-05
2.420633138935499224e-04
-4.484067790763841778e-04
-5.315838733038345983e-04
-2.937804968999015382e-04
-8.940522678776517804e-05
-3.663059226920557733e-04
-1.395030127363656959e-04
-1.389568038169309877e-04
-1.973678908366834420e-04
-3.040502719336068082e-04
-4.793394706215643015e-04
-7.595389578945500614e-04
-1.213245465335610271e-03
-1.947302268185045282e-03
-3.181584560407427816e-03
-5.309899877541149858e-03
-9.253077370981284064e-03
-1.703833734373304959e-02
-3.426166752484829936e-02
-7.854501083654784332e-02
-1.762792516823377120e-01
-2.204716672968907443e-01
-2.646828028508843023e-01
-2.817072906962268530e-01
-2.702146903074950646e-01
-2.479442969563100119e-01
-2.078300814356460191e-01
-1.582614900060423102e-01
-1.180865445683276643e-01
-9.119467788385245133e-02
-7.467402807638681694e-02
-6.315576073297521353e-02
-3.034837015956503778e-02
-1.425305140854258093e-02
-7.662377371986041526e-03
-4.462728749423917896e-03
-2.725494067750714507e-03
-1.727023086691911301e-03
-1.109937951762849165e-03
-7.226304718650252822e-04
-4.685792732255817002e-04
-3.031251031038172138e-04
-1.924614759865868145e-04
-1.186354143463308784e-04
-6.444803935142422245e-05
3.508822532527779634e-06
2.609934492898948388e-04
4.966459131031665362e-05
2.764193163316895456e-04
3.652283314947186586e-04
-3.683677903599000638e-04
5.878612570997114898e-04
-3.210923501262604850e-04
-3.067682179313073465e-04
9.128437737784916332e-06
1.060853128385262276e-04
2.991509812195083484e-04
-4.200433862622006810e-05
-9.113770795422602284e-05
-1.313036562836205603e-04
-1.961125981406805355e-04
-3.038205121210297210e-04
-4.792949100877614004e-04
-7.595432343748967710e-04
-1.213254659235553064e-03
-1.947316388124041737e-03
-3.181594518702745514e-03
-5.309897395212152121e-03
-9.253077858541410017e-03
-1.703834068634617685e-02
-3.426165799461938083e-02
-7.854488719830636512e-02
-1.762782794909799056e-01
-2.204716138522323787e-01
-2.646828582302914179e-01
-2.817073113123897410e-01
-2.702146960682104693e-01
-2.479443081944492644e-01
-2.078300854614447413e-01
-1.582614971168658791e-01
-1.180865482408871153e-01
-9.119467202732417510e-02
-7.467402606936332510e-02
-6.315564474776531878e-02
-3.034838224082980415e-02
-1.425306511126372792e-02
-7.662375176360440923e-03
-4.462725046452722596e-03
-2.725497879238860874e-03
-1.727021880599408955e-03
-1.109939403893942704e-03
-7.226310293452133798e-04
-4.685715317254191036e-04
-3.031704314857482400e-04
-1.927255870748742917e-04
-1.201560868733872337e-04
-7.408348004178463169e-05
-5.942643955231838131e-05
-1.635945000318077410e-04
3.002502680315603323e-04
3.580001486129497199e-04
1.588413848506711669e-04
-7.704507858103701410e-05
1.197340807368249972e-04
-7.784286294651833818e-05
-4.763299847407233170e-04
1.232284555834556924e-04
-4.372188140375420594e-05
1.160366351599933517e-04
-1.635411279580449421e-04
-1.152476286552454171e-04
-1.355609116205868628e-04
-1.968146772820205228e-04
-3.039491995339128026e-04
-4.793177241930365309e-04
-7.595322469249589327e-04
-1.213248722632277905e-03
-1.947312228757158920e-03
-3.181591528483929468e-03
-5.309899422202746591e-03
-9.253067794164996154e-03
-1.703833579456718803e-02
-3.426167905053657814e-02
-7.854499503513039105e-02
-1.762790218869508818e-01
-2.204716432115290115e-01
-2.646828189552249966e-01
-2.817072989117795911e-01
-2.702146821722417602e-01
-2.479442902372464841e-01
-2.078300736831565909e-01
-1.582614885446125830e-01
-1.180865532974293419e-01
-9.119469028530233223e-02
-7.467403300131984778e-02
-6.315568636586872675e-02
-3.034837927813325079e-02
-1.425306092725930722e-02
-7.662374007941875030e-03
-4.462719822905247824e-03
-2.725494383432793943e-03
-1.727028633801994421e-03
-1.109942030799723495e-03
-7.226273681564606040e-04
-4.685696515288837469e-04
-3.031100048600722410e-04
-1.923987597759874418e-04
-1.182735438416577536e-04
-6.203506698558358201e-05
2.133645338929905259e-05
3.985885786826272206e-04
2.965172047083727781e-05
-1.665907384027478166e-04
1.963050382599769179e-04
-1.750456894662144559e-04
4.573470851858806312e-04
-4.877461584689847356e-04
-4.885067795712163792e-04
2.714896908033927626e-04
-2.759535319274122791e-04
2.101358097815664479e-04
3.977024852041842256e-04
-1.388360977272680406e-05
-1.153496548445130296e-04
-1.928989652486134282e-04
-3.051113564238468710e-04
-4.845089926921258513e-04
-7.709278990745975675e-04
-1.234717531392291474e-03
-1.986553387822330517e-03
-3.247227326244736621e-03
-5.414698265819375966e-03
-9.390306620662362824e-03
-1.715516330354415614e-02
-3.400910668234155554e-02
-7.616052267158258948e-02
-1.627109671573645500e-01
-1.707468821282935589e-01
-1.537070135255299841e-01
-1.301789287545034590e-01
-1.162974113014010186e-01
-1.161453550660742906e-01
-1.235159895411576114e-01
-1.274122690643747224e-01
-1.189946997360408071e-01
-1.024206959693444302e-01
-8.674409890731171746e-02
-7.307064005902522141e-02
-3.495467774392529287e-02
-1.622881361234706360e-02
-8.611396296702510111e-03
-4.952267841764296068e-03
-2.990121191978245465e-03
-1.873373992983632177e-03
-1.192253830630575061e-03
-7.688255280723367254e-04
-4.947364463926656308e-04
-3.179697280219644681e-04
-2.015557919051731272e-04
-1.268338610684968562e-04
-8.453155577125194434e-05
-8.988804480407316174e-05
-2.344886394609249484e-04
2.624397163530448073e-04
9.084396051452631171e-05
3.579736896861417301e-04
-6.148148493327367219e-04
2.358073575248630820e-04
-3.455146690416838694e-04
-5.376071543304462678e-04
7.711845036603994733e-04
-1.112192800978019472e-04
-1.030418263138193756e-04
2.613369122098584108e-04
-3.059325620447711139e-05
-1.172632118926257924e-04
-1.930649481570469964e-04
-3.050975624808795780e-04
-4.844999551935943571e-04
-7.709385032488848223e-04
-1.234725251824989566e-03
-1.986561934518675087e-03
-3.247232113172118448e-03
-5.414693124604502000e-03
-9.390304870211163904e-03
-1.715516369690256102e-02
-3.400909587123563532e-02
-7.616044464674431858e-02
-1.627104247294768880e-01
-1.707468340134362939e-01
-1.537070308762888970e-01
-1.301789252172359523e-01
-1.162974060221318579e-01
-1.161453628717133701e-01
-1.235159924528396735e-01
-1.274122759872088617e-01
-1.189946999508815356e-01
-1.024206803445682490e-01
-8.674408744422366924e-02
-7.307057232816471792e-02
-3.495468199840038453e-02
-1.622882014406348480e-02
-8.611390252778993934e-03
-4.952266483430325592e-03
-2.990131606071715856e-03
-1.873376990778996337e-03
-1.192257368963017643e-03
-7.688245212315588739e-04
-4.947175782644794729e-04
-3.179795961584592134e-04
-2.016473376723370615e-04
-1.274191307793860533e-04
-8.878235442283177259e-05
-1.188452004289869158e-04
-4.207169229289306153e-04
8.674696818352788281e-05
9.485815652148128774e-05
1.686840504443095365e-04
-4.703492713859949541e-04
3.160188244070181248e-04
2.379870628475645245e-04
-3.962061174124950581e-04
6.077415002359545142e-04
4.278540456539183358e-04
-4.563470047391207304e-05
-1.745519302150696616e-04
-8.439061800792491542e-05
-1.241535773828652081e-04
-1.939721423863139402e-04
-3.052344530500767142e-04
-4.845187500614200091e-04
-7.709259090804266006e-04
-1.234720766579459981e-03
-1.986563057455166276e-03
-3.247235333861872401e-03
-5.414697899008376857e-03
-9.390297615393798994e-03
-1.715515951246383494e-02
-3.400910615447847590e-02
-7.616048565802631398e-02
-1.627107274821579797e-01
-1.707468329075456925e-01
-1.537070187402638788e-01
-1.301789352210900030e-01
-1.162974066083476421e-01
-1.161453494022969962e-01
-1.235159803808537626e-01
-1.274122696691529222e-01
-1.189947106078317884e-01
-1.024207053919348742e-01
-8.674409838707157483e-02
-7.307057512720728509e-02
-3.495468469924321864e-02
-1.622882201117263612e-02
-8.611392417791949305e-03
-4.952260978050074085e-03
-2.990122989348961702e-03
-1.873378041272329066e-03
-1.192256557278274570e-03
-7.688193436304194880e-04
-4.947162767728824698e-04
-3.179137370293429556e-04
-2.012949909057582996e-04
-1.255890684688509840e-04
-7.905543348496029679e-05
-7.032348720101962386e-05
-2.119195229780673751e-04
-2.237506906793532190e-04
-3.946534304770666490e-05
5.707225485691223800e-04
-4.567876771053969815e-04
-1.645770530346368288e-04
1.556773468945659225e-04
2.288340521706313114e-04
-4.841192368853160276e-04
-3.855461704309033968e-04
-2.571856884756055172e-04
-2.585584143660911221e-04
-1.166545321082090283e-04
-1.310362267880004991e-04
-1.957741996823057242e-04
-3.089289559418791293e-04
-4.934134102581556273e-04
-7.896847673934819000e-04
-1.270039201580528028e-03
-2.051250657206077008e-03
-3.354760474410727316e-03
-5.580985656340440443e-03
-9.583320982544291794e-03
-1.719861701362646392e-02
-3.301290026777680547e-02
-7.006949507129761612e-02
-1.376665595113782392e-01
-1.213328983445262632e-01
-9.094647531970000143e-02
-6.713561675045566501e-02
-5.511695726708969179e-02
-5.458942762493967232e-02
-6.522043176117810204e-02
-8.505666634193026487e-02
-1.061282387143324402e-01
-1.136248227155594870e-01
-1.063344162161337092e-01
-9.164703509347130184e-02
-4.324302005596529497e-02
-1.981794456493118917e-02
-1.034447143751164068e-02
-5.848730240203825481e-03
-3.475345983527759579e-03
-2.141359300586422303e-03
-1.342575250296895338e-03
-8.527761027635581562e-04
-5.417981076525565931e-04
-3.437604336554845978e-04
-2.148560962315756095e-04
-1.309198200372947533e-04
-7.688677014400574689e-05
-5.429070309399784824e-05
-1.171573029997623552e-04
4.454014047112722532e-04
-7.424036794801112417e-05
4.364219148513182240e-04
-4.599843990108611145e-04
-1.304329855983385803e-04
-2.417447794707738775e-04
1.916315779470205590e-04
-9.596281648654798240e-05
-5.475976404397628903e-04
-1.642607510328216835e-04
-5.012175908202528380e-04
-1.503201999708197263e-04
-1.355545741576048933e-04
-1.963166147868155946e-04
-3.089695884802868284e-04
-4.934132814890617152e-04
-7.896956095160600000e-04
-1.270044854902573550e-03
-2.051256824316542975e-03
-3.354767046170591908e-03
-5.580987425602697977e-03
-9.583325194379840525e-03
-1.719861979102720040e-02
-3.301289143941125992e-02
-7.006946965354196588e-02
-1.376664898976090456e-01
-1.213328966422335259e-01
-9.094649209283818536e-02
-6.713561315098741378e-02
-5.511695243292155655e-02
-5.458943111753638416e-02
-6.522042988625008364e-02
-8.505667091644909805e-02
-1.061282378043791469e-01
-1.136248022782375827e-01
-1.063344016729603353e-01
-9.164700187909283202e-02
-4.324302179628944365e-02
-1.981794881984284482e-02
-1.034446153640767446e-02
-5.848724519241081145e-03
-3.475352350173701796e-03
-2.141357677313433187e-03
-1.342576348497836764e-03
-8.527716060168477044e-04
-5.417660441039624016e-04
-3.437100417095407157e-04
-2.145858598351248322e-04
-1.293540982126735169e-04
-6.845829527794546022e-05
-1.004146429418373138e-05
1.002033556040484753e-04
-3.665329806511403550e-06
-2.152140719573287706e-04
2.854250171149006550e-04
-3.117882797029243049e-04
5.246101164145856605e-04
-3.786836654912704276e-04
-6.871439150995444032e-04
-1.945761213293971197e-04
-6.205993512130097371e-04
-3.130765260867233611e-04
2.994552901847672864e-05
-8.132095211518697189e-05
-1.264279948111904296e-04
-1.951324264342256737e-04
-3.088306894955887799e-04
-4.933944998747201481e-04
-7.896793245108502113e-04
-1.270040458228281332e-03
-2.051258146887487664e-03
-3.354767365738847013e-03
-5.580983452223712768e-03
-9.583313045426030546e-03
-1.719861481993611302e-02
-3.301289615755956253e-02
-7.006946675358402543e-02
-1.376664611057693000e-01
-1.213328805076743233e-01
-9.094648775954757014e-02
-6.713561999452485884e-02
-5.511695017152924009e-02
-5.458941813886587086e-02
-6.522041786508805949e-02
-8.505666567446105997e-02
-1.061282498561233606e-01
-1.136248249408199906e-01
-1.063344125302635029e-01
-9.164702688248188567e-02
-4.324302641943034153e-02
-1.981794840717229431e-02
-1.034446246077991988e-02
-5.848721359527900808e-03
-3.475346582158984898e-03
-2.141361821170670136e-03
-1.342579655375518606e-03
-8.527718622733020202e-04
-5.417744525217965852e-04
-3.436747011142305048e-04
-2.143824805652618957e-04
-1.281894385802406896e-04
-6.087832642397818179e-05
4.114018988034299850e-05
4.604662761623893761e-04
3.564219320158777725e-04
-3.842956607471876423e-04
4.562447312038819662e-04
-2.842249806719112119e-04
-1.255390415995631551e-04
-4.809790333193611901e-04
2.242619543914503230e-04
3.127013343070388931e-04
3.480953977091577958e-04
-5.543663301406836011e-04
-2.631703966617102760e-04
-1.110049864510490291e-04
-1.260487021702176916e-04
-1.943601133277797802e-04
-3.122842319474134452e-04
-5.036251561565142096e-04
-8.120431482702923425e-04
-1.312952013406997126e-03
-2.130902259187866105e-03
-3.489050100307763882e-03
-5.789602324898667461e-03
-9.827806732108097798e-03
-1.725453310843388238e-02
-3.187573909380550519e-02
-6.374773037280527521e-02
-1.148775111465743098e-01
-9.147643633484568715e-02
-6.023756089517248724e-02
-3.690833503568022311e-02
-2.512979029491782881e-02
-2.408432249511601245e-02
-3.371836462913906096e-02
-5.414359176296271170e-02
-8.402241466246503088e-02
-1.126462746807040533e-01
-1.237206712031549277e-01
-1.136332998535367900e-01
-5.342595232354681312e-02
-2.433178684751799437e-02
-1.257297907597554852e-02
-7.022124158947980026e-03
-4.118973285159310826e-03
-2.499299924701649418e-03
-1.544077528852867568e-03
-9.654009925605344612e-04
-6.049101806156596426e-04
-3.782943421772102252e-04
-2.328110967315636000e-04
-1.381813919381860592e-04
-7.919678190665326717e-05
-8.470100584969990300e-05
-4.440826978906493991e-04
-1.724995084556649172e-04
-2.021619728677907671e-04
1.035289256501493467e-04
-1.893805286695624251e-04
3.155854407913253777e-04
9.153914700837294206e-05
3.207415080054489974e-04
2.365471048177289224e-05
4.558150454650857831e-04
-9.384310551681344253e-05
-2.016085024818654273e-04
-9.610178088426136729e-05
-1.224560306059136719e-04
-1.935342268287812970e-04
-3.120979382363853975e-04
-5.035893871774424838e-04
-8.120472669245080901e-04
-1.312953670803613127e-03
-2.130902650367787459e-03
-3.489053940672600784e-03
-5.789605235940693817e-03
-9.827810075993962183e-03
-1.725453661862932572e-02
-3.187573669883843330e-02
-6.374772402418542316e-02
-1.148774607299572342e-01
-9.147642922675679189e-02
-6.023756410805965883e-02
-3.690832121678215560e-02
-2.512978104866587029e-02
-2.408432625498587235e-02
-3.371836757436350723e-02
-5.414360179935184120e-02
-8.402241760515534452e-02
-1.126462608394070836e-01
-1.237206656156770723e-01
-1.136332782261344904e-01
-5.342595295207257927e-02
-2.433178647091844768e-02
-1.257296645984118909e-02
-7.022122023467774164e-03
-4.118986701210195639e-03
-2.499303467667303349e-03
-1.544079351400233632e-03
-9.653915597462999973e-04
-6.048699930933949115e-04
-3.782154053454843336e-04
-2.323396715065755773e-04
-1.351843961965033651e-04
-6.027909707003803940e-05
3.806681109681992782e-05
3.741226551495689884e-04
-2.236901737520506921e-04
-4.976437239757361105e-04
3.791771360686861767e-04
-7.948755713623058923e-04
4.715740063659563139e-04
2.197885811156209592e-04
-2.444225412658814519e-04
5.053322660211480820e-04
3.822301515576567829e-04
-1.765661121294279383e-04
3.788471679735461018e-06
-7.228591357896443524e-05
-1.199379755586062559e-04
-1.933438575243976094e-04
-3.121081905265803125e-04
-5.035927840254439316e-04
-8.120371250646044427e-04
-1.312952729172617078e-03
-2.130908917509882674e-03
-3.489058454481414485e-03
-5.789601975728690675e-03
-9.827803631879209953e-03
-1.725453481210760184e-02
-3.187573434214840268e-02
-6.374771715395800842e-02
-1.148774929352422564e-01
-9.147643949199985025e-02
-6.023757840618460674e-02
-3.690833989167449647e-02
-2.512978569577066501e-02
-2.408431287704325754e-02
-3.371834745160547098e-02
-5.414358886457182329e-02
-8.402242543405825936e-02
-1.126462767614085786e-01
-1.237206836049590947e-01
-1.136333615596146762e-01
-5.342596180405766865e-02
-2.433178857762362604e-02
-1.257296886581958650e-02
-7.022118531886180001e-03
-4.118976424354454241e-03
-2.499301126278019505e-03
-1.544080475466258137e-03
-9.653959012947641591e-04
-6.048912699660069937e-04
-3.782429169434552347e-04
-2.325158095883526075e-04
-1.363536545970685807e-04
-6.756318644483903617e-05
-8.621491667191458148e-06
6.580999433260561191e-05
-2.694624931945839032e-04
9.458990004813737753e-05
4.440320180519978510e-04
-5.189081626469535221e-04
-2.656292737433770066e-04
1.882125300513008042e-04
8.327942876399995831e-05
5.037005979928362845e-04
6.715633227722932891e-04
4.562311710009863503e-04
1.038275461251690342e-04
-3.561472399642687150e-05
-1.056224890622347874e-04
-1.883954088245008652e-04
-3.127395563406436675e-04
-5.100959887526693810e-04
-8.284811085473401141e-04
-1.346513530005848157e-03
-2.196105570284121421e-03
-3.603116251300842073e-03
-5.972983344455469641e-03
-1.005653467716937678e-02
-1.735660849924280241e-02
-3.110700303825084112e-02
-5.935249195215780427e-02
-1.009820532249169622e-01
-7.705021084669952391e-02
-4.776939283714501383e-02
-2.559326255538249897e-02
-1.313146392020956600e-02
-9.898459032849745570e-03
-1.621976918640615287e-02
-3.299323588681289665e-02
-6.118901824771687259e-02
-9.687395087109010317e-02
-1.256354389527161997e-01
-1.280645659556098048e-01
-6.155938029927093824e-02
-2.845738738634097029e-02
-1.477081718574427271e-02
-8.231512874356198411e-03
-4.799568108536149402e-03
-2.882418036607726271e-03
-1.760941356519060176e-03
-1.086860917417211032e-03
-6.730889639867447755e-04
-4.157870121592353516e-04
-2.524362356625363402e-04
-1.447173401320593351e-04
-6.492850539545283602e-05
2.142977597472933823e-05
2.533866772014979249e-04
-2.766651203704467048e-05
1.368586143234145497e-04
2.528230678879945983e-04
3.435977147899137922e-04
-5.069738311817653144e-04
3.343543230633563444e-05
-2.179066969593317971e-04
-3.967314230145137509e-05
4.447246564841813806e-04
-3.459352664829620674e-04
5.240023573074968242e-04
4.312236362567730991e-05
-9.090056358037480581e-05
-1.856878897346723577e-04
-3.122459089362154133e-04
-5.100118775718588161e-04
-8.284767526700306589e-04
-1.346512101045362411e-03
-2.196102135253263574e-03
-3.603121105287931513e-03
-5.972991821176104957e-03
-1.005654069681487586e-02
-1.735661116172686549e-02
-3.110699471262244609e-02
-5.935247884751242153e-02
-1.009820410358645837e-01
-7.705021561207583969e-02
-4.776940495978933970e-02
-2.559325668130452494e-02
-1.313146102606345920e-02
-9.898464728235223040e-03
-1.621977330095063577e-02
-3.299324421380343125e-02
-6.118901737949787589e-02
-9.687393720186117385e-02
-1.256354385501735893e-01
-1.280645561327630744e-01
-6.155938496038401708e-02
-2.845738661058187791e-02
-1.477080468605030533e-02
-8.231510888805771212e-03
-4.799579524759337544e-03
-2.882420000800630083e-03
-1.760943175392461896e-03
-1.086854201407269063e-03
-6.730633111796873813e-04
-4.157655894862257438e-04
-2.523174173309138081e-04
-1.441213035047068654e-04
-6.262624611929968395e-05
2.676874521490989374e-05
2.244813126993415529e-04
2.603799480861955788e-04
2.382528653096830599e-04
4.124885407891542058e-04
-3.165698404379033506e-04
-6.525725519435961056e-06
-1.051547256254922860e-04
4.959227505617052213e-04
1.180642835375573380e-04
1.900864370683558277e-04
2.424646782672646881e-04
-1.869309124968797885e-04
-5.765998249708240755e-05
-1.058044400940809615e-04
-1.879447956604253511e-04
-3.125980641077213875e-04
-5.100638792857719586e-04
-8.284769367204316637e-04
-1.346514262282820507e-03
-2.196110982568454367e-03
-3.603124766297561947e-03
-5.972981097473215734e-03
-1.005652978165520739e-02
-1.735660793547959616e-02
-3.110699203015680064e-02
-5.935247381422293494e-02
-1.009820218191848223e-01
-7.705021684388722869e-02
-4.776941274511301710e-02
-2.559326742970515628e-02
-1.313146288782134075e-02
-9.898454186746688532e-03
-1.621975530968520693e-02
-3.299323302328292101e-02
-6.118902630438360912e-02
-9.687395007447829887e-02
-1.256354456474067238e-01
-1.280645932175022705e-01
-6.155938959121154408e-02
-2.845738986169506560e-02
-1.477080491317738463e-02
-8.231505706202395245e-03
-4.799568629707599149e-03
-2.882416245777473084e-03
-1.760944918024363740e-03
-1.086860189847026811e-03
-6.730867069061340384e-04
-4.158220434986660856e-04
-2.526656908124844808e-04
-1.462115154283432760e-04
-7.487660395272616111e-05
-4.602425548267110932e-05
-2.131876737034498696e-04
7.282418315510334576e-04
-1.524519947289587163e-04
-7.729639345780047941e-05
3.076034612814717759e-04
1.844032908438473541e-04
6.049079413415267689e-04
-2.348098955389525861e-04
2.017316803359617175e-04
-4.276613940617773196e-04
-2.172467049712688476e-04
-4.122525234945784113e-04
-1.003573405787050780e-04
-1.105420036197432310e-04
-1.860321213395445424e-04
-3.108873044221580886e-04
-5.105384111053907744e-04
-8.337826414070364589e-04
-1.360926795134928102e-03
-2.229065208518584470e-03
-3.667461532964145805e-03
-6.088716475345397686e-03
-1.023261956522822369e-02
-1.756302471001867579e-02
-3.115884209067634747e-02
-5.861189460467058215e-02
-9.855373435390120396e-02
-7.452250276527695727e-02
-4.471292304292843328e-02
-2.132817954014985112e-02
-7.319561376285044392e-03
-2.256694056043429073e-03
-6.179519673612922023e-03
-1.965651740437580203e-02
-4.385648452904902100e-02
-7.803920744355101469e-02
-1.138271461118097044e-01
-1.293403561045402550e-01
-6.538041520170152776e-02
-3.122040663404934344e-02
-1.650323390087190395e-02
-9.271804036315240555e-03
-5.414238030035466338e-03
-3.237600808143061785e-03
-1.965008571359501237e-03
-1.202280306757988601e-03
-7.384699779210574530e-04
-4.523519306580432307e-04
-2.725976206682153018e-04
-1.543358305945742852e-04
-6.396451846941315358e-05
4.913268020189005564e-05
3.847428678697539101e-04
2.870254500723007146e-04
-5.224516843731121657e-04
2.890332835094161479e-04
-3.101570527248241594e-04
-2.185355052110693098e-05
2.960369396464274626e-04
-6.880330414963967091e-04
-3.851527577516420200e-04
4.441720554157684660e-05
3.368062249298846007e-04
4.599636126692776433e-04
3.215890936512322095e-05
-8.932927186206375634e-05
-1.825640326678517906e-04
-3.103156575772524962e-04
-5.104486226085222901e-04
-8.337755348340813522e-04
-1.360921021578807063e-03
-2.229054687959717684e-03
-3.667463510413339345e-03
-6.088726522141429953e-03
-1.023262631390616309e-02
-1.756302865846559938e-02
-3.115883944603668396e-02
-5.861189142838141991e-02
-9.855374645176401271e-02
-7.452251467176922162e-02
-4.471292711475871595e-02
-2.132816704820330103e-02
-7.319555882887145495e-03
-2.256699062695771783e-03
-6.179524775608598655e-03
-1.965652387931242362e-02
-4.385648015882740586e-02
-7.803919463468361739e-02
-1.138271473287767316e-01
-1.293403607511094122e-01
-6.538042188068295124e-02
-3.122040140237919426e-02
-1.650321969644111958e-02
-9.271807874043554512e-03
-5.414259040037456248e-03
-3.237610101380192142e-03
-1.965009565776484023e-03
-1.202270875869892097e-03
-7.384549408768503222e-04
-4.523728405156619381e-04
-2.727423084182082074e-04
-1.554179484168416231e-04
-7.207421671872131215e-05
-8.459161920196426281e-06
-4.490941408687772043e-06
5.680051589304964833e-04
-8.097322582874056697e-05
-3.000306262125416860e-04
5.841034397528526502e-05
-5.367611239206353290e-04
2.779096324134012135e-05
-4.899053690905742992e-04
-1.984639332851766667e-04
-1.048670265003853253e-04
2.786763017616941912e-04
1.876790156302037861e-04
-1.117701501555387890e-05
-9.618386776688754580e-05
-1.836353755195408095e-04
-3.104798201648858828e-04
-5.104696866614196133e-04
-8.337731556407759845e-04
-1.360922333902071877e-03
-2.229063887333506029e-03
-3.667467551293851491e-03
-6.088715911238226988e-03
-1.023262173433247928e-02
-1.756303163094336678e-02
-3.115883410265960635e-02
-5.861188108147062648e-02
-9.855372549261671999e-02
-7.452251514734942184e-02
-4.471293826846627767e-02
-2.132817842062174896e-02
-7.319559138988624217e-03
-2.256692045423806456e-03
-6.179509316649176194e-03
-1.965651528263389139e-02
-4.385648981053055784e-02
-7.803920275022162290e-02
-1.138271385698517713e-01
-1.293403529468001856e-01
-6.538042246126435364e-02
-3.122040918859226091e-02
-1.650322214646864072e-02
-9.271799378165473601e-03
-5.414239509495186869e-03
-3.237598069452764238e-03
-1.965012266449194227e-03
-1.202281429580213988e-03
-7.384755455099353393e-04
-4.524203755986453204e-04
-2.730034124124927348e-04
-1.567491967108469654e-04
-7.845044323300422314e-05
-3.761118364574521350e-05
-1.284900410256815343e-04
7.232557889808434535e-04
6.885487089395565363e-05
3.385166916286615375e-04
2.700674045628337827e-04
-2.323566212839660013e-04
-3.463895696067124442e-04
-5.211302548323086493e-04
-3.613230868060298728e-06
-2.268909340940018185e-04
-5.815462501058605606e-04
-3.155283441916315545e-04
-1.042477466507316325e-04
-1.101931867569179343e-04
-1.813056228765234034e-04
-3.038598725360273901e-04
-5.009667712866038534e-04
-8.205916920825018397e-04
-1.342467774820198202e-03
-2.204416879915304522e-03
-3.636683352398511777e-03
-6.058658591899244647e-03
-1.022895384120594067e-02
-1.768178733661327981e-02
-3.173789882261662115e-02
-6.090750283196585263e-02
-1.058542114279541202e-01
-8.185176669903231061e-02
-4.997828832552227846e-02
-2.407991262937510604e-02
-7.509422694134219693e-03
4.959175760858295821e-05
-1.125842379210950346e-03
-1.127899539749021955e-02
-3.118027321497501142e-02
-6.106284387693905469e-02
-9.610811756721314436e-02
-1.185796237483061760e-01
-6.422812667116545304e-02
-3.213851034174725757e-02
-1.746407121848648353e-02
-9.958268235697982987e-03
-5.853481925663570756e-03
-3.502287546823532830e-03
-2.120968611472704487e-03
-1.292253087522372964e-03
-7.904317502448392034e-04
-4.823848179012922479e-04
-2.905748998562338926e-04
-1.663778538385599374e-04
-7.712514560523624652e-05
9.922033952578722090e-06
1.878853065814903322e-04
1.394544734135634340e-05
7.627776110893586046e-05
-3.039953807251662837e-04
3.836707255548200729e-04
-1.906849850334829688e-04
-1.352169465757511731e-04
-1.836884385016385919e-05
-3.084136676955333875e-05
-7.137936843715216635e-06
-5.475880266715454003e-04
-3.285506640911637776e-04
-9.637423477699281875e-05
-1.077508580461733961e-04
-1.807801216857278872e-04
-3.037700207452696788e-04
-5.009570020604645459e-04
-8.205939248650246211e-04
-1.342463383179923675e-03
-2.204410248367602056e-03
-3.636695134129040892e-03
-6.058677725997912121e-03
-1.022896104098340586e-02
-1.768178466343362995e-02
-3.173788888703411859e-02
-6.090749138106112820e-02
-1.058542050323811740e-01
-8.185176962757907682e-02
-4.997828648996684858e-02
-2.407990080943572461e-02
-7.509420701284510655e-03
4.958419620631217522e-05
-1.125851201136282738e-03
-1.127900300706185729e-02
-3.118026799109651498e-02
-6.106283113228474363e-02
-9.610811916512039532e-02
-1.185796358400758727e-01
-6.422813561798339232e-02
-3.213851130737944983e-02
-1.746406527149416132e-02
-9.958275337784570219e-03
-5.853497193167665064e-03
-3.502286231705819316e-03
-2.120958580826079985e-03
-1.292240086387657499e-03
-7.904213374829198923e-04
-4.823820610579977459e-04
-2.905597125799936221e-04
-1.664575331636525865e-04
-7.915294673363864578e-05
-1.403411940649161317e-05
-4.745197349010048525e-05
1.479801995374984791e-04
-8.326583874221608493e-05
5.599753841077000647e-04
-1.580985196157177119e-04
-1.645867100391114498e-04
-4.596840875984785184e-04
-3.856220582280633913e-04
7.984243100301626189e-05
-3.458016661553284547e-04
-1.975113164605806545e-04
2.985438739062385097e-05
-3.695059052249527291e-05
-9.760056177927612070e-05
-1.790432199563997601e-04
-3.034641374388748225e-04
-5.009006514139054339e-04
-8.205845985197596486e-04
-1.342464728402244147e-03
-2.204417576592188673e-03
-3.636693673897372671e-03
-6.058659422807408101e-03
-1.022895344963881993e-02
-1.768178880435893746e-02
-3.173788703780168474e-02
-6.090749095350309061e-02
-1.058542071311876775e-01
-8.185177936526656650e-02
-4.997830238549094695e-02
-2.407991209661669227e-02
-7.509422989022946845e-03
4.959099327027229694e-05
-1.125834751492905917e-03
-1.127899321912032536e-02
-3.118027550074783244e-02
-6.106283621962379365e-02
-9.610811045615004489e-02
-1.185796250502622051e-01
-6.422813467124219300e-02
-3.213851550119156686e-02
-1.746406331136759332e-02
-9.958267399131292066e-03
-5.853484008533728356e-03
-3.502282980933374684e-03
-2.120970404534714120e-03
-1.292252602922629818e-03
-7.904327372351810897e-04
-4.824191166713354519e-04
-2.907589029157031527e-04
-1.673521710800303299e-04
-8.252563364317329103e-05
-2.141751587035209688e-05
-5.066822554620401445e-06
-1.664646575922889551e-04
-6.090641689018973222e-06
3.694457001114635379e-05
4.694349273878760387e-04
-4.490001325566731752e-04
-4.412161583566400012e-04
1.076469560178938293e-04
-4.227950227215868529e-05
3.052255625811342446e-04
1.898363181230323417e-04
1.262070423109788915e-04
-7.126907796413574228e-06
-8.402586179009544467e-05
-1.679785111877293228e-04
-2.896888450476711838e-04
-4.801300016274596136e-04
-7.868487324463172873e-04
-1.286681962043952337e-03
-2.112101380782441511e-03
-3.487855930499987166e-03
-5.829657105413336288e-03
-9.918324689643319078e-03
-1.739542089240334738e-02
-3.201543747778707455e-02
-6.398735183465618925e-02
-1.181407883113611001e-01
-9.572783064130070685e-02
-6.078694857342799990e-02
-3.100267222824563268e-02
-1.117807885768054565e-02
-1.083872190395625745e-03
4.136526563641375234e-05
-7.573111753010919669e-03
-2.421310944929160741e-02
-5.020365466046476655e-02
-8.218307929018894842e-02
-1.062620485510866603e-01
-6.114274023110063266e-02
-3.186290991559272839e-02
-1.775245991254569347e-02
-1.027017869922869711e-02
-6.083037476555645980e-03
-3.651310441402531772e-03
-2.213222813647614060e-03
-1.347906466456514751e-03
-8.240114310421448301e-04
-5.031471320379153362e-04
-3.047538099829888848e-04
-1.791323800220458737e-04
-9.767515998310174704e-05
-6.243669422501614726e-05
-2.579326332491840433e-04
-3.325938610816409188e-05
2.786104611344195395e-04
1.792554176543575408e-04
-2.709029100262487635e-05
-5.527496379227206727e-04
-1.737395339527819302e-04
1.694691819621770696e-04
5.352719286043831990e-04
1.989526406449092894e-04
-2.025908287685419633e-04
-2.062199340367298222e-04
-7.083274842596116820e-05
-9.608285228069085202e-05
-1.702100504414621085e-04
-2.901108837885710257e-04
-4.802134538997081888e-04
-7.868627183217302657e-04
-1.286676253360045452e-03
-2.112088417861617082e-03
-3.487859765521456393e-03
-5.829671353212395775e-03
-9.918331673068768103e-03
-1.739542185503145655e-02
-3.201543305154054553e-02
-6.398734504103871512e-02
-1.181407798897667338e-01
-9.572783444881535764e-02
-6.078694499102000465e-02
-3.100266055204342966e-02
-1.117807673880776183e-02
-1.083879831007691962e-03
4.135415391039532412e-05
-7.573118788659065348e-03
-2.421310068604246371e-02
-5.020363937323298054e-02
-8.218307415904932411e-02
-1.062620485768919626e-01
-6.114274087930279822e-02
-3.186290475644202452e-02
-1.775245293820075856e-02
-1.027018767986054293e-02
-6.083055040927359998e-03
-3.651312100769774777e-03
-2.213214081111670572e-03
-1.347896347179078575e-03
-8.240013993294433058e-04
-5.030883629907523160e-04
-3.043572896097077431e-04
-1.765128110903653425e-04
-8.005807225088983948e-05
5.949074836120519361e-05
6.149520881900235247e-04
-2.520305978999273062e-04
4.942836702709137880e-05
1.352449563603876331e-04
2.721250954398838750e-04
-3.970801868677306667e-04
4.053518371102369930e-05
4.445753987142229112e-05
-5.782915591878319268e-05
3.840246629619510242e-04
3.951998920090799309e-05
5.100096134508758875e-04
4.342298441081066470e-05
-7.677526041442168491e-05
-1.668827271117183072e-04
-2.895184266518409746e-04
-4.801065405145984121e-04
-7.868506222156546135e-04
-1.286679302377442737e-03
-2.112098428280312443e-03
-3.487861536839026010e-03
-5.829654889047315020e-03
-9.918325286462342100e-03
-1.739542483860341548e-02
-3.201542842336450867e-02
-6.398734428277644271e-02
-1.181407943808000655e-01
-9.572784568370022729e-02
-6.078696024887028648e-02
-3.100267186765463118e-02
-1.117808198288444514e-02
-1.083876576689430694e-03
4.137059672698063220e-05
-7.573108587255853591e-03
-2.421310785605439511e-02
-5.020364528811889493e-02
-8.218307476136317569e-02
-1.062620519345353759e-01
-6.114274787253078797e-02
-3.186291467479287348e-02
-1.775245318159911906e-02
-1.027017844530897679e-02
-6.083036245245734309e-03
-3.651301532758045171e-03
-2.213222083440942456e-03
-1.347905977015664706e-03
-8.240072098179291715e-04
-5.031311699145319663e-04
-3.046151314155266777e-04
-1.780425357038655724e-04
-8.961440989607915512e-05
-3.690883865616847420e-06
1.693999476737613051e-04
-3.140843129004507856e-04
1.895019863142084076e-04
-4.688260525060259623e-05
6.984691668364352481e-04
-5.936776688890725226e-04
1.149983494028641439e-04
-1.010105099175172109e-04
-3.443425533027785171e-04
1.016893032340287698e-04
-3.943382409308180390e-04
4.054491318001156351e-04
4.412523828308689442e-05
-6.449786385101161350e-05
-1.528100570441486700e-04
-2.703228848549498690e-04
-4.494885934241227244e-04
-7.346225853632136179e-04
-1.196719781465328163e-03
-1.956461294846079026e-03
-3.224086400567203678e-03
-5.392267548428642844e-03
-9.235395278810790837e-03
-1.644052549154798731e-02
-3.110647661357921270e-02
-6.515000895448912199e-02
-1.289008039079054535e-01
-1.134143044764299862e-01
-7.772191773217428101e-02
-4.364573215705203069e-02
-1.953499588828917777e-02
-6.124803192458950531e-03
-2.255912010154796383e-03
-7.374182190018251960e-03
-2.145000555660361158e-02
-4.492467798567367776e-02
-7.484027771774134918e-02
-9.895378171233719378e-02
-5.884385148899817092e-02
-3.128211953226398001e-02
-1.763261227895657549e-02
-1.027317410501634408e-02
-6.112561538588513060e-03
-3.681700504401999759e-03
-2.237520775983399286e-03
-1.366114771887791185e-03
-8.371121299430276828e-04
-5.131686981945075702e-04
-3.138682608218247203e-04
-1.910421015180146348e-04
-1.193035846708228708e-04
-9.839762355460144011e-05
-1.777150719373197369e-04
-3.948839982984287794e-05
-2.566821062009194167e-04
-2.766883369002158728e-04
-6.683527956992011765e-04
-2.011463070302428656e-04
2.455810851331350036e-04
-7.537924034991981472e-05
3.012061434907936717e-04
4.132759563767436986e-04
-3.019801445080092157e-04
-3.888814151528195034e-04
-9.040654237370305288e-05
-8.806750879370108160e-05
-1.569558730692250878e-04
-2.710699135736567502e-04
-4.496258327135778800e-04
-7.346410032139110867e-04
-1.196718211062579133e-03
-1.956457243111187419e-03
-3.224099420722257615e-03
-5.392287351237106188e-03
-9.235400166557765356e-03
-1.644051906099681937e-02
-3.110646644274850034e-02
-6.515000168074171205e-02
-1.289007992130939695e-01
-1.134143058340253557e-01
-7.772190794501769584e-02
-4.364571784488106843e-02
-1.953499381898301385e-02
-6.124810724420943001e-03
-2.255922295417536402e-03
-7.374184001267054811e-03
-2.144999141263694356e-02
-4.492466541791075019e-02
-7.484027814894936292e-02
-9.895378596617479539e-02
-5.884385729756522881e-02
-3.128211676098872907e-02
-1.763260672853100841e-02
-1.027317837198393410e-02
-6.112568380976705559e-03
-3.681694023435197471e-03
-2.237508963379618732e-03
-1.366108028444714892e-03
-8.371100211314653518e-04
-5.131238492894796581e-04
-3.136216780938439722e-04
-1.898401716255009595e-04
-1.142517577552625908e-04
-8.432625434667262161e-05
-2.118627546308247055e-04
1.323944164369539648e-04
3.694784432295911337e-05
-1.122181750401338109e-04
2.621780949709395423e-04
-1.686330397024066283e-04
6.733432365364191074e-04
-1.883820927869575470e-04
-3.650032719439353897e-04
-2.584140619686757924e-04
-1.263963268662860731e-04
-2.320391587900524422e-04
-4.038337291776216385e-05
-7.618383710156032289e-05
-1.544613077810505345e-04
-2.705633831484842173e-04
-4.495282403908862703e-04
-7.346338641443401216e-04
-1.196718042312275906e-03
-1.956458490509172237e-03
-3.224092257506544316e-03
-5.392267305223609475e-03
-9.235398436492625596e-03
-1.644053024583368855e-02
-3.110646866218484338e-02
-6.515000605404210055e-02
-1.289008367376844322e-01
-1.134143237909930740e-01
-7.772192475981376525e-02
-4.364573007246123904e-02
-1.953500224118325315e-02
-6.124812355406125848e-03
-2.255909420014166628e-03
-7.374178070656240737e-03
-2.144999923359565061e-02
-4.492466568802316179e-02
-7.484027807461650361e-02
-9.895379885687360932e-02
-5.884386257576505741e-02
-3.128212216236674059e-02
-1.763260166476513305e-02
-1.027317114125398008e-02
-6.112559563355109138e-03
-3.681693530275124797e-03
-2.237521646966742460e-03
-1.366116315386452966e-03
-8.371084322251996779e-04
-5.131485960478707285e-04
-3.137457021368418174e-04
-1.903356568682605492e-04
-1.154641561747999983e-04
-7.815700223721019056e-05
-7.379176219842920764e-05
-3.491406148427864467e-04
1.447356638946863596e-05
3.072093678541955287e-04
8.408416536000793003e-05
4.495091206136721620e-04
-2.092842762613203629e-04
-4.160572482694973044e-04
3.351091100250293904e-04
-4.244294258538652853e-04
8.731179491950503545e-05
4.151851555145230697e-04
7.945598951909271302e-05
-4.400238412537394789e-05
-1.360905870404600048e-04
-2.477152402000610361e-04
-4.120419788549758966e-04
-6.689579995079352652e-04
-1.081403189730073110e-03
-1.752912279871085208e-03
-2.870167051587507994e-03
-4.780064304813579426e-03
-8.199753792407768471e-03
-1.471622198528303553e-02
-2.835717717167235766e-02
-6.134943616430903190e-02
-1.276491666603404296e-01
-1.252037638216686455e-01
-9.650391728807783398e-02
-6.092064692021865319e-02
-3.282691044226185295e-02
-1.613128050927228191e-02
-9.870733301968059523e-03
-1.316207015312324813e-02
-2.569263512437829772e-02
-4.796130969385729859e-02
-7.735419667991141890e-02
-1.013716809819303483e-01
-5.957164082935348381e-02
-3.122186302855133044e-02
-1.742062862674544077e-02
-1.009368530769447735e-02
-5.994697309144544385e-03
-3.616081267053775517e-03
-2.203696317846178410e-03
-1.351119637670507127e-03
-8.313883096796617590e-04
-5.125972162683642723e-04
-3.162701056527253982e-04
-1.961128830230080076e-04
-1.255971316301324095e-04
-9.014789249345127060e-05
-3.497899823936959952e-05
1.795105745119109390e-05
-5.374245454447305465e-06
-5.379383390032226953e-04
-5.262919770182759817e-04
3.944210911319689927e-04
-5.718058781693227330e-04
-1.510927265902725636e-04
6.325174918612489709e-04
-1.172962184839792095e-04
-2.174608612505462169e-04
-2.714133390799331022e-04
-3.389182315233896627e-05
-6.371014394386707792e-05
-1.395715529235868084e-04
-2.483525833010245300e-04
-4.121610947738097580e-04
-6.689718584969733556e-04
-1.081403397348518116e-03
-1.752907921100513950e-03
-2.870172073552445646e-03
-4.780075637040642408e-03
-8.199755247735281485e-03
-1.471621730000731258e-02
-2.835717087706502229e-02
-6.134943084588724560e-02
-1.276491602832551531e-01
-1.252037581976097047e-01
-9.650389784544624594e-02
-6.092063144413206732e-02
-3.282691181561292471e-02
-1.613129136240413694e-02
-9.870746365825244784e-03
-1.316207161425275544e-02
-2.569262095386136424e-02
-4.796129937800180237e-02
-7.735419480610634946e-02
-1.013716711436326717e-01
-5.957163583602997914e-02
-3.122185664409899211e-02
-1.742062974790205276e-02
-1.009369553313551292e-02
-5.994703577081549745e-03
-3.616074699690744951e-03
-2.203684526342887268e-03
-1.351113134876904273e-03
-8.313873001139842830e-04
-5.125495124475316217e-04
-3.160272946683605417e-04
-1.950159147283582874e-04
-1.214361654082874028e-04
-8.134877123132517576e-05
-8.467977147345600740e-05
1.191968790176654072e-04
-1.345693699557041925e-04
-3.736886397212533508e-04
2.900156865424860769e-04
5.049542917434644059e-04
-8.399967112089705944e-04
-3.746641012785913378e-04
2.914513184602483776e-04
-3.019854624497854997e-04
-2.483772929628282424e-04
3.064191464018994416e-04
5.308020468360738421e-05
-4.949525850543834123e-05
-1.371516867112481839e-04
-2.479148146140242514e-04
-4.120826457295637081e-04
-6.689703348568304831e-04
-1.081402271638519158e-03
-1.752909753185385566e-03
-2.870171455685968914e-03
-4.780064976625257762e-03
-8.199759340443294256e-03
-1.471622647571638014e-02
-2.835716724591560642e-02
-6.134943212870499346e-02
-1.276492180714793589e-01
-1.252037821440046828e-01
-9.650391785957836144e-02
-6.092064182409343692e-02
-3.282691883863961269e-02
-1.613129485112827291e-02
-9.870735125724353076e-03
-1.316206641197619452e-02
-2.569262291246238172e-02
-4.796129111759010050e-02
-7.735420042397042617e-02
-1.013717175762662570e-01
-5.957165473235039033e-02
-3.122186843649884733e-02
-1.742062640005315535e-02
-1.009369074176278379e-02
-5.994697999768477427e-03
-3.616072086065030226e-03
-2.203691382539317307e-03
-1.351117711162044387e-03
-8.313839415495689888e-04
-5.125795559268178040e-04
-3.162003674676596419e-04
-1.959670554698508425e-04
-1.267097101324750905e-04
-1.104640053596691750e-04
-2.508044085937061033e-04
5.971212889833044535e-04
-2.407376658768809060e-04
2.811536299671186958e-04
-2.309850578214057428e-04
2.252332893388186139e-04
-2.967928444047239728e-04
4.697246017930436514e-04
2.554670194435302265e-04
7.079308801262358414e-04
2.033065281876512173e-04
3.125889510949014403e-04
7.393990335406024105e-05
-3.924199829700740282e-05
-1.252482940590114117e-04
-2.268282569766165175e-04
-3.740958169906170470e-04
-6.006590036605241644e-04
-9.601516981650906439e-04
-1.536697092674133621e-03
-2.488526127233005834e-03
-4.102293284182116119e-03
-6.995653777896377636e-03
-1.252786764142176448e-02
-2.424906879579832170e-02
-5.324973595118377007e-02
-1.132838972935114319e-01
-1.233326685046933768e-01
-1.122793593248022082e-01
-8.372606847382527140e-02
-5.395482752375534846e-02
-3.361934592423754947e-02
-2.405690535332320051e-02
-2.516786817977468768e-02
-3.702388454348664454e-02
-6.045273208000307569e-02
-9.180716614787182150e-02
-1.152800327264216634e-01
-6.395370727819481294e-02
-3.197780127460220917e-02
-1.731008061584476954e-02
-9.859977424837736842e-03
-5.808393685444350821e-03
-3.500313506554545828e-03
-2.137373312888433616e-03
-1.316713978893585503e-03
-8.141167203892891654e-04
-5.050685502157822339e-04
-3.138340418490085564e-04
-1.966588357092007076e-04
-1.282173485525176274e-04
-1.100636411701763661e-04
-2.723878740470997992e-04
2.300253796536112501e-04
2.880342797164740505e-04
4.839270496298631974e-04
5.211588134306992899e-04
1.509724910203371598e-04
-3.018568446242302886e-05
8.935939193311356399e-05
-1.763057365414134447e-04
1.133459265463765354e-04
5.697386216752284527e-05
4.392139559019650973e-04
7.649102710946091295e-05
-4.156057789029987155e-05
-1.260635888967281916e-04
-2.270503302287908351e-04
-3.741479211554232819e-04
-6.006582092810756586e-04
-9.601485003291772551e-04
-1.536692880313894789e-03
-2.488529413825787615e-03
-4.102301978976649784e-03
-6.995651731812371418e-03
-1.252786016024522685e-02
-2.424906401081902349e-02
-5.324973182979562958e-02
-1.132838676780269505e-01
-1.233326566835249855e-01
-1.122793364861320864e-01
-8.372605249091143176e-02
-5.395483180491983388e-02
-3.361935892880305726e-02
-2.405691780314116526e-02
-2.516786235884225717e-02
-3.702386060671757767e-02
-6.045271761735727251e-02
-9.180716084724231674e-02
-1.152799980032403332e-01
-6.395370666267526094e-02
-3.197779461833111236e-02
-1.731007779260027024e-02
-9.859980098677665825e-03
-5.808391403613057460e-03
-3.500306145478464248e-03
-2.137363436930208357e-03
-1.316708906637301026e-03
-8.141146713859875005e-04
-5.049896074567736433e-04
-3.133665827115410013e-04
-1.939787377076168683e-04
-1.124703725824069693e-04
-1.504318372701928373e-05
3.251579350242291759e-04
-1.636652566561222575e-04
-4.704543757354020123e-05
2.643117771246839779e-04
-4.105696662336595008e-04
4.529258913378445884e-04
-4.175219818809986698e-04
3.162573151816677839e-04
-5.166365964156373683e-04
5.245225996163186506e-04
3.870940201664850090e-04
3.769031450923766911e-04
7.763654705953124721e-05
-3.974340689701629312e-05
-1.255258182867474725e-04
-2.269112672328847430e-04
-3.741208937725916655e-04
-6.006696179457757852e-04
-9.601513264907340960e-04
-1.536693781667600005e-03
-2.488526697738976425e-03
-4.102291770693710336e-03
-6.995658453475699784e-03
-1.252787055180728040e-02
-2.424905810734662506e-02
-5.324972695248027243e-02
-1.132839234603448403e-01
-1.233326675555330570e-01
-1.122793520613804968e-01
-8.372605776608209316e-02
-5.395483519626775859e-02
-3.361936199942502229e-02
-2.405691033126602235e-02
-2.516786690417227232e-02
-3.702387327128845579e-02
-6.045271529707740843e-02
-9.180716831279087109e-02
-1.152800330720634009e-01
-6.395371509605109195e-02
-3.197780041256770289e-02
-1.731007430619490792e-02
-9.859978429761707269e-03
-5.808391315853304003e-03
-3.500304751784821117e-03
-2.137368847735042921e-03
-1.316714200213492565e-03
-8.141117163479632190e-04
-5.050204329663722947e-04
-3.135557939116422402e-04
-1.951195113015746199e-04
-1.196127869518769739e-04
-6.009948581506298473e-05
3.650250166442337165e-05
1.114340020380184533e-04
-1.376840121974488124e-04
-5.654991755611272824e-04
3.149258209543280345e-04
4.998368589529050355e-04
5.612066019607310106e-04
-7.602848065471935757e-04
-5.742795237209234624e-05
-2.185899177354395809e-04
-2.019848112811148204e-04
-4.136447632105572385e-05
-3.370390500581159604e-05
-6.739704134771146073e-05
-1.250629393787941555e-04
-2.105345281455056150e-04
-3.399605578664490445e-04
-5.377481418361216257e-04
-8.479028626004708573e-04
-1.335971273253780097e-03
-2.132135281241923259e-03
-3.461493252000708877e-03
-5.827425151532996013e-03
-1.030866542329063502e-02
-1.975289026300565409e-02
-4.310334406681685243e-02
-9.137522676434710334e-02
-1.060249092911811630e-01
-1.133228164300862650e-01
-1.058431244862926418e-01
-8.485200101043831322e-02
-6.510617677485812382e-02
-5.455601343802485986e-02
-5.515502949981707093e-02
-6.725825309269145569e-02
-9.116792082592210800e-02
-1.216569182155620016e-01
-1.380199417357121372e-01
-7.023411586681321817e-02
-3.309285977096283055e-02
-1.724206370345433836e-02
-9.608894428879723171e-03
-5.596024736380723549e-03
-3.363857224217067267e-03
-2.056278189839264459e-03
-1.272660744461331234e-03
-7.905614106661770172e-04
-4.934298663337904943e-04
-3.087544233784527987e-04
-1.965646730198351854e-04
-1.338480617111403447e-04
-1.188870439463914904e-04
-1.981427688476453000e-04
6.257968893568726211e-04
1.483262451308157948e-04
-2.453120305638321983e-04
-4.304140131759281247e-04
1.521797816803481431e-04
3.486974043592002293e-04
-2.239341712862297348e-04
2.791779538230200518e-04
-1.309372197105435108e-04
-6.029917873439864361e-04
-6.794899390640133776e-06
-2.579161380132820926e-05
-6.640706696773305195e-05
-1.250427591131966863e-04
-2.105832838705030041e-04
-3.399795745137396607e-04
-5.377414140278196242e-04
-8.478998168952987411e-04
-1.335966086926892397e-03
-2.132132040804639739e-03
-3.461494967095895409e-03
-5.827420809948348664e-03
-1.030865915587852143e-02
-1.975288685688577836e-02
-4.310332692186400610e-02
-9.137507734287633743e-02
-1.060248815019241148e-01
-1.133227920744751538e-01
-1.058431070064753815e-01
-8.485200024211635161e-02
-6.510618214300983864e-02
-5.455602257860656112e-02
-5.515502459463540730e-02
-6.725823815848751275e-02
-9.116791711254115804e-02
-1.216569026212249993e-01
-1.380196985057944581e-01
-7.023408043528696354e-02
-3.309284554173641535e-02
-1.724206439533139401e-02
-9.608901104875727447e-03
-5.596022446428253715e-03
-3.363853058920498670e-03
-2.056270655865685779e-03
-1.272657228791500891e-03
-7.905621130811175739e-04
-4.933491283665847457e-04
-3.083023548092756459e-04
-1.941956604606931685e-04
-1.213649019020659011e-04
-5.469009801572373815e-05
1.200378759274404463e-04
5.153638972839202524e-04
5.149336125454485793e-04
-1.452011876503429312e-04
-2.967400861694035707e-04
5.347450841347801471e-05
2.910083813546225119e-04
3.882895955652549856e-04
-2.439868664881743613e-04
-4.953934825670383091e-04
-4.902129586076140388e-05
-1.463965911932455888e-04
-4.380304317108376028e-05
-6.876309035303323407e-05
-1.253401052100027000e-04
-2.106026135104397984e-04
-3.399804896362671131e-04
-5.377557555389256977e-04
-8.479012169719591426e-04
-1.335966428213910141e-03
-2.132133851800270975e-03
-3.461493889175287601e-03
-5.827433379248462414e-03
-1.030866943442079915e-02
-1.975287900257170770e-02
-4.310332377590756631e-02
-9.137517522588038676e-02
-1.060248860849409003e-01
-1.133228017853051689e-01
-1.058431117664297705e-01
-8.485200618501484437e-02
-6.510618819534493007e-02
-5.455601505497149201e-02
-5.515502597635114218e-02
-6.725824113673430082e-02
-9.116790909776432972e-02
-1.216569323556234428e-01
-1.380198850829697788e-01
-7.023410881132394201e-02
-3.309285415213545495e-02
-1.724206202802350957e-02
-9.608899822864631207e-03
-5.596023606254563361e-03
-3.363849228389650860e-03
-2.056272744493531975e-03
-1.272661594401235498e-03
-7.905557349379173501e-04
-4.933599603490272613e-04
-3.083485316294129193e-04
-1.943385392564713268e-04
-1.218219397652120446e-04
-5.519801780433422194e-05
1.282163837595551466e-04
4.477746501876626742e-04
3.976429384319593097e-05
6.840933355543923889e-05
-1.158118539131433670e-04
-3.988579746512236810e-04
2.836150482711792369e-04
-7.578317735503457830e-05
-3.788967364618984492e-04
1.807234959046172945e-04
3.669021685695556174e-04
-4.196789711501866787e-04
-1.108804513354514569e-04
-8.622415009969303025e-05
-1.244155031758395979e-04
-1.981963955936349281e-04
-3.144028252493166666e-04
-4.907995655886661672e-04
-7.642327154802607556e-04
-1.186283379268109539e-03
-1.865471719908044692e-03
-2.978705830000296251e-03
-4.935454143230224265e-03
-8.583737924219122378e-03
-1.617942249207519889e-02
-3.484816231145582144e-02
-7.287324063303556032e-02
-8.652786016145422310e-02
-1.022375426132301895e-01
-1.188315048113905287e-01
-1.272969626312216718e-01
-1.234484247684294184e-01
-1.161448561178782535e-01
-1.163742024914766748e-01
-1.303555296715946943e-01
-1.539498525553552322e-01
-1.710004213163980880e-01
-1.629343408571482799e-01
-7.626614280645853394e-02
-3.406336412850156925e-02
-1.718608104235708547e-02
-9.409406431773729984e-03
-5.426157137616583089e-03
-3.254213313252916819e-03
-1.990102802061136360e-03
-1.236009036906474557e-03
-7.702406423075068218e-04
-4.825363980424993409e-04
-3.030005431817623654e-04
-1.958767797760493066e-04
-1.466787426429589768e-04
-1.878577111221145502e-04
-5.213566806211669029e-04
5.587117043702958250e-05
-2.764443551077001740e-04
-2.063818918009315516e-04
2.555888403782382505e-04
4.374646280735551985e-05
-5.302884146443586320e-04
1.385388638977967852e-04
-3.346336650516219336e-04
-2.435350454810748170e-04
3.195226304378276827e-04
-1.959326652994559145e-04
-9.047163817590245824e-05
-8.483818867968709830e-05
-1.244560825034043657e-04
-1.982581535555820527e-04
-3.144218899219318854e-04
-4.907931204175060465e-04
-7.642327853631100459e-04
-1.186282591617458457e-03
-1.865470494651936964e-03
-2.978708510943262576e-03
-4.935451098188526307e-03
-8.583730215256046847e-03
-1.617941542973161742e-02
-3.484813576199324858e-02
-7.287305825094028688e-02
-8.652783956860482517e-02
-1.022375282115188938e-01
-1.188314964188821876e-01
-1.272969701175734603e-01
-1.234484341972723193e-01
-1.161448661366432239e-01
-1.163741941459439239e-01
-1.303555127854020834e-01
-1.539498646835542051e-01
-1.710004180632371806e-01
-1.629340252258057731e-01
-7.626609055416395944e-02
-3.406334884497762283e-02
-1.718608093884704466e-02
-9.409407041955157938e-03
-5.426146044245332839e-03
-3.254205221068909304e-03
-1.990093448855193101e-03
-1.236007478597410955e-03
-7.702479065175870700e-04
-4.824699881598710051e-04
-3.026483780169431396e-04
-1.941877652593848754e-04
-1.384796733467306138e-04
-1.498751069928299577e-04
-3.559948130761404804e-04
3.483023310768461008e-04
2.364332594993213412e-04
-4.705588457333704242e-04
3.712464018448313253e-04
5.365962363469685501e-04
-2.233057320479031756e-04
6.526876562534643248e-05
-4.554446571797559251e-04
1.836513799031715100e-04
1.960905711922071408e-04
-6.733969293445456704e-05
-8.287684245523154944e-05
-8.530578540535053544e-05
-1.247499152139054288e-04
-1.983189250276214848e-04
-3.144360204192216753e-04
-4.908104224584943463e-04
-7.642340440147020681e-04
-1.186279681153046229e-03
-1.865469008892990969e-03
-2.978706673695328058e-03
-4.935461725028368433e-03
-8.583739719988900049e-03
-1.617941160066614995e-02
-3.484813869923560764e-02
-7.287315947583110354e-02
-8.652783449358932011e-02
-1.022375301125659497e-01
-1.188314957109262993e-01
-1.272969710774949637e-01
-1.234484374421004893e-01
-1.161448601194194769e-01
-1.163742000671592336e-01
-1.303555144551557521e-01
-1.539498511210325438e-01
-1.710004621437900552e-01
-1.629344318693962124e-01
-7.626614421736302440e-02
-3.406335870668020932e-02
-1.718608354486648310e-02
-9.409412518176901372e-03
-5.426153371767226778e-03
-3.254203668970384947e-03
-1.990095075065117201e-03
-1.236009707784767363e-03
-7.702366654135392541e-04
-4.824677627029452212e-04
-3.026008216682867782e-04
-1.936406504237279751e-04
-1.340859182515048232e-04
-1.162075397529424624e-04
-1.056057302413325883e-04
2.665423240642617367e-04
1.408322970368404057e-04
6.484901003814216467e-04
1.704383346317205235e-04
-1.714037438411121982e-04
2.868981517647312650e-04
-4.498464046905663251e-04
-2.844354845318150982e-04
5.948944338964192282e-05
-2.561210419566616113e-04
3.952517423231635511e-04
4.073334920083600530e-06
-6.374250544687696672e-05
-1.150786229808060327e-04
-1.884717529326103620e-04
-2.993182338390114913e-04
-4.647040789098256966e-04
-7.184114727048061420e-04
-1.104744498307766963e-03
-1.720536464723816010e-03
-2.716491716566941331e-03
-4.450091402507017069e-03
-7.642060406873416901e-03
-1.421758929360326766e-02
-3.027214495514080755e-02
-6.302280585159929227e-02
-7.453757413463134307e-02
-9.111563532421074196e-02
-1.180649325120130544e-01
-1.583540594855194217e-01
-2.079793579875685028e-01
-2.480820147021768063e-01
-2.703535015040929856e-01
-2.818491180107298710e-01
-2.647262577588525012e-01
-2.204795861240954613e-01
-1.763438955411434084e-01
-7.859367475849268758e-02
-3.429362646507862905e-02
-1.705872912239277811e-02
-9.266672924259368796e-03
-5.318244478615459514e-03
-3.186639150376872637e-03
-1.949384558064004049e-03
-1.213023768677507852e-03
-7.567466614880443343e-04
-4.738830061967108176e-04
-2.953368199336505904e-04
-1.851481983081516890e-04
-1.231639121777720913e-04
-1.159753277855174653e-04
-2.410429647069444695e-04
1.914592039246901337e-05
-3.151959029204948214e-04
2.852219462665435824e-04
-2.945707962823808737e-04
3.219782289861645563e-04
5.390182721341264804e-04
6.126318969432013691e-06
-3.171182648473512664e-04
-2.042362287100162044e-04
1.250427729999790082e-04
-2.365464575947528558e-04
-7.802725632392918081e-05
-7.502123037342924841e-05
-1.166935588408661903e-04
-1.887279997839367619e-04
-2.993609877969335303e-04
-4.647013256630922319e-04
-7.184115600658911964e-04
-1.104739644797609385e-03
-1.720526424751695621e-03
-2.716486968780832626e-03
-4.450087100199378448e-03
-7.642055192320085233e-03
-1.421758646523535105e-02
-3.027211258777436770e-02
-6.302248608938765262e-02
-7.453754819541470733e-02
-9.111562962166523671e-02
-1.180649305825631629e-01
-1.583540700954393365e-01
-2.079793667576433636e-01
-2.480820257325660194e-01
-2.703535028676472551e-01
-2.818491158728832491e-01
-2.647262923536742862e-01
-2.204795602229375484e-01
-1.763432098165193529e-01
-7.859359361883146156e-02
-3.429361286188808977e-02
-1.705873395323585090e-02
-9.266677298930443840e-03
-5.318236585335204408e-03
-3.186635828343556236e-03
-1.949379261826148218e-03
-1.213027076379780307e-03
-7.567591304242026569e-04
-4.738281453810823667e-04
-2.950539289232887493e-04
-1.837597720772918568e-04
-1.159088895905082339e-04
-7.939885592767292324e-05
-7.213007865720286432e-05
1.255267213411167930e-04
-3.688436990559202928e-04
3.374855841807847994e-04
-4.019141700407156807e-04
8.293165932974018754e-05
-5.066499650355698681e-04
5.091165530224827295e-04
2.949398034725115897e-04
4.333221611107633845e-04
-2.908497746505950060e-04
-6.120059826085242705e-04
-1.319720341136825848e-04
-8.361812044205757044e-05
-1.181354484789216630e-04
-1.889627669613074901e-04
-2.994020710016470437e-04
-4.647209500739827117e-04
-7.184130586441074681e-04
-1.104738690490561070e-03
-1.720530930791788326e-03
-2.716493681667026591e-03
-4.450101301902282397e-03
-7.642064854230945156e-03
-1.421758794653337279e-02
-3.027214136075693715e-02
-6.302272503578376650e-02
-7.453756397730287864e-02
-9.111562886690299790e-02
-1.180649284939776361e-01
-1.583540691109168452e-01
-2.079793686367784611e-01
-2.480820212894886967e-01
-2.703535077083485394e-01
-2.818491060023635697e-01
-2.647262573181907164e-01
-2.204795848274243575e-01
-1.763435853285953425e-01
-7.859362831689083173e-02
-3.429361064503896189e-02
-1.705873212333375646e-02
-9.266680142902199852e-03
-5.318241277988038432e-03
-3.186631574576102507e-03
-1.949377993175870289e-03
-1.213026413693069679e-03
-7.567488673760519634e-04
-4.738466256823091753e-04
-2.951374258620304849e-04
-1.841215111085531123e-04
-1.179414064927765740e-04
-9.049777661591298786e-05
-1.269616795440814665e-04
-2.040800882085465979e-04
9.651477069179750790e-05
1.967115593434861276e-04
-2.597343437641591373e-04
3.506977909619091085e-04
-9.267885710642994766e-05
5.636099596220881902e-05
-3.261894452096704574e-04
1.967134629631992154e-04
4.603882841153522816e-04
-9.457618963334069110e-06
1.570779224457792466e-05
-4.085417758235591678e-05
-1.043413880357112520e-04
-1.840781572894413813e-04
-2.975283712049543901e-04
-4.639614771288403825e-04
-7.181003026461868109e-04
-1.104634817984865344e-03
-1.720522181163691190e-03
-2.716552071855864257e-03
-4.450202745906566872e-03
-7.642259593212126327e-03
-1.421787133192762946e-02
-3.027262615839739282e-02
-6.302285627521551914e-02
-7.453861277309195565e-02
-9.111731412609898328e-02
-1.180699587863227595e-01
-1.583663491659769995e-01
-2.080024961158309371e-01
-2.481061788204972640e-01
-2.703639327255277780e-01
-2.818460414702412264e-01
-2.647065719034418785e-01
-2.204447978581799139e-01
-1.763038074491392881e-01
-7.857405015560259276e-02
-3.428351277418171389e-02
-1.705300750341185931e-02
-9.263214881539118262e-03
-5.316074668082058918e-03
-3.185128924728826676e-03
-1.948134065303840697e-03
-1.211620510257428382e-03
-7.546987633064843612e-04
-4.703328052055233605e-04
-2.885052565013941162e-04
-1.703630897673771610e-04
-8.535619414264324653e-05
2.322227568519376544e-07
1.553420920702049666e-04
1.082857333190194514e-04
3.858135482348266638e-04
4.468818668995925224e-04
7.857120916508314977e-04
2.719106111550298401e-04
1.226563639460566272e-04
2.539219093777474179e-04
2.888549264826800267e-04
2.204461486024925174e-04
1.720429920876218695e-04
1.702663581979932384e-04
3.115614502977729537e-05
-4.002810578406351932e-05
-1.044303420380743514e-04
-1.841345973506583000e-04
-2.975434501927101444e-04
-4.639557586381608625e-04
-7.181002793963528951e-04
-1.104629997711829370e-03
-1.720511197646730018e-03
-2.716547583250405584e-03
-4.450200716061830132e-03
-7.642256456958401722e-03
-1.421787349758046187e-02
-3.027262963170654006e-02
-6.302279077330216750e-02
-7.453861439863863902e-02
-9.111730498327071104e-02
-1.180699637006216995e-01
-1.583663629347637491e-01
-2.080025042301907323e-01
-2.481061841952624247e-01
-2.703639246367781079e-01
-2.818460411111242681e-01
-2.647065887869090584e-01
-2.204448085585415940e-01
-1.763037593146855042e-01
-7.857404471275804270e-02
-3.428350951607550545e-02
-1.705301271788103867e-02
-9.263214990949106276e-03
-5.316062083853989595e-03
-3.185123045516920302e-03
-1.948129698809774419e-03
-1.211627279341195634e-03
-7.547162125849594038e-04
-4.703069747456990659e-04
-2.883786559512795090e-04
-1.695911498298035896e-04
-7.922413845517500418e-05
5.025571033492220226e-05
5.643449322626015782e-04
4.196717736486666557e-04
1.128648704945281673e-04
1.652286738268628620e-04
-2.258517730935645648e-04
-8.065320210721636763e-05
1.154579789162254268e-04
-2.406905272132745844e-04
-1.150744724340767934e-04
3.458301572708147938e-04
-1.008480546103936886e-04
1.509469394437037385e-04
8.634856549872493850e-06
-4.655909253996776695e-05
-1.059070839502741150e-04
-1.844240859356481457e-04
-2.976001244120388546e-04
-4.639782423188371237e-04
-7.181039393716761405e-04
-1.104630277642010402e-03
-1.720516271774750550e-03
-2.716554961964578237e-03
-4.450212638349862818e-03
-7.642263363182180344e-03
-1.421787675881778894e-02
-3.027265729203069619e-02
-6.302296419888499257e-02
-7.453863550318524933e-02
-9.111730965137740390e-02
-1.180699567334805439e-01
-1.583663545480264445e-01
-2.080025030841532729e-01
-2.481061778622267455e-01
-2.703639231785842090e-01
-2.818460337795870574e-01
-2.647065541235746333e-01
-2.204448271960677830e-01
-1.763041941842031501e-01
-7.857407556244908053e-02
-3.428350338339574560e-02
-1.705301208686960460e-02
-9.263220675886028529e-03
-5.316069254463452569e-03
-3.185121183596800916e-03
-1.948127954005536263e-03
-1.211625326705965911e-03
-7.547089826509819450e-04
-4.703379158615047248e-04
-2.885364516476331825e-04
-1.705847016401577227e-04
-8.667101217005143590e-05
-6.705660629709252271e-06
1.243337332119556315e-04
2.597495694998535622e-04
1.300269261507962910e-04
-9.630667980302833194e-05
5.025374401268245154e-05
-3.118773004568029471e-04
1.951863150452790062e-04
1.486046146626834787e-04
-4.406746669188266446e-04
1.784405995850543822e-04
-2.600858524047074344e-04
4.270998781973025962e-04
1.072107851365018590e-04
-1.528956614503749944e-05
-9.858576838344118977e-05
-1.880514603520567465e-04
-3.101600795867033014e-04
-4.889266698613038914e-04
-7.633659890250411254e-04
-1.185895272712173768e-03
-1.865332340953997818e-03
-2.978758262341940025e-03
-4.935683206591338391e-03
-8.584238102014590463e-03
-1.618026705867046597e-02
-3.484958459199893194e-02
-7.287565644267458842e-02
-8.653261397855231685e-02
-1.022458815053360198e-01
-1.188450280686913219e-01
-1.273109132183745384e-01
-1.234501353435277365e-01
-1.161304122939126604e-01
-1.163425642545023730e-01
-1.303072813504324579e-01
-1.538774721341993057e-01
-1.708991462283182827e-01
-1.628124932419783566e-01
-7.620240581640609634e-02
-3.403109675801142819e-02
-1.716781759545174188e-02
-9.398326885260340977e-03
-5.419143666258003159e-03
-3.249344429048969026e-03
-1.986142642914770235e-03
-1.231750745077534598e-03
-7.642927139738725029e-04
-4.726652648166754667e-04
-2.851466407085655858e-04
-1.612874084536919871e-04
-7.234671030606972821e-05
3.854124959108972999e-06
1.213377603528727802e-04
2.275172446068725687e-04
-1.117394758087594261e-04
-2.075962414884638515e-04
5.310907955480414101e-04
1.047787032176075635e-04
-2.691896298046317598e-04
1.066582625529961028e-04
6.964105011076278135e-05
2.268578820385762785e-04
-4.082274214937988408e-04
5.604453035691411974e-04
1.230163707282721261e-04
-1.344385148571969110e-05
-9.838581037458429151e-05
-1.880420897071868826e-04
-3.101632884047610833e-04
-4.889218828909072103e-04
-7.633669975625032196e-04
-1.185890843832934291e-03
-1.865320028037233731e-03
-2.978751311423161099e-03
-4.935679852467764021e-03
-8.584234627083370955e-03
-1.618027109719065784e-02
-3.484960261437244217e-02
-7.287565472595056160e-02
-8.653261295995999525e-02
-1.022458634485672313e-01
-1.188450291912589857e-01
-1.273109199910081313e-01
-1.234501336053989567e-01
-1.161304105325564190e-01
-1.163425495810590793e-01
-1.303072761828782122e-01
-1.538774773269752094e-01
-1.708991357916256337e-01
-1.628125484709303794e-01
-7.620240436402929418e-02
-3.403108974469627040e-02
-1.716782216902936267e-02
-9.398327465498205677e-03
-5.419132089126225613e-03
-3.249340219589982350e-03
-1.986142284556012202e-03
-1.231761321311743975e-03
-7.643181709228724771e-04
-4.727081881936122387e-04
-2.854735286998002033e-04
-1.634956998772163679e-04
-8.639619610700618080e-05
-8.655178295890558716e-05
-4.762469849140863170e-04
-7.402852496494529532e-06
-1.859691622771194707e-04
2.414368430295389016e-04
6.899420775761838957e-04
-1.520305977909376476e-04
-1.522158366954579046e-04
-4.134623384828011068e-04
-2.510588291067691554e-04
1.483251921619814365e-04
-1.105608246813290295e-04
2.129219439844513471e-05
3.624241069273623076e-05
-2.833885041194476070e-05
-1.009918878057372880e-04
-1.884926644360679436e-04
-3.102417682709339040e-04
-4.889434013471056530e-04
-7.633693344207885490e-04
-1.185890042013543677e-03
-1.865324426525706049e-03
-2.978760173308793099e-03
-4.935691785128438688e-03
-8.584239433579575473e-03
-1.618026904644430386e-02
-3.484959315154827902e-02
-7.287558246192238354e-02
-8.653262146143625433e-02
-1.022458845416911871e-01
-1.188450302092071142e-01
-1.273109184562125074e-01
-1.234501391548827459e-01
-1.161304133526825239e-01
-1.163425581398262743e-01
-1.303072745046732483e-01
-1.538774605341652890e-01
-1.708991604548204257e-01
-1.628128092299645502e-01
-7.620243176009698638e-02
-3.403109006890845528e-02
-1.716782632863667404e-02
-9.398336354461888850e-03
-5.419141307074849638e-03
-3.249339306635195494e-03
-1.986137067059136688e-03
-1.231755451338934718e-03
-7.643078570065025331e-04
-4.727078390570271988e-04
-2.853912282958831394e-04
-1.626869707668500105e-04
-8.015066813026622424e-05
-3.940731613396672591e-05
-1.226854992929816697e-04
1.577727462424356633e-04
1.109386619311422776e-04
-2.736682116375418247e-04
3.945288864596757390e-04
3.143995571435003714e-04
-1.922520055398283770e-04
-2.753592328176035113e-05
-2.459700420937220946e-04
3.907641237052036340e-05
-2.125197315244710058e-04
4.783318892043403390e-04
9.925691224278079935e-05
-2.113861104079789208e-05
-1.059692238740863305e-04
-2.019139773928008250e-04
-3.358579306261769300e-04
-5.357463042794483477e-04
-8.469235552866794534e-04
-1.335568366066763792e-03
-2.132076914895911311e-03
-3.461761268333894432e-03
-5.828016087889085865e-03
-1.030981133631398393e-02
-1.975486238818670998e-02
-4.310729828807179781e-02
-9.138280750120333917e-02
-1.060359566556405703e-01
-1.133339004304869807e-01
-1.058459812409485445e-01
-8.483688017289352234e-02
-6.507366733112793233e-02
-5.451005978751757158e-02
-5.509178989539921523e-02
-6.717334472083345831e-02
-9.104883768231482322e-02
-1.214968036516469591e-01
-1.378257781128373882e-01
-7.012799041089295971e-02
-3.303757817699630450e-02
-1.721072659158193879e-02
-9.590110340965905464e-03
-5.584343964618394135e-03
-3.355939955726013144e-03
-2.050020277206748495e-03
-1.266117277870088681e-03
-7.816179650758625077e-04
-4.788911459568281188e-04
-2.832680590319900022e-04
-1.497557495235578621e-04
-4.106174431680664690e-05
1.007124431622928942e-04
4.931667037310314165e-04
1.272122248212196119e-04
1.370983675752767696e-04
-1.582857332288887175e-04
-1.989516983617947168e-04
-2.725925566052099969e-04
6.182656839252869590e-05
7.351409737013173411e-05
-2.574216097361445166e-05
-3.991210104026863647e-04
1.593135834718919608e-04
1.716969346181247181e-04
6.551045525612170185e-05
-2.460061734739744387e-05
-1.062595800448079211e-04
-2.019301297261328438e-04
-3.358570351905778347e-04
-5.357395434521398719e-04
-8.469208655756088307e-04
-1.335560993862090241e-03
-2.132062206393458420e-03
-3.461751705696183238e-03
-5.828012055559756918e-03
-1.030980791023492459e-02
-1.975486158066013312e-02
-4.310729345793659628e-02
-9.138271671594482004e-02
-1.060359302513313728e-01
-1.133338800068778851e-01
-1.058459819160565696e-01
-8.483688088731863863e-02
-6.507365216458532720e-02
-5.451004857338073717e-02
-5.509177556679767385e-02
-6.717334941817550142e-02
-9.104885469495881123e-02
-1.214967922385623428e-01
-1.378257418207136931e-01
-7.012797889347539837e-02
-3.303757561523464059e-02
-1.721073689938857482e-02
-9.590113109959035737e-03
-5.584332413124027186e-03
-3.355937004622854426e-03
-2.050023104097149079e-03
-1.266126680937349055e-03
-7.816387149249105857e-04
-4.789454028270758302e-04
-2.836665215395243133e-04
-1.523070504428508957e-04
-5.644696645280878770e-05
9.353558878502177691e-06
-4.244031214590899463e-05
1.331148989817716069e-06
5.420665127296602669e-05
3.297301623603464426e-04
-3.438377210864731331e-04
3.580604878488797800e-04
-1.524014938329527273e-04
2.279059453389238479e-04
-2.845756726986052262e-04
3.038512948701015907e-04
2.749672017294567459e-04
-1.976932731083231535e-04
3.021727962940743179e-07
-3.652067345132101146e-05
-1.084310390124091809e-04
-2.023166724674927341e-04
-3.359256727284363185e-04
-5.357587685293970252e-04
-8.469262241374294438e-04
-1.335563810079588376e-03
-2.132069490603625325e-03
-3.461764389142584029e-03
-5.828025302500057687e-03
-1.030981269049814110e-02
-1.975486152882756710e-02
-4.310728876621314209e-02
-9.138266721797422276e-02
-1.060359355570585360e-01
-1.133338897201535134e-01
-1.058459721936079734e-01
-8.483687623495746177e-02
-6.507366745841808298e-02
-5.451006764991489506e-02
-5.509179424888723670e-02
-6.717334667362860612e-02
-9.104884149665493087e-02
-1.214968217505845577e-01
-1.378259310964044526e-01
-7.012800370394473015e-02
-3.303757360688305833e-02
-1.721073647546154592e-02
-9.590119608433313528e-03
-5.584342471669665950e-03
-3.355937090710387361e-03
-2.050016464498456616e-03
-1.266122978592490846e-03
-7.816371177587921491e-04
-4.789564425674800591e-04
-2.836298408158126230e-04
-1.517669233154432637e-04
-5.178308335189031977e-05
4.701531146234655818e-05
2.552805871932642087e-04
2.396034526341198176e-04
5.127974257981878902e-04
4.198339751564987397e-05
2.597553569710475251e-04
-1.082080352511745428e-04
-2.091585147324316509e-04
2.765160717104700613e-04
-6.311403945826604689e-05
1.048237333919222337e-04
1.279008325617815253e-04
-3.879114962443661491e-05
4.903692621163023743e-06
-4.846866681388612818e-05
-1.228166728944916572e-04
-2.233821208528256820e-04
-3.715432816390818512e-04
-5.990502120284648324e-04
-9.592248388018411939e-04
-1.536282882922714249e-03
-2.488506799072738671e-03
-4.102707282847528093e-03
-6.996580765829288513e-03
-1.252966139802459862e-02
-2.425228420706469074e-02
-5.325615753128826180e-02
-1.132983950587110045e-01
-1.233473452859749908e-01
-1.122807763977551748e-01
-8.370413132756235330e-02
-5.391288481236471836e-02
-3.356148581796696007e-02
-2.398508043275892482e-02
-2.507507120945026008e-02
-3.690195685900611589e-02
-6.028527773911235982e-02
-9.158408145617971674e-02
-1.150103883210955164e-01
-6.380051475161142849e-02
-3.189722026892053558e-02
-1.726435420550851210e-02
-9.832769468333155127e-03
-5.791649406586277075e-03
-3.489211085460016543e-03
-2.128904506120182696e-03
-1.308292615354888101e-03
-8.030611274150873660e-04
-4.875178760074163199e-04
-2.835641350791297775e-04
-1.423799282502126841e-04
-2.598566810191891077e-05
1.143717752362398741e-04
4.461426602174101597e-04
-2.684680622858152911e-04
4.098093157185168879e-04
3.601798005991563279e-04
-3.751261297621482781e-04
-5.065775024403739455e-04
-4.707230441619196715e-05
3.673526664402384872e-04
-3.620512517022710119e-04
2.336242232996908969e-04
8.757457843640674964e-05
2.597870659378045716e-04
4.960386696857855144e-05
-4.117865274228921349e-05
-1.215702811187455135e-04
-2.231656743955760542e-04
-3.715067794013764634e-04
-5.990417440800612642e-04
-9.592241221700680649e-04
-1.536278621182845909e-03
-2.488494919056540456e-03
-4.102698764489035553e-03
-6.996577924806310876e-03
-1.252965894066112272e-02
-2.425228103850253156e-02
-5.325614722102831045e-02
-1.132983641106784789e-01
-1.233473269892098045e-01
-1.122807500539217407e-01
-8.370413290873304768e-02
-5.391288914320101905e-02
-3.356147594260808914e-02
-2.398507687108228370e-02
-2.507506535715834511e-02
-3.690196747047848336e-02
-6.028529618792503181e-02
-9.158406919048950323e-02
-1.150103384127193068e-01
-6.380049374293346454e-02
-3.189721168355495046e-02
-1.726436121511137900e-02
-9.832771051307996613e-03
-5.791639835776699920e-03
-3.489212895829980725e-03
-2.128912095918994701e-03
-1.308300930384111854e-03
-8.030732781380500946e-04
-4.875333819226520963e-04
-2.836841048704536058e-04
-1.431035692772689627e-04
-2.972673067843959065e-05
9.593102762646288514e-05
3.571232295421236332e-04
-6.631392800560324363e-05
5.124469816883040580e-04
-4.750958521141158985e-04
5.371221211050490694e-04
3.734600995511701965e-04
-4.402834509859555293e-04
-2.088617535743659312e-04
-1.652581664544900525e-04
1.143465775579085550e-04
-1.439187756414256943e-04
2.340880851436864254e-04
3.541356348510832667e-05
-4.523746428001191791e-05
-1.225144089805124876e-04
-2.233601849859165073e-04
-3.715435211709938973e-04
-5.990514059698440804e-04
-9.592258827899369277e-04
-1.536278338352352725e-03
-2.488499016854686403e-03
-4.102709649759914666e-03
-6.996587851119233543e-03
-1.252966105161736239e-02
-2.425228262264329804e-02
-5.325615886249087522e-02
-1.132984129064893153e-01
-1.233473440654501013e-01
-1.122807596315109346e-01
-8.370412397038462515e-02
-5.391288239892155082e-02
-3.356148734207090034e-02
-2.398509226433668401e-02
-2.507507801859841859e-02
-3.690196057116053308e-02
-6.028528757278166922e-02
-9.158409314571726301e-02
-1.150104406597692031e-01
-6.380051378706580456e-02
-3.189721375425633165e-02
-1.726436403473024725e-02
-9.832779855814642936e-03
-5.791651584450338043e-03
-3.489212566358865404e-03
-2.128902722808409705e-03
-1.308297177474751190e-03
-8.030780102102308112e-04
-4.875775947507601945e-04
-2.839126640055145688e-04
-1.445699536118549725e-04
-4.021132678778561179e-05
1.840597811537899214e-05
-2.253421187685214510e-04
-1.426590526810228511e-04
4.233296295025519313e-04
-3.105732058232791248e-04
-8.967985873318439416e-05
-9.182892356815545434e-05
-1.358265378289272784e-04
5.837867040471453285e-04
7.320632360700998027e-04
1.323621696860658890e-04
1.255229829082512725e-04
-2.860119446028039315e-04
-6.533821699122631464e-05
-7.592017468463268994e-05
-1.417755839939561298e-04
-2.473014760889392233e-04
-4.105835740897965437e-04
-6.677288560322225657e-04
-1.080637706889736810e-03
-1.752653340589326774e-03
-2.870397165485840969e-03
-4.780893962449760982e-03
-8.201328869539269498e-03
-1.471900546283637368e-02
-2.836188919800149144e-02
-6.135847816512205594e-02
-1.276679886251798346e-01
-1.252128655482460107e-01
-9.648757535232842242e-02
-6.087972448285562665e-02
-3.276851845997304225e-02
-1.605678113135873900e-02
-9.779222153496689926e-03
-1.304365582983821846e-02
-2.553661090029607506e-02
-4.774909108771187294e-02
-7.707332910015020355e-02
-1.010333652570087754e-01
-5.937519048254176479e-02
-3.111749147017217956e-02
-1.736157735951832093e-02
-1.005894758609475297e-02
-5.973644860375963359e-03
-3.602478961790025330e-03
-2.193726531154489758e-03
-1.341726112347577538e-03
-8.195623492429718066e-04
-4.941521305739865000e-04
-2.844436238332609824e-04
-1.388866985392296996e-04
-2.266766283362755231e-05
7.656873480164063858e-05
4.936950727865134384e-05
-1.253538106703231921e-04
1.216506195699016112e-04
3.403809006640938603e-04
1.117376657524579546e-04
-3.874897663674127567e-04
-2.744464469980414131e-04
-4.653360546707604908e-04
9.657101020186172904e-05
4.403547985268110323e-04
-5.687448728667149301e-04
6.978690954984529727e-05
-6.869033587632824855e-06
-6.566732833954388765e-05
-1.399340822559932821e-04
-2.469669010411939614e-04
-4.105239460125838474e-04
-6.677175943537215844e-04
-1.080635364832162456e-03
-1.752647055664971953e-03
-2.870383148505571344e-03
-4.780883264985152405e-03
-8.201325191185928828e-03
-1.471900320072842827e-02
-2.836188687357966975e-02
-6.135847138973359732e-02
-1.276679645890251569e-01
-1.252128608735164350e-01
-9.648756856373739976e-02
-6.087974077589466265e-02
-3.276852378494451989e-02
-1.605676007218658288e-02
-9.779206302448474608e-03
-1.304364633932273559e-02
-2.553662264449843219e-02
-4.774910883079682561e-02
-7.707331997693622760e-02
-1.010333295235713857e-01
-5.937517720233229102e-02
-3.111749264698289441e-02
-1.736158886241164281e-02
-1.005894689905409943e-02
-5.973632577043710978e-03
-3.602480128707965645e-03
-2.193733271562375246e-03
-1.341729994582274883e-03
-8.195660135794118799e-04
-4.941299121151138509e-04
-2.842989149826023743e-04
-1.378990424603144822e-04
-1.551027628014866688e-05
1.275018521988160970e-04
4.041735350296040839e-04
-6.692324210826987036e-05
4.157078446575123050e-04
3.243482012623262684e-05
1.625316902255595074e-04
-8.357875422307954464e-05
1.696773496456469303e-04
-3.077455286051771562e-04
2.093361709935662195e-04
1.408144669883212602e-04
2.193440447290956232e-04
3.484481515494271232e-05
-1.684646708270862882e-05
-6.830045192529087049e-05
-1.405515035442728101e-04
-2.470985989664179253e-04
-4.105489025677318163e-04
-6.677224023395802056e-04
-1.080636242886558358e-03
-1.752647297372450421e-03
-2.870388296365398127e-03
-4.780895556446640784e-03
-8.201334288573072784e-03
-1.471900468573351071e-02
-2.836189049491596656e-02
-6.135848605808349315e-02
-1.276680243961440808e-01
-1.252128704705121054e-01
-9.648756300964886345e-02
-6.087972069175497103e-02
-3.276851434090607973e-02
-1.605677754613049277e-02
-9.779231418647761631e-03
-1.304365999583172522e-02
-2.553661124443825162e-02
-4.774910133383550997e-02
-7.707333847169149654e-02
-1.010333933537779089e-01
-5.937518901111437514e-02
-3.111748909848627634e-02
-1.736158832058156895e-02
-1.005895548699410266e-02
-5.973645432174351511e-03
-3.602480825023258396e-03
-2.193724903316731072e-03
-1.341728125837596784e-03
-8.195687366693647346e-04
-4.941469746299867374e-04
-2.843550667672352654e-04
-1.381127868471406070e-04
-1.653635404439235024e-05
1.228514081396169856e-04
3.917992882448260864e-04
-3.301597496284193510e-04
4.324733079886437619e-04
3.766514991357587487e-04
-4.505700726741098983e-05
3.393415123444371690e-04
-6.661911963096300154e-04
-3.459990393263006714e-04
-3.015056432790361391e-04
-2.662100502929580178e-04
4.132387116259550117e-04
4.109877346539221019e-05
-3.688275558686642739e-05
-8.264824851976468908e-05
-1.553366831776948676e-04
-2.691015176256698633e-04
-4.477455637121186948e-04
-7.332424173343999457e-04
-1.195892024030467985e-03
-1.956234330015784936e-03
-3.224502989244219277e-03
-5.393460237015599949e-03
-9.237593825679379575e-03
-1.644414818784096372e-02
-3.111198457440478293e-02
-6.515795434086055216e-02
-1.289125637209137532e-01
-1.134064491654610540e-01
-7.768730734165228691e-02
-4.358859509110755287e-02
-1.946104455853531201e-02
-6.032375231720624002e-03
-2.141744330039016628e-03
-7.225814829940252482e-03
-2.125256496895467501e-02
-4.465633416898937003e-02
-7.448694693965270119e-02
-9.853588507749877490e-02
-5.860472862013445944e-02
-3.115717554385886989e-02
-1.756268710612875553e-02
-1.023246439288153474e-02
-6.088126843465523248e-03
-3.666237772505455579e-03
-2.226634772926090657e-03
-1.356559003012653948e-03
-8.258894938715328690e-04
-4.963656949649572405e-04
-2.851861604663511883e-04
-1.388004737240202562e-04
-2.085176160670449832e-05
8.513075705432564786e-05
7.682712973142139423e-05
3.495511348130657956e-04
1.102179586379407222e-04
-2.669756945450706240e-04
4.511601724894277266e-05
1.367682951324939670e-04
-5.814430588594571942e-04
-4.193589509793220829e-04
-1.862061221351247802e-05
-6.717990012004354181e-04
1.848344852357394600e-04
5.301657106824692576e-05
-1.521502726868867615e-05
-7.615776508359762751e-05
-1.538320843132947766e-04
-2.687846945564141121e-04
-4.476828049234278517e-04
-7.332295602251452009e-04
-1.195886871885457016e-03
-1.956226146642064088e-03
-3.224489175184122505e-03
-5.393451938527919938e-03
-9.237595522001249004e-03
-1.644415425703749448e-02
-3.111199162571046117e-02
-6.515795832835394319e-02
-1.289125548052756642e-01
-1.134064389687828994e-01
-7.768729316141878560e-02
-4.358860201935201711e-02
-1.946104340209070874e-02
-6.032354776977430499e-03
-2.141732104037252695e-03
-7.225812789831333009e-03
-2.125258126087779809e-02
-4.465635509582031870e-02
-7.448694483646396691e-02
-9.853585283507318437e-02
-5.860471038706218522e-02
-3.115717176816589634e-02
-1.756269406073378281e-02
-1.023246242002204612e-02
-6.088118688509369311e-03
-3.666242172774084648e-03
-2.226640529454515603e-03
-1.356560546799197428e-03
-8.258946159767602442e-04
-4.963562097142057341e-04
-2.851116574921704104e-04
-1.383214606634682064e-04
-1.744908321121717810e-05
1.094728422204104088e-04
2.551277876911764572e-04
3.173867040241242225e-04
7.638404330867715284e-05
6.190182877403217375e-04
-2.956229907639762824e-04
4.595345608019676709e-05
-5.415064452905940864e-04
-4.145463125029566292e-04
1.356828703298602434e-04
2.174405070908232488e-04
6.874939301895784246e-04
-4.597021739291599446e-05
-3.723312597359675530e-05
-8.086592662613163913e-05
-1.547914121205709484e-04
-2.689754507664597681e-04
-4.477191880653522593e-04
-7.332365197895424199e-04
-1.195890992236898999e-03
-1.956229777507759865e-03
-3.224496625701824427e-03
-5.393465178329111959e-03
-9.237601573019586440e-03
-1.644414924689882249e-02
-3.111198689000866865e-02
-6.515795874042105973e-02
-1.289125749201001925e-01
-1.134064401950290180e-01
-7.768728978880275193e-02
-4.358859328674453276e-02
-1.946104112946167586e-02
-6.032371939554801929e-03
-2.141756376222990130e-03
-7.225821141323350918e-03
-2.125256688239770750e-02
-4.465634770529778447e-02
-7.448694967289262725e-02
-9.853587685887833791e-02
-5.860471979513019042e-02
-3.115717229834433222e-02
-1.756269712215329654e-02
-1.023246992451040324e-02
-6.088127175169663965e-03
-3.666241225305619852e-03
-2.226634072929912014e-03
-1.356559777614476086e-03
-8.258901290464968183e-04
-4.963297491815468754e-04
-2.849242769283468293e-04
-1.370383203460811758e-04
-8.944788090068054115e-06
1.668114970377378712e-04
6.502525816760871061e-04
-6.293002380059874862e-05
-4.113675096040528517e-04
4.081241703783103076e-04
4.078517831345744235e-04
-1.684939368900685379e-04
-2.465868443911818945e-04
-4.623722974733048430e-04
1.611191572935094757e-04
1.195856173756316976e-04
2.805546622643190929e-04
-3.491357513026744079e-04
-7.627656816982494913e-05
-8.880305025422700524e-05
-1.639089752121303050e-04
-2.855842499923022721e-04
-4.771332991868735998e-04
-7.849309051027986801e-04
-1.285696233480541776e-03
-2.111970003171529352e-03
-3.488639882313306160e-03
-5.831508774101072309e-03
-9.921570219373121446e-03
-1.740043144223257787e-02
-3.202244427622566447e-02
-6.399583030665044470e-02
-1.181482144753737001e-01
-9.571302481429487530e-02
-6.074795047879117532e-02
-3.094141199997567371e-02
-1.109798160578137974e-02
-9.808959336786188688e-04
1.733627677409665425e-04
-7.396644128068028366e-03
-2.397282507997276768e-02
-4.987625847742339219e-02
-8.175608854725519015e-02
-1.057728312703820478e-01
-6.087371308228875511e-02
-3.172633175219034818e-02
-1.767722972230896181e-02
-1.022683573596149843e-02
-6.057202919447282445e-03
-3.635244138558666859e-03
-2.202363543934405914e-03
-1.339174531421700749e-03
-8.148230270337138105e-04
-4.905644797300023332e-04
-2.844296714321676201e-04
-1.431667368636519279e-04
-2.690725819932200842e-05
1.210846690944382290e-04
5.363923139089297847e-04
5.378534456502296387e-04
-2.053688113760719235e-04
-2.434107869699564072e-04
4.524046850992791743e-04
2.457626668514639235e-04
2.180108365527049375e-04
4.610338420783683679e-04
-1.314020004133736267e-04
-3.551936932082260228e-04
-2.229954251756468349e-04
2.031893301160698378e-04
7.089975467181023578e-06
-7.524514163634238642e-05
-1.616218740159140895e-04
-2.851853774746137692e-04
-4.770632888447864234e-04
-7.849188438238228907e-04
-1.285692045346650868e-03
-2.111965860534046734e-03
-3.488631660814233912e-03
-5.831502532169153923e-03
-9.921568545554338217e-03
-1.740043105434123383e-02
-3.202244533292716855e-02
-6.399583207677848884e-02
-1.181482188889827339e-01
-9.571302236554528331e-02
-6.074794732467918290e-02
-3.094142817052016048e-02
-1.109798538538091760e-02
-9.808782474895253161e-04
1.733756127599008704e-04
-7.396645454966751208e-03
-2.397284002484771637e-02
-4.987626980402064952e-02
-8.175607838404456984e-02
-1.057728027028567858e-01
-6.087369897242250749e-02
-3.172633741297609111e-02
-1.767724341985759187e-02
-1.022683664890879605e-02
-6.057197132235602952e-03
-3.635248106359373777e-03
-2.202367677946385875e-03
-1.339177360890269047e-03
-8.148352058255037495e-04
-4.905908187346327744e-04
-2.845778756783490563e-04
-1.442027320414921885e-04
-3.440576420689637951e-05
6.425447936080278650e-05
9.397186095839225146e-05
-4.672799025765033603e-05
-2.951318415937761314e-04
1.031043869590497173e-04
3.766586676374168523e-04
-3.014810387835149016e-04
-1.511600591014330671e-04
5.726607209121268791e-04
2.895634993459226354e-04
-2.989004105904632144e-04
1.785572151715184930e-04
-1.000980119339567824e-04
-4.207114834930152954e-05
-8.389268137280893973e-05
-1.631915974186797695e-04
-2.854782716028378018e-04
-4.771173692027199840e-04
-7.849278043934420886e-04
-1.285696974208347908e-03
-2.111967969439890527e-03
-3.488634714156302677e-03
-5.831511519859735281e-03
-9.921571167545363557e-03
-1.740042621822930971e-02
-3.202244656884526558e-02
-6.399583980869991140e-02
-1.181482248882453900e-01
-9.571301751052882500e-02
-6.074793693833608482e-02
-3.094141427173814282e-02
-1.109797734303318191e-02
-9.808897374929694511e-04
1.733518580882065295e-04
-7.396651692796265415e-03
-2.397282851002333764e-02
-4.987627312219714698e-02
-8.175608826415910191e-02
-1.057728139384028210e-01
-6.087369963215234075e-02
-3.172632769682297987e-02
-1.767723847976605811e-02
-1.022683993389982178e-02
-6.057204982112406218e-03
-3.635250738201082320e-03
-2.202364678595107247e-03
-1.339174867045425090e-03
-8.148234387979030706e-04
-4.905473089587322191e-04
-2.843697399034354235e-04
-1.432061470252435126e-04
-3.015436834724240657e-05
7.940715711824050378e-05
1.236983006766036717e-04
-2.717999285297864566e-04
-5.736987114737529406e-04
4.308276333761400017e-04
-3.408981554374275382e-04
-2.120139957945835554e-04
1.198633848206564475e-04
-1.115470886777399366e-04
-4.196851718505663744e-04
4.548309802470506386e-05
-6.254674839700564070e-04
1.836543231722942914e-04
2.219796958007159979e-05
-7.043324758591930379e-05
-1.650607852844134730e-04
-2.955362726084620603e-04
-4.962030092623442206e-04
-8.178723183502427385e-04
-1.341186670812547941e-03
-2.204304518757455641e-03
-3.637808175867374236e-03
-6.061165267845039853e-03
-1.023332563293185594e-02
-1.768838863520491231e-02
-3.174689683676264196e-02
-6.091676319907499831e-02
-1.058589538009919728e-01
-8.183258845160552852e-02
-4.993486072491160749e-02
-2.401178918667597889e-02
-7.418868217526343629e-03
1.685529850999137596e-04
-9.692158293860823242e-04
-1.106557995582038711e-02
-3.088542800425629967e-02
-6.066505311848655740e-02
-9.560724477552079437e-02
-1.180443416983087274e-01
-6.395011083178045452e-02
-3.200250750138682737e-02
-1.739027938849054683e-02
-9.915988202574105639e-03
-5.828272462298926364e-03
-3.486789477857100365e-03
-2.110909828686305563e-03
-1.285052217444238249e-03
-7.841877614795204898e-04
-4.755047067704608614e-04
-2.813410263777884105e-04
-1.530588696895705738e-04
-5.980468175699429521e-05
1.538921277806900645e-05
4.112972991597212493e-05
2.342541467540355972e-05
1.589065430392936262e-04
-5.555852641292342322e-05
-5.991073363520759473e-04
-5.487482096031322124e-04
1.440231499235906183e-04
3.066532238451717750e-04
-2.625304087732425860e-05
-3.867696998709988518e-04
1.295141058909289264e-04
3.153316023376849042e-04
5.119079870515842420e-05
-6.448095593609055886e-05
-1.638991607378181674e-04
-2.953094941724945929e-04
-4.961577092523708097e-04
-8.178616515288334018e-04
-1.341179929265021989e-03
-2.204301514310126262e-03
-3.637803522818716054e-03
-6.061161706061237928e-03
-1.023332902323635663e-02
-1.768839741000265836e-02
-3.174690589686837705e-02
-6.091676501585020775e-02
-1.058589526601842468e-01
-8.183258209416850726e-02
-4.993486006995823817e-02
-2.401180491337791267e-02
-7.418869130094814072e-03
1.685699733781134137e-04
-9.692030576868110271e-04
-1.106558493340675277e-02
-3.088544396194131333e-02
-6.066506210816341449e-02
-9.560724112311244638e-02
-1.180443335087530132e-01
-6.395010332989246871e-02
-3.200251307758977815e-02
-1.739028786027250334e-02
-9.915984926688025877e-03
-5.828266003201295481e-03
-3.486792465521887808e-03
-2.110914689426740282e-03
-1.285058484479399904e-03
-7.842016266840222708e-04
-4.755296538000816533e-04
-2.814264605827245598e-04
-1.532902230986307062e-04
-5.937739526915106637e-05
3.051689259678836303e-05
2.270007675979799310e-04
2.415986761509393425e-04
6.454694227892110534e-04
2.584494706322308915e-04
5.758144145562811350e-04
-5.721290476355299576e-04
-1.229859955836134502e-04
-3.773319105338969476e-05
-1.167535271953797570e-04
-1.657401564865926410e-04
-3.516290931169314331e-04
2.196840181853198875e-04
2.157112344671544273e-05
-7.156148609228055082e-05
-1.654097327884111019e-04
-2.956203508271417163e-04
-4.962200173070774453e-04
-8.178732902086241615e-04
-1.341187210008250568e-03
-2.204303006655673747e-03
-3.637803054400824340e-03
-6.061166718208989453e-03
-1.023332544491856698e-02
-1.768838709258727451e-02
-3.174690659863928927e-02
-6.091677602378950396e-02
-1.058589617481201089e-01
-8.183257881421644730e-02
-4.993484868908566743e-02
-2.401179374973668595e-02
-7.418863236111760719e-03
1.685614242950110055e-04
-9.692239305272340021e-04
-1.106558572235797483e-02
-3.088543132881923017e-02
-6.066506869078579917e-02
-9.560724620238940374e-02
-1.180443279240259435e-01
-6.395010066551308492e-02
-3.200250864507441645e-02
-1.739028917914714825e-02
-9.915990079858862105e-03
-5.828273085484952584e-03
-3.486795732028536744e-03
-2.110910909721039948e-03
-1.285050781533519362e-03
-7.841819843216515365e-04
-4.754602792219961424e-04
-2.810998691695283289e-04
-1.517829203132259547e-04
-5.322825376184978265e-05
4.864290395479004236e-05
2.070966733983118952e-04
3.725298625629566858e-04
-1.585047032038501428e-04
-1.178441796618683821e-04
-4.536996348136771644e-04
-4.351447739460317129e-04
5.140884588012934809e-05
7.005191599133430173e-04
-4.744752102506073158e-04
1.647478975472381653e-04
-2.850153002960450913e-04
2.755065578583768037e-04
3.246005720619222763e-05
-7.037195487360117644e-05
-1.676115993544891806e-04
-3.005055638102595576e-04
-5.044130470746751010e-04
-8.303129208601445817e-04
-1.359372633324065468e-03
-2.229030479794183017e-03
-3.669057496691617397e-03
-6.092113688715953754e-03
-1.023858518247826484e-02
-1.757223084024810492e-02
-3.117255496298178621e-02
-5.863089863771084320e-02
-9.857862324637660378e-02
-7.452011552948321904e-02
-4.468270116511932621e-02
-2.126780559070286583e-02
-7.230749579843060576e-03
-2.131686456262204057e-03
-6.005256632171489251e-03
-1.941020490557751263e-02
-4.350915265286466049e-02
-7.758242836731009395e-02
-1.132944449587333230e-01
-1.288293387347595742e-01
-6.512442847999527773e-02
-3.109831470309738777e-02
-1.643728863822039102e-02
-9.233894505750239734e-03
-5.391423502408740701e-03
-3.223655484943196894e-03
-1.956325525109110786e-03
-1.197001873178138356e-03
-7.354844867275925910e-04
-4.514304727305950182e-04
-2.744795532743433855e-04
-1.627639961696784984e-04
-9.491133262719708035e-05
-8.555129467592943119e-05
-3.282284633124160633e-04
-1.065821135507646810e-05
-2.662813832250243533e-04
-1.220747594127862467e-04
4.880450774040696519e-05
1.837294649554623851e-04
2.905576399873954253e-04
2.099096744950754460e-04
-3.093987041080312737e-04
3.232682838788378314e-05
-7.675250150252800867e-05
2.200583907949002916e-04
2.587867797953332576e-05
-7.096419083193233521e-05
-1.676088911177817770e-04
-3.004756046390645368e-04
-5.043980597340830003e-04
-8.303063484058657373e-04
-1.359366984230611381e-03
-2.229032473707820948e-03
-3.669058378220323765e-03
-6.092110545753546061e-03
-1.023858456578671285e-02
-1.757223266670029233e-02
-3.117255706933799372e-02
-5.863089747682230513e-02
-9.857862514247960062e-02
-7.452011982247741528e-02
-4.468271138503784878e-02
-2.126782383181549663e-02
-7.230750449828026588e-03
-2.131672809667555044e-03
-6.005240865444757756e-03
-1.941020329809315173e-02
-4.350915901612645992e-02
-7.758242740261600545e-02
-1.132944416398209836e-01
-1.288293427343330244e-01
-6.512443560076867921e-02
-3.109832976539097724e-02
-1.643729973485686183e-02
-9.233890529157707042e-03
-5.391414991332790785e-03
-3.223655097853433439e-03
-1.956329558228943246e-03
-1.197008142356454589e-03
-7.354946963658672617e-04
-4.514624290061648704e-04
-2.746400610003106374e-04
-1.635517856818168676e-04
-9.887075080179555213e-05
-1.057572937356573766e-04
-4.338713249805940374e-04
4.184829556853205627e-04
-2.763361168017433177e-04
4.604403334919031495e-04
-5.141738064307037207e-04
-2.669621664642767871e-05
8.940189494852971938e-05
5.816902927040778224e-04
-3.659992731246772160e-04
-2.021192680981698112e-04
-3.033891270026032973e-05
-2.037474088250456478e-04
-4.127974927243478932e-05
-8.242211395535539698e-05
-1.696324022123039000e-04
-3.008505850538370496e-04
-5.044706659944942807e-04
-8.303193720071259942e-04
-1.359374502937169991e-03
-2.229031813612072487e-03
-3.669055106180224828e-03
-6.092115079371952964e-03
-1.023858229526551124e-02
-1.757222784756076739e-02
-3.117256484898030255e-02
-5.863090963272364620e-02
-9.857863303879287054e-02
-7.452010825849178510e-02
-4.468269191428347886e-02
-2.126781272763681591e-02
-7.230747002568913007e-03
-2.131679028202500270e-03
-6.005263012482331408e-03
-1.941020928937732884e-02
-4.350915646876805237e-02
-7.758244418838956824e-02
-1.132944479097389018e-01
-1.288293262210871704e-01
-6.512442330570840376e-02
-3.109831573568144422e-02
-1.643729190159812226e-02
-9.233889923912342798e-03
-5.391422148856115683e-03
-3.223662539740899512e-03
-1.956328348322348629e-03
-1.197000093675882736e-03
-7.354738116747525263e-04
-4.513608338663262914e-04
-2.740584885269640373e-04
-1.601640778728011640e-04
-7.839122110027673404e-05
2.375817856635300371e-05
4.269885002033188678e-04
5.575551525138396081e-04
4.695928098504494638e-04
-4.522404383209833708e-04
1.709963983398007340e-04
-3.940512855383797503e-04
3.557450093063971005e-04
6.376351195292234903e-05
4.037107041824390804e-04
6.148001119117717152e-04
-4.286632550672761369e-04
9.944961395158407344e-05
-4.162657253634038698e-06
-7.866581496006912124e-05
-1.694692248186519760e-04
-3.004752457814071341e-04
-5.026196790716975756e-04
-8.242646390276113250e-04
-1.344697101637362321e-03
-2.196154370695270561e-03
-3.605168732182178343e-03
-5.977214035543443847e-03
-1.006403385661541056e-02
-1.736851001587410084e-02
-3.112614094392799485e-02
-5.938278713304567108e-02
-1.010306617186712691e-01
-7.706562669795380405e-02
-4.774960057614912462e-02
-2.553581297836747879e-02
-1.303903394788755686e-02
-9.762161486007132211e-03
-1.602196790166261764e-02
-3.270769646963821164e-02
-6.079029149537869964e-02
-9.638986896843541874e-02
-1.251461453112648892e-01
-1.276464174348444225e-01
-6.135023643401073257e-02
-2.835822792209031010e-02
-1.471681679546203714e-02
-8.200125509126654846e-03
-4.780380620826897575e-03
-2.870753684198126300e-03
-1.754046391732491271e-03
-1.083675383946304744e-03
-6.732354242838656374e-04
-4.201092608125447914e-04
-2.630492026840184489e-04
-1.662127301408783679e-04
-1.051289049869068385e-04
-4.228271196313989125e-05
2.353965855150799637e-04
-2.694219949874554856e-04
6.739060506062748623e-05
-1.687957018680711350e-04
-2.347961575069337987e-04
-1.459130105521464610e-04
2.720901386859370889e-04
-8.264570845576421640e-06
-2.824342738141855992e-04
3.218010504962282156e-04
-6.457637463690816008e-04
-1.444974292012894103e-05
-2.578828559785025106e-05
-8.237591586415962772e-05
-1.700499073877393254e-04
-3.005455267706209823e-04
-5.026200605680647329e-04
-8.242624154110501531e-04
-1.344695818860283752e-03
-2.196161994271236817e-03
-3.605171698272990541e-03
-5.977208501139340442e-03
-1.006403308575011535e-02
-1.736851641754194250e-02
-3.112614877620397194e-02
-5.938278989466347357e-02
-1.010306650552166563e-01
-7.706562972716825277e-02
-4.774961319872790544e-02
-2.553582766513707095e-02
-1.303902985249705618e-02
-9.762148108613198302e-03
-1.602195456500146720e-02
-3.270770494964481828e-02
-6.079030973052979708e-02
-9.638987272827960473e-02
-1.251461381359275093e-01
-1.276463945269115108e-01
-6.135023464869376192e-02
-2.835823526571756500e-02
-1.471682152489709253e-02
-8.200120449135034698e-03
-4.780375484675570413e-03
-2.870757246056823177e-03
-1.754055106299671346e-03
-1.083683311192228235e-03
-6.732407185011820248e-04
-4.201404858171621601e-04
-2.632418013792192733e-04
-1.673974204235008736e-04
-1.128644162150056393e-04
-9.374399428521203875e-05
-1.107782123012705056e-04
-5.685652271888463373e-04
-2.073364519444883657e-04
1.531885490888495408e-04
1.228746397439478696e-04
-3.081637749810053374e-04
-3.454548903603624536e-04
5.071102288000242436e-04
-1.331057075799627485e-05
5.559399462171471474e-04
-4.243041815429979421e-04
-1.724253139735058892e-04
-5.758162135869357938e-05
-8.893603806649741340e-05
-1.713841358310298660e-04
-3.008249848480926635e-04
-5.026803286454146254e-04
-8.242716383254052384e-04
-1.344700224096426634e-03
-2.196158386917704611e-03
-3.605167888237056657e-03
-5.977213871771453087e-03
-1.006402798267595419e-02
-1.736850662726599145e-02
-3.112615218455791130e-02
-5.938279836344088208e-02
-1.010306713138030416e-01
-7.706562093093399790e-02
-4.774959619103315983e-02
-2.553582048452182271e-02
-1.303903125397060624e-02
-9.762155546417589785e-03
-1.602197563143226491e-02
-3.270770528881169342e-02
-6.079029908600868531e-02
-9.638988044248252007e-02
-1.251461387767020816e-01
-1.276463938276967136e-01
-6.135022683480938210e-02
-2.835822718269998682e-02
-1.471681949323428752e-02
-8.200122885167748787e-03
-4.780383442671543547e-03
-2.870764349047331011e-03
-1.754051442182901150e-03
-1.083673561108661112e-03
-6.732260822364548097e-04
-4.200654834509771787e-04
-2.628505737246327628e-04
-1.654787451069356411e-04
-1.039558793315376549e-04
-5.778386001049084668e-05
-1.812862348153706918e-05
-4.528079116914955214e-04
4.947134337994138487e-04
6.026806813604865557e-04
5.582394967242243402e-04
-2.877079523917263574e-04
6.466106123341491428e-04
-2.903605917098292375e-05
-1.869219707160635829e-05
-3.725714027405484653e-04
2.138595697752006264e-04
1.219664233560578562e-04
3.589873486487520285e-06
-7.423251026730990861e-05
-1.663907351916417345e-04
-2.962160853361107613e-04
-4.944012473079057064e-04
-8.070142526651092078e-04
-1.310871676656500924e-03
-2.131031550139720915e-03
-3.491556063133771041e-03
-5.794652629419499122e-03
-9.836861087402636039e-03
-1.726931747564494288e-02
-3.190147553828542176e-02
-6.379571861588706483e-02
-1.149718431431090981e-01
-9.153614096714256243e-02
-6.025450003172939245e-02
-3.687664608408246919e-02
-2.505217023774474264e-02
-2.395149452504968801e-02
-3.351105496531135708e-02
-5.384016304219547272e-02
-8.361861330337093390e-02
-1.122282012830099485e-01
-1.233546174273621454e-01
-1.133290971654007939e-01
-5.326803430052449301e-02
-2.425683599479032046e-02
-1.253141046993960957e-02
-6.997508081757156106e-03
-4.103517853845809263e-03
-2.489917049192047916e-03
-1.538842364489458698e-03
-9.640131474642770100e-04
-6.076028860028617360e-04
-3.867373856269463442e-04
-2.501269699667351700e-04
-1.701846453991534005e-04
-1.339360273462937947e-04
-1.559991250972771095e-04
-3.480552461724452764e-04
9.922307241715161614e-05
6.297362011338901856e-05
-2.550404443331988130e-04
4.320841149979434107e-04
1.659613609664673613e-04
3.607837906989975877e-04
2.929100905513734327e-04
-2.150257747693952687e-04
-3.923095135982536353e-04
5.966232042260579229e-05
-1.900985462541265761e-04
-3.215079453892881315e-05
-7.812754211525490091e-05
-1.667484076022751030e-04
-2.962164765973820816e-04
-4.943851950995687338e-04
-8.070106864995264286e-04
-1.310873482827663210e-03
-2.131044111223546773e-03
-3.491562757601356787e-03
-5.794648418711143348e-03
-9.836859957318873360e-03
-1.726932068136366114e-02
-3.190147831087513514e-02
-6.379572299099488253e-02
-1.149719010769532229e-01
-9.153616057665839301e-02
-6.025452079072840528e-02
-3.687666010329183897e-02
-2.505217021481056378e-02
-2.395149290651355650e-02
-3.351104883964256542e-02
-5.384016844287979608e-02
-8.361861966346019470e-02
-1.122281925515486722e-01
-1.233546030352228456e-01
-1.133290449539049727e-01
-5.326803288222319716e-02
-2.425684412613620181e-02
-1.253141324834583514e-02
-6.997503123305734950e-03
-4.103516316876703457e-03
-2.489923094923361495e-03
-1.538851547259028393e-03
-9.640169056461111042e-04
-6.075959767487126720e-04
-3.867325850861433084e-04
-2.501004141934018606e-04
-1.700151240689698918e-04
-1.331851573115206550e-04
-1.535704068049595459e-04
-3.531190999413047894e-04
-9.786583550920400349e-05
1.171633237107462403e-04
-1.136661404091399413e-04
3.349576407141615069e-04
-2.380430463762692097e-04
4.931714912391127947e-04
6.230565947725795820e-04
-4.441233703783658247e-04
-1.259761826944570033e-04
6.240656081534489959e-05
-1.177265794850045142e-04
-3.558870437511932637e-05
-8.107818557565743284e-05
-1.676185121386983593e-04
-2.964378374107379558e-04
-4.944380118714936274e-04
-8.070159413829358077e-04
-1.310873796880372179e-03
-2.131036164382344323e-03
-3.491554931059036304e-03
-5.794650449665786525e-03
-9.836853327989185727e-03
-1.726931538799782867e-02
-3.190149131730357634e-02
-6.379574231955903452e-02
-1.149719203724745009e-01
-9.153615074059977263e-02
-6.025450099668206577e-02
-3.687665210430041834e-02
-2.505216536317428702e-02
-2.395148609510300633e-02
-3.351105753152246181e-02
-5.384017009126856879e-02
-8.361862205405104498e-02
-1.122282130651136994e-01
-1.233546028283316054e-01
-1.133290400603507442e-01
-5.326802981676910520e-02
-2.425683889281378056e-02
-1.253141157416859906e-02
-6.997502805148212920e-03
-4.103519482383128150e-03
-2.489926660617936601e-03
-1.538846126782530835e-03
-9.640088690974369517e-04
-6.075895673583535080e-04
-3.866803109895749981e-04
-2.498324649674404886e-04
-1.687183392984730455e-04
-1.269727768372639666e-04
-1.249172496086093319e-04
-2.220640048208433301e-04
3.330542666411695930e-04
-7.379164687504386659e-04
-4.496648060035237531e-04
2.452780686336693641e-04
-3.229097825678816660e-04
-3.656381832583541414e-05
2.616662998495310265e-04
-4.382989452106474874e-04
-5.857469786750411260e-04
-2.494337646742967376e-05
2.443826168383388358e-04
4.720975788691180618e-05
-6.144371735012625505e-05
-1.610926190326814197e-04
-2.900260026755377744e-04
-4.829132079676559165e-04
-7.841172600760620056e-04
-1.267872445646411233e-03
-2.051586573609121347e-03
-3.357768940708622234e-03
-5.586796532189205675e-03
-9.593613193511346671e-03
-1.721542301475323042e-02
-3.304283783564200550e-02
-7.012773528250625110e-02
-1.377902742175505235e-01
-1.214315189827585018e-01
-9.099787312906162939e-02
-6.712755568155427677e-02
-5.505398821155158690e-02
-5.446697631888315627e-02
-6.502081494523771765e-02
-8.477980867255438535e-02
-1.058196163167009624e-01
-1.133674184295678233e-01
-1.061030749215613050e-01
-9.144375598101021907e-02
-4.313272231053678907e-02
-1.976521763673113816e-02
-1.031462629724907293e-02
-5.830780498378980263e-03
-3.463779271716149310e-03
-2.134449720531278807e-03
-1.339105190243130650e-03
-8.530793297825906354e-04
-5.465817032570546722e-04
-3.552740271676097829e-04
-2.367708702848062409e-04
-1.695004917738602136e-04
-1.419286404250506243e-04
-1.676187398684875413e-04
-4.055597984942087395e-04
-1.797963972271322884e-04
-3.590834511744828692e-04
-2.341066932849591835e-04
-2.202291079229312068e-04
3.795839915195307196e-04
-1.616504337035156726e-04
9.323694875699417811e-05
-7.026416070573285018e-05
7.147435149088046918e-05
-1.523010837366382060e-04
7.238098177373341810e-04
1.204686395453371796e-04
-4.946810013926636698e-05
-1.590647770686229832e-04
-2.896543680453255278e-04
-4.828365296436612822e-04
-7.841048691027465703e-04
-1.267874755688071578e-03
-2.051601425731467560e-03
-3.357777172556569018e-03
-5.586792419230633862e-03
-9.593612784842095453e-03
-1.721542854585221202e-02
-3.304284317560520629e-02
-7.012774989609345255e-02
-1.377904491145248156e-01
-1.214315547675225426e-01
-9.099790317930728234e-02
-6.712756615512058267e-02
-5.505398248884369600e-02
-5.446697073856023724e-02
-6.502080660673803525e-02
-8.477981570205880835e-02
-1.058196268479677099e-01
-1.133674166956671198e-01
-1.061030578707575084e-01
-9.144369321220703617e-02
-4.313271992008346767e-02
-1.976522392153471155e-02
-1.031462554346496314e-02
-5.830773741755346413e-03
-3.463778142135438658e-03
-2.134453265657946294e-03
-1.339109556668542211e-03
-8.530759549874721449e-04
-5.465636663563854534e-04
-3.552389388776656248e-04
-2.365451660677704083e-04
-1.679707571313248727e-04
-1.315283103670113933e-04
-9.430828107697878217e-05
1.254925894662807973e-04
2.760830857887880125e-04
-1.215289947399114060e-04
2.420198312539068551e-04
-1.871813314223781167e-04
-6.379311397310767542e-04
6.476548707555043792e-04
-4.938395630391998847e-05
-2.466892794827438827e-04
7.496090285295843873e-05
-3.483503347640112542e-04
3.112056852510443838e-04
5.741240058789363833e-05
-6.018477862839041287e-05
-1.609853261622506818e-04
-2.900249589038458669e-04
-4.829115349867554017e-04
-7.841117849834612500e-04
-1.267874132965801127e-03
-2.051593480807845354e-03
-3.357770649734195638e-03
-5.586795981392471064e-03
-9.593605826180358342e-03
-1.721542153230930239e-02
-3.304285521421513466e-02
-7.012777877371900725e-02
-1.377905345266513815e-01
-1.214315500084534455e-01
-9.099788408255594929e-02
-6.712756373098709151e-02
-5.505398608693561763e-02
-5.446697041057887989e-02
-6.502081756242741872e-02
-8.477981834223717594e-02
-1.058196281515525750e-01
-1.133674306614033539e-01
-1.061030670460484243e-01
-9.144375219424732970e-02
-4.313273116508627159e-02
-1.976522416154463321e-02
-1.031462689800571701e-02
-5.830773583809634349e-03
-3.463779959866095624e-03
-2.134458065070289103e-03
-1.339108142117837342e-03
-8.530738867160528880e-04
-5.465648458522831066e-04
-3.551956533550754895e-04
-2.363101270897147480e-04
-1.667444778860631611e-04
-1.250267103894467900e-04
-6.057977137222755762e-05
2.974664997446300921e-04
1.761831580512846559e-04
2.618315589437088839e-04
-3.479447632869890486e-04
-4.700439479651843358e-04
1.298010031764743825e-04
-5.172655765560660752e-05
-1.328120141992051814e-04
-3.759308489260983232e-05
5.765399387903080144e-04
-4.029974957529951240e-04
-3.105063068985057929e-04
-6.245885174466319332e-05
-8.497921957682257250e-05
-1.648781482430552309e-04
-2.868337409612599690e-04
-4.737367863354152850e-04
-7.651265947602986072e-04
-1.232532594437143547e-03
-1.987057893667370546e-03
-3.250650169837940046e-03
-5.421131836048246298e-03
-9.401609552824067781e-03
-1.717344291762182285e-02
-3.404163047132273412e-02
-7.622390079235033533e-02
-1.628451957511331538e-01
-1.708808100037619848e-01
-1.538222988412583370e-01
-1.302314694205568280e-01
-1.162769291892912504e-01
-1.160707096769764551e-01
-1.234131327528439764e-01
-1.273252827467921955e-01
-1.189172228011202148e-01
-1.023348184213871692e-01
-8.661698446542334673e-02
-7.294236732348138852e-02
-3.487980424226035797e-02
-1.619372851245848982e-02
-8.591031345341502631e-03
-4.939726383941359794e-03
-2.981632647484427738e-03
-1.868345119370426076e-03
-1.190005166241831338e-03
-7.702060465376815365e-04
-5.008076110515379594e-04
-3.314820816459343390e-04
-2.268214396012258798e-04
-1.708973924040939872e-04
-1.556689368403066669e-04
-1.843623865960284183e-04
-2.450851463947785447e-04
-3.963236592853478005e-07
3.949736968388030379e-04
1.339113277551490970e-04
-4.726577220857896243e-04
-4.988769708022146440e-04
4.749187954961197776e-04
1.286363275413147966e-04
4.658069421687059328e-04
-4.475134571177762175e-04
1.840597802941625700e-04
1.934180719858900920e-04
2.370372904050058635e-05
-6.964272924157760059e-05
-1.621223143048556377e-04
-2.863170731681775882e-04
-4.736355251394808652e-04
-7.651150026448855267e-04
-1.232538467049976421e-03
-1.987074842782751705e-03
-3.250660030847411265e-03
-5.421126826489018787e-03
-9.401604620337417756e-03
-1.717344045506613917e-02
-3.404162505972097019e-02
-7.622389506976970375e-02
-1.628452922871905517e-01
-1.708808254462575449e-01
-1.538223258151829864e-01
-1.302314778799558148e-01
-1.162769304306906920e-01
-1.160707168015782942e-01
-1.234131340016201978e-01
-1.273252893348979231e-01
-1.189172255100457432e-01
-1.023347985386018622e-01
-8.661696604539081967e-02
-7.294237823869371973e-02
-3.487981052510850943e-02
-1.619373459244139585e-02
-8.591029330571032380e-03
-4.939721734489021902e-03
-2.981636173379470251e-03
-1.868350702728079462e-03
-1.190011200066390905e-03
-7.702049190215670997e-04
-5.007931986660651806e-04
-3.314740764247740661e-04
-2.267886490980109478e-04
-1.708187106772661033e-04
-1.564294036872189366e-04
-1.987337925636018074e-04
-4.175312844345179962e-04
3.770948958107859204e-04
1.310057634096083797e-04
5.062749265147893944e-04
-4.877876852083314643e-05
-2.333551687097542605e-04
-6.088434863141578600e-04
-1.497104964244208862e-04
1.294522640284307986e-04
-4.847920293391327971e-05
-3.854687670495454384e-04
9.681258476816395273e-05
-1.590055867833009307e-05
-7.943250017736939257e-05
-1.641876851169020316e-04
-2.867386175449068990e-04
-4.737177734637225586e-04
-7.651181703967311915e-04
-1.232534568791411080e-03
-1.987066084931387883e-03
-3.250653033129899481e-03
-5.421130194206450099e-03
-9.401599562578789177e-03
-1.717343961223092089e-02
-3.404164461317272378e-02
-7.622394085900410787e-02
-1.628454968148017601e-01
-1.708808331723330465e-01
-1.538223055939151596e-01
-1.302314765105198613e-01
-1.162769334980404412e-01
-1.160707096445018488e-01
-1.234131337839392828e-01
-1.273252875615841773e-01
-1.189172303336455128e-01
-1.023348222283392839e-01
-8.661698934787166737e-02
-7.294244528830017005e-02
-3.487982619057691802e-02
-1.619373803893304695e-02
-8.591032251958395302e-03
-4.939720346496683651e-03
-2.981635085547814333e-03
-1.868354127171637392e-03
-1.190009112431612316e-03
-7.702016692170988174e-04
-5.007949409833087860e-04
-3.314366212173897605e-04
-2.265893522406269879e-04
-1.697319932654812894e-04
-1.501959214295998512e-04
-1.622550761490846618e-04
-1.921198047180728392e-04
-1.921182792879198235e-04
5.165578810221109051e-04
-3.681579200431051024e-04
3.464341617870646722e-05
7.686997504404393571e-04
2.378793469840222207e-04
5.328430198907368109e-04
-2.039214928945755248e-04
3.773797206583781399e-04
-3.410859550151745041e-04
-8.128681232264021832e-05
-5.901150211837514597e-05
-9.134884917484966651e-05
-1.670238077666767653e-04
-2.853854321032944221e-04
-4.684921692901198860e-04
-7.538188210865901700e-04
-1.211323863405877437e-03
-1.948262122181009751e-03
-3.185699108059276540e-03
-5.317284908329787500e-03
-9.265697265627368881e-03
-1.705838966638467680e-02
-3.429660243954079507e-02
-7.861098874058564112e-02
-1.764056856826512754e-01
-2.205677705126041221e-01
-2.647631932754636042e-01
-2.817692921905565751e-01
-2.702675088684292071e-01
-2.480951522288056543e-01
-2.080993959302541163e-01
-1.585034667483910253e-01
-1.182091178500958850e-01
-9.123462505572478565e-02
-7.463860247715770058e-02
-6.310443223323215778e-02
-3.031079884390036269e-02
-1.423519389832158047e-02
-7.651325903660207914e-03
-4.455701390301638511e-03
-2.720366971380480496e-03
-1.724146943803830847e-03
-1.109079300305281087e-03
-7.250044476867240767e-04
-4.754963568687396399e-04
-3.177626410406894685e-04
-2.202175906354527735e-04
-1.705107355220972405e-04
-1.649213399076123669e-04
-2.175479654285209093e-04
-3.830254069620721139e-04
4.971013843616953675e-04
2.425038206785368796e-04
3.214316803433614743e-05
6.196277463695712721e-04
-5.969312730026177802e-04
-3.311872373711888251e-04
2.760723174491188400e-04
1.534141582221068491e-04
2.033828727450017273e-04
-6.081632540656482918e-04
9.477139408218905928e-05
-1.426670758648166139e-05
-8.133817642220820849e-05
-1.649462693443707706e-04
-2.849534390762291586e-04
-4.684019319476422842e-04
-7.538111051288297511e-04
-1.211330600769359436e-03
-1.948277495775422013e-03
-3.185708598900981528e-03
-5.317279896177120636e-03
-9.265693279216093148e-03
-1.705838825942953760e-02
-3.429659429053623365e-02
-7.861096190177854770e-02
-1.764056530839602233e-01
-2.205677698451894986e-01
-2.647632099153221508e-01
-2.817692926635129713e-01
-2.702675085760940510e-01
-2.480951603445325504e-01
-2.080994002182141589e-01
-1.585034738431302936e-01
-1.182091199637797380e-01
-9.123459419100989065e-02
-7.463859203323865155e-02
-6.310463544919606149e-02
-3.031081647863240539e-02
-1.423519889518589342e-02
-7.651322944402391690e-03
-4.455698266186585051e-03
-2.720371598529763152e-03
-1.724148753224202845e-03
-1.109081262563377549e-03
-7.250016410164995036e-04
-4.754830362196549483e-04
-3.177790005647474349e-04
-2.203186942813047838e-04
-1.709905042674760977e-04
-1.669681180345345707e-04
-2.214411759920812696e-04
-3.302233555607182237e-04
-6.930315001021378317e-06
-2.510017316291117233e-04
-1.692742445091812049e-04
-1.686636126390143018e-04
-5.766470874536508580e-05
4.384309318942754123e-04
4.001437050211026900e-04
-7.680049263561863947e-04
5.109193129026028948e-04
-5.055757916420581914e-04
-7.846741078852487649e-04
-1.377317947807634325e-04
-9.994971811661645239e-05
-1.678730076894113061e-04
-2.854448989573842672e-04
-4.684851929370753717e-04
-7.538101216071318566e-04
-1.211324747606983216e-03
-1.948270163710542728e-03
-3.185703648682437425e-03
-5.317283919572309697e-03
-9.265686906386056895e-03
-1.705838492027082071e-02
-3.429660841117874309e-02
-7.861100116591143716e-02
-1.764059463137731820e-01
-2.205677931831968308e-01
-2.647631966755623623e-01
-2.817692893691443601e-01
-2.702675074596469496e-01
-2.480951472667888569e-01
-2.080993892702194537e-01
-1.585034653241025604e-01
-1.182091245142880970e-01
-9.123462146755631497e-02
-7.463860437587262198e-02
-6.310455293799062393e-02
-3.031080784926450805e-02
-1.423519590675954329e-02
-7.651321586045057958e-03
-4.455692371862379243e-03
-2.720367331982259836e-03
-1.724153188082187165e-03
-1.109082080418356386e-03
-7.250001091236683848e-04
-4.754882035681249610e-04
-3.177538329345043467e-04
-2.202001679512033861e-04
-1.705169637002600059e-04
-1.654993432537052401e-04
-2.233476640058760956e-04
-4.240905263331686860e-04
3.746797447068478870e-04
-2.859239294306256630e-04
7.153362862560250788e-04
-4.284760390187736809e-04
5.151242600514064577e-04
4.219906805579619986e-04
3.490384548715034477e-04
1.364577536051577303e-05
1.970194196149142863e-04
-1.061854365216803077e-04
1.231570225904431474e-04
9.622924845189726947e-06
-7.669217015367275794e-05
-1.653442538127406489e-04
-2.859193774216255124e-04
-4.691157008536831234e-04
-7.542884056836872582e-04
-1.211736554389888964e-03
-1.948737560686256403e-03
-3.186389412791324101e-03
-5.318365661571759426e-03
-9.267476868134649423e-03
-1.706136083718950633e-02
-3.430184566959169901e-02
-7.862120810017929340e-02
-1.764257847234038945e-01
-2.205838213684905569e-01
-2.647674394547576138e-01
-2.817622964793947693e-01
-2.702511619066912951e-01
-2.480712755946731518e-01
-2.080824064073026058e-01
-1.585059392718556615e-01
-1.182232734063433377e-01
-9.125449284618349088e-02
-7.465825987743772429e-02
-6.312310264451265196e-02
-3.031969042198750727e-02
-1.423966635910834527e-02
-7.653733832829745509e-03
-4.457101189945147923e-03
-2.721174043555025287e-03
-1.724594038081381231e-03
-1.109204898593818198e-03
-7.247684883763486768e-04
-4.746756341560909526e-04
-3.158986887379146855e-04
-2.164262708727682303e-04
-1.631912996052113033e-04
-1.502165464801064737e-04
-1.763246952796233727e-04
-1.632303704674063392e-04
2.798499635118307420e-04
-1.320081377602944105e-04
5.732061087753554090e-04
-4.138114408160661439e-04
1.754620416927457269e-04
1.888482970827945408e-04
5.681377199170427805e-04
-1.551692763954352168e-04
4.467577219636459899e-05
-3.646880981279349791e-04
4.837809085530628684e-04
6.833398833642720957e-05
-6.637638919211206676e-05
-1.634761080291049942e-04
-2.855607265187931751e-04
-4.690468781161361554e-04
-7.542893741515531653e-04
-1.211746233225148052e-03
-1.948752692863874991e-03
-3.186400274527509922e-03
-5.318363557265672406e-03
-9.267476369206341033e-03
-1.706136110880116311e-02
-3.430183888307245660e-02
-7.862120970089604699e-02
-1.764260510116369973e-01
-2.205838367087279706e-01
-2.647674506732708433e-01
-2.817622966756458958e-01
-2.702511543434514274e-01
-2.480712834672203215e-01
-2.080824087004783662e-01
-1.585059427743108207e-01
-1.182232743115669976e-01
-9.125447568194296200e-02
-7.465825646787016545e-02
-6.312313648067867378e-02
-3.031970490800553822e-02
-1.423967521923074839e-02
-7.653729998359955211e-03
-4.457097431262941299e-03
-2.721178353151128878e-03
-1.724593385331580622e-03
-1.109206663982592166e-03
-7.247687138357516686e-04
-4.746664907193866192e-04
-3.159428157546830332e-04
-2.167016709966258542e-04
-1.647908935156342024e-04
-1.601799990226691547e-04
-2.408259933776451015e-04
-6.062696348563962863e-04
-3.293569170512029832e-04
-3.147005794666443788e-04
8.050468483075208439e-05
-1.423783005300723698e-04
2.682600912549941582e-04
2.546491267361583187e-04
3.883572260157875560e-05
3.350929429159241017e-04
-2.392389766850893198e-04
-2.344715365796097226e-04
7.546037117174984789e-04
9.283752387622933575e-05
-6.490289951697716291e-05
-1.635788936217620626e-04
-2.856372298994469625e-04
-4.690641509594473558e-04
-7.542753118195159520e-04
-1.211737495788903045e-03
-1.948746052649662306e-03
-3.186395072400117438e-03
-5.318363649022278192e-03
-9.267464776640971583e-03
-1.706135364411498490e-02
-3.430184291839057098e-02
-7.862115547642310742e-02
-1.764254092749628910e-01
-2.205837988868917243e-01
-2.647674673644637156e-01
-2.817623116869246713e-01
-2.702511588033251200e-01
-2.480712690154436295e-01
-2.080823971702873976e-01
-1.585059297303479664e-01
-1.182232728118164100e-01
-9.125447768579744712e-02
-7.465825587221504300e-02
-6.312329343864157838e-02
-3.031969942512775101e-02
-1.423966564245334951e-02
-7.653726381776096432e-03
-4.457090962519359711e-03
-2.721174093489305088e-03
-1.724599666490692768e-03
-1.109209324705857360e-03
-7.247666207707794588e-04
-4.746719570676576788e-04
-3.159154814877856228e-04
-2.165423077579734445e-04
-1.638685333633677511e-04
-1.541063260512872790e-04
-1.986845201755139338e-04
-2.960391541598686297e-04
2.743004495393938820e-04
1.298239684490759722e-04
-5.039128778337401832e-04
1.150980521210887372e-04
-1.275868073506514016e-04
-8.066747858919720050e-04
-7.492978696480874891e-06
-3.191060902215754266e-04
7.686547907861142337e-04
2.858212031446306879e-04
-3.209237431572491486e-04
-8.711233281020672311e-05
-9.952767329557083776e-05
-1.726961240932792870e-04
-2.910175348223357464e-04
-4.760911269767048593e-04
-7.666598278166516459e-04
-1.233864353104046751e-03
-1.988622260854984100e-03
-3.252896173887253901e-03
-5.424629509680646902e-03
-9.407288115210627258e-03
-1.718291299964085431e-02
-3.405827931792174135e-02
-7.625630008992403952e-02
-1.629055854468680342e-01
-1.709315591540466472e-01
-1.538593326894653335e-01
-1.302612072614679484e-01
-1.163009296966977246e-01
-1.160927322446186905e-01
-1.234346317250738928e-01
-1.273583546623066054e-01
-1.189695538231196337e-01
-1.024040004875340637e-01
-8.668923231208985891e-02
-7.301194666363539088e-02
-3.491284994916853124e-02
-1.620884619235807636e-02
-8.599137496718327681e-03
-4.944549593652126061e-03
-2.984573900358126076e-03
-1.870118302393100835e-03
-1.190779074703187963e-03
-7.698891646080628041e-04
-4.987893256754542945e-04
-3.264117383533418214e-04
-2.159709378923346042e-04
-1.493759839367840309e-04
-1.161210120376273054e-04
-1.264006098465562391e-04
-2.834634543779060889e-04
-9.408412312406891944e-06
6.473669819410059591e-04
-4.153380778393994362e-04
-6.523075134384569802e-05
2.387650851321800006e-04
-1.098017688356960639e-04
-3.305191505627131060e-04
-6.206450330613472437e-04
3.872056171871647145e-04
3.649913366318465868e-04
-2.565823508875979394e-04
-6.855754985453817705e-05
-9.526501520921981919e-05
-1.718148578449049798e-04
-2.908339475894545470e-04
-4.760572001413061424e-04
-7.666681695654293778e-04
-1.233872942972561370e-03
-1.988631946862624150e-03
-3.252902001039758347e-03
-5.424625123268436884e-03
-9.407286718024392494e-03
-1.718291378595987115e-02
-3.405827779204844558e-02
-7.625630319672953294e-02
-1.629056055221564381e-01
-1.709315757579148998e-01
-1.538593566300998916e-01
-1.302612091166992503e-01
-1.163009263618702410e-01
-1.160927425966743753e-01
-1.234346372154044996e-01
-1.273583648395056889e-01
-1.189695608565999041e-01
-1.024039983835349638e-01
-8.668925374283278917e-02
-7.301199020110175908e-02
-3.491288104852116603e-02
-1.620885992806997411e-02
-8.599133822573415756e-03
-4.944549503438482214e-03
-2.984585267408763204e-03
-1.870122124477128578e-03
-1.190783448932517842e-03
-7.698898266138791803e-04
-4.987776487396593759e-04
-3.264569099431675068e-04
-2.162157589944834629e-04
-1.504482221781728256e-04
-1.203283348941470179e-04
-1.353926079804098530e-04
-2.197211581925451423e-04
-1.120471984805016940e-04
9.307470559498101312e-05
-1.809386844574510655e-04
3.342602474850733026e-04
1.143661469582086187e-04
3.035348139898721943e-04
3.043265310358450170e-04
-6.605900382678192139e-04
7.182646165577212527e-04
5.003618911579137954e-05
-1.978662491572214245e-05
-3.616106496754219825e-05
-9.080958854372475956e-05
-1.712080192010885862e-04
-2.907592222814887059e-04
-4.760416570114584401e-04
-7.666473315320080847e-04
-1.233864787245854758e-03
-1.988630470007171549e-03
-3.252902985521582101e-03
-5.424627940612174529e-03
-9.407277799398872098e-03
-1.718290780916573862e-02
-3.405827943044465594e-02
-7.625628148818139329e-02
-1.629054472695766198e-01
-1.709315512073858179e-01
-1.538593594143337073e-01
-1.302612190398526049e-01
-1.163009276262282898e-01
-1.160927266872412711e-01
-1.234346228842775617e-01
-1.273583526418853584e-01
-1.189695638304054393e-01
-1.024039998204794438e-01
-8.668923457362663620e-02
-7.301202531013198382e-02
-3.491285889585214047e-02
-1.620884931128453374e-02
-8.599131126016641008e-03
-4.944541862583306212e-03
-2.984575484888097718e-03
-1.870122454333224358e-03
-1.190782466795650566e-03
-7.698862801543918805e-04
-4.987863847314164076e-04
-3.264457281402194746e-04
-2.161699124740663273e-04
-1.503849220091427695e-04
-1.208532576750777571e-04
-1.454195893460411644e-04
-3.309788073611068444e-04
3.576993340362305388e-04
-2.736171614676348690e-04
5.271769047461218483e-04
4.883474822494895604e-04
-5.560197479793172002e-04
-5.006047466108322743e-04
2.139332768049900888e-04
-4.360461992050839526e-04
4.862874349156951500e-08
-1.695500745436708792e-04
3.854507482614659896e-05
-4.161587728061261627e-05
-9.721300064768055062e-05
-1.759965651027487886e-04
-2.968250294265514918e-04
-4.864626081994110869e-04
-7.864103152945505328e-04
-1.269938023060367170e-03
-2.054112190805945128e-03
-3.361514887893033311e-03
-5.592765679246115493e-03
-9.603505154849251504e-03
-1.723219050004548211e-02
-3.307260222511076986e-02
-7.018524784817378737e-02
-1.378955933401685707e-01
-1.215222065558949349e-01
-9.106841031195267444e-02
-6.718543935908637132e-02
-5.510423770839124186e-02
-5.451954683085950132e-02
-6.508015543200998398e-02
-8.485470595344959954e-02
-1.059082961798822470e-01
-1.134730482247568867e-01
-1.062133609035699061e-01
-9.155103397055391889e-02
-4.318453905068427023e-02
-1.979003846860626775e-02
-1.032804208974769967e-02
-5.838703926235362489e-03
-3.468548996583353718e-03
-2.137329173942611928e-03
-1.340463641495867348e-03
-8.528952643495121139e-04
-5.440175178729892216e-04
-3.482605069254370955e-04
-2.205046888141877102e-04
-1.328546519913390228e-04
-5.530229628031020205e-05
7.052298756074916030e-05
4.636683573110748587e-04
-5.190344202863593492e-04
-4.528353292999323307e-04
-5.998368193506217142e-04
2.231183296920930036e-04
2.920369674848516937e-04
-4.323334157198124926e-04
-5.128989924823905639e-04
6.426920385502135505e-05
-2.167881809472708781e-04
2.436573722022307485e-04
1.169537754016273769e-04
-3.169527741301144058e-05
-9.592780730365264386e-05
-1.758321829606300242e-04
-2.967977200032062644e-04
-4.864619491811219827e-04
-7.864241376303090364e-04
-1.269945615876725891e-03
-2.054119755810914372e-03
-3.361522666677954196e-03
-5.592768541162796564e-03
-9.603510534210676561e-03
-1.723219529262343813e-02
-3.307260145513946786e-02
-7.018525495585550833e-02
-1.378956290956417918e-01
-1.215222282138259530e-01
-9.106843685471963101e-02
-6.718544119961024352e-02
-5.510423562289620825e-02
-5.451955284435790888e-02
-6.508015554054852325e-02
-8.485471363580682214e-02
-1.059083001651210110e-01
-1.134730427805031722e-01
-1.062133575125896318e-01
-9.155096561494292795e-02
-4.318456373041481416e-02
-1.979005403915604089e-02
-1.032803658891348446e-02
-5.838700252852692396e-03
-3.468556631103059812e-03
-2.137328601657566621e-03
-1.340466166752483142e-03
-8.528951148936117672e-04
-5.440067686895821292e-04
-3.483260255817727420e-04
-2.208723359847383175e-04
-1.347938512618787176e-04
-6.606351056663945724e-05
1.052810914015023205e-05
1.250988097488723390e-04
-2.270020016871038184e-04
4.036348756673892177e-05
5.693547858989796802e-04
5.118836802296954655e-04
-1.840719128029910505e-04
-2.523792195710247775e-04
7.815088008076682372e-06
-1.918972525564476884e-04
6.585140734430504938e-06
1.520550048441931688e-04
-1.207681290843154275e-04
-5.784765703579122217e-05
-9.859028299577154086e-05
-1.760468254573323852e-04
-2.968067774863694381e-04
-4.864520892002275102e-04
-7.864047275233498197e-04
-1.269938185821088738e-03
-2.054118560011219431e-03
-3.361520722717923487e-03
-5.592762510427973580e-03
-9.603496559533609978e-03
-1.723218891929041707e-02
-3.307260404603063614e-02
-7.018524816792479082e-02
-1.378955851128933763e-01
-1.215222112961314438e-01
-9.106843079327087143e-02
-6.718544372744547633e-02
-5.510423105639026403e-02
-5.451953742659460672e-02
-6.508014237522494194e-02
-8.485470699576007358e-02
-1.059083137092116655e-01
-1.134730622663707861e-01
-1.062133532446397910e-01
-9.155094578079092660e-02
-4.318453570018303961e-02
-1.979004090715160910e-02
-1.032803245658135520e-02
-5.838694772016876817e-03
-3.468549493604307192e-03
-2.137331794834493488e-03
-1.340468834793264287e-03
-8.528954897522426654e-04
-5.440189415844326644e-04
-3.483159362420384605e-04
-2.208304102197612478e-04
-1.346990960863220373e-04
-6.589998447922381004e-05
7.754733377053908464e-06
7.299992051340284448e-05
-4.857007697792302013e-04
-2.949114272238977747e-04
-7.369408016079056524e-04
6.636036395000907088e-04
8.395941638402755871e-05
-5.433343948134587535e-04
-9.024156826019930490e-05
2.033833113813262824e-04
-2.675585495958711347e-04
2.232025924235827739e-04
4.647815561171741148e-05
-3.085446196714406987e-05
-9.374320726824306909e-05
-1.769780730244472462e-04
-3.020670021503819706e-04
-4.979845241020043438e-04
-8.097080588520244029e-04
-1.313604777584474574e-03
-2.134604215020710453e-03
-3.496982169262904949e-03
-5.803433097666830555e-03
-9.851539202749297688e-03
-1.729446713552439466e-02
-3.194633855650202969e-02
-6.388219497539165959e-02
-1.151261255841597303e-01
-9.166936089039448565e-02
-6.035831503778664453e-02
-3.696177006164936413e-02
-2.512617420899146414e-02
-2.402789815618070965e-02
-3.359683109364589720e-02
-5.394796712019481882e-02
-8.374839256383845298e-02
-1.123764337920333811e-01
-1.235086364060252462e-01
-1.134822776148753376e-01
-5.334422870068456640e-02
-2.429323363587876025e-02
-1.255122110995049098e-02
-7.009266594113824217e-03
-4.110707657326422362e-03
-2.494427500301665563e-03
-1.541403551743466237e-03
-9.648628461635342388e-04
-6.060753577617117218e-04
-3.808184644684996841e-04
-2.346177368165392938e-04
-1.317244851201254956e-04
-3.370548225903938742e-05
1.388970788606461442e-04
6.761247789106640017e-04
4.617030795973240602e-04
-4.623122432997099564e-04
-2.879857973600596401e-04
2.371781439877540640e-04
4.400505175949212858e-05
-1.983563741964174056e-04
1.428275060961471069e-04
6.829563979693730304e-04
3.500470393698424331e-04
-2.198465082054550362e-04
-7.934238827302352850e-05
-5.572891293359084485e-05
-9.856929590447805563e-05
-1.778877138792356728e-04
-3.022335975373667593e-04
-4.980207515924673593e-04
-8.097275965715446545e-04
-1.313610505381349177e-03
-2.134606424910420915e-03
-3.496987410189063717e-03
-5.803437338951635688e-03
-9.851544040308368028e-03
-1.729447264860019956e-02
-3.194634103737380160e-02
-6.388220193492599730e-02
-1.151261272530100938e-01
-9.166937291135417165e-02
-6.035832700778174381e-02
-3.696176100239774442e-02
-2.512616771920916925e-02
-2.402790433930351854e-02
-3.359683597019923196e-02
-5.394797922677430774e-02
-8.374839569967973407e-02
-1.123764226421078288e-01
-1.235086183990337094e-01
-1.134822173654524147e-01
-5.334424323935183648e-02
-2.429324200600675027e-02
-1.255121247339686073e-02
-7.009266539313254753e-03
-4.110722457021803895e-03
-2.494432242743156291e-03
-1.541407068757444680e-03
-9.648585616723730782e-04
-6.060603557762478258e-04
-3.808805079947900581e-04
-2.349689760329504292e-04
-1.336737199914133376e-04
-4.551008728726599377e-05
6.389452482288969124e-05
1.726305785647058071e-04
3.361548259154539418e-04
8.383279146476348511e-05
-2.268554841962319192e-04
-8.560500273334368019e-06
-1.580101053512492223e-04
-1.307551337048647568e-04
9.637088699383302445e-05
-2.999737841661515914e-04
-4.020585603036856692e-04
4.232207519187717432e-04
1.308175205573895333e-05
-4.116128715044233444e-05
-9.612977411604656101e-05
-1.774734044070148064e-04
-3.021637302957186333e-04
-4.980007709540516456e-04
-8.097098148841572586e-04
-1.313605934599792763e-03
-2.134610075785172301e-03
-3.496989568412558168e-03
-5.803431857429000584e-03
-9.851535465775112729e-03
-1.729446899165483498e-02
-3.194633645914073117e-02
-6.388219208368178803e-02
-1.151261316328797274e-01
-9.166937283639424450e-02
-6.035833574797477841e-02
-3.696177350765712105e-02
-2.512616855968002882e-02
-2.402788757143738824e-02
-3.359681384452158082e-02
-5.394796449819091316e-02
-8.374840585355647349e-02
-1.123764398164755623e-01
-1.235086195472958476e-01
-1.134821927477144970e-01
-5.334422804686349967e-02
-2.429323652856043084e-02
-1.255121147284288426e-02
-7.009261058513041771e-03
-4.110710751250734422e-03
-2.494428713578152219e-03
-1.541406957563887280e-03
-9.648608129890121586e-04
-6.060745005596412200e-04
-3.808706383040658030e-04
-2.349119928434452898e-04
-1.332495643033514404e-04
-4.118398616995551332e-05
1.058233195855971554e-04
5.636894735339264021e-04
2.318156802218835288e-04
1.282018491167662535e-04
2.739939881239892520e-04
-2.844219216491488517e-04
-3.238864998502427486e-04
2.733689152923615587e-04
-2.440290695004228229e-04
3.920030789104902102e-04
-4.124680243204751403e-04
2.571675212195677633e-04
5.849086748705110961e-05
-1.148325165331829093e-05
-8.369451431304431705e-05
-1.740558724034614016e-04
-3.041954357515344620e-04
-5.056390694432149604e-04
-8.270516853634568306e-04
-1.347899738462023361e-03
-2.200594754348627127e-03
-3.612080458661952754e-03
-5.988589385664201854e-03
-1.008329764029476314e-02
-1.740192864087167224e-02
-3.118611616708548070e-02
-5.949761781728713644e-02
-1.012310714777823056e-01
-7.723690081240570937e-02
-4.788180630171966212e-02
-2.564232113919687195e-02
-1.312892409297782871e-02
-9.851038768057047978e-03
-1.611786761822138134e-02
-3.282576714335214141e-02
-6.093506787800574698e-02
-9.656283740444025765e-02
-1.253292556875911234e-01
-1.278298242972543686e-01
-6.144457539300144516e-02
-2.840490253161108425e-02
-1.474242099280067934e-02
-8.215243059514406102e-03
-4.789600111495226006e-03
-2.876658691637115888e-03
-1.757837875847630474e-03
-1.086060902197525475e-03
-6.741833884011287159e-04
-4.188053002239343760e-04
-2.571469706957865350e-04
-1.509640547963125477e-04
-7.479004928059683607e-05
-1.799259942133062557e-05
-3.181199585889136718e-05
1.733317812861217470e-04
2.141439542038611884e-04
4.301689236857571459e-04
-2.945818429483608837e-04
-1.894844397509864021e-04
5.548433111289819396e-05
-1.946215617932030685e-04
2.643093604752962665e-04
-1.269607979381165593e-04
2.914809849817685532e-05
-3.501366525592841390e-04
-7.471841885907466100e-05
-9.401550161753890176e-05
-1.757792394995485422e-04
-3.044909008073868337e-04
-5.056973973894176438e-04
-8.270740902046801136e-04
-1.347904256304000622e-03
-2.200593553173924889e-03
-3.612086933355269838e-03
-5.988599421533057424e-03
-1.008330535116339771e-02
-1.740193331801085513e-02
-3.118611136772286158e-02
-5.949761094462633487e-02
-1.012310706987642056e-01
-7.723691290229681150e-02
-4.788182268152434140e-02
-2.564231835733083234e-02
-1.312892346417083266e-02
-9.851046773565665104e-03
-1.611787382014425590e-02
-3.282577762950722455e-02
-6.093506723290578742e-02
-9.656282248080456931e-02
-1.253292486602299305e-01
-1.278298337125864104e-01
-6.144458820207181204e-02
-2.840490644002037490e-02
-1.474241120129772716e-02
-8.215242904470799676e-03
-4.789612936564888526e-03
-2.876661917739528011e-03
-1.757841181817030403e-03
-1.086057226148902637e-03
-6.741686180793110940e-04
-4.188308304119058240e-04
-2.572196188463648234e-04
-1.509580646681315543e-04
-7.227199859909875634e-05
1.558986861982258694e-05
3.137470250762150470e-04
2.631329268677882094e-04
2.191978792433593758e-04
-6.930914039853716669e-05
-2.889867448716556490e-04
-5.753466451684648934e-04
5.123183041479676585e-04
2.089179269159010003e-04
-2.503851161262465809e-04
-5.239604730889786547e-04
1.791799815827710787e-04
-5.918189107449761026e-05
-3.569614384074428626e-05
-8.874188735611632998e-05
-1.750829362603457972e-04
-3.043990183370354598e-04
-5.056781120484169509e-04
-8.270604216538350161e-04
-1.347901962157656373e-03
-2.200599595574497837e-03
-3.612088085587849152e-03
-5.988586272127150410e-03
-1.008329205798119167e-02
-1.740192794559916947e-02
-3.118610662809208345e-02
-5.949760548917307212e-02
-1.012310542937950725e-01
-7.723690811712055626e-02
-4.788182520245547191e-02
-2.564232397354912832e-02
-1.312892167327351679e-02
-9.851032848281735671e-03
-1.611785309221984430e-02
-3.282576359139750127e-02
-6.093507474884087699e-02
-9.656283407220063453e-02
-1.253292409124759921e-01
-1.278298027898895628e-01
-6.144458502770660385e-02
-2.840490732246477371e-02
-1.474240955776254421e-02
-8.215236018944780533e-03
-4.789600530416887256e-03
-2.876656731203100243e-03
-1.757841209047391814e-03
-1.086059882994085514e-03
-6.741811542617932689e-04
-4.188425942357242113e-04
-2.573822499087233913e-04
-1.523944493143442535e-04
-8.363557024402408729e-05
-7.418246644249063199e-05
-4.011778460795181441e-04
2.587449962323409131e-04
4.669948752614479356e-04
5.596684782744436315e-04
2.435475345478428568e-04
2.937712735251859163e-04
6.664322307046112903e-05
8.022442509555712637e-05
1.556335664789848332e-04
4.717516744094655732e-04
-5.091797583062869156e-04
5.561200560405593542e-04
9.311341691004000707e-05
-5.883430240296655877e-05
-1.674213083647691121e-04
-3.027640923440487117e-04
-5.071272219246977060e-04
-8.332971173062576854e-04
-1.363073602112843327e-03
-2.234310707296188400e-03
-3.677311148504628247e-03
-6.105767094003111510e-03
-1.026179882696596872e-02
-1.761290132323059532e-02
-3.124644256418319596e-02
-5.877507805432720389e-02
-9.883398940582785452e-02
-7.474051678104759455e-02
-4.485264179605299995e-02
-2.140247424553642919e-02
-7.341347163101996989e-03
-2.236675869479234306e-03
-6.113680739970170884e-03
-1.953849215283863516e-02
-4.366464436861519638e-02
-7.777368846920226786e-02
-1.135100098685314918e-01
-1.290510883174435797e-01
-6.524060386914710963e-02
-3.115571753158929980e-02
-1.646875961492512766e-02
-9.252391855153817984e-03
-5.402763333855933880e-03
-3.231112634798385258e-03
-1.961662825071176178e-03
-1.201498070743994926e-03
-7.400006897326277724e-04
-4.567481161033792284e-04
-2.813442554953793514e-04
-1.720461172509403741e-04
-1.067236058085413404e-04
-8.538013409494323762e-05
-1.394778627308976466e-04
1.589040294748035338e-04
-2.015220629356718779e-04
9.328117318737685090e-05
-4.157452167641197539e-04
5.356608388366187416e-04
-3.631271038451456797e-04
3.311717867171674900e-04
-6.563637259047130522e-04
9.849846238233474986e-05
-4.433840536594230511e-04
4.413205994388504820e-04
6.926907583789836999e-05
-6.361453597476510364e-05
-1.683510060235329244e-04
-3.029487105549394724e-04
-5.071701536559576791e-04
-8.333145018441517763e-04
-1.363073386241373756e-03
-2.234302470352629751e-03
-3.677314879502905070e-03
-6.105778833658078407e-03
-1.026180730961282796e-02
-1.761290703845892758e-02
-3.124644183059637967e-02
-5.877507499703727573e-02
-9.883398410847483995e-02
-7.474052607608937249e-02
-4.485264815868540006e-02
-2.140246394811476729e-02
-7.341343711673087823e-03
-2.236683110973679191e-03
-6.113688227464047532e-03
-1.953850126908123278e-02
-4.366464220043961980e-02
-7.777367780936696173e-02
-1.135100151526763079e-01
-1.290511147297251082e-01
-6.524061363031627425e-02
-3.115571454054526582e-02
-1.646874730838570472e-02
-9.252397359176108005e-03
-5.402785793122365753e-03
-3.231123254145148310e-03
-1.961665094426814047e-03
-1.201489960902809174e-03
-7.399869656908616804e-04
-4.567650029313740918e-04
-2.814184033056781552e-04
-1.724927671544333502e-04
-1.102735625495382627e-04
-1.158912514177801688e-04
-4.111192637221362431e-04
7.383696808676659630e-04
1.534065415247141777e-04
6.286006887122324183e-04
-3.418194078543379641e-04
-7.484092032791111104e-05
-7.567254797879299560e-04
-3.679800869440421457e-04
6.142218217984033888e-04
4.715374207441040623e-04
-2.793166815642071925e-04
3.157680281255661830e-04
4.707130430574868745e-05
-6.756370508248664875e-05
-1.690425555627588546e-04
-3.030605567599630725e-04
-5.071805799632037428e-04
-8.333077128567194366e-04
-1.363071641690723548e-03
-2.234308972635960875e-03
-3.677316303817324081e-03
-6.105765642893118059e-03
-1.026180023072494410e-02
-1.761290790362428707e-02
-3.124643530527029117e-02
-5.877506598904391061e-02
-9.883396477281958248e-02
-7.474051990378308141e-02
-4.485265344739842314e-02
-2.140247075623885609e-02
-7.341343446293019208e-03
-2.236672691711583724e-03
-6.113669717600356268e-03
-1.953848935277265400e-02
-4.366464883038393557e-02
-7.777368212970148242e-02
-1.135100019328764698e-01
-1.290510930314745786e-01
-6.524061413310738855e-02
-3.115572144026768769e-02
-1.646874823263517681e-02
-9.252387131550188215e-03
-5.402764583858509287e-03
-3.231109533656835540e-03
-1.961665664829529560e-03
-1.201496034203759864e-03
-7.399914303693941580e-04
-4.567379003485988183e-04
-2.813036013523835793e-04
-1.718372527271337777e-04
-1.056232249199886550e-04
-7.992662638847291732e-05
-1.187459947898492258e-04
-1.873374740653046568e-04
7.962725506415239095e-05
3.262510275877173794e-04
-6.047898612146186074e-04
-2.600802234238807861e-04
2.173191398196493997e-04
-6.756013061659000988e-05
-4.622319986590389955e-04
-3.382656967883223816e-04
-9.347509049438324955e-05
2.501435761990468228e-05
-6.454287107002224422e-06
-7.673710257421433435e-05
-1.684417042909315055e-04
-2.986969095334250711e-04
-4.993721981441601393e-04
-8.212767374573971390e-04
-1.345346582659862717e-03
-2.210169080126191815e-03
-3.646858759249222304e-03
-6.076095265654070897e-03
-1.025870251286404092e-02
-1.773323129516986285e-02
-3.182953544318786743e-02
-6.108209177300455428e-02
-1.061616962409638876e-01
-8.209945514891900387e-02
-5.014026764734579728e-02
-2.417083608445314696e-02
-7.543735408925358182e-03
5.638085442986091476e-05
-1.078638234204907457e-03
-1.119016771142202979e-02
-3.103345454594606465e-02
-6.084986476914520936e-02
-9.582629967852998587e-02
-1.182812969403164438e-01
-6.407714983670691200e-02
-3.206632103111380777e-02
-1.742519046988375703e-02
-9.936309228445093511e-03
-5.840712384009563371e-03
-3.495143533268937723e-03
-2.117412498530818997e-03
-1.291504083391151365e-03
-7.923406721910769904e-04
-4.877157665837550805e-04
-3.012464809532024710e-04
-1.865655806155131879e-04
-1.155691911435224281e-04
-7.093925308512207971e-05
-7.395641509986413070e-05
1.085089852137206357e-04
-4.289841070348821353e-04
4.184397825046327012e-04
2.084092374649652835e-04
5.224586958034268158e-05
-2.132502281806464219e-04
6.676792169554996966e-04
-5.310294683407107506e-04
-2.867660339744424933e-04
-5.242897048610399178e-04
7.212779466388339841e-05
1.560497964333649511e-08
-7.613794188321778861e-05
-1.684564166758214653e-04
-2.987333076621692066e-04
-4.993903166029545204e-04
-8.212858246549160175e-04
-1.345344803513181392e-03
-2.210164264098351834e-03
-3.646872234171444176e-03
-6.076116108116688674e-03
-1.025871145634478163e-02
-1.773323036787949683e-02
-3.182952749739007686e-02
-6.108208241428444984e-02
-1.061616882517719962e-01
-8.209946013036636958e-02
-5.014026879654218116e-02
-2.417082655497887478e-02
-7.543735587868237794e-03
5.637086985706336352e-05
-1.078649756676665437e-03
-1.119017826639517876e-02
-3.103345234770321301e-02
-6.084985445124014430e-02
-9.582630203823197523e-02
-1.182813096872503134e-01
-6.407715979439464193e-02
-3.206632375855731493e-02
-1.742518630792763701e-02
-9.936318020000542428e-03
-5.840729183172616197e-03
-3.495143622106355180e-03
-2.117403710592179623e-03
-1.291492137663321702e-03
-7.923313130452641498e-04
-4.877126443232363755e-04
-3.011955170406983742e-04
-1.861749881504165777e-04
-1.127742603712276315e-04
-4.969525365415747683e-05
1.001591100209191611e-04
-3.051934224463687291e-04
-1.661321362655240527e-04
-3.624555344631518209e-04
-3.602004031692985380e-04
3.924062373827129162e-04
-1.317190239696627927e-04
-8.500332344648984628e-05
4.049311036718047322e-04
2.026633523518712120e-04
-3.076648852530375149e-04
-4.452993397516590100e-04
-7.367100456212565408e-05
-8.707871521218972012e-05
-1.701007796803068227e-04
-2.989698871478088313e-04
-4.994182157877009214e-04
-8.212872999777045407e-04
-1.345345517612591205e-03
-2.210169275665821876e-03
-3.646868214743504387e-03
-6.076095212514912025e-03
-1.025870129977255081e-02
-1.773323219416781879e-02
-3.182952370069189185e-02
-6.108208102376887910e-02
-1.061616883423080748e-01
-8.209946336674657508e-02
-5.014027854890339836e-02
-2.417083290184042152e-02
-7.543733926293821543e-03
5.638142567138971893e-05
-1.078629720433306981e-03
-1.119016474358180448e-02
-3.103345594908408708e-02
-6.084985523707187732e-02
-9.582628955108586644e-02
-1.182812964242462156e-01
-6.407715775623044896e-02
-3.206632623229475898e-02
-1.742518242692510724e-02
-9.936308105982860975e-03
-5.840714108685618987e-03
-3.495138478778784478e-03
-2.117413235010354774e-03
-1.291499999134416684e-03
-7.923258107625476753e-04
-4.876698782673147595e-04
-3.009870224095937221e-04
-1.849248554424389108e-04
-1.047524261122503186e-04
2.806492517058941639e-06
4.427177478278158636e-04
-1.634971804116704900e-04
-2.060678380742873134e-04
2.168803573832999798e-04
-3.241120623359336592e-04
3.943911309735263619e-04
-2.826136382465692831e-04
4.538593266945320287e-04
-2.370480244340806924e-04
-2.355465465364589366e-04
2.668051550108527367e-04
3.150717219153938305e-05
-8.814318956315132873e-06
-8.016640789411622016e-05
-1.663468215860865944e-04
-2.896727554170427628e-04
-4.811763175414049431e-04
-7.889970156238480760e-04
-1.290352443425881552e-03
-2.118252471177091423e-03
-3.498019643098784943e-03
-5.846724510649917508e-03
-9.947149998309328181e-03
-1.744574651026658749e-02
-3.210719166250802781e-02
-6.417219322115473579e-02
-1.184898337334277379e-01
-9.603307607410704883e-02
-6.100159536992449255e-02
-3.113716646190967108e-02
-1.124753661553754003e-02
-1.109122013538556707e-03
5.472025113606678092e-05
-7.525023574859688105e-03
-2.411976324023466095e-02
-5.005692206550915041e-02
-8.197398711871278776e-02
-1.060155769694322569e-01
-6.100597282617838818e-02
-3.179222679408048868e-02
-1.771297278370285652e-02
-1.024743908789229295e-02
-6.069862121267947594e-03
-3.643944742350758645e-03
-2.209646405526349052e-03
-1.347188166297925331e-03
-8.260606989790365319e-04
-5.087476266977430028e-04
-3.160195644108471720e-04
-2.005128260987938573e-04
-1.370247654986952426e-04
-1.193594846934411380e-04
-1.624000118207990498e-04
2.563101556047831181e-04
2.240456165061485954e-04
-1.170167235221423373e-04
5.081121097106547487e-04
6.641264689960211815e-04
1.376500940886363894e-04
6.432897607836827558e-05
-7.958221241033346083e-05
-2.821844210999841949e-04
-1.329807878290501703e-04
2.518297865301653425e-04
1.516529201311416567e-05
-7.764477151956339590e-05
-1.661244276800418233e-04
-2.896802838109940794e-04
-4.811908704145505949e-04
-7.890006904659101292e-04
-1.290346281749185121e-03
-2.118240705666562043e-03
-3.498024976359574104e-03
-5.846740356846579639e-03
-9.947158645627514340e-03
-1.744574918679049277e-02
-3.210718949698868063e-02
-6.417219174592268816e-02
-1.184898456595606248e-01
-9.603309046861363552e-02
-6.100159746853672793e-02
-3.113715743052804588e-02
-1.124753684898031729e-02
-1.109132130307387146e-03
5.470622222471708363e-05
-7.525033824421727482e-03
-2.411975804859016817e-02
-5.005691016108217151e-02
-8.197398584847666314e-02
-1.060155811814090104e-01
-6.100597616682717356e-02
-3.179222401232640466e-02
-1.771296778028582514e-02
-1.024744984788037057e-02
-6.069881303471413858e-03
-3.643947876242453407e-03
-2.209638962506777719e-03
-1.347179641557748114e-03
-8.260571417414429600e-04
-5.087325381430403502e-04
-3.159270247745923975e-04
-2.000302657166994243e-04
-1.348325455550228281e-04
-1.123268664158424946e-04
-1.699821666064383621e-04
1.689916993289365113e-04
-1.013100449579635307e-04
-2.550617911491792665e-04
5.723679796012008875e-04
2.618863055215838549e-04
-1.099994262251051251e-04
-7.623635773145853028e-05
-5.287186736322602859e-04
7.229855335292034735e-05
3.843636079301747670e-04
3.193096067998096063e-04
2.077404026176009677e-05
-7.754473539018947323e-05
-1.662220886114693401e-04
-2.896944008617980282e-04
-4.811878916264105614e-04
-7.890041667833388181e-04
-1.290349831766917374e-03
-2.118248753671577930e-03
-3.498024367799427818e-03
-5.846721407189296206e-03
-9.947149697164044124e-03
-1.744574960985752904e-02
-3.210718167470988371e-02
-6.417218520192990994e-02
-1.184898386127461456e-01
-9.603308835152951639e-02
-6.100160403641728679e-02
-3.113716291774272851e-02
-1.124753757690939021e-02
-1.109124816654850909e-03
5.472649301349659530e-05
-7.525019687398177420e-03
-2.411976110294972164e-02
-5.005691113484596333e-02
-8.197398109598880156e-02
-1.060155786103408326e-01
-6.100598001471908144e-02
-3.179223127458425530e-02
-1.771296569464715989e-02
-1.024743840333619364e-02
-6.069860427642344118e-03
-3.643935292083796875e-03
-2.209644828911827823e-03
-1.347185898674276580e-03
-8.260524648828668735e-04
-5.087271896008542732e-04
-3.159321939510287909e-04
-2.001338614357697386e-04
-1.357754863862213721e-04
-1.196759976596200323e-04
-2.274984988960150449e-04
3.266549759136469391e-04
-2.981864875462544883e-04
-1.971503636903315345e-04
-5.115561475950900459e-04
4.635217083655441151e-04
-2.550534217130109057e-04
3.103403746668652004e-05
3.088073864488006669e-04
-2.404750229531752803e-04
-5.123349936653534813e-04
7.819960008545366007e-05
-3.696890349705171951e-05
-9.139774266201957482e-05
-1.640754867349314568e-04
-2.761800605275220154e-04
-4.533992335247671239e-04
-7.382320983406689572e-04
-1.201040165551099095e-03
-1.962700768668437443e-03
-3.233655568807297480e-03
-5.407880228201224736e-03
-9.261293705881823782e-03
-1.648584933792144117e-02
-3.119013372677272716e-02
-6.532412422636844906e-02
-1.292448352254894905e-01
-1.137489686507001246e-01
-7.797602965799664554e-02
-4.381318800463651630e-02
-1.962603673573309546e-02
-6.165687527340742678e-03
-2.256759987832432715e-03
-7.343797169432040445e-03
-2.138298987876048260e-02
-4.481533738752573742e-02
-7.468068818137599263e-02
-9.875448968965547247e-02
-5.872531906170464638e-02
-3.121709159511664930e-02
-1.759486785162929501e-02
-1.025081825233890506e-02
-6.099496077435373476e-03
-3.674298051073411012e-03
-2.233917493623322967e-03
-1.365266866998021515e-03
-8.388934313533668230e-04
-5.180802449920195911e-04
-3.233588044378711232e-04
-2.075578432675999048e-04
-1.463093872903146304e-04
-1.401092733162214853e-04
-2.542141319789672539e-04
-7.520973480767737494e-04
7.740981302054154606e-05
-2.240997292953369948e-04
-6.261156658670616890e-04
9.176569347704392331e-05
-2.693634593926851365e-04
1.118560603287003358e-04
-1.466233515611321807e-05
-3.920623668588238517e-04
3.146758537903420199e-04
-3.471926914827742710e-04
-8.893865061099985678e-05
-9.800691240534125867e-05
-1.649462917186259969e-04
-2.763188176671720411e-04
-4.534275212047238104e-04
-7.382323692982505244e-04
-1.201036518240364412e-03
-1.962697463171301886e-03
-3.233669943185067588e-03
-5.407901641362978899e-03
-9.261300316674799318e-03
-1.648584453051865975e-02
-3.119012526488239290e-02
-6.532412260189356112e-02
-1.292448656896127979e-01
-1.137489897301209307e-01
-7.797602952180102132e-02
-4.381317769184411848e-02
-1.962603737014773086e-02
-6.165697757865511164e-03
-2.256773544773302970e-03
-7.343802491442738903e-03
-2.138298016910199911e-02
-4.481532804725241875e-02
-7.468069328296889076e-02
-9.875450055244140712e-02
-5.872532940754711384e-02
-3.121709194761474945e-02
-1.759486444096856894e-02
-1.025082437479555783e-02
-6.099504581062957682e-03
-3.674293037777740054e-03
-2.233906871541606158e-03
-1.365261393170501790e-03
-8.388955760368690126e-04
-5.180578530042817282e-04
-3.232139982352440688e-04
-2.066559327224977676e-04
-1.406689370119140118e-04
-1.051781362310835852e-04
-3.659092217298920251e-05
-2.922300965889542681e-04
-2.376906057823399091e-04
-2.210742250338914282e-04
-2.820741679138178836e-04
2.976970084743003962e-04
-7.354895726003923178e-04
2.337799881606261393e-05
-2.471875096448791992e-04
2.321538818349407605e-04
-1.821844149732054861e-04
3.790792671457621297e-05
-4.135610884892887521e-05
-9.205328059808012527e-05
-1.642084976813745702e-04
-2.762107994928201323e-04
-4.534089219817726999e-04
-7.382383196177730051e-04
-1.201036938669675135e-03
-1.962697030887683262e-03
-3.233660577789156543e-03
-5.407879151512106665e-03
-9.261295966634023810e-03
-1.648585304882439762e-02
-3.119012360940301085e-02
-6.532411500200174803e-02
-1.292448297428478443e-01
-1.137489739005338313e-01
-7.797603237558221878e-02
-4.381318208868982544e-02
-1.962604049280547089e-02
-6.165694886139889974e-03
-2.256756388753646415e-03
-7.343792385981711898e-03
-2.138298314848867399e-02
-4.481532248437602312e-02
-7.468068283770035176e-02
-9.875449040107515952e-02
-5.872532776229608814e-02
-3.121709356135585894e-02
-1.759485668041399845e-02
-1.025081471957714312e-02
-6.099493536023911124e-03
-3.674290489350716827e-03
-2.233917720048380490e-03
-1.365268037488079908e-03
-8.388928193449714720e-04
-5.180880982977631487e-04
-3.234165567346504412e-04
-2.079037684335375365e-04
-1.483632219941081434e-04
-1.522899017656339040e-04
-3.274014359313247345e-04
-4.493342115246943711e-04
-2.679026283650442260e-04
4.457330980651199584e-04
2.898033945434760048e-04
4.740154539894641259e-05
3.971620322956766615e-04
6.324889515916405343e-05
-2.673963779026959382e-04
5.561711947562525188e-04
3.906296855949155595e-04
-2.351069548305632299e-04
-8.384827138136017460e-05
-9.715503727909375307e-05
-1.573689746165208582e-04
-2.580649166764509067e-04
-4.182029671101312952e-04
-6.737475288957871233e-04
-1.086223316202616701e-03
-1.759110633703468317e-03
-2.878960478817284719e-03
-4.793855567551374465e-03
-8.221940644885124966e-03
-1.475469520659949789e-02
-2.842826963210460037e-02
-6.150152234968425669e-02
-1.279555610022063417e-01
-1.255411716362201113e-01
-9.680038083598467569e-02
-6.113956848752851586e-02
-3.295951552059551981e-02
-1.620512417193266733e-02
-9.900516797149502488e-03
-1.316128514315385162e-02
-2.566012897539113671e-02
-4.789328247054448762e-02
-7.724585905815256615e-02
-1.012227975944621911e-01
-5.947583061491053258e-02
-3.116536113347697853e-02
-1.738667349525671937e-02
-1.007302562061509164e-02
-5.982505279048053702e-03
-3.609028854958222076e-03
-2.200208396451453635e-03
-1.350100772314377076e-03
-8.326834426499071492e-04
-5.163855087570726676e-04
-3.232560650573852701e-04
-2.064734721391310276e-04
-1.364779488747677684e-04
-9.428235321005081003e-05
-9.935286440054111518e-05
-5.084930702071180581e-04
8.215589589981254961e-05
2.139187909261527042e-04
1.197392583113623444e-04
1.448037989588470718e-05
1.520288869735099814e-04
2.236917980519308646e-04
1.580488324577124248e-04
5.451960038193599378e-04
3.966233368642188388e-04
-1.521323345805526076e-05
-6.017803233808005463e-05
-9.451732297100721427e-05
-1.570750813814521783e-04
-2.580518848207921287e-04
-4.182099642411843008e-04
-6.737428680778707228e-04
-1.086221283576916351e-03
-1.759106994900944479e-03
-2.878966979044262926e-03
-4.793868717146958745e-03
-8.221943992270788759e-03
-1.475469204149841909e-02
-2.842826425338221968e-02
-6.150152127297205812e-02
-1.279555879468778079e-01
-1.255411899257018182e-01
-9.680037546827383044e-02
-6.113955862519730722e-02
-3.295952043809294990e-02
-1.620513811419971653e-02
-9.900533445128301829e-03
-1.316129075272089340e-02
-2.566011988502778229e-02
-4.789327721694144196e-02
-7.724586286802886947e-02
-1.012227985916943768e-01
-5.947583116335232456e-02
-3.116535786111623851e-02
-1.738667663708244257e-02
-1.007303768073881424e-02
-5.982513206362951967e-03
-3.609023741932569033e-03
-2.200197859108611164e-03
-1.350096216619859919e-03
-8.326906703149101032e-04
-5.163813214957229487e-04
-3.232184759532271963e-04
-2.061437920412912989e-04
-1.336605179330733193e-04
-7.228760069749480533e-05
6.426240894170080374e-05
-6.092721986726514676e-04
-1.261154351492352972e-04
-9.413513801642483278e-05
-1.414112490647630139e-04
4.462866084049297915e-04
-4.017513676741385812e-04
9.721780924231386697e-05
2.667113050894313539e-04
4.972941461097559260e-04
4.416913626162926888e-05
-3.935229846725668904e-04
-1.049382869618213339e-04
-9.995400875194052309e-05
-1.577405663939839236e-04
-2.581171303408494235e-04
-4.182142755523185701e-04
-6.737538470474323292e-04
-1.086220746896847692e-03
-1.759107238562000654e-03
-2.878964135534586941e-03
-4.793855493485668640e-03
-8.221945365058290489e-03
-1.475469866537779638e-02
-2.842825700124138391e-02
-6.150150592515111342e-02
-1.279555119037697197e-01
-1.255411674161883151e-01
-9.680037742827578284e-02
-6.113956014737921552e-02
-3.295952143604034129e-02
-1.620513678129050644e-02
-9.900517767220866003e-03
-1.316128094680427303e-02
-2.566011690563970576e-02
-4.789326134827717046e-02
-7.724585572683069501e-02
-1.012228074140107681e-01
-5.947584009262690818e-02
-3.116536537237104415e-02
-1.738667048839496326e-02
-1.007303037256549946e-02
-5.982505316005193308e-03
-3.609019047263470250e-03
-2.200202982655599746e-03
-1.350099570460654413e-03
-8.326873076778749634e-04
-5.164164753790495034e-04
-3.234254411373815212e-04
-2.073061234009674063e-04
-1.401477655899736581e-04
-1.066940105589418556e-04
-1.030916791269144737e-04
-2.302419879816004278e-04
2.495057598677371635e-04
-4.055728259383461305e-04
3.381374898224636955e-04
-8.977611234220430789e-05
2.655592974668474966e-04
-5.258482353879725523e-04
-4.719904373182341284e-04
-2.358251655357357802e-04
3.625131055559540770e-04
2.091623149848097338e-04
-1.670550655319365283e-06
-7.738629389761030324e-05
-1.448814400466296121e-04
-2.379704993391110212e-04
-3.812085277391131653e-04
-6.061089370297033461e-04
-9.652115058132876291e-04
-1.542660330464931196e-03
-2.496338834751081481e-03
-4.113976589472195973e-03
-7.013667346190573075e-03
-1.255850484096657053e-02
-2.430475653524870328e-02
-5.336858803027427767e-02
-1.135156179383802616e-01
-1.236031116301675725e-01
-1.125511396879393111e-01
-8.396034507469528341e-02
-5.410574610028026643e-02
-3.370632004333388998e-02
-2.409504279592265472e-02
-2.517338919811250991e-02
-3.699883324783427574e-02
-6.039423725265575388e-02
-9.171253377301816223e-02
-1.151427194994264352e-01
-6.386654077839808152e-02
-3.192676487414406600e-02
-1.727944928932290472e-02
-9.841115307366209847e-03
-5.797200212696550226e-03
-3.493682137881457244e-03
-2.133993533343873667e-03
-1.315461005843252939e-03
-8.148253137457365635e-04
-5.077591928170100679e-04
-3.190894874477020419e-04
-2.040821703831849528e-04
-1.283408860758524016e-04
-3.164941657757514389e-05
3.482227270150853684e-04
2.830308900467484669e-04
2.655559969240643518e-04
4.167108373456074430e-04
-1.935757138384661369e-05
1.718558162609236536e-04
-3.349118158492517825e-04
-2.228937530454614324e-04
3.895555994821002792e-05
-6.803711237297207864e-05
-2.906418706946371148e-04
1.825718617089985873e-04
2.833825693814369456e-06
-7.565882026336028638e-05
-1.444933968366037393e-04
-2.379144591395091401e-04
-3.812033326917637212e-04
-6.060977231865680246e-04
-9.652073731193444930e-04
-1.542657254670671933e-03
-2.496343935077118860e-03
-4.113987374797768715e-03
-7.013667301331451449e-03
-1.255849866920106563e-02
-2.430475221475756828e-02
-5.336858969266814606e-02
-1.135156456501435485e-01
-1.236031300520857579e-01
-1.125511315249220629e-01
-8.396033708245365101e-02
-5.410575504603136465e-02
-3.370633691411881183e-02
-2.409505950306970595e-02
-2.517338772128024579e-02
-3.699881604809861918e-02
-6.039422909691014724e-02
-9.171254075021194330e-02
-1.151426995116910101e-01
-6.386654018337160899e-02
-3.192675837458140709e-02
-1.727944737290039445e-02
-9.841119477819005451e-03
-5.797199504137195807e-03
-3.493676255288084322e-03
-2.133985265785481866e-03
-1.315459981393879950e-03
-8.148440899900463458e-04
-5.078025630606560576e-04
-3.193329868224930495e-04
-2.054841277666833550e-04
-1.360959249001157006e-04
-7.416161901912428638e-05
1.188721144846955643e-04
1.684979592463313025e-04
1.668006574463662709e-04
-5.406325654153241360e-04
-2.759179527377914184e-04
-3.910810640798286744e-04
-3.241149866808365563e-04
2.319979135753144736e-04
5.246857526389355451e-05
-5.374304640389176253e-04
-9.482323179722004607e-05
2.451578175911383163e-04
7.952800892109737952e-06
-7.532318198390205229e-05
-1.444880515841302131e-04
-2.379033152960293590e-04
-3.812024589977479317e-04
-6.061131698718162956e-04
-9.652095415736547043e-04
-1.542656272752504932e-03
-2.496338760793865696e-03
-4.113974384617120547e-03
-7.013671222523830927e-03
-1.255850677526249015e-02
-2.430474376267267866e-02
-5.336856863179367805e-02
-1.135155478855355005e-01
-1.236031042527704488e-01
-1.125511364865468128e-01
-8.396033466392073541e-02
-5.410575249047770013e-02
-3.370633487602922584e-02
-2.409504698181305984e-02
-2.517338742708368979e-02
-3.699882202330206926e-02
-6.039421783370113594e-02
-9.171253424397814158e-02
-1.151427294434175935e-01
-6.386654472578807973e-02
-3.192676192353210290e-02
-1.727944178984418613e-02
-9.841115453442791233e-03
-5.797197088113845674e-03
-3.493672728242683788e-03
-2.133988814659485995e-03
-1.315463478471619102e-03
-8.148376500438958862e-04
-5.078156924218929372e-04
-3.194112644450581586e-04
-2.059644274258926890e-04
-1.396129882646848536e-04
-1.017026862797696762e-04
-1.088394556628169191e-04
-1.102294100875176322e-04
1.261573448240226123e-04
-2.416278353343579008e-04
-1.280493196396018216e-04
3.684433935332097993e-04
-2.575491226463042286e-04
-4.564434169286444480e-04
-1.839327267007046711e-04
1.649096586043513970e-04
2.611418943099079199e-04
-2.473815976603092317e-04
-6.907308602056025718e-05
-8.668642495745909062e-05
-1.393024315030501716e-04
-2.207911977182279873e-04
-3.473059667768420224e-04
-5.435188699164956051e-04
-8.530380897932322848e-04
-1.341635482802201740e-03
-2.139022141310143246e-03
-3.471271611343719303e-03
-5.841743066876028088e-03
-1.033238739831300081e-02
-1.979506996045067233e-02
-4.319358338117579993e-02
-9.154280103223190468e-02
-1.062168644651364097e-01
-1.135135660068512520e-01
-1.060460102127493698e-01
-8.500945589076404352e-02
-6.520888893026838273e-02
-5.461108721938745525e-02
-5.517872586490497194e-02
-6.725045202349656803e-02
-9.112130264169646110e-02
-1.215694084622231524e-01
-1.378803088575012159e-01
-7.015023041080295507e-02
-3.304550594091611865e-02
-1.721441178714078896e-02
-9.591917342323501294e-03
-5.585959367288716518e-03
-3.357733173659783500e-03
-2.053018142810472853e-03
-1.271117759838505694e-03
-7.905342158497129582e-04
-4.947904353530842552e-04
-3.123345524383331923e-04
-2.044585810601294280e-04
-1.506500326042336602e-04
-1.465734328050609359e-04
-1.790511178580784439e-04
4.856462952657280511e-04
-4.877003877326461026e-04
-4.996225447130046501e-04
2.345864043278664962e-04
1.462517262882028846e-04
9.699781370053878584e-05
2.367084174144130091e-04
3.120028850776347977e-04
-2.213114789172962243e-04
5.917823928772278277e-04
1.485654558710794700e-05
-3.456312843920136666e-05
-8.180822898621811648e-05
-1.385843616166607421e-04
-2.206991148005950376e-04
-3.472960933989707711e-04
-5.435071079393531332e-04
-8.530353262628184458e-04
-1.341631922415579712e-03
-2.139020950643763519e-03
-3.471275409808556676e-03
-5.841740464237857137e-03
-1.033238194821608016e-02
-1.979506674155267348e-02
-4.319358088560643072e-02
-9.154281498211171153e-02
-1.062168737151865799e-01
-1.135135510617372584e-01
-1.060459997588952402e-01
-8.500945974838769459e-02
-6.520889870070935290e-02
-5.461110040207490385e-02
-5.517872580413242523e-02
-6.725044257827883509e-02
-9.112131113092949986e-02
-1.215694277335613305e-01
-1.378803108638285424e-01
-7.015021263543269603e-02
-3.304549150138692826e-02
-1.721441263231933763e-02
-9.591925254185265995e-03
-5.585958594628652983e-03
-3.357730563047348071e-03
-2.053012553094871444e-03
-1.271119531752109601e-03
-7.905613317261627696e-04
-4.948603171119863708e-04
-3.127421292395834128e-04
-2.069553752845613341e-04
-1.656686320135428462e-04
-2.385146232977161207e-04
-7.552414731160781358e-04
1.613507324654694811e-04
2.175043883450799467e-05
9.058601170446461688e-05
5.411946248656636024e-04
3.123773980622579277e-04
-2.089282072167879614e-04
9.492629861592076046e-05
-1.727486160626117795e-04
-5.883550787794959887e-04
5.282258387422466683e-04
1.570876497500365795e-04
-1.487048863494158240e-05
-7.881790745867580381e-05
-1.381082920890001084e-04
-2.206069432308694765e-04
-3.472810618206023051e-04
-5.435183381007152809e-04
-8.530347260085450762e-04
-1.341629944912372304e-03
-2.139020090952442350e-03
-3.471271489899613229e-03
-5.841750271786232129e-03
-1.033238974101370090e-02
-1.979505499451115341e-02
-4.319354961338373738e-02
-9.154265822470342151e-02
-1.062168471258995717e-01
-1.135135621600030786e-01
-1.060460024785492145e-01
-8.500946168057431362e-02
-6.520890018377162312e-02
-5.461108809616516818e-02
-5.517872193343686255e-02
-6.725043888663899405e-02
-9.112128747269393481e-02
-1.215694307985532435e-01
-1.378804175054283432e-01
-7.015023550160510990e-02
-3.304550072378800024e-02
-1.721440929859710534e-02
-9.591921917257856256e-03
-5.585957439644311309e-03
-3.357724507903774459e-03
-2.053012580316717749e-03
-1.271121644209785399e-03
-7.905495560826616714e-04
-4.948412723933263068e-04
-3.125882161460004404e-04
-2.057338777580418863e-04
-1.566695025925225456e-04
-1.717957218460727743e-04
-2.549125062329900314e-04
3.170121553413551016e-04
-4.214680293775686665e-04
-1.880704502410902401e-04
-5.509065295277306784e-04
1.094802216707045807e-04
7.096067688794655708e-05
3.599998292646355369e-04
2.589241279190064452e-04
-3.405230543308552637e-04
-2.906961427560426740e-04
9.047196762183120679e-05
-5.634536290784792777e-05
-9.314412946448047859e-05
-1.375993305453222825e-04
-2.090498260455899186e-04
-3.223494925110728182e-04
-4.969250520678668943e-04
-7.694214451917047405e-04
-1.191662121008930974e-03
-1.871540128505452035e-03
-2.986844754871782488e-03
-4.946643285353928554e-03
-8.601682792363023536e-03
-1.621036165380475985e-02
-3.491400037355528452e-02
-7.298507489261182868e-02
-8.664367548346885162e-02
-1.023130614094175106e-01
-1.188924126659066105e-01
-1.273427411135262810e-01
-1.234999514283907085e-01
-1.161856018558820314e-01
-1.163939278374754860e-01
-1.303371248193306853e-01
-1.538763291602689987e-01
-1.708721404540976541e-01
-1.627589371325378342e-01
-7.617610895901585910e-02
-3.401741015541331903e-02
-1.716074361569074405e-02
-9.394164681413189749e-03
-5.417233591009700845e-03
-3.248686020569931370e-03
-1.987050482561279318e-03
-1.234229194269790674e-03
-7.693562202859609246e-04
-4.818355336628459126e-04
-3.019421153671120531e-04
-1.929266784508582402e-04
-1.360540490704638199e-04
-1.404204643189476168e-04
-2.947508956912298257e-04
4.944361445467949375e-05
2.122817829610995014e-04
4.191223235194638393e-04
-5.888260311088503894e-04
2.506636168900895569e-04
2.211923688929783648e-05
-2.426612116284242030e-04
-1.341678243161663186e-05
-4.426236528849740101e-04
1.491399011872081195e-04
-6.220449528483646187e-05
-7.272684039414707572e-05
-9.491633644157187848e-05
-1.377899636354638284e-04
-2.090852113374512230e-04
-3.223571625873725512e-04
-4.969166972211150682e-04
-7.694225390702738457e-04
-1.191663129028329611e-03
-1.871540822557197581e-03
-2.986849211160564482e-03
-4.946641650574050246e-03
-8.601675952211356238e-03
-1.621035651814792256e-02
-3.491399906251177465e-02
-7.298510385644679799e-02
-8.664367870509603886e-02
-1.023130461216809617e-01
-1.188924064098125927e-01
-1.273427506709020607e-01
-1.234999639296256863e-01
-1.161856148468696226e-01
-1.163939207585612812e-01
-1.303371087297277575e-01
-1.538763327975643802e-01
-1.708721320148574030e-01
-1.627587152718556196e-01
-7.617607048682789594e-02
-3.401739522745850230e-02
-1.716074364868328331e-02
-9.394166372235517384e-03
-5.417223959052939151e-03
-3.248679507567196149e-03
-1.987043109920518837e-03
-1.234232335182586585e-03
-7.693842334819879936e-04
-4.818777978498230141e-04
-3.021612322278268217e-04
-1.941720557903813720e-04
-1.424190393009876416e-04
-1.707696136297969631e-04
-4.169141073363869031e-04
-1.813827402636422677e-05
3.212316700377258250e-04
5.884604908526281427e-04
1.565397247036928892e-04
5.960780950747348629e-04
6.771051849325628643e-04
3.917950663221625635e-04
-5.323573893623830596e-04
-5.257130782698264107e-04
-2.656848911928323936e-04
-2.018093327764958992e-04
-7.742688586137211858e-05
-9.352165729612832077e-05
-1.372991778251363853e-04
-2.089599259016348390e-04
-3.223340195895064162e-04
-4.969261268597459803e-04
-7.694207271158917368e-04
-1.191657673824853816e-03
-1.871536751400376848e-03
-2.986844720748363987e-03
-4.946649499518655617e-03
-8.601681974352395552e-03
-1.621034534756396125e-02
-3.491396897637421420e-02
-7.298502229460324120e-02
-8.664366574143231303e-02
-1.023130560840187359e-01
-1.188924077436453314e-01
-1.273427502457961658e-01
-1.234999639596915944e-01
-1.161856045040987884e-01
-1.163939224067098432e-01
-1.303371042940550395e-01
-1.538763080246726700e-01
-1.708721308521630178e-01
-1.627587949324071359e-01
-7.617607566219021520e-02
-3.401739872571041962e-02
-1.716074457774813961e-02
-9.394169804536129514e-03
-5.417228992954573226e-03
-3.248675672310436403e-03
-1.987042633054370271e-03
-1.234232840013054378e-03
-7.693722234709750611e-04
-4.818796495081031700e-04
-3.021599173439148381e-04
-1.940606220369209636e-04
-1.419237788642989460e-04
-1.706632569062136850e-04
-4.472429155121388487e-04
-2.527684675993457485e-04
2.206327065535499722e-04
-9.018162956944920580e-04
3.611499533930343951e-04
3.285813755996925059e-04
2.995874076178203869e-04
1.394215754929173238e-04
2.948825668154646679e-05
-4.435881329039885099e-04
-2.595737511287417548e-04
-4.261311165207458547e-04
-1.381565529809219680e-04
-1.104414568411293064e-04
-1.391626858320912799e-04
-2.029205284870350470e-04
-3.085051264147893233e-04
-4.711811939678895345e-04
-7.235189374738340562e-04
-1.109710425760693491e-03
-1.725759206480008542e-03
-2.723115592911743051e-03
-4.458595504460849054e-03
-7.655230749354258180e-03
-1.423958374489165714e-02
-3.031934519270828438e-02
-6.309598670047746050e-02
-7.460226573079944967e-02
-9.111385539148665613e-02
-1.179939555048278438e-01
-1.581729655299588810e-01
-2.077903183641293117e-01
-2.480128043144863015e-01
-2.703864971688297314e-01
-2.818439908609585154e-01
-2.646085680561494624e-01
-2.202995534775246400e-01
-1.761470619543697713e-01
-7.850287760461838182e-02
-3.425057810584992285e-02
-1.703605096167133681e-02
-9.253232817704506660e-03
-5.310427920711519555e-03
-3.181694719048523950e-03
-1.946549650528879355e-03
-1.211090998102459359e-03
-7.551534035675130105e-04
-4.712880646781661344e-04
-2.895541155763259344e-04
-1.700978867472718241e-04
-7.864099847504302189e-05
4.502879478548403862e-05
4.796270522281357641e-04
1.987227505374741289e-05
8.914781253530317928e-05
-3.070759960634644259e-05
5.376841252290231934e-04
-2.170454037763869389e-04
-6.309075894494527853e-04
-5.777649679598326551e-04
-1.485954834925682570e-04
-2.799396241845629680e-04
-1.777738165825852893e-04
-3.874132565507851992e-04
-1.393794683911807894e-04
-1.117719273905623995e-04
-1.395532148945280589e-04
-2.030249656913492328e-04
-3.085293994963212100e-04
-4.711773061063680959e-04
-7.235203783408875478e-04
-1.109707255454823018e-03
-1.725750793478741550e-03
-2.723112300181199531e-03
-4.458592225509090505e-03
-7.655225396938378744e-03
-1.423957888086049145e-02
-3.031932145370543757e-02
-6.309580771142732358e-02
-7.460225113377412509e-02
-9.111384648581355439e-02
-1.179939534812422808e-01
-1.581729767821765109e-01
-2.077903284118197413e-01
-2.480128145004182050e-01
-2.703864892133601150e-01
-2.818439753400919234e-01
-2.646085694617677508e-01
-2.202995650013663542e-01
-1.761472116696974621e-01
-7.850288128621639439e-02
-3.425056963289188627e-02
-1.703605614055904091e-02
-9.253238123229513834e-03
-5.310421408856371567e-03
-3.181692873385435875e-03
-1.946546053589067165e-03
-1.211097521147937259e-03
-7.551775936678354825e-04
-4.712876114247145447e-04
-2.895356824968154633e-04
-1.700219593945631060e-04
-7.806526761312280246e-05
4.628913268401916404e-05
4.508841158194010820e-04
2.159714592720367657e-04
-2.320900137835455216e-04
-7.915079140404148860e-05
2.554997169275680536e-04
8.694555092052323308e-05
-1.099178283472968134e-04
-1.911506260538957749e-05
-3.267486182434807388e-04
-4.691600068744970525e-04
1.899991929937860946e-04
2.588446289908291923e-04
-5.562363308944637171e-05
-1.002871828293760119e-04
-1.379174917155241069e-04
-2.027703949394727388e-04
-3.084904335586965626e-04
-4.711825409355327519e-04
-7.235178122353389018e-04
-1.109703771792877082e-03
-1.725752960032774300e-03
-2.723116579165629336e-03
-4.458603621722648409e-03
-7.655230952286878540e-03
-1.423957075138076837e-02
-3.031930522593748525e-02
-6.309576605199078425e-02
-7.460224113965628623e-02
-9.111385342585281988e-02
-1.179939525014804119e-01
-1.581729759283128089e-01
-2.077903287670279098e-01
-2.480128096576899865e-01
-2.703865012692746039e-01
-2.818439791543767559e-01
-2.646085636968103505e-01
-2.202995377044137948e-01
-1.761467875014211260e-01
-7.850282557468142575e-02
-3.425056221097807357e-02
-1.703605391700559885e-02
-9.253239494398752749e-03
-5.310423962265419136e-03
-3.181686406431241936e-03
-1.946542790800919864e-03
-1.211095586818079946e-03
-7.551686378391609007e-04
-4.713200558283172368e-04
-2.897059389652430878e-04
-1.709214505585996107e-04
-8.364178227376859744e-05
1.017672091871675439e-05
2.090812841934482200e-04
6.206687179578382558e-04
3.618480963375758923e-04
-9.928530025100890631e-05
6.379854626890397356e-05
4.664692789447479109e-05
-5.314108853496572575e-04
1.412173522703616575e-04
-1.405802468568541439e-04
2.310740894772345447e-04
-8.284279833287896120e-05
-5.136718083975178126e-05
-9.545167229009988345e-05
-1.047467826722765067e-04
-1.372461825833099826e-04
-2.015936993432271198e-04
-3.075492131978245806e-04
-4.705120100264803757e-04
-7.229903787145050293e-04
-1.109174448416322400e-03
-1.725004057748788858e-03
-2.721892089104516795e-03
-4.456426043249044414e-03
-7.651320694983213856e-03
-1.423208004329593913e-02
-3.030375549420403353e-02
-6.306116336907560682e-02
-7.455807043516148036e-02
-9.105792948751009752e-02
-1.179319194285918804e-01
-1.581192374352437813e-01
-2.077755224622864216e-01
-2.480471448381531552e-01
-2.704474763039181329e-01
-2.819152234291373849e-01
-2.646554744178356011e-01
-2.203092966079343018e-01
-1.761380262946258823e-01
-7.849757549682763458e-02
-3.424782265501271489e-02
-1.703470364202587864e-02
-9.252482929736214473e-03
-5.309949874620195284e-03
-3.181245313383358406e-03
-1.945970853879011326e-03
-1.210091833578122705e-03
-7.532513704912988019e-04
-4.675020206969054634e-04
-2.821164670075285217e-04
-1.570002277395595456e-04
-6.718513972623619786e-05
-3.688228786779313730e-05
-3.992905583640827876e-04
-1.801431972479649365e-04
-3.784223550696673021e-04
1.112833938397121431e-04
-7.005669438933470692e-04
2.592923300945824158e-04
-3.346994428963815044e-04
2.753910780046271104e-04
-1.438496191309673715e-04
2.573256474796529894e-04
2.220348021237141792e-04
-1.767702901298690802e-04
-1.255003323543085584e-04
-1.111004248606444042e-04
-1.384966463675229242e-04
-2.018422180283657437e-04
-3.075973906911877377e-04
-4.705130901298437869e-04
-7.229927993467184745e-04
-1.109171379282555825e-03
-1.724994763952129731e-03
-2.721889246123693380e-03
-4.456425094607492816e-03
-7.651316252376791360e-03
-1.423207337383632261e-02
-3.030373055026452239e-02
-6.306103267699100789e-02
-7.455805694020427310e-02
-9.105792204321536132e-02
-1.179319257885873967e-01
-1.581192540102100696e-01
-2.077755333315128849e-01
-2.480471528939402481e-01
-2.704474677198106525e-01
-2.819152208566717555e-01
-2.646554774519395137e-01
-2.203093252890200304e-01
-1.761383790971513263e-01
-7.849761696987404835e-02
-3.424782286282621740e-02
-1.703470963715978531e-02
-9.252484227057298366e-03
-5.309938699734869164e-03
-3.181240834245685663e-03
-1.945967852097374700e-03
-1.210100203958012132e-03
-7.532709995527969802e-04
-4.674739642008530994e-04
-2.819312414693645450e-04
-1.557464933636173033e-04
-5.792844521189295805e-05
3.072781993637107694e-05
9.409127767171768155e-05
-2.380413559662125677e-04
-1.492093871426126463e-04
-2.798660146456076773e-04
-8.515372462464972352e-04
-2.949813605346404861e-04
1.784114999178462518e-04
-2.052372216732369905e-04
-2.426961043557425348e-04
1.651375168714431217e-04
4.864755672850412009e-04
-4.771117773107194865e-04
-1.590813907786852257e-04
-1.150306781713176748e-04
-1.389711387253078200e-04
-2.018908157676767236e-04
-3.076037554991170315e-04
-4.705248056753882717e-04
-7.229930046657843685e-04
-1.109169347256050648e-03
-1.724997527297141313e-03
-2.721894050933283942e-03
-4.456434069879328455e-03
-7.651319725510067997e-03
-1.423207216632050784e-02
-3.030374765031909612e-02
-6.306115328568788481e-02
-7.455807305763711978e-02
-9.105792362520366556e-02
-1.179319150767604713e-01
-1.581192418455265036e-01
-2.077755296490149117e-01
-2.480471460630699898e-01
-2.704474761365666668e-01
-2.819152287226395215e-01
-2.646554811614528213e-01
-2.203092924151554000e-01
-1.761377912538029111e-01
-7.849754543516129779e-02
-3.424781230511335373e-02
-1.703470912459946474e-02
-9.252488588467822767e-03
-5.309943761673392888e-03
-3.181236792464907977e-03
-1.945964218614623046e-03
-1.210097278126483688e-03
-7.532659888582434772e-04
-4.675188920069700701e-04
-2.821265042585249122e-04
-1.565784201555718103e-04
-6.157815894713767723e-05
1.717839587228302080e-05
6.783402546269040210e-05
1.127558853212094639e-04
-1.089257738780762365e-04
3.337752020072166405e-04
-6.005820398504735922e-05
-1.461969864359371324e-04
-2.688866058130049319e-04
1.159302461829867122e-04
-3.559660770053336824e-04
-3.770479494765935905e-05
-3.040271902602032709e-04
1.924453394701467000e-04
-3.135002818575231918e-05
-8.250677332094682852e-05
-1.306793294274399440e-04
-2.042220649176865394e-04
-3.190259108862298493e-04
-4.945507468955336614e-04
-7.674433290666094962e-04
-1.189550692226042919e-03
-1.868675884208312668e-03
-2.982405142716425522e-03
-4.939215766998568229e-03
-8.588635054233599228e-03
-1.618554309634687854e-02
-3.486017849851569955e-02
-7.286718898678742895e-02
-8.649919026855060200e-02
-1.021443300670309556e-01
-1.187255685661217919e-01
-1.272201492137827461e-01
-1.234309667336221661e-01
-1.161481271348928090e-01
-1.163679566109560998e-01
-1.303210506335550911e-01
-1.538634003242922987e-01
-1.708512994326189804e-01
-1.627169752207504871e-01
-7.615048303547942987e-02
-3.400665631494442787e-02
-1.715535211709679278e-02
-9.390886897796378238e-03
-5.414903154233051234e-03
-3.246638494402989943e-03
-1.984806981600436768e-03
-1.231013274458965306e-03
-7.638191646759301184e-04
-4.711715574019350932e-04
-2.800971071809952922e-04
-1.457327055394733954e-04
-2.670399343160731334e-05
1.440038327061196849e-04
6.017005744740138665e-04
-9.864665187869828934e-06
-1.843623916568760469e-04
-3.637921533670000953e-06
-3.102616395683151273e-04
1.000469473226304394e-04
-2.051290656320260393e-04
5.651411043311489876e-04
1.241255675098259386e-04
8.563402031904985558e-05
-4.582500558835276216e-04
-4.399776121113235208e-04
-1.206120988095165075e-04
-9.585459195121484620e-05
-1.327488528272831824e-04
-2.045646628392203755e-04
-3.190865780099997272e-04
-4.945566161802167132e-04
-7.674474945327978363e-04
-1.189548443355003659e-03
-1.868665833016579583e-03
-2.982400495090573207e-03
-4.939214213201352337e-03
-8.588631322067030380e-03
-1.618554086410255166e-02
-3.486017526079153439e-02
-7.286715046244847394e-02
-8.649919823714198597e-02
-1.021443240572951633e-01
-1.187255770554379170e-01
-1.272201617624383330e-01
-1.234309700839921337e-01
-1.161481297424903775e-01
-1.163679463783001689e-01
-1.303210518822437991e-01
-1.538634192143162327e-01
-1.708513035025993887e-01
-1.627169846977527534e-01
-7.615049640347297533e-02
-3.400665555963393316e-02
-1.715535922573963382e-02
-9.390889262344444266e-03
-5.414893106410504156e-03
-3.246635654315406863e-03
-1.984807844178310479e-03
-1.231024582386870334e-03
-7.638406580386115615e-04
-4.711742023531523401e-04
-2.801403665850822340e-04
-1.461044634183997193e-04
-2.908481699343741194e-05
1.284334543881750982e-04
4.974164520700699458e-04
2.035399826055033152e-04
6.430944528156018339e-04
2.462244567504639136e-04
-2.122426941738782562e-04
-3.500589345783255242e-04
-3.609519060110327250e-05
5.211641235191018066e-04
-6.902166543868308623e-04
6.068708854847485899e-04
-7.372673944732256507e-05
-5.597176014988596666e-04
-1.484682481559067280e-04
-1.018276097005960264e-04
-1.339419297254181777e-04
-2.047834747590705383e-04
-3.191257058638285603e-04
-4.945704583844613049e-04
-7.674470423099754961e-04
-1.189545238427072325e-03
-1.868667502593399912e-03
-2.982406290718141780e-03
-4.939222894385262956e-03
-8.588633249913294951e-03
-1.618553855057736426e-02
-3.486018540802222204e-02
-7.286724211772302451e-02
-8.649920659395546330e-02
-1.021443238738409115e-01
-1.187255671726701739e-01
-1.272201507161682954e-01
-1.234309690925987912e-01
-1.161481262100365480e-01
-1.163679503872048632e-01
-1.303210431469203345e-01
-1.538633991854524985e-01
-1.708513151771182126e-01
-1.627171395357718264e-01
-7.615050831281776345e-02
-3.400665543840225569e-02
-1.715536281831935017e-02
-9.390896301007240973e-03
-5.414900048555105518e-03
-3.246632483358918592e-03
-1.984800699479356920e-03
-1.231018110024462153e-03
-7.638374737974567381e-04
-4.712283972734446322e-04
-2.803973572135396645e-04
-1.473483062336355357e-04
-3.540538004121793458e-05
9.659251669453988221e-05
3.379722827290862594e-04
-3.901896767149417200e-04
-1.147521876307591303e-04
1.024318180256049318e-04
8.472691589051574738e-05
-1.102079968657676236e-04
-6.970527729333735078e-05
-1.542501680392722031e-04
-2.575345599507552151e-04
-2.604916362975899860e-04
9.785330440029362681e-05
3.416997159678543893e-04
5.438988069803085744e-05
-4.893020125547042638e-05
-1.220907415356137476e-04
-2.110829406170940841e-04
-3.413575188411821807e-04
-5.395557717630858861e-04
-8.498375139799263164e-04
-1.338216456869719935e-03
-2.134260877804286961e-03
-3.463730015682362461e-03
-5.828877870073627399e-03
-1.030956494438772277e-02
-1.975152059369426547e-02
-4.310056379911855057e-02
-9.133739137889228255e-02
-1.059740512338418622e-01
-1.132555547930990669e-01
-1.058235128036868755e-01
-8.484487166747933795e-02
-6.508755028737156501e-02
-5.451691237082940261e-02
-5.509577272034255069e-02
-6.717569496275338503e-02
-9.104876198501701823e-02
-1.215035144704303544e-01
-1.378165533401282672e-01
-7.011528545365261489e-02
-3.303056615816760827e-02
-1.720737736608526566e-02
-9.587936901685812849e-03
-5.583274755963908709e-03
-3.355329868839437672e-03
-2.050266966714025477e-03
-1.266988334968449821e-03
-7.833595197289382368e-04
-4.812268406973360365e-04
-2.856349704176543787e-04
-1.499183967758515104e-04
-3.312371158354513384e-05
1.329241493392940268e-04
6.204838627801236191e-04
-3.508941066142650831e-04
-8.479203531654604445e-05
-5.070479123045963958e-04
-4.005641708151901808e-04
-5.170566465104889202e-04
-3.245907193745517700e-04
-2.122206190341425743e-04
1.122681034599370590e-04
7.108849023033720802e-05
2.105360883765661071e-05
4.992037628138352480e-04
7.001587788226595898e-05
-4.763673070842023335e-05
-1.220686666078742578e-04
-2.111187170519706095e-04
-3.413721153915554116e-04
-5.395547721914833138e-04
-8.498378441487597790e-04
-1.338211783500851178e-03
-2.134248965877758464e-03
-3.463723202380773747e-03
-5.828876350045452889e-03
-1.030956369694322090e-02
-1.975152216915482262e-02
-4.310056530791692153e-02
-9.133732758580891120e-02
-1.059740481083381730e-01
-1.132555493941982128e-01
-1.058235223293851890e-01
-8.484487801643127158e-02
-6.508753967938586682e-02
-5.451690457049711974e-02
-5.509576204429932761e-02
-6.717570317181138784e-02
-9.104878966432167209e-02
-1.215035137449434338e-01
-1.378165380911905435e-01
-7.011528615335731185e-02
-3.303056762156075105e-02
-1.720738977720982082e-02
-9.587941285508954151e-03
-5.583264590412247846e-03
-3.355328139682250011e-03
-2.050270990971710377e-03
-1.266998724570897504e-03
-7.833776446312323231e-04
-4.812518943819225578e-04
-2.858479876134290693e-04
-1.514663455054389592e-04
-4.374564360541795206e-05
5.952812967293003054e-05
1.079295752203234161e-04
1.214906017157884867e-04
-5.731206375847055194e-05
-2.325468052868642430e-04
-1.127862815178571493e-04
-3.723560642290718874e-04
1.584128303857682582e-04
-1.737832900432767966e-05
-5.398604074802082920e-04
3.503123412065198825e-04
-4.043363538835662084e-04
3.203350420104399284e-04
2.329205859625580087e-05
-5.797771005132183427e-05
-1.241487995773511927e-04
-2.115090398830586041e-04
-3.414430048049778982e-04
-5.395735074937309641e-04
-8.498413654559187251e-04
-1.338211932766391428e-03
-2.134253081990934459e-03
-3.463732500563906913e-03
-5.828886148814250989e-03
-1.030956500656445181e-02
-1.975151905138748665e-02
-4.310056491173956672e-02
-9.133735599458377152e-02
-1.059740515567954428e-01
-1.132555428940760361e-01
-1.058235039714345849e-01
-8.484486588994342993e-02
-6.508754920778360431e-02
-5.451691825146510323e-02
-5.509577558851551371e-02
-6.717569441733436952e-02
-9.104876673604890558e-02
-1.215035336755147799e-01
-1.378166914167188728e-01
-7.011530069276854238e-02
-3.303056271468594873e-02
-1.720738727697834411e-02
-9.587945420306021385e-03
-5.583272257097309822e-03
-3.355325953019253939e-03
-2.050262239108622403e-03
-1.266993709910628225e-03
-7.833813846874489823e-04
-4.813138926677822268e-04
-2.861511108007088909e-04
-1.530714556155321308e-04
-5.267835618907237019e-05
8.857083502273704247e-06
-1.876652604457220905e-04
-8.296481218845334676e-05
-8.858665984647572621e-05
5.257687730862858769e-04
9.097052052634791385e-05
-4.544938555414148126e-05
-1.482908058656768203e-04
4.670361281544090602e-04
3.608309360030530319e-04
9.848176257284705303e-05
-3.128997021983828826e-04
-7.957461361745462561e-05
-6.552054753531705450e-06
-4.868461719247618692e-05
-1.224982725400217923e-04
-2.239608636124765793e-04
-3.726161342968554134e-04
-6.003559594560441354e-04
-9.604157968158479487e-04
-1.537317045859654466e-03
-2.488809227464231291e-03
-4.102066121107581995e-03
-6.993627803653773393e-03
-1.252331993002942130e-02
-2.423841170458099215e-02
-5.322766946566546281e-02
-1.132128735374159645e-01
-1.232770329620164473e-01
-1.122481413680893186e-01
-8.370913382394915003e-02
-5.390781968045319644e-02
-3.354435250362212267e-02
-2.395705334314330096e-02
-2.504521227801430674e-02
-3.687821237219077869e-02
-6.027595557092657597e-02
-9.160121150918729138e-02
-1.150425227517629378e-01
-6.381762506686507186e-02
-3.190823722788497380e-02
-1.727134513567107552e-02
-9.836646102696709748e-03
-5.794119115480984503e-03
-3.490885022887330914e-03
-2.130852067674730323e-03
-1.310988059881904250e-03
-8.075048780951069472e-04
-4.948539987106173122e-04
-2.960581804287762257e-04
-1.641443962965573029e-04
-6.619196140710966142e-05
2.738987362037525818e-05
1.586472827389342490e-04
2.352087902898670644e-04
-8.708797345454845720e-05
3.178611413236291888e-04
-2.450900169187458094e-04
1.209979532001650060e-04
-5.859276044992379681e-04
-1.171581894383977676e-04
2.786633863051890211e-04
-1.730220024557132565e-04
4.889877651089952291e-04
2.078075676621008220e-04
3.948218799391376338e-05
-4.138321770590832065e-05
-1.213829678212723133e-04
-2.238027934470256618e-04
-3.725985853888366607e-04
-6.003539870151682490e-04
-9.604185593138713601e-04
-1.537315683661426118e-03
-2.488800064512067776e-03
-4.102060192638520841e-03
-6.993627667942169113e-03
-1.252332104714723102e-02
-2.423841506028717036e-02
-5.322767391046061281e-02
-1.132128595319396025e-01
-1.232770221052069820e-01
-1.122481234224897151e-01
-8.370914073453993021e-02
-5.390782800411591386e-02
-3.354434591301008045e-02
-2.395705201068212831e-02
-2.504520885819643689e-02
-3.687822604669330900e-02
-6.027598633684981555e-02
-9.160121695183809365e-02
-1.150424999220886063e-01
-6.381760030200879508e-02
-3.190822664306857542e-02
-1.727135253123143060e-02
-9.836648819132728580e-03
-5.794110660403288364e-03
-3.490887840284907003e-03
-2.130860758244388763e-03
-1.310997491567976372e-03
-8.075161581986658489e-04
-4.948529437490367623e-04
-2.960622817332903825e-04
-1.641648284537350116e-04
-6.570781529261380204e-05
3.603819535510669413e-05
2.623837083293540317e-04
9.124435709579449907e-05
-7.197385943657424274e-04
1.448898321748905897e-04
7.067176710855949616e-05
2.374893278196837682e-04
4.732385329216051858e-04
4.907720858164037843e-04
-2.617765140478107831e-05
-5.836004196881231990e-05
-9.888159749311164538e-05
-6.688380598768642587e-04
-8.901874916438283979e-05
-6.158446059742152994e-05
-1.246660220591707085e-04
-2.243446453909921057e-04
-3.726875343034280171e-04
-6.003703536443251139e-04
-9.604192885985521821e-04
-1.537312724441549164e-03
-2.488801075026164222e-03
-4.102067894033362139e-03
-6.993634237171240421e-03
-1.252331912895191836e-02
-2.423841058213467223e-02
-5.322767267500991967e-02
-1.132128758184146045e-01
-1.232770270217493497e-01
-1.122481248529337977e-01
-8.370912655131561297e-02
-5.390781556452534096e-02
-3.354435205239895273e-02
-2.395706214711076226e-02
-2.504521576412380851e-02
-3.687821116408732114e-02
-6.027596215967545579e-02
-9.160120746066147124e-02
-1.150424839126999582e-01
-6.381760560955225536e-02
-3.190822513514445652e-02
-1.727135283558220089e-02
-9.836655016459867895e-03
-5.794120024822065236e-03
-3.490885287139999273e-03
-2.130849108112643601e-03
-1.310991311005030606e-03
-8.075193857072425442e-04
-4.949019430250049378e-04
-2.963041369785165838e-04
-1.653804167302180340e-04
-7.181751111130770329e-05
6.413784620669628686e-06
1.250057190753037228e-04
2.783902106962518911e-04
2.802731180564955603e-04
1.604281123048628135e-04
-2.565010977217692780e-04
-3.895932109829947283e-04
-1.241751768908969339e-06
4.276676682482795030e-05
-3.935533716196010223e-04
1.862241930010445059e-04
3.177142674308650245e-04
1.567620790059508305e-04
8.181651896335983859e-05
-2.187388318387435357e-05
-1.209512939723190366e-04
-2.392022421056496197e-04
-4.075450629172077820e-04
-6.667410206931315532e-04
-1.080202160879133524e-03
-1.752086528651252903e-03
-2.868752287381935110e-03
-4.777477039817097128e-03
-8.194306705495941340e-03
-1.470646074451651721e-02
-2.833906454755330540e-02
-6.131998525494759128e-02
-1.275859392213810062e-01
-1.251787947848413129e-01
-9.648622772199584585e-02
-6.088036229476303379e-02
-3.275013394148969942e-02
-1.602701531282731476e-02
-9.743832024739992187e-03
-1.301522027162510010e-02
-2.552610239481023155e-02
-4.776889217874775301e-02
-7.713709761817644228e-02
-1.011338427392338424e-01
-5.943586067661178751e-02
-3.115207823593299855e-02
-1.738214017722237992e-02
-1.007097214925811030e-02
-5.981047688148613366e-03
-3.607354969360813523e-03
-2.197960388924481267e-03
-1.346569333749808757e-03
-8.267718661512887292e-04
-5.061749074650043678e-04
-3.060363036005513647e-04
-1.797412491146889457e-04
-1.045898960260751930e-04
-9.733170531623847239e-05
-3.278530856046999982e-04
-4.119791787378943791e-05
1.468426845865047003e-04
2.570549782890126198e-04
-3.081105457272385753e-04
2.836118459042481972e-04
-1.444325314291854904e-04
-3.131040835877832093e-04
-4.451270545191800189e-05
-2.798075520453747176e-04
-2.964272658474505391e-04
3.748314561569003416e-04
1.119648838403888440e-04
-1.730252098445488870e-05
-1.202232204114452708e-04
-2.390848319912037450e-04
-4.075289411441785866e-04
-6.667399342497825308e-04
-1.080203604916454450e-03
-1.752082721799475733e-03
-2.868740471993069460e-03
-4.777468711444249859e-03
-8.194305968935135936e-03
-1.470646252867632321e-02
-2.833906828820862214e-02
-6.131998770524976078e-02
-1.275859111334056717e-01
-1.251787867589681247e-01
-9.648622263893454065e-02
-6.088038167970072356e-02
-3.275014241274758209e-02
-1.602699732717152714e-02
-9.743818400184714804e-03
-1.301521328802579362e-02
-2.552611687301273649e-02
-4.776892154349293707e-02
-7.713710673955090358e-02
-1.011338313130585448e-01
-5.943584080026519806e-02
-3.115207565030114756e-02
-1.738215141387488075e-02
-1.007097230876153639e-02
-5.981036467758335876e-03
-3.607357246241726934e-03
-2.197968328785993453e-03
-1.346574073721622895e-03
-8.267745754639501017e-04
-5.061439210914365442e-04
-3.058556851335646328e-04
-1.787432840509991453e-04
-9.894541379946421246e-05
-6.569023987357852277e-05
-1.494586497898049617e-04
2.127587530060022361e-04
1.614402370630113986e-05
6.990071003140364532e-06
4.235327037278085126e-04
-3.579088897078254146e-04
-2.390601697542554165e-04
1.339341799075983086e-04
-1.918936242225165319e-04
7.645603169567144534e-06
3.497585278732362056e-04
4.674521010059573783e-04
1.051646878797301172e-04
-2.139361371324772888e-05
-1.213014724689408794e-04
-2.393168612933362907e-04
-4.075722594584428832e-04
-6.667464759619895097e-04
-1.080202839287964806e-03
-1.752080591421991285e-03
-2.868743019774804611e-03
-4.777478103057373332e-03
-8.194311615451227437e-03
-1.470645964389064551e-02
-2.833906573518085725e-02
-6.131999022958776330e-02
-1.275859357465591593e-01
-1.251787868281997174e-01
-9.648621286461443736e-02
-6.088035715782606078e-02
-3.275012783520467319e-02
-1.602700964503476697e-02
-9.743838449182855299e-03
-1.301522132328112452e-02
-2.552609824165489455e-02
-4.776889900145210588e-02
-7.713709113590341837e-02
-1.011337949916996798e-01
-5.943583999595412892e-02
-3.115206862756224326e-02
-1.738214823179643626e-02
-1.007097823527418161e-02
-5.981046876105236380e-03
-3.607355582309988880e-03
-2.197957540452742404e-03
-1.346570087126687434e-03
-8.267782454520861916e-04
-5.061825216859825935e-04
-3.060562203215217401e-04
-1.797357328264795253e-04
-1.036395488338454920e-04
-8.550336652643243933e-05
-2.149052146404802652e-04
9.028660420370712236e-05
-3.025152502554331294e-04
-2.577563381625511534e-05
-2.696859183176696391e-05
3.513191196376169809e-04
3.340449106719909169e-04
5.767920686837535660e-05
-1.012285071198155284e-04
-3.107306988384724434e-04
-6.786409950277113700e-04
8.268205204027212702e-04
1.780951455244907274e-04
-9.400604472801041983e-06
-1.271222119298361412e-04
-2.573866253452398024e-04
-4.425370766813497008e-04
-7.305711786515327582e-04
-1.193787571275778826e-03
-1.953592382795366674e-03
-3.220064587210428632e-03
-5.385960177636233380e-03
-9.224618774006407979e-03
-1.642262053354810736e-02
-3.107578608167959819e-02
-6.509864197273919351e-02
-1.288157985538134764e-01
-1.133490821763520756e-01
-7.763857835191033396e-02
-4.353354864733530866e-02
-1.939494502814598578e-02
-5.964638025145279493e-03
-2.078499892006858713e-03
-7.181242923346631800e-03
-2.124118804558961307e-02
-4.469669440276452521e-02
-7.459315602050295424e-02
-9.870057839898922769e-02
-5.870684230206424381e-02
-3.121580406693655677e-02
-1.759711184604446921e-02
-1.025273850171454226e-02
-6.100428476474380537e-03
-3.674216625682866309e-03
-2.232939899454295524e-03
-1.363144342155620621e-03
-8.349942551715330277e-04
-5.110773518160902302e-04
-3.108932509730729103e-04
-1.853106795442554741e-04
-1.051089264335835995e-04
-4.929600943062300715e-05
5.860685741087718888e-05
5.012847794595832020e-04
2.606111858888240300e-04
5.439025239930163737e-04
-5.514484396286888909e-05
-2.786404229121953644e-04
3.710239352192243843e-04
-5.983646167672487971e-05
-2.353611627805199781e-04
4.900820477516213162e-04
-4.454802107479735400e-04
4.327684142034036595e-04
1.323834475065914582e-04
-1.439584808651163038e-05
-1.275760836018348322e-04
-2.574048435843724180e-04
-4.425327872675241590e-04
-7.305696585048043193e-04
-1.193785628152232428e-03
-1.953586088294411490e-03
-3.220052821532357057e-03
-5.385954610708053661e-03
-9.224623998604174549e-03
-1.642263082078498915e-02
-3.107579784771479642e-02
-6.509865051160934613e-02
-1.288157822989936530e-01
-1.133490687169039501e-01
-7.763856542221968249e-02
-4.353355883470934329e-02
-1.939494777500400113e-02
-5.964621381170576685e-03
-2.078490735682915307e-03
-7.181243932087450974e-03
-2.124120769107618739e-02
-4.469672418666648800e-02
-7.459316718178285455e-02
-9.870056373566307717e-02
-5.870682066276735472e-02
-3.121579825144253292e-02
-1.759711887657263926e-02
-1.025273740537328837e-02
-6.100421429633355770e-03
-3.674222253791463964e-03
-2.232946739981328792e-03
-1.363145472383236545e-03
-8.349921734493782367e-04
-5.110264028567915824e-04
-3.105952125417976283e-04
-1.837328932446288528e-04
-9.712769432666354028e-05
-1.345856857734330248e-05
1.769540900379957496e-04
4.019251061758538873e-04
7.617765862151646870e-05
-1.057383504808523985e-04
-1.291357626732011804e-04
-6.060485392870274511e-04
-1.313069360101177000e-04
-6.142855102066139953e-05
-2.505463720440045277e-04
1.334460372842030240e-04
-4.185961760665468960e-04
3.497675499490549510e-04
1.220704925234535011e-04
-1.609563990146207035e-05
-1.279020888343751819e-04
-2.574707733841054410e-04
-4.425442123949854529e-04
-7.305705030506171602e-04
-1.193787150121652279e-03
-1.953587637358253967e-03
-3.220057861110806052e-03
-5.385964707159009331e-03
-9.224626079816913155e-03
-1.642262117233252855e-02
-3.107578787837581707e-02
-6.509864413933452720e-02
-1.288157916081541787e-01
-1.133490649298468239e-01
-7.763855835702553054e-02
-4.353354497912395593e-02
-1.939493963146463051e-02
-5.964632655100593657e-03
-2.078509331386038921e-03
-7.181246451329469961e-03
-2.124118663249729977e-02
-4.469670653161898766e-02
-7.459315434093963249e-02
-9.870054731556966721e-02
-5.870682340850259806e-02
-3.121579582386708324e-02
-1.759711931173447638e-02
-1.025274226067540533e-02
-6.100427391960716768e-03
-3.674218785851735610e-03
-2.232937879627635864e-03
-1.363143685791830912e-03
-8.349950261787084495e-04
-5.110593995804932734e-04
-3.108024064982215276e-04
-1.849554584629986239e-04
-1.044255855106595595e-04
-5.679194649628257368e-05
-7.857303548078074296e-05
4.238409580050524379e-04
-2.378014583028293847e-04
6.257685738986923114e-04
3.556793774561432803e-05
-3.120637512841761027e-04
2.553078207777419964e-05
1.109920743413010837e-04
-3.646794142834488238e-04
-3.840672847395537473e-04
-2.817616453480811280e-04
-1.930458302793876474e-04
-1.436847800290917487e-05
-5.668252531600412650e-05
-1.472123638038399986e-04
-2.769694038228696312e-04
-4.723897698187157516e-04
-7.816815496955587103e-04
-1.282396206286735840e-03
-2.107434115220155942e-03
-3.481402799604908956e-03
-5.819692448561567671e-03
-9.901968099816266938e-03
-1.736830756141653775e-02
-3.196951325031902047e-02
-6.391058852976375104e-02
-1.180197326947440978e-01
-9.561000976318828615e-02
-6.065755510216086499e-02
-3.085905092751717316e-02
-1.102108142325114275e-02
-9.149889539945362969e-04
2.221034699767456694e-04
-7.382151587382167202e-03
-2.401223183269778766e-02
-4.999403680768672864e-02
-8.196579081440479031e-02
-1.060564956720251167e-01
-6.103482611223166876e-02
-3.181238199474197004e-02
-1.772638632608515910e-02
-1.025582677111462268e-02
-6.074790363057322971e-03
-3.646590094352846617e-03
-2.210807309142108143e-03
-1.347242262769298956e-03
-8.249992576479167616e-04
-5.060641343757710069e-04
-3.103025994150213464e-04
-1.885373831795988508e-04
-1.133504602375018811e-04
-9.248758684728970020e-05
-3.437720809286077834e-04
2.663566435243456100e-04
2.434810691859212424e-04
-1.299544929599248839e-04
3.544209057962779204e-04
-1.577718835598736940e-04
-4.570183865003061056e-04
-2.296761192096630569e-04
-1.871505575987604812e-04
-7.612535357827129661e-05
-1.786519678628560441e-04
-6.385467295657961374e-06
1.645901501800898822e-05
-5.125853899310972979e-05
-1.462331782581793025e-04
-2.767858822637240873e-04
-4.723559892699694769e-04
-7.816761871992956986e-04
-1.282394072053397605e-03
-2.107431790793740274e-03
-3.481397102242363237e-03
-5.819689541797332978e-03
-9.901970245641910848e-03
-1.736831110241926837e-02
-3.196951798532859240e-02
-6.391059364534820708e-02
-1.180197351576874887e-01
-9.561000718961328027e-02
-6.065755428997110510e-02
-3.085907106572399403e-02
-1.102108933651880195e-02
-9.149749692201205415e-04
2.221135363205210540e-04
-7.382155548180904803e-03
-2.401224949610673842e-02
-4.999405358373745084e-02
-8.196578822813982423e-02
-1.060564770578745764e-01
-6.103481200075160790e-02
-3.181238781156549289e-02
-1.772640072312304041e-02
-1.025582853224599363e-02
-6.074785482472261876e-03
-3.646594878907638473e-03
-2.210811593105242896e-03
-1.347242649303146854e-03
-8.249963971318401493e-04
-5.060037055076794989e-04
-3.099207633338221910e-04
-1.861933876345171475e-04
-9.829612615617802879e-05
8.378494343335338474e-06
3.660976263927818975e-04
-2.302186634443836020e-04
3.085186206307169877e-04
-3.374574975253394403e-04
1.223629062335358233e-04
-2.845227139624421160e-04
-1.626385185331743761e-04
-1.344099172757067190e-04
1.517660249327191211e-04
-2.600847460954512072e-04
-2.688000383294192027e-04
1.081785195861301500e-04
3.169054508172296594e-05
-4.886217133007119767e-05
-1.458073271084618942e-04
-2.767071021817892398e-04
-4.723390785984161381e-04
-7.816706764701956576e-04
-1.282395083348799193e-03
-2.107431513711191962e-03
-3.481397312502859318e-03
-5.819694845285315089e-03
-9.901968568901322459e-03
-1.736830180983168007e-02
-3.196951506945482080e-02
-6.391059816138176808e-02
-1.180197458792665299e-01
-9.561000237285076364e-02
-6.065753978229598137e-02
-3.085905105531412326e-02
-1.102107495037918210e-02
-9.149805664303731169e-04
2.220950101454482366e-04
-7.382156727925053528e-03
-2.401223281216606151e-02
-4.999405077071179121e-02
-8.196579146810428762e-02
-1.060564788135673203e-01
-6.103480927085588176e-02
-3.181237526929106552e-02
-1.772639315645958835e-02
-1.025582936019945463e-02
-6.074791004029299855e-03
-3.646595289951942102e-03
-2.210806833550897632e-03
-1.347240053563577384e-03
-8.249923839346737448e-04
-5.060088022516846373e-04
-3.099825466359774646e-04
-1.866558236039911399e-04
-1.020035335207344061e-04
-2.195819109230371253e-05
1.130088408436597002e-04
3.733903831204514619e-04
4.030160799668184505e-04
-2.380104929038932176e-04
-3.536233032326262498e-04
1.231851198115259014e-04
-5.006775983359985221e-04
-4.846692436694852689e-04
5.380851680978473777e-04
-4.161981051108460273e-04
4.116059560452453445e-05
-3.570642971167341923e-04
-6.817094828905306911e-05
-8.118353049142575616e-05
-1.627318350767439719e-04
-2.920866803980863373e-04
-4.930660644399956693e-04
-8.145264620220178534e-04
-1.336734927915001359e-03
-2.197586443203248044e-03
-3.627164235104168334e-03
-6.043973876055083738e-03
-1.020521169468143613e-02
-1.764176700637042766e-02
-3.166745520761204274e-02
-6.077434456037131283e-02
-1.056222211971593328e-01
-8.162348714992402610e-02
-4.976279704631638573e-02
-2.387085061373384054e-02
-7.302660523518078595e-03
2.575952987821855189e-04
-9.146235518185653847e-04
-1.106737907851064809e-02
-3.097032633890091716e-02
-6.086402625924243470e-02
-9.592473153546964004e-02
-1.184375420601814916e-01
-6.416073971900673745e-02
-3.211091529941284550e-02
-1.745120831572970210e-02
-9.952002993243697082e-03
-5.850194016785444096e-03
-3.500936403960595075e-03
-2.121042693809051943e-03
-1.294068578619502786e-03
-7.945963708138554854e-04
-4.903682878290397144e-04
-3.048202454535009205e-04
-1.911008293191863321e-04
-1.187785322421000095e-04
-5.528758195035222744e-05
1.233826000800971635e-04
-2.841692778510441705e-04
-6.687806647653866217e-05
1.806745955353097855e-04
3.200261458085194486e-04
-6.339231514029614522e-04
2.629185976867670551e-04
1.404595639413437689e-04
-3.110567866189353921e-04
-2.466095025720804247e-04
4.388548137584425443e-04
2.089306965095822353e-04
1.344054771888244907e-05
-6.897244625056008058e-05
-1.608744967695865447e-04
-2.917911723262723504e-04
-4.930155777113870517e-04
-8.145162712282597332e-04
-1.336729606155507340e-03
-2.197585650192490723e-03
-3.627162478206837157e-03
-6.043973622242826936e-03
-1.020521855787754999e-02
-1.764177951988533249e-02
-3.166746868168177770e-02
-6.077435271912746267e-02
-1.056222289534491654e-01
-8.162348366132037014e-02
-4.976279842280977028e-02
-2.387086965793841845e-02
-7.302664703099732459e-03
2.576092795771067518e-04
-9.146135053626344366e-04
-1.106738721177706955e-02
-3.097034589977775906e-02
-6.086403921234726649e-02
-9.592472906447116476e-02
-1.184375267462583481e-01
-6.416073200751735983e-02
-3.211092186083314842e-02
-1.745121776349751325e-02
-9.952000608117022792e-03
-5.850188436963541828e-03
-3.500939882593219216e-03
-2.121046926196221843e-03
-1.294072300628472047e-03
-7.946002278703747116e-04
-4.903525174724917201e-04
-3.047631034265206530e-04
-1.910853379832955570e-04
-1.210221730989078959e-04
-8.754290214759315712e-05
-2.273020527046673176e-04
-4.300051431527100775e-04
2.696592556959299253e-04
-2.285032660540846919e-05
-3.529076699639658839e-04
2.235039972719237377e-04
2.386542529600676492e-05
-3.266027231250599955e-04
1.473358546859154501e-04
2.066087010167735449e-04
5.937729315832633364e-04
1.387830411284598933e-04
1.944392835032802454e-05
-6.565527744094534724e-05
-1.600000139753562315e-04
-2.916032057850892522e-04
-4.929776813412151300e-04
-8.145074720424141761e-04
-1.336731530585608075e-03
-2.197584043948973189e-03
-3.627158729629674505e-03
-6.043974911116725170e-03
-1.020521096593919944e-02
-1.764176503926017173e-02
-3.166746496528542038e-02
-6.077435875957367534e-02
-1.056222295209121032e-01
-8.162347573020925506e-02
-4.976278176979221507e-02
-2.387085230490179968e-02
-7.302653080128569674e-03
2.576059174746364090e-04
-9.146296369707074356e-04
-1.106738307722653948e-02
-3.097032837631694818e-02
-6.086404155282333639e-02
-9.592473442382501436e-02
-1.184375313543631486e-01
-6.416072951873641461e-02
-3.211091527235889614e-02
-1.745121656201920057e-02
-9.952003406563041110e-03
-5.850193309537303835e-03
-3.500941297413926422e-03
-2.121042244164011992e-03
-1.294065230322790630e-03
-7.945873231525708109e-04
-4.903139587457027620e-04
-3.045263683620991831e-04
-1.894693901812416709e-04
-1.097654297021653195e-04
-6.522021490513950168e-06
3.754323884769856937e-04
-3.643393318556552968e-04
1.265767081874216715e-04
-2.413451442311857114e-04
4.778700391844677267e-05
-2.725014304904720174e-04
-1.410930008868221226e-04
1.797474806041897855e-04
1.649383867458455524e-04
1.246880423248483206e-04
-1.583994854011819622e-04
1.700533814700592419e-05
-1.606373192428073066e-05
-8.257836107775431977e-05
-1.708548574458164306e-04
-3.006177550001505453e-04
-5.028035158998011948e-04
-8.270473866413738905e-04
-1.353961892149177114e-03
-2.220349108673465993e-03
-3.655312414864100076e-03
-6.069988860447649882e-03
-1.020245786013118140e-02
-1.751125865042020557e-02
-3.106549042150920717e-02
-5.843008880450806936e-02
-9.823585118728403454e-02
-7.422606822442878727e-02
-4.446336972543143973e-02
-2.111085016335129821e-02
-7.123782137963363334e-03
-2.072278204346768120e-03
-6.002950155947235113e-03
-1.949318624153582868e-02
-4.371124659386560474e-02
-7.793034949990892968e-02
-1.137558106340374325e-01
-1.293262280481764503e-01
-6.537768405171541508e-02
-3.122394516840736739e-02
-1.650712171091112471e-02
-9.275411223261609620e-03
-5.416882893279513327e-03
-3.240143318325270673e-03
-1.967787856183934436e-03
-1.206538967514508018e-03
-7.455141671876087733e-04
-4.648466207685599699e-04
-2.950079418450148104e-04
-1.959677296480040606e-04
-1.481206687566515490e-04
-1.618173152953641979e-04
-3.813088391462817199e-04
3.660970213827214551e-04
1.772386487330431144e-04
2.210205144997018974e-04
2.404603264097428879e-04
-1.544788536046266738e-04
-2.337906258702633264e-04
3.164164083779990883e-04
2.738859454653708950e-04
2.285046368260553558e-04
2.595619902390639824e-04
-2.412795646229510532e-05
-2.153554899214609852e-05
-8.338849432333346869e-05
-1.709782725915333997e-04
-3.006250698545143195e-04
-5.027974623787581426e-04
-8.270435777554102077e-04
-1.353958400341158169e-03
-2.220353542668444466e-03
-3.655315946957159081e-03
-6.069988579531154956e-03
-1.020246058499006681e-02
-1.751126490160700641e-02
-3.106549864227076130e-02
-5.843009624716267308e-02
-9.823585635048828757e-02
-7.422606924668821715e-02
-4.446337812233109449e-02
-2.111087015067795308e-02
-7.123785967430939711e-03
-2.072268263416704621e-03
-6.002938434287952152e-03
-1.949318911416653144e-02
-4.371125730108548629e-02
-7.793035146369858834e-02
-1.137558081898057960e-01
-1.293262235666141069e-01
-6.537768957267635350e-02
-3.122396067041872253e-02
-1.650713361118795811e-02
-9.275408376289403026e-03
-5.416875754900075425e-03
-3.240143763248683022e-03
-1.967791328453264571e-03
-1.206543880607931002e-03
-7.455197465587757796e-04
-4.648580917653181771e-04
-2.950754718145547138e-04
-1.961839314709465734e-04
-1.475893360747807697e-04
-1.427220115772792489e-04
-1.313241581395358545e-04
3.509819453219405650e-04
-4.485819814383637722e-05
-5.282622077787467278e-04
-3.906948273846586804e-05
2.191262345691717738e-04
-1.612832000751112846e-04
3.281668721129139647e-04
-6.348496638898909169e-04
-2.661729838429832229e-04
-3.079609180137906623e-04
6.542222749193163552e-04
7.446840987680890451e-05
-6.884998048269986345e-05
-1.686836017377845299e-04
-3.002583595906453164e-04
-5.027389758528046744e-04
-8.270319341117097394e-04
-1.353959611538475306e-03
-2.220349469407690169e-03
-3.655309550116831677e-03
-6.069989811694895786e-03
-1.020245448414059883e-02
-1.751125536108322570e-02
-3.106550019644535934e-02
-5.843009973446635502e-02
-9.823584191318419923e-02
-7.422605089083642027e-02
-4.446335453860742609e-02
-2.111085339800447200e-02
-7.123776796679860170e-03
-2.072268675055823246e-03
-6.002954790687248764e-03
-1.949318913418183682e-02
-4.371124973179429940e-02
-7.793036610598132186e-02
-1.137558194517950261e-01
-1.293262260968281174e-01
-6.537768042292496640e-02
-3.122394523184953211e-02
-1.650712341911594883e-02
-9.275405245168498805e-03
-5.416880332166621251e-03
-3.240149118460291817e-03
-1.967789451653935776e-03
-1.206536975138888497e-03
-7.455098323768345530e-04
-4.648265571617519001e-04
-2.949103427190651028e-04
-1.954262754188950562e-04
-1.449173583188053131e-04
-1.412005197691946611e-04
-2.347548176807408478e-04
-2.548211940919916296e-04
2.474579076797219922e-04
1.302460529473600273e-05
-2.010129606774589759e-04
-2.852602616255593953e-04
2.689775829567323624e-04
3.223831985736563582e-04
3.499561072386893725e-05
-9.322662171882295404e-05
9.649174027450184920e-05
1.623487424750815909e-04
-2.176664371876368202e-05
-9.323811098552403859e-05
-1.772386367383026542e-04
-3.034898371033914271e-04
-5.022765108016700184e-04
-8.209981365315795285e-04
-1.338303465165750425e-03
-2.185523719795624993e-03
-3.588396892191046076e-03
-5.950385646347837974e-03
-1.002035610653558527e-02
-1.729379133428277093e-02
-3.099055532440075575e-02
-5.911101641340950341e-02
-1.005411576814601582e-01
-7.664382722521699554e-02
-4.744496347497908356e-02
-2.532741541274935795e-02
-1.290828635082358171e-02
-9.705447277278865525e-03
-1.605512990501056086e-02
-3.286865458081911218e-02
-6.111478986339336644e-02
-9.687708300576811093e-02
-1.256980169620238175e-01
-1.281883102464545510e-01
-6.162768745947252297e-02
-2.849453127617691123e-02
-1.479259466895153918e-02
-8.245623668917472296e-03
-4.808593754623688953e-03
-2.889163521940677458e-03
-1.766568756936106287e-03
-1.093437264472930156e-03
-6.824292405880068952e-04
-4.313236401692786479e-04
-2.794504923836689829e-04
-1.930105587844160332e-04
-1.522680134966660512e-04
-1.379673695695257142e-04
-3.779197400222524591e-05
-4.249723718932151397e-04
6.822520045247134485e-04
-2.682471905268567105e-04
-2.500871869058278029e-04
-5.637124281118707011e-05
-1.234034607464796899e-04
4.052235593146965740e-04
1.537442835704194895e-04
-3.626718369802511767e-05
-8.442157480284954757e-06
-3.648873505797437205e-04
-1.019048107224784951e-04
-1.058419914265418206e-04
-1.792329085212976435e-04
-3.037923882139127794e-04
-5.023161273330198264e-04
-8.210035960838994165e-04
-1.338305055818100279e-03
-2.185533617297982182e-03
-3.588402254353707018e-03
-5.950383069588197245e-03
-1.002035927647077808e-02
-1.729380303438891875e-02
-3.099056930359078352e-02
-5.911102223102251280e-02
-1.005411252199294447e-01
-7.664381453828622570e-02
-4.744497064926443686e-02
-2.532743187699501228e-02
-1.290828628098454611e-02
-9.705438659560734413e-03
-1.605512099688991348e-02
-3.286866666585754743e-02
-6.111481032349591613e-02
-9.687708563343425117e-02
-1.256980165983352105e-01
-1.281883263413720053e-01
-6.162768724454139452e-02
-2.849453893048028638e-02
-1.479259998328048657e-02
-8.245619433489262753e-03
-4.808589615604349880e-03
-2.889167555577840454e-03
-1.766576744056651965e-03
-1.093445460008367733e-03
-6.824390081310549279e-04
-4.313824717315214779e-04
-2.798202319895472159e-04
-1.951945489451172965e-04
-1.653755152784788698e-04
-2.183151069017513258e-04
-5.475097718492616481e-04
3.297573041674134453e-04
4.117876732478084612e-04
9.152671929732956178e-05
-3.729958998790416599e-04
-3.706911266538127008e-05
5.421447360206996203e-04
-7.933790057643198021e-05
2.016829015224596959e-04
-2.668538983307353215e-04
-3.840419166404406394e-04
-3.696108433502766919e-04
-9.078354696093567837e-05
-1.024877671225443438e-04
-1.784786876026496852e-04
-3.036522042777850213e-04
-5.022939173631959424e-04
-8.209957411197735516e-04
-1.338304432605737487e-03
-2.185527041511369471e-03
-3.588395630620395179e-03
-5.950385139201971874e-03
-1.002034974904344664e-02
-1.729378728741341742e-02
-3.099056446317108998e-02
-5.911102205114839719e-02
-1.005411235825864197e-01
-7.664380878898249816e-02
-4.744495254492665792e-02
-2.532741819326195243e-02
-1.290828048285811748e-02
-9.705438901979782790e-03
-1.605513571911799248e-02
-3.286866174809970759e-02
-6.111479772457399651e-02
-9.687709700598172435e-02
-1.256980236155563202e-01
-1.281883186044277811e-01
-6.162767884483693476e-02
-2.849452830330435546e-02
-1.479259517510594230e-02
-8.245619317025804085e-03
-4.808595186488491893e-03
-2.889172833983657922e-03
-1.766572669536888495e-03
-1.093436149372554187e-03
-6.824302428572427085e-04
-4.313445571732724810e-04
-2.796017660800946330e-04
-1.940315417562789703e-04
-1.592919910968905006e-04
-1.875860928921210542e-04
-3.992777281431098457e-04
-1.073209793617800780e-04
1.937832049985695768e-04
7.152139709643236167e-04
3.459192322208919090e-04
2.234961772971897904e-04
-3.034924971950952489e-04
-4.685879163449904110e-04
1.331805585080210496e-04
2.919237987124975384e-04
1.618237290053319976e-04
2.229962045994754276e-04
5.142324084613909360e-07
-9.030775104141577306e-05
-1.776380308039948079e-04
-3.014690920310890854e-04
-4.949250280622031779e-04
-8.035379189495755071e-04
-1.303451307459498791e-03
-2.118616829120882009e-03
-3.472270031076388815e-03
-5.764287972709484890e-03
-9.788054308846260224e-03
-1.718585228658801173e-02
-3.174812759590652650e-02
-6.347916213916995898e-02
-1.143825452133230280e-01
-9.101893885032710796e-02
-5.989566881652684527e-02
-3.665866670830076474e-02
-2.495534283156636626e-02
-2.396752733571954133e-02
-3.366097736729371792e-02
-5.416584442419968004e-02
-8.412952015403631079e-02
-1.128502449406704883e-01
-1.239616692329967851e-01
-1.139144845195731170e-01
-5.356842268570592702e-02
-2.440286977155523007e-02
-1.261223862212531265e-02
-7.046205409310135094e-03
-4.133826481764454885e-03
-2.509709618164140694e-03
-1.551947324127087718e-03
-9.735133036186802884e-04
-6.153420496032720698e-04
-3.947584819795964153e-04
-2.602547737185753390e-04
-1.836803690526648961e-04
-1.436009571168463301e-04
-1.004198295878679938e-04
1.366851551412481250e-04
2.074742429244510621e-04
-2.816429472026704900e-04
-2.969310420156120252e-04
2.933557110114600212e-04
2.135764559017397704e-04
1.159810557497576508e-05
8.186482893373815272e-05
-2.636544773917042861e-04
9.287689913220088648e-05
4.495536707449379279e-05
-6.588322357892609021e-05
-4.685495583567336948e-05
-9.841578068096447991e-05
-1.790333238882604958e-04
-3.016916063223662112e-04
-4.949532349120694136e-04
-8.035434808485485744e-04
-1.303456092817507515e-03
-2.118631759562449556e-03
-3.472279599114530546e-03
-5.764287431574011654e-03
-9.788057649778579214e-03
-1.718586087593631032e-02
-3.174813463041539080e-02
-6.347915529921399624e-02
-1.143824756389961728e-01
-9.101892057265663361e-02
-5.989567855234826516e-02
-3.665868011165307472e-02
-2.495534494614021909e-02
-2.396752811402066974e-02
-3.366097285885629592e-02
-5.416585047717088763e-02
-8.412952407883753092e-02
-1.128502292299000259e-01
-1.239616646836557423e-01
-1.139145319792728844e-01
-5.356843462033614861e-02
-2.440288060097674933e-02
-1.261224197100423335e-02
-7.046200213116934549e-03
-4.133824672241147649e-03
-2.509715619774802696e-03
-1.551956103119972149e-03
-9.735190567858775963e-04
-6.153472636655029802e-04
-3.948210736408818105e-04
-2.606321171035621523e-04
-1.858535235166345137e-04
-1.564206878212277591e-04
-1.770028245044781708e-04
-3.279310999261702587e-04
1.935729789111789332e-04
-1.199188631642570697e-04
5.274547949998474291e-04
3.365883406485259584e-04
1.199632180768707196e-04
-4.954717242041267213e-04
2.124820443173613342e-04
1.447580553472561417e-04
-2.588913907393788124e-04
5.802476651825053122e-04
-1.211574520381927990e-04
-5.923495345205842376e-05
-1.006369540300312344e-04
-1.793917414643542336e-04
-3.017617351689001488e-04
-4.949696705167645587e-04
-8.035399270624360738e-04
-1.303453087720452420e-03
-2.118621140029133907e-03
-3.472268626181668726e-03
-5.764285480963041164e-03
-9.788045830271948841e-03
-1.718584862489078505e-02
-3.174813766786518249e-02
-6.347916698347882969e-02
-1.143825204776022647e-01
-9.101893336652755462e-02
-5.989566358633666154e-02
-3.665866629701341334e-02
-2.495533316396112561e-02
-2.396751532990931341e-02
-3.366097730292201551e-02
-5.416584932737694702e-02
-8.412952825425183689e-02
-1.128502574152374649e-01
-1.239616910518994697e-01
-1.139145772174453425e-01
-5.356842707985035035e-02
-2.440286923972932037e-02
-1.261223668553705657e-02
-7.046197999772260342e-03
-4.133826695189243144e-03
-2.509718134944369239e-03
-1.551950296378745622e-03
-9.735105083488706157e-04
-6.153423101485306149e-04
-3.947827198333079125e-04
-2.603954921837703732e-04
-1.843956967996592986e-04
-1.468218456791300995e-04
-1.109015741167574992e-04
1.484765490133488136e-04
3.503051660800737127e-04
5.095499087621553538e-04
-5.742138962169956486e-04
-6.088510184684213337e-04
5.328955203029780291e-04
4.187896888199394872e-04
-1.429445480821508164e-05
-5.218455750659152991e-04
-8.224844108544305090e-04
-2.432463627092486984e-04
1.980178842908697349e-04
-1.489761047274815347e-06
-9.278832357768188109e-05
-1.780416178839043994e-04
-2.974404556151754686e-04
-4.840039948426339933e-04
-7.803100492139248071e-04
-1.259504148730324763e-03
-2.037675826869298802e-03
-3.336481091147505424e-03
-5.553835203416883186e-03
-9.541481988881264295e-03
-1.712722407776964828e-02
-3.288092692783781829e-02
-6.978622929178815437e-02
-1.371395023958048853e-01
-1.208133581396729356e-01
-9.055375401294775417e-02
-6.686076062121446006e-02
-5.495098775338824737e-02
-5.452472387676211146e-02
-6.527274748212842648e-02
-8.525612132557025546e-02
-1.064464147975137109e-01
-1.140379089863600981e-01
-1.067631848409002909e-01
-9.210414722083272443e-02
-4.347042635274118993e-02
-1.992587132377696482e-02
-1.040261008675767533e-02
-5.883730641103511634e-03
-3.496830331025721408e-03
-2.156041405982015401e-03
-1.353076512224168394e-03
-8.624435154377571014e-04
-5.528205699025321579e-04
-3.598939519133049266e-04
-2.409209762402560781e-04
-1.753087364783213579e-04
-1.538297175901218389e-04
-1.917595150526157151e-04
-3.822078899808754220e-04
3.764674441230874400e-04
2.028054306792760156e-05
-3.609380060643075771e-04
1.508537990948377385e-05
7.084027875772667883e-05
5.512957257232833745e-04
3.366821160121514231e-04
-1.702118925759345779e-04
-6.678093154060826559e-04
-4.199035613948771538e-04
4.268526470923540640e-04
2.530449473473273464e-05
-8.993700770692152980e-05
-1.778043614017303675e-04
-2.974144074035966665e-04
-4.839924544186356790e-04
-7.803102622840521040e-04
-1.259510263534667973e-03
-2.037693791526584870e-03
-3.336492898439308991e-03
-5.553834987309338132e-03
-9.541485885427242533e-03
-1.712723526315866607e-02
-3.288093594111815565e-02
-6.978620437774066265e-02
-1.371392875408583290e-01
-1.208133202737824013e-01
-9.055376781798950281e-02
-6.686076761914230837e-02
-5.495098165707757581e-02
-5.452471889694485152e-02
-6.527274032101211543e-02
-8.525612860498335555e-02
-1.064464213792170599e-01
-1.140378946698364093e-01
-1.067631675762470977e-01
-9.210415580060248020e-02
-4.347043815160616526e-02
-1.992588193599806323e-02
-1.040261119942633913e-02
-5.883724236503640355e-03
-3.496828940947487030e-03
-2.156045604836853875e-03
-1.353081451563571593e-03
-8.624425452372280277e-04
-5.528155018868229119e-04
-3.599251977532569465e-04
-2.410616070300861244e-04
-1.757931078284957413e-04
-1.548605290621497940e-04
-1.871040837080661164e-04
-2.978162454644431062e-04
-6.867392491088781235e-05
3.842473963891340771e-04
1.051202169424282921e-04
-2.551306577016245044e-04
2.015356849819055886e-04
2.468532273860928137e-04
1.675395065921111656e-04
-8.557257073383669121e-04
-1.655685741333871245e-04
-3.802601609936136174e-04
9.234373726534634143e-05
-1.988348715642579062e-05
-9.652395603387386308e-05
-1.788168497885168342e-04
-2.975954757698538516e-04
-4.840295383508575150e-04
-7.803090852731333618e-04
-1.259506440448649855e-03
-2.037682686438525674e-03
-3.336482547009492813e-03
-5.553834195152284638e-03
-9.541473620895949206e-03
-1.712722010212015117e-02
-3.288093270203714530e-02
-6.978621908319432299e-02
-1.371394534385807773e-01
-1.208133576087750127e-01
-9.055375997881476291e-02
-6.686076220389343405e-02
-5.495098073553078555e-02
-5.452471442592720513e-02
-6.527274743273378532e-02
-8.525612747818606119e-02
-1.064464213765578676e-01
-1.140379098975606159e-01
-1.067631858429839292e-01
-9.210425939785402139e-02
-4.347043408972253720e-02
-1.992587166312759922e-02
-1.040260709523933846e-02
-5.883721493778920272e-03
-3.496829805173097810e-03
-2.156049096609316193e-03
-1.353078843147357884e-03
-8.624396016492155833e-04
-5.528192893668191013e-04
-3.599154826300409523e-04
-2.410559421185450447e-04
-1.761162551649492344e-04
-1.589072834192251430e-04
-2.264160931732725457e-04
-6.428998062405653566e-04
-2.234745408655048715e-04
-5.210025162428998926e-04
-1.562370190148250489e-04
3.830190608697672480e-04
3.679564912415665072e-05
3.612308699809654508e-04
-1.961354045403235742e-05
5.386227485295178767e-04
-7.284569400955998291e-05
-3.662552519290267487e-04
-3.764300079626212029e-04
-1.207012566412778859e-04
-1.214542620118215743e-04
-1.837961873938165423e-04
-2.945733921702506060e-04
-4.743720455954008046e-04
-7.604002732341992067e-04
-1.222875648441485623e-03
-1.971469008423262954e-03
-3.227331409957369217e-03
-5.385797586655934228e-03
-9.346974448792975954e-03
-1.708304207397765700e-02
-3.387964500277342722e-02
-7.589090327213057763e-02
-1.622587033855770189e-01
-1.703088317606955004e-01
-1.533578555721725745e-01
-1.299481348516213497e-01
-1.162302485089901083e-01
-1.162515764983646227e-01
-1.238115111914801642e-01
-1.279020971857381117e-01
-1.195733127589263117e-01
-1.030586496720314604e-01
-8.736752862488839089e-02
-7.370550494297999078e-02
-3.526399327594949284e-02
-1.637362877894912860e-02
-8.687974376578448329e-03
-4.997389506903379165e-03
-3.017255957772850983e-03
-1.891336146280457120e-03
-1.204377148389477971e-03
-7.789882610229975851e-04
-5.050697545222773656e-04
-3.319134233156494388e-04
-2.226716702212409155e-04
-1.600391206030752191e-04
-1.327066707851879876e-04
-1.429341573572857546e-04
-2.722821527667473244e-04
-3.320585793467534979e-04
-2.153529785216568308e-04
3.532871374209198929e-04
-1.610162630271402611e-04
3.506415532789701711e-04
6.492345538583917108e-04
-4.206651536152597524e-04
2.418746125144876930e-04
-4.098088255175656899e-06
-6.061465513079222810e-04
-2.683749120642419370e-04
-1.068453684183687404e-04
-1.198857774620351889e-04
-1.836556152869975561e-04
-2.945476453532609403e-04
-4.743614389194638378e-04
-7.604059779713158223e-04
-1.222886528195729194e-03
-1.971489547459777912e-03
-3.227344815353927650e-03
-5.385796190985818292e-03
-9.346974463524115873e-03
-1.708304936426385118e-02
-3.387965511491289328e-02
-7.589087155102430815e-02
-1.622583022155264232e-01
-1.703087862706053057e-01
-1.533578729317862377e-01
-1.299481393964652398e-01
-1.162302499498648473e-01
-1.162515852715596820e-01
-1.238115147335629579e-01
-1.279021060033839752e-01
-1.195733140600136191e-01
-1.030586306705671973e-01
-8.736750915725864652e-02
-7.370549101075794807e-02
-3.526401064791339496e-02
-1.637364264542682385e-02
-8.687976293017171323e-03
-4.997385442509504755e-03
-3.017257707185236337e-03
-1.891341405680365545e-03
-1.204382975999116097e-03
-7.789874174879201849e-04
-5.050648226083290573e-04
-3.319499484450828364e-04
-2.228170602009802597e-04
-1.604186428483980568e-04
-1.319282783769104323e-04
-1.160889500816240954e-04
5.438933794356644525e-05
-1.953828514372614824e-04
-2.515693239586128550e-04
-3.560684459856425341e-04
2.660566773317970700e-04
-1.181801670548858583e-04
-2.083522097398773486e-04
-6.015365439889763235e-04
4.539094997822086812e-04
6.468866587798388396e-05
-2.323867305325376549e-04
-3.256668158253167892e-05
-8.757970079909731080e-05
-1.190478532022720172e-04
-1.838168924113756759e-04
-2.946308745260232021e-04
-4.743838830213773601e-04
-7.603976432454605900e-04
-1.222878548615043528e-03
-1.971477162807176720e-03
-3.227333920460503155e-03
-5.385795462971383098e-03
-9.346963929538832858e-03
-1.708303757431959072e-02
-3.387964885146770022e-02
-7.589085573799565776e-02
-1.622583073660364972e-01
-1.703088005016243356e-01
-1.533578708398473378e-01
-1.299481409672263166e-01
-1.162302505792928986e-01
-1.162515735870943284e-01
-1.238115084642558844e-01
-1.279020965574957924e-01
-1.195733116489632181e-01
-1.030586384241337500e-01
-8.736751469833106687e-02
-7.370561020422806975e-02
-3.526400480824740807e-02
-1.637363204647671044e-02
-8.687971845567174500e-03
-4.997380749531574878e-03
-3.017256785522413019e-03
-1.891344659236046059e-03
-1.204380305355104821e-03
-7.789839913845703762e-04
-5.050653852954494795e-04
-3.319193273935919100e-04
-2.226991884545937307e-04
-1.600142723477582674e-04
-1.308554587633585801e-04
-1.169981722801881016e-04
1.293954611805772546e-05
-2.659529130918678128e-04
-5.367681884459176919e-04
-6.453109784999328403e-04
3.830194468092220673e-04
2.925892204672460219e-04
6.275391639925764460e-04
2.665187991770294430e-04
-4.671648324777635374e-04
-3.776060346115359709e-04
5.193781160072172059e-04
1.035473604948872677e-04
-7.825371794796791985e-05
-1.200083978525684291e-04
-1.826231985472552999e-04
-2.909982737206991501e-04
-4.676575136141995770e-04
-7.479654268220597502e-04
-1.200620437102492338e-03
-1.931515188120802974e-03
-3.160949649356513142e-03
-5.280086243863834315e-03
-9.208518219549715819e-03
-1.696438911317842829e-02
-3.412925569714447133e-02
-7.826923698990090328e-02
-1.758311191269996410e-01
-2.201584284018739679e-01
-2.645585310847023974e-01
-2.816086252089723407e-01
-2.701797237722758926e-01
-2.480897237674722366e-01
-2.082455663520720313e-01
-1.589634199619486266e-01
-1.189041247710561355e-01
-9.208439598407489046e-02
-7.555189784557879429e-02
-6.403992071396884256e-02
-3.076978215931256561e-02
-1.444407043991558816e-02
-7.761903312350145433e-03
-4.520722139917676859e-03
-2.760240896947729373e-03
-1.749616065887190080e-03
-1.124617632197589265e-03
-7.337762431776973827e-04
-4.783312709361541254e-04
-3.146562037507691497e-04
-2.087142421843889790e-04
-1.443524304914708565e-04
-1.063553642127677135e-04
-5.928769264545098765e-05
2.728421733216750741e-04
-1.123892300450949228e-04
-2.176865650409602853e-04
8.962337669147795621e-05
-1.663793923896615692e-05
4.896717331647989536e-04
8.254948664130116830e-06
3.251646114468009796e-04
-1.373666266852506350e-04
-2.418762511236232792e-04
1.066363360111769175e-04
-1.030029174072925088e-04
-1.121931133106192439e-04
-1.257894826424925795e-04
-1.836040298442014366e-04
-2.911429025468116323e-04
-4.676737457600084816e-04
-7.479778521890531953e-04
-1.200632457581052564e-03
-1.931533823071858100e-03
-3.160962423884844125e-03
-5.280085225024077830e-03
-9.208521086957924262e-03
-1.696440273082036598e-02
-3.412927940928423692e-02
-7.826923033301877441e-02
-1.758306774442168208e-01
-2.201584132959185647e-01
-2.645585691051081101e-01
-2.816086366425922805e-01
-2.701797340954962268e-01
-2.480897364652205617e-01
-2.082455735658715057e-01
-1.589634328080903047e-01
-1.189041326371136909e-01
-9.208438667057511351e-02
-7.555189686331814647e-02
-6.403993351563200265e-02
-3.076980669789787515e-02
-1.444408511667370776e-02
-7.761903505970046795e-03
-4.520718072658327230e-03
-2.760242190813752376e-03
-1.749618488951745938e-03
-1.124621659501766477e-03
-7.337749577835786562e-04
-4.783307527530889836e-04
-3.147384335969893756e-04
-2.092091304935823795e-04
-1.474094696925504081e-04
-1.264395924909967489e-04
-1.974989854018940059e-04
-7.241165456417832927e-04
2.886382851536262672e-04
-3.009127241815882535e-05
5.433479143624768068e-04
5.361782423312789602e-04
2.600555072005636967e-04
3.474349015798213055e-04
-1.845374927260537770e-04
-2.972533274984404572e-04
-2.008485345019407059e-05
3.971876318651786867e-04
-4.975071701959700617e-04
-1.611603173823192466e-04
-1.321964860191797149e-04
-1.844747038920241855e-04
-2.912818982756064639e-04
-4.676954861498311801e-04
-7.479649167882170078e-04
-1.200622525129370474e-03
-1.931523156159051713e-03
-3.160953870231195898e-03
-5.280085013220765094e-03
-9.208508176991208813e-03
-1.696438588533337802e-02
-3.412926228265217993e-02
-7.826919553296791954e-02
-1.758306876284234654e-01
-2.201583922282918937e-01
-2.645585525905615465e-01
-2.816086309342056837e-01
-2.701797278745866060e-01
-2.480897174894851620e-01
-2.082455566478784992e-01
-1.589634172385008259e-01
-1.189041292939157363e-01
-9.208439585934483085e-02
-7.555189834376994928e-02
-6.404000068214643626e-02
-3.076979126112249635e-02
-1.444407288837723340e-02
-7.761897481056559411e-03
-4.520710645479969654e-03
-2.760240102065449584e-03
-1.749623257804529524e-03
-1.124620580720654076e-03
-7.337711794036580861e-04
-4.783246662292430212e-04
-3.146627202601089373e-04
-2.088094685244666865e-04
-1.452184263297066089e-04
-1.139197205911969871e-04
-1.243772995005578232e-04
-2.840743390106583496e-04
2.732505363991939978e-04
3.479334139672580735e-04
7.254772837368018556e-05
4.476961958643090695e-04
-5.875917644671024061e-04
-3.423148094735141271e-04
-2.411362845791065396e-04
2.546222643178184218e-04
-1.377987693111488402e-04
-2.944967926505110854e-04
-1.964579445949635064e-04
-9.004365389995427622e-05
-1.069441859328932253e-04
-1.740058306961809759e-04
-2.866195663313401694e-04
-4.654304529231366254e-04
-7.466482297561733263e-04
-1.199604802833638059e-03
-1.930485107798095550e-03
-3.159712882194858682e-03
-5.278381410849981165e-03
-9.205825866275198222e-03
-1.695928826052072597e-02
-3.411771583449992040e-02
-7.823707691704413769e-02
-1.757650827652911252e-01
-2.201072940911421583e-01
-2.645465364302631572e-01
-2.816614540845780446e-01
-2.702231716885385437e-01
-2.480377379580898378e-01
-2.081705120650694796e-01
-1.589946327172019613e-01
-1.190351750717285051e-01
-9.225917512306908153e-02
-7.573163788438372346e-02
-6.420544601756295044e-02
-3.084622777427053000e-02
-1.447819114117609128e-02
-7.778370761712500962e-03
-4.529193226073682278e-03
-2.764572796223288120e-03
-1.751694939683200430e-03
-1.125133482023935256e-03
-7.330217505276853977e-04
-4.760551957788355481e-04
-3.101622466563230276e-04
-2.004877693066611875e-04
-1.299405022332598286e-04
-8.519910446967459197e-05
-7.023141107972899878e-05
-2.166587302142004921e-04
5.514354884711848009e-05
2.714993518443633473e-04
-3.129679082940827286e-04
3.305632968278319800e-04
-5.238980556933974485e-04
-2.642260397317274033e-04
3.539931369899800527e-04
9.216426656471240868e-05
-3.583551679664489977e-04
2.543476068721442626e-04
-5.448283471530426629e-04
-1.425834791950905634e-04
-1.154654284034522729e-04
-1.754228877831288599e-04
-2.868405988609252708e-04
-4.654638465903388465e-04
-7.466675404145989335e-04
-1.199618920944391445e-03
-1.930503302189787596e-03
-3.159727507571366209e-03
-5.278384093274345393e-03
-9.205832406391199069e-03
-1.695930244819630200e-02
-3.411774010790529638e-02
-7.823712334912061306e-02
-1.757652217192379462e-01
-2.201073124003381232e-01
-2.645465556791883888e-01
-2.816614527376189447e-01
-2.702231663942734063e-01
-2.480377459727445000e-01
-2.081705155979782507e-01
-1.589946411495417322e-01
-1.190351804837927741e-01
-9.225917337540773255e-02
-7.573163633041316012e-02
-6.420533724365536099e-02
-3.084624040433943393e-02
-1.447820504990638378e-02
-7.778369909040700608e-03
-4.529190056456878014e-03
-2.764574593312685985e-03
-1.751696071790124045e-03
-1.125137612475019065e-03
-7.330208252147453040e-04
-4.760508594945193363e-04
-3.102173928453394306e-04
-2.007647736661086397e-04
-1.311793999913674600e-04
-8.997471038735918331e-05
-7.829324496228173217e-05
-9.723882963288552268e-05
-4.242972058876559572e-04
2.641450929449435230e-05
4.563418669335540519e-04
5.162736832001752884e-04
-2.223996435905157025e-04
-2.336407871655582803e-05
1.282085941753876801e-05
3.588477275425749880e-04
5.023502675308554738e-04
7.340718508657248682e-04
-3.815425399165386293e-04
-1.230989232808305661e-04
-1.129937080970373249e-04
-1.750959802876021808e-04
-2.868081570554770719e-04
-4.654572375949811913e-04
-7.466478039178487628e-04
-1.199607539491849301e-03
-1.930493699902616255e-03
-3.159718375576393498e-03
-5.278379230010607492e-03
-9.205814018100848609e-03
-1.695928414910855345e-02
-3.411773182495551893e-02
-7.823715925889748735e-02
-1.757658155872493244e-01
-2.201073357682404308e-01
-2.645465259494197974e-01
-2.816614523936553649e-01
-2.702231558790296750e-01
-2.480377282876377043e-01
-2.081705015091022126e-01
-1.589946287945812886e-01
-1.190351799765380358e-01
-9.225918509115547950e-02
-7.573164077774882652e-02
-6.420538570059380890e-02
-3.084622715267980667e-02
-1.447819479093843432e-02
-7.778363851211426809e-03
-4.529180901861421318e-03
-2.764571568648151526e-03
-1.751701978205093572e-03
-1.125137666167855483e-03
-7.330165975473870764e-04
-4.760419986395098631e-04
-3.101262150241213705e-04
-2.002810022247831991e-04
-1.285790799394870808e-04
-7.579291733902282686e-05
-1.811527173628410499e-06
3.067880699772968021e-04
-1.860718493042674046e-04
8.081867142613110839e-05
3.617714267982252772e-04
1.396949224960278573e-04
4.916601001642530774e-04
-2.805223514634394154e-04
-4.178372211550449651e-04
-9.492559635300906523e-05
2.634207003863131774e-04
-6.409689181925962620e-05
2.930477533323105964e-04
7.131201799758035231e-05
-5.361654780549501999e-05
-1.568232024902349196e-04
-2.830051390616642208e-04
-4.690857458487777032e-04
-7.577471293146227247e-04
-1.221267487146367571e-03
-1.970199461521850420e-03
-3.225914005508453367e-03
-5.383676804718298507e-03
-9.342735352285165898e-03
-1.707325691734626685e-02
-3.385500679322465956e-02
-7.582536665812471266e-02
-1.621246220323653842e-01
-1.702336529156317502e-01
-1.533927454395651313e-01
-1.300934848884428285e-01
-1.164387290211081755e-01
-1.164855823261983642e-01
-1.240391831010929646e-01
-1.281664910105526634e-01
-1.199829114030839805e-01
-1.036041249164017797e-01
-8.795697291164605858e-02
-7.426448742156506466e-02
-3.552380775930642082e-02
-1.648224921746195559e-02
-8.740604584815493683e-03
-5.025453699504429245e-03
-3.032687127999878982e-03
-1.899610137806095889e-03
-1.207665098566008781e-03
-7.781342677528962307e-04
-4.995044802138682433e-04
-3.197075891539256985e-04
-1.996578215060586573e-04
-1.185575710545338433e-04
-5.830469868355068124e-05
4.510943265705273524e-06
1.995240160633494041e-04
2.292295754719892180e-04
5.919769195307894279e-04
4.254616451655366337e-04
-1.593560828296075767e-04
-3.793945308901193751e-04
1.446898467722946809e-04
4.316012341039894016e-06
2.010517900597527985e-05
2.104396214026766384e-04
-1.605173678065817085e-05
4.108200043722227989e-04
7.355373553422124978e-05
-5.544282717171645949e-05
-1.573982513189946947e-04
-2.831197166895730558e-04
-4.691078524668796041e-04
-7.577660556539317620e-04
-1.221279559598595138e-03
-1.970212538734590190e-03
-3.225923890114022318e-03
-5.383676596416505158e-03
-9.342738294889539608e-03
-1.707326441451590890e-02
-3.385501773279894072e-02
-7.582537864867204547e-02
-1.621245790474048487e-01
-1.702336379530190735e-01
-1.533927549764914910e-01
-1.300934811310981154e-01
-1.164387250763788267e-01
-1.164855925139333670e-01
-1.240391890230259503e-01
-1.281665014412371739e-01
-1.199829138643985493e-01
-1.036041170009818491e-01
-8.795696563109600685e-02
-7.426438286658534893e-02
-3.552381117660094456e-02
-1.648225834418534305e-02
-8.740600479295465575e-03
-5.025450804932478192e-03
-3.032691009187809920e-03
-1.899612480358176588e-03
-1.207670487780872649e-03
-7.781319913580903936e-04
-4.994936546555870608e-04
-3.197391180736863900e-04
-1.998218373769899156e-04
-1.193899207935416798e-04
-6.331667285950765532e-05
-3.014953722453862005e-05
-7.452832927345283897e-05
-4.358159760929221881e-04
-3.117190451058951626e-04
-5.758990745022629166e-04
-2.923703284328653981e-04
1.409971425286155565e-04
3.839450269901828320e-04
-1.825547813689700426e-04
-2.753601164703500673e-04
-1.501996881711603932e-05
-1.968065200702668260e-04
5.903761931289010960e-04
1.008744028111207999e-04
-5.137484855140925948e-05
-1.568216803054306636e-04
-2.830514394363653724e-04
-4.690943641909403497e-04
-7.577449348974586848e-04
-1.221269570561081107e-03
-1.970207831268618471e-03
-3.225920588655464827e-03
-5.383674730706154189e-03
-9.342724559401337919e-03
-1.707325251412375802e-02
-3.385501646573713108e-02
-7.582541574357030967e-02
-1.621249887733951789e-01
-1.702336692450465427e-01
-1.533927529697158565e-01
-1.300934939479472807e-01
-1.164387242275783246e-01
-1.164855758767519706e-01
-1.240391730891744065e-01
-1.281664901315382743e-01
-1.199829193310516379e-01
-1.036041349503476067e-01
-8.795698378555143193e-02
-7.426446344078671546e-02
-3.552381894652242855e-02
-1.648225587316374391e-02
-8.740597195619247486e-03
-5.025441672092370755e-03
-3.032686140441708759e-03
-1.899616793472274018e-03
-1.207669682178510269e-03
-7.781281938071269236e-04
-4.994885286198513146e-04
-3.196675051749658654e-04
-1.994520008529052850e-04
-1.174276090680912896e-04
-5.247968840605720574e-05
3.092633353035765132e-05
2.817932124662496894e-04
1.423391816754124056e-04
-4.668482537187968536e-04
1.224798457715685482e-04
-2.434040055117617988e-04
-8.596058214686341304e-05
-5.552283324502591119e-04
-2.406059118344809860e-04
5.082329318315070930e-04
6.340441743323276024e-05
-6.768905382694323687e-04
5.981949858927821523e-04
1.322870975431424297e-04
-3.474820229777383554e-05
-1.513330166582975401e-04
-2.848774489759866549e-04
-4.778361904470709658e-04
-7.769418735577414024e-04
-1.257280873014330475e-03
-2.035891137407490076e-03
-3.334754640693295396e-03
-5.551721825935313111e-03
-9.537560892751165142e-03
-1.711737176242176389e-02
-3.285308295336681478e-02
-6.970336999606220607e-02
-1.369800095072875867e-01
-1.207636783353066706e-01
-9.064209409790503769e-02
-6.707475340727522828e-02
-5.526390996663529259e-02
-5.493474287139829548e-02
-6.577171303266193814e-02
-8.583902549117337910e-02
-1.070878682618018329e-01
-1.147808920389191689e-01
-1.075817778586412726e-01
-9.289524115926706127e-02
-4.384409913651727414e-02
-2.008735277516527501e-02
-1.048065986418915407e-02
-5.924423670602293156e-03
-3.518218342570351900e-03
-2.166706714105123572e-03
-1.356371261565984679e-03
-8.597510540838760110e-04
-5.432313319474391848e-04
-3.404564415373988141e-04
-2.052489802833203352e-04
-1.122670553506462544e-04
-4.778975123175163676e-05
-4.328044787824914213e-05
-3.780809171711884287e-04
-8.273257375493261491e-04
-2.578812333156479497e-04
-6.083682366758507657e-04
-6.488187705042329067e-04
-4.677088292915617469e-04
-4.869244836839684357e-04
3.534761370042717801e-04
4.867226806434138566e-05
3.394455649594703330e-04
1.079947803602345982e-04
2.468638766945326145e-04
8.546390808000424932e-05
-4.120951138751707447e-05
-1.522249033533098106e-04
-2.849906253221208465e-04
-4.778540579135483559e-04
-7.769597231016495478e-04
-1.257291244272844581e-03
-2.035901529209661887e-03
-3.334765344796133870e-03
-5.551727445415184127e-03
-9.537568829806584297e-03
-1.711737958985441385e-02
-3.285308535191654861e-02
-6.970336418788211641e-02
-1.369799439448110834e-01
-1.207636668448519440e-01
-9.064211166651252316e-02
-6.707475596955111974e-02
-5.526391054709679090e-02
-5.493474985046517545e-02
-6.577171356752446740e-02
-8.583903220472419160e-02
-1.070878701816555395e-01
-1.147808793846415154e-01
-1.075817899771589065e-01
-9.289531415855922791e-02
-4.384411450858637094e-02
-2.008735957414064383e-02
-1.048065201717032768e-02
-5.924419111505060606e-03
-3.518221166787423478e-03
-2.166708506901442090e-03
-1.356377655755793606e-03
-8.597461800780104371e-04
-5.432116530004221138e-04
-3.404588589096244934e-04
-2.052350279265021575e-04
-1.118751219895078189e-04
-4.374400950449615518e-05
-6.507218390561832865e-06
-5.898454859640914791e-05
-2.793038901048113150e-04
-1.060291497112686210e-04
-1.709069236641053721e-04
-2.129035249262882661e-05
-1.999038673371730844e-04
-4.744194914878423533e-04
1.941402295273036386e-04
-5.007096211327909325e-04
3.232184708821592817e-04
-4.088158032401791584e-04
2.740418156936868990e-04
8.441623903230733412e-05
-4.226902561148587794e-05
-1.525517894670523969e-04
-2.850767733042135167e-04
-4.778651705363553886e-04
-7.769431519085277403e-04
-1.257282015514277337e-03
-2.035897356048596476e-03
-3.334760010413791772e-03
-5.551718008360420620e-03
-9.537551717029748091e-03
-1.711737001047245257e-02
-3.285308847096384682e-02
-6.970339069508132979e-02
-1.369801613625305781e-01
-1.207636956837244147e-01
-9.064211605961826346e-02
-6.707476133425754883e-02
-5.526390411202952713e-02
-5.493473235128337739e-02
-6.577169851669099898e-02
-8.583902390952473371e-02
-1.070878772369569382e-01
-1.147808947563751375e-01
-1.075817968993508650e-01
-9.289535843090217238e-02
-4.384412455550652787e-02
-2.008735841509821235e-02
-1.048064881774224757e-02
-5.924410347502645328e-03
-3.518217222301609111e-03
-2.166714243453018735e-03
-1.356378692802736718e-03
-8.597467156368347220e-04
-5.432174752666962510e-04
-3.404319248688542792e-04
-2.051251792842143584e-04
-1.114805429206475364e-04
-4.265133355065972364e-05
-9.008955255359386396e-06
-1.441940321590703239e-04
-3.383978936322668647e-04
1.451161871474844240e-04
2.609921341712549280e-04
-8.369551457294842377e-05
5.971580832198813347e-05
9.073227197584090805e-05
-9.779826632321523194e-05
3.099791535216776784e-04
4.481241188421274308e-04
-1.966009278756697799e-04
2.448864823774602275e-04
4.139148041503648491e-05
-6.056517744124194369e-05
-1.611500660398899605e-04
-2.932286451846026617e-04
-4.909746273607815212e-04
-8.017452968620578059e-04
-1.302889159463105481e-03
-2.119194295461900197e-03
-3.474243486682343854e-03
-5.768213702895953580e-03
-9.793906966802556208e-03
-1.719220284318035211e-02
-3.174884797275451254e-02
-6.345785196333249278e-02
-1.143510287837311151e-01
-9.110360016952079310e-02
-6.010592291104881885e-02
-3.698920612137818198e-02
-2.539693217316003546e-02
-2.453635558065071082e-02
-3.436191327793684802e-02
-5.500593765125418033e-02
-8.504432809037747176e-02
-1.137775209667074294e-01
-1.249168699829846241e-01
-1.148714175273630317e-01
-5.403867121744770907e-02
-2.460477658324873931e-02
-1.270964502118791632e-02
-7.096716707020654137e-03
-4.160075852734162853e-03
-2.522448544568858808e-03
-1.555508792794590978e-03
-9.696833627295034898e-04
-6.031196166301426142e-04
-3.705176516270360793e-04
-2.158635106514351486e-04
-1.033636294841783172e-04
2.673953691617991831e-06
1.678355107666774286e-04
6.366423715640237785e-04
1.066656304701488149e-05
-1.109391827929808821e-04
2.780223454900869538e-04
2.172627803370063778e-04
3.300636357348931283e-04
5.398325465141387038e-04
-3.071821879676184947e-04
3.958263820942958203e-04
7.711179680054891170e-04
-7.153981843716565158e-04
2.463898975891341109e-04
5.063949321813064467e-05
-5.785528326890004337e-05
-1.605492615965135319e-04
-2.931081014392142737e-04
-4.909604180137687023e-04
-8.017584082017350719e-04
-1.302895255757081840e-03
-2.119197627054658813e-03
-3.474250680016030806e-03
-5.768220756785742698e-03
-9.793914711165986262e-03
-1.719221059504105059e-02
-3.174885002828263525e-02
-6.345784758746088328e-02
-1.143509940200738567e-01
-9.110359583847849052e-02
-6.010593211171944006e-02
-3.698919951114439109e-02
-2.539692880760692148e-02
-2.453636131306480977e-02
-3.436191812887898211e-02
-5.500595126808419111e-02
-8.504433671429072195e-02
-1.137775143391657751e-01
-1.249168739247916715e-01
-1.148714135126465974e-01
-5.403868159443007274e-02
-2.460478330486026363e-02
-1.270963787381704929e-02
-7.096715455660776439e-03
-4.160079078633627074e-03
-2.522447807019936265e-03
-1.555510416410568319e-03
-9.696706053532935929e-04
-6.030953498231618644e-04
-3.705296087038951526e-04
-2.159428083167579289e-04
-1.037891014750733716e-04
-2.828302123640446759e-07
1.449505319402503924e-04
4.438335851903293309e-04
4.388600791651591383e-04
3.394401236390580195e-04
3.541193441530040707e-04
1.851521034244032159e-04
4.894746946499159814e-04
4.278875954080130998e-04
-3.764134225549975324e-04
-8.528362620374728949e-06
2.260847507646547214e-04
6.422097067096932106e-05
-1.294094547701793397e-04
-1.054352855488409568e-05
-6.818959320053003177e-05
-1.623148187681538264e-04
-2.934131159337010253e-04
-4.910027728825828433e-04
-8.017484558483662380e-04
-1.302890045557538118e-03
-2.119199677013097055e-03
-3.474250492378718868e-03
-5.768212022414934484e-03
-9.793902632991537821e-03
-1.719220373281082209e-02
-3.174884460581194751e-02
-6.345784369433278560e-02
-1.143510174122040340e-01
-9.110360772095042747e-02
-6.010594341928693352e-02
-3.698921272368670132e-02
-2.539692630939151263e-02
-2.453634299999620308e-02
-3.436189539065732240e-02
-5.500593485552282558e-02
-8.504433789559574797e-02
-1.137775230455935205e-01
-1.249168815678251832e-01
-1.148714835870778134e-01
-5.403868574269894004e-02
-2.460477953364987799e-02
-1.270963138480800392e-02
-7.096702233351882827e-03
-4.160072601526485642e-03
-2.522453488856613198e-03
-1.555515124707733008e-03
-9.696788707335185671e-04
-6.031128252816419025e-04
-3.705385186172942464e-04
-2.160047435161263261e-04
-1.041276862779622753e-04
-1.189816011320684323e-06
1.499294855563384707e-04
5.654028491049673324e-04
1.982878467678599458e-05
3.644825119350506774e-04
-6.689251268190969820e-05
-1.946460389706190558e-04
-6.272588372368768635e-05
5.823067239632162984e-04
3.249385075311699619e-04
2.484795678860260361e-04
9.964039394196367336e-05
1.453215302516672951e-04
-4.539000960191748443e-04
-9.190686523744910879e-05
-9.648615401482121183e-05
-1.748764521509374025e-04
-3.021889748536194333e-04
-5.020342981204700943e-04
-8.215935372809453395e-04
-1.339992106712691337e-03
-2.189244533782204981e-03
-3.595670503946392458e-03
-5.963768849876085673e-03
-1.004322411113515306e-02
-1.733111597696798678e-02
-3.104879319309877470e-02
-5.920040783867380751e-02
-1.007014703932592042e-01
-7.688891194539100582e-02
-4.777533484389494961e-02
-2.575348838021576311e-02
-1.343708744322339409e-02
-1.035957465116732999e-02
-1.684108985833019170e-02
-3.379839639626107395e-02
-6.212677927108683357e-02
-9.788197030493080153e-02
-1.266151099246679013e-01
-1.290651488343128039e-01
-6.208438665605225948e-02
-2.869555196060320779e-02
-1.488759203233175170e-02
-8.292346741053339271e-03
-4.830491129991731913e-03
-2.897683079997057879e-03
-1.766233394982615057e-03
-1.086110180895484296e-03
-6.669945776817315158e-04
-4.040187590240499043e-04
-2.319334956751131272e-04
-1.088395211259817152e-04
1.855677981036994521e-06
1.538694119752332789e-04
4.979301457384607398e-04
7.419847135995422528e-05
-2.005661937812653435e-04
5.963216832115356570e-04
9.824835960232652530e-05
-7.309284794651518726e-04
7.867068828358388566e-05
-2.615286492098260556e-04
9.805161051129295522e-05
-1.478972231388157171e-04
-2.082461746023866241e-04
3.385176283318398847e-04
1.910020651739037411e-05
-8.028935773814821692e-05
-1.724811365584066089e-04
-3.018353836741507991e-04
-5.019916442849796682e-04
-8.216016776270707034e-04
-1.339995101645725765e-03
-2.189244151465132449e-03
-3.595679449409181373e-03
-5.963782225727051571e-03
-1.004323475861313049e-02
-1.733112249715449554e-02
-3.104878768171646236e-02
-5.920039163274765787e-02
-1.007014214273566494e-01
-7.688891117972285194e-02
-4.777535048425691350e-02
-2.575348989811993006e-02
-1.343708969202147586e-02
-1.035958159213336109e-02
-1.684109579990849398e-02
-3.379840799025680270e-02
-6.212678195356035465e-02
-9.788196073546551190e-02
-1.266151054391818631e-01
-1.290651291937651157e-01
-6.208439419463169379e-02
-2.869555331198176545e-02
-1.488758001706013377e-02
-8.292344872707970230e-03
-4.830495346084449915e-03
-2.897688007723452780e-03
-1.766241929137994833e-03
-1.086100682002119058e-03
-6.669763475000073990e-04
-4.040443296521951315e-04
-2.320630766232468817e-04
-1.094145129056462384e-04
-5.151890294256246007e-07
1.475652026563971440e-04
5.150024287913825818e-04
8.631923817708883520e-05
-2.391186204178050720e-04
3.639224373388977654e-04
3.187582788211837381e-04
-4.945728617563406376e-04
-1.861752534235531578e-05
7.001741767335886149e-04
-1.042484019836220031e-04
-1.603196795182666007e-04
-3.214051776356552392e-04
-8.502212218190825419e-05
-4.621801976207574826e-05
-9.096645849064606646e-05
-1.742699105938283217e-04
-3.021359661662341282e-04
-5.020325852756624824e-04
-8.215954254336588387e-04
-1.339992846329622839e-03
-2.189248917702993000e-03
-3.595677863677706858e-03
-5.963765222421254369e-03
-1.004321777087386833e-02
-1.733111440825896993e-02
-3.104878302862499814e-02
-5.920039130256808668e-02
-1.007014237987192973e-01
-7.688891314076669314e-02
-4.777535426900674648e-02
-2.575349481721482536e-02
-1.343708430141391658e-02
-1.035956592383652404e-02
-1.684107510575159894e-02
-3.379839359703281504e-02
-6.212678596701922545e-02
-9.788196915917518615e-02
-1.266151099389091483e-01
-1.290651662554568591e-01
-6.208439644024983661e-02
-2.869555378382633928e-02
-1.488757552881919861e-02
-8.292330516480003397e-03
-4.830487145125792088e-03
-2.897688424748669223e-03
-1.766240306642503357e-03
-1.086105765008382349e-03
-6.669941884647699040e-04
-4.040823971092799734e-04
-2.323440129510458856e-04
-1.113004160136063031e-04
-1.283909713204694998e-05
6.536962394154101558e-05
-4.535726770594381100e-05
-1.163647863586604240e-04
-3.594018263059621542e-04
-4.287466743817976698e-05
5.230508526734482886e-04
2.506434451478455516e-04
3.776138182747638700e-04
1.718206002129787566e-04
-1.789331009351456745e-04
2.625547266477918176e-04
2.003802809609625871e-04
-4.364307547614891281e-05
-5.165502926550034814e-05
-1.021046241123140858e-04
-1.820198165750150777e-04
-3.074033515609529135e-04
-5.074711933378880241e-04
-8.313270309345577357e-04
-1.359579306815001873e-03
-2.229709043284518622e-03
-3.671817508901463467e-03
-6.099388867868991808e-03
-1.025374424150882376e-02
-1.760070447421833301e-02
-3.122340235063322464e-02
-5.872685972421039236e-02
-9.876266316036441673e-02
-7.478665384512994674e-02
-4.504117693734877026e-02
-2.172990053932697188e-02
-7.812751035004339428e-03
-2.869797738403093330e-03
-6.918850736314705215e-03
-2.053564893574851002e-02
-4.481658678861756562e-02
-7.901776034023610951e-02
-1.146954461233007372e-01
-1.301284874748176168e-01
-6.579518295097160074e-02
-3.139585226798552453e-02
-1.658121063910945187e-02
-9.306942949036396684e-03
-5.427564019830722307e-03
-3.240299449644405347e-03
-1.961282956320272060e-03
-1.194764356203535270e-03
-7.272749925377686381e-04
-4.367525015395006265e-04
-2.503311434282621726e-04
-1.226189948902363673e-04
-2.250568564906968146e-05
7.717970030222792417e-05
2.258294017275273380e-04
2.656750742466044632e-04
-2.399334756585816224e-04
5.054696908831729724e-04
1.330420179365334615e-04
-4.151457441989104603e-04
4.551799267068629671e-05
3.846937989984799657e-05
1.389520161480254290e-04
7.624733082826363193e-05
-1.301692209154524014e-04
-5.246029709136464808e-05
-4.854290336367041842e-05
-1.009892380822966125e-04
-1.817559272945451563e-04
-3.073566050576540475e-04
-5.074721137137126227e-04
-8.313387147523172704e-04
-1.359579813064701369e-03
-2.229702557189273526e-03
-3.671823341067931984e-03
-6.099403117269204533e-03
-1.025375562775267778e-02
-1.760071309710621243e-02
-3.122340295898428861e-02
-5.872685600783981996e-02
-9.876265815370044443e-02
-7.478666343482712198e-02
-4.504118601576354713e-02
-2.172989642961765944e-02
-7.812752042405024869e-03
-2.869803833173109695e-03
-6.918856360065452418e-03
-2.053565705612015943e-02
-4.481658434461684853e-02
-7.901774987044306309e-02
-1.146954483149733861e-01
-1.301284889523176280e-01
-6.579519317806217793e-02
-3.139585484806930310e-02
-1.658120309356616792e-02
-9.306948139021140737e-03
-5.427571780715378588e-03
-3.240304279037100558e-03
-1.961287365931196295e-03
-1.194749873018705012e-03
-7.272611415962172698e-04
-4.368027269612119001e-04
-2.506042507214911231e-04
-1.240783895775603022e-04
-3.015580210468610874e-05
3.983761641491779154e-05
6.186232904586137066e-05
3.076986786065128007e-04
-5.630964664194874686e-04
9.454874318570339752e-05
2.040653042783787709e-04
-1.552677234599352451e-04
-2.630525559106981185e-04
-3.081805783222137606e-04
1.375100774672847873e-04
-3.667082340042088456e-04
2.142696459275948901e-04
1.111239745048068735e-04
-3.621296160175679717e-05
-1.008000383664395120e-04
-1.819808948628806979e-04
-3.074237417745555442e-04
-5.074788818198562937e-04
-8.313301383057355954e-04
-1.359575997702282789e-03
-2.229706782625596843e-03
-3.671822111355950002e-03
-6.099386753340865427e-03
-1.025374497831126920e-02
-1.760071024426936026e-02
-3.122339392391555377e-02
-5.872684532578092281e-02
-9.876264146644767039e-02
-7.478665946240180273e-02
-4.504119226379336982e-02
-2.172990164657785661e-02
-7.812746085951052452e-03
-2.869790423718314443e-03
-6.918838522224039257e-03
-2.053564603722826329e-02
-4.481659065803215991e-02
-7.901775759080849337e-02
-1.146954519509837678e-01
-1.301285195495639757e-01
-6.579519689763745072e-02
-3.139585690821622421e-02
-1.658119439583128490e-02
-9.306923765544284147e-03
-5.427556013497084574e-03
-3.240302906540902268e-03
-1.961290252025100957e-03
-1.194762239354944756e-03
-7.272770341237744674e-04
-4.368128555023173890e-04
-2.507057043844665455e-04
-1.247460821771556117e-04
-3.423096165772177273e-05
1.387509489507412909e-05
-1.107914539255607715e-04
1.582317184952949951e-04
3.912777942124062236e-04
-3.892870408410155077e-04
-1.620723595943203605e-04
-4.463946982458249515e-04
-5.573135336606890259e-04
-7.810172518007305823e-05
-6.400971331751386490e-05
3.244569561038639527e-05
-5.364543676540800424e-04
3.906092644957306968e-04
-7.809160107409710623e-06
-1.033942594699794850e-04
-1.844133450505436908e-04
-3.061718213135200084e-04
-5.023811269051909863e-04
-8.224436757846101962e-04
-1.346466727273536472e-03
-2.213153023967120644e-03
-3.654225552970524499e-03
-6.092254408989417058e-03
-1.029101463113815326e-02
-1.779614476744277238e-02
-3.195123264879035779e-02
-6.132740058827276103e-02
-1.065896069909221394e-01
-8.255743819829317043e-02
-5.061293319593566237e-02
-2.467126537576703332e-02
-8.104886669372750319e-03
-6.052631038769742781e-04
-1.855778057439423211e-03
-1.209532757707932997e-02
-3.200621747036580533e-02
-6.183393625392665655e-02
-9.669269406625821683e-02
-1.189941404408148412e-01
-6.442366580256679576e-02
-3.219597311353743913e-02
-1.746990649056628583e-02
-9.946482671884207538e-03
-5.835508660069006065e-03
-3.483502648018806450e-03
-2.102464164058477809e-03
-1.274244129524833681e-03
-7.717062256261060559e-04
-4.611149576675406363e-04
-2.640503516206087632e-04
-1.315645995189709014e-04
-3.132735948642331562e-05
6.968177781744806299e-05
2.742034755170993736e-04
2.388851773723622818e-04
2.952232801677614972e-04
2.503579670988536243e-04
-1.843172892413464813e-04
5.381266698282232601e-04
3.167158736542595248e-04
-2.143894195024668048e-04
-2.716615827656577046e-05
-1.660163467012138578e-04
-3.906607520936518189e-04
-1.768421547458034094e-04
-8.809963154039624346e-05
-1.147410601592130109e-04
-1.859712877020376208e-04
-3.063882805328967660e-04
-5.024184435339029914e-04
-8.224574196937503101e-04
-1.346467928891122504e-03
-2.213149590712077536e-03
-3.654240200086401446e-03
-6.092278187025056482e-03
-1.029102792716206187e-02
-1.779614732365961127e-02
-3.195122503584230805e-02
-6.132739038543887078e-02
-1.065896043066539151e-01
-8.255744651266001821e-02
-5.061293881657255578e-02
-2.467126411234719235e-02
-8.104891589845413316e-03
-6.052710421316279382e-04
-1.855786938394994416e-03
-1.209533781008482849e-02
-3.200621433437388780e-02
-6.183392373916703211e-02
-9.669269415969074244e-02
-1.189941484642832586e-01
-6.442367837072129899e-02
-3.219597778102984559e-02
-1.746990245789845769e-02
-9.946490432236379173e-03
-5.835515974775302463e-03
-3.483505074004771516e-03
-2.102463377462410448e-03
-1.274226796065661789e-03
-7.716966685449734966e-04
-4.611791848454189027e-04
-2.644332614743751452e-04
-1.339199635598964258e-04
-4.596423430051376678e-05
-2.209936468498430133e-05
-3.138523214661219948e-04
-1.384721654284611840e-05
5.663645118014291185e-04
-1.812514595829735147e-04
-7.398140788610949427e-04
1.304811870233482511e-04
1.537851938346197745e-04
-4.466738649586005365e-04
1.298605595448358194e-04
-5.527622374914098295e-04
1.123413777805041592e-04
-3.074869695872621393e-04
-9.536695938963293112e-05
-1.147927126107386011e-04
-1.859262582017200095e-04
-3.063770064225156066e-04
-5.024107508752027364e-04
-8.224510729677069398e-04
-1.346464743039662041e-03
-2.213152494621192009e-03
-3.654234490225854396e-03
-6.092254039463143762e-03
-1.029101290028970432e-02
-1.779614443661295398e-02
-3.195121895528161421e-02
-6.132738666718491605e-02
-1.065896010570817343e-01
-8.255744932302581940e-02
-5.061294939532376413e-02
-2.467126838671434771e-02
-8.104883325908647518e-03
-6.052572720141397239e-04
-1.855768220079138118e-03
-1.209532408707498022e-02
-3.200621681093052812e-02
-6.183392731730306263e-02
-9.669269163354839158e-02
-1.189941534768689801e-01
-6.442367769188228621e-02
-3.219597953047531602e-02
-1.746989476152408308e-02
-9.946468363508821978e-03
-5.835504897194949449e-03
-3.483507937892821402e-03
-2.102468761734983815e-03
-1.274238866774794537e-03
-7.717037864637871008e-04
-4.611499279249974188e-04
-2.642630321543611919e-04
-1.326684530114796310e-04
-3.651417047924227123e-05
4.930604827256332011e-05
2.318024891090046007e-04
2.165778523740866199e-04
2.846073735792193520e-04
1.538956597638641499e-04
1.997258965626432349e-04
-5.375589569853998252e-04
-2.544715557873872876e-04
-4.235826037398529088e-04
-3.581085712855957957e-05
2.528936748753428583e-04
-5.247599338945617891e-05
-2.231966771007695997e-04
-1.018634018390179494e-04
-1.193013735526815463e-04
-1.838533031206829760e-04
-2.978034237862928636e-04
-4.854696094719794324e-04
-7.926954542528304995e-04
-1.296098221227960732e-03
-2.129494742781995638e-03
-3.519894870702223837e-03
-5.888724497908448541e-03
-1.002619431017472661e-02
-1.759644256924969632e-02
-3.240199584771365215e-02
-6.479261528480499688e-02
-1.196178974018560354e-01
-9.714414755667480361e-02
-6.200002036372533054e-02
-3.202317517116983620e-02
-1.207752645793265002e-02
-1.953498007265904151e-03
-8.356805512239434382e-04
-8.471465737068292756e-03
-2.503543612042548328e-02
-5.085761803895729599e-02
-8.251427621966461734e-02
-1.063002871596297472e-01
-6.107445055752823426e-02
-3.175874711272728274e-02
-1.765709499476625713e-02
-1.019291002366663063e-02
-6.021950001079935492e-03
-3.603277420403435370e-03
-2.174818752948901382e-03
-1.315917335026966237e-03
-7.952790974402150492e-04
-4.739702776339284785e-04
-2.706156447999803196e-04
-1.335198563086061291e-04
-2.749108855740875268e-05
8.658298591835148145e-05
3.344527132587282324e-04
-4.676646176356039162e-05
1.522407788843464977e-04
3.229288359986463353e-04
-7.291201576913560519e-04
2.613359651172011272e-04
-7.343518201573058968e-05
-1.433936165198021842e-04
1.475099181638958384e-04
2.580259557978063496e-04
-1.852089970454933062e-04
-4.119017954192679396e-04
-1.199703179549012637e-04
-1.205749465126208184e-04
-1.838190395350143102e-04
-2.977762432447850758e-04
-4.854706308754765868e-04
-7.926994493460461652e-04
-1.296094536078617283e-03
-2.129484306033926130e-03
-3.519902080845692654e-03
-5.888744460090825257e-03
-1.002620719599821297e-02
-1.759644687363869781e-02
-3.240199242733617091e-02
-6.479261061514972331e-02
-1.196178942561398478e-01
-9.714415478648660840e-02
-6.200002272013070692e-02
-3.202317545829815038e-02
-1.207753304820579146e-02
-1.953503249267122665e-03
-8.356891046267349299e-04
-8.471476199370255034e-03
-2.503543046906778896e-02
-5.085760023033323446e-02
-8.251427120340322496e-02
-1.063002949386895601e-01
-6.107446540480188091e-02
-3.175875154965226294e-02
-1.765709362579827302e-02
-1.019291854068801219e-02
-6.021952136278345934e-03
-3.603276516702562989e-03
-2.174820114905038227e-03
-1.315906298539422934e-03
-7.952715479236947610e-04
-4.739993300869586477e-04
-2.707641769169288047e-04
-1.343487811020450322e-04
-3.197022806945123074e-05
6.373109175790124818e-05
2.276253030506465247e-04
-2.489081387562184795e-04
2.972076191608547099e-04
3.360896397388245509e-04
-8.426849310793621466e-06
3.470950356457860831e-04
-2.813107012902353577e-04
-2.173435587948060433e-05
-4.733452038936520321e-05
-1.083864376455708812e-04
-2.462117219365447568e-04
1.920249414193078556e-04
-5.535130210059925566e-05
-1.138730692575774280e-04
-1.832018187091993355e-04
-2.977230812152687855e-04
-4.854621592083371959e-04
-7.926992172240380271e-04
-1.296094643665294047e-03
-2.129490436805423804e-03
-3.519899300890247124e-03
-5.888721059262474675e-03
-1.002619311744647537e-02
-1.759644394124620231e-02
-3.240198400975873722e-02
-6.479260362254482541e-02
-1.196178931625415803e-01
-9.714415668289326511e-02
-6.200003416902812037e-02
-3.202317943485308294e-02
-1.207752605455324375e-02
-1.953493539770647172e-03
-8.356715716812255406e-04
-8.471461226773486716e-03
-2.503543093952525014e-02
-5.085760465599346858e-02
-8.251427067863045806e-02
-1.063002888508595978e-01
-6.107446267179730826e-02
-3.175875311314527855e-02
-1.765708233140112285e-02
-1.019289311820978719e-02
-6.021941032016598846e-03
-3.603279265881139184e-03
-2.174823961336021412e-03
-1.315915216598073428e-03
-7.952757140650461515e-04
-4.739843591431089635e-04
-2.707139488731094882e-04
-1.341749809849444332e-04
-3.220821934921455344e-05
5.031031375799361699e-05
4.384192783516564806e-05
-2.304059484217246064e-04
-6.638899262318925343e-05
-2.231329106324001789e-04
9.704156804934553930e-05
-2.764307743410866205e-04
4.333713493701783445e-04
1.995832343148135676e-04
-2.093289852627398557e-04
-3.214176685690069623e-04
4.431310107456549454e-04
-3.694646801633947480e-04
-1.256549081278806473e-04
-1.184966856146687695e-04
-1.752366003049679534e-04
-2.816305631037841948e-04
-4.572269821757930374e-04
-7.433708557148186987e-04
-1.210601610550484470e-03
-1.981460488368878749e-03
-3.269218583843786202e-03
-5.474643101996292879e-03
-9.385601430285096108e-03
-1.672246065206261373e-02
-3.165654953311436426e-02
-6.631994611996397393e-02
-1.310807989172453336e-01
-1.155600783627365319e-01
-7.956139349101037928e-02
-4.510378801370776292e-02
-2.067913270804718276e-02
-7.091245069529608994e-03
-3.117121500899702833e-03
-8.160253006793127817e-03
-2.203935218531914361e-02
-4.519552381859654605e-02
-7.460309472003252840e-02
-9.827166988803009984e-02
-5.834325140544718152e-02
-3.094393605046388482e-02
-1.739745556549594091e-02
-1.010695682152160622e-02
-5.993217453641674040e-03
-3.594190621749096797e-03
-2.172302567081387577e-03
-1.315443358930973609e-03
-7.952270844528375399e-04
-4.738802719509320797e-04
-2.701378867399215002e-04
-1.322903917904483327e-04
-2.835926453963960803e-05
4.828777336370692312e-05
-1.829955306818846451e-05
-2.576787222652437157e-04
-5.206556376811897753e-05
-1.574153181320947471e-04
4.151011128891810443e-05
-3.343940416096041193e-04
-2.936771875948043287e-04
-1.432143361214856399e-04
-3.327657140262682496e-05
1.390488449734232764e-04
4.852143023692772060e-05
5.986549704281265332e-04
1.070533299242763988e-05
-9.849835417954761981e-05
-1.722627684191712413e-04
-2.811986620325621533e-04
-4.571712292137634524e-04
-7.433632212387171565e-04
-1.210599209252419782e-03
-1.981457519020819215e-03
-3.269234299401835558e-03
-5.474667217313300936e-03
-9.385609781433188609e-03
-1.672245704627592019e-02
-3.165654307202765694e-02
-6.631993849448386547e-02
-1.310807778304665938e-01
-1.155600805001917863e-01
-7.956138883327536215e-02
-4.510378001364735712e-02
-2.067913380924331010e-02
-7.091253067409534171e-03
-3.117138058031345121e-03
-8.160266192437181862e-03
-2.203934556382040888e-02
-4.519550369383042165e-02
-7.460308062302897780e-02
-9.827166616906478358e-02
-5.834327269132843358e-02
-3.094394177153035608e-02
-1.739745208051420716e-02
-1.010696172974342999e-02
-5.993215594947531866e-03
-3.594186422220693820e-03
-2.172301390104367826e-03
-1.315433699949407863e-03
-7.952170996931239542e-04
-4.738646478762313435e-04
-2.700107578474182819e-04
-1.314268058613721245e-04
-2.259813489029548642e-05
8.631756616334654514e-05
2.276763672107267580e-04
-2.665020350758038988e-05
-1.631834480678957876e-04
-4.795621491733302643e-04
1.902409292432943400e-04
3.903172388225404623e-04
-4.905539247926839642e-04
-2.494022218640760697e-04
-1.927752248970297474e-04
3.851547521820274035e-04
-2.663600311764802793e-04
-3.946370735978861231e-04
-1.147604710049628888e-04
-1.151077843872850989e-04
-1.745289744447370522e-04
-2.815035514071995821e-04
-4.572091211596995483e-04
-7.433725479195670959e-04
-1.210596833845647242e-03
-1.981455578087276421e-03
-3.269223123044815143e-03
-5.474641263248001231e-03
-9.385602494411083088e-03
-1.672246348639841104e-02
-3.165653922976046503e-02
-6.631993515149955942e-02
-1.310807896536470563e-01
-1.155600829694659326e-01
-7.956140099538062949e-02
-4.510378740952655785e-02
-2.067913319831638300e-02
-7.091246999528666266e-03
-3.117118998651329485e-03
-8.160250917559895220e-03
-2.203934349825372591e-02
-4.519550309506777802e-02
-7.460308011733451927e-02
-9.827165358596665068e-02
-5.834326349309580662e-02
-3.094394144999447482e-02
-1.739743857880146280e-02
-1.010694016768238189e-02
-5.993210319083543992e-03
-3.594191225954440107e-03
-2.172306656427627682e-03
-1.315441657291323892e-03
-7.952193426227348750e-04
-4.738522943735635324e-04
-2.699514602002392352e-04
-1.310481509289368658e-04
-2.019428777272862710e-05
1.020072877953954804e-04
3.400749914917223799e-04
1.135592620363160953e-04
1.019333048198381003e-04
-4.949691353211754319e-04
3.309821945518745122e-04
3.150446951242802406e-04
-6.520728251825860669e-04
4.254254584722202579e-04
3.264507369125508847e-04
-4.026110625844681913e-04
-1.980850656900069262e-04
-3.946332492799918047e-04
-1.094830800001596902e-04
-1.031681515408109723e-04
-1.590599208687630214e-04
-2.586339188614798800e-04
-4.196529401878586240e-04
-6.784389414935363023e-04
-1.097518948734745731e-03
-1.782868679831466031e-03
-2.924986145446745872e-03
-4.881001976002540335e-03
-8.385336334427171898e-03
-1.506863091739757236e-02
-2.905761276160385292e-02
-6.288609181445396767e-02
-1.306175056244607835e-01
-1.282501003092167968e-01
-9.928720255486518653e-02
-6.317950841821096120e-02
-3.452935891176028144e-02
-1.743444979403232717e-02
-1.089392019718786637e-02
-1.396264908537298531e-02
-2.612923457102046473e-02
-4.784631207668007397e-02
-7.642819268833911384e-02
-9.978675427414390731e-02
-5.853470027051825564e-02
-3.059429289935236898e-02
-1.701382550313954023e-02
-9.817473925976641022e-03
-5.802130226388027209e-03
-3.477934957746241489e-03
-2.103491459914884690e-03
-1.275972694802298812e-03
-7.726118246780439318e-04
-4.614132633064003735e-04
-2.635099784041487563e-04
-1.284388700439131144e-04
-2.210457356798622123e-05
7.242021789611516054e-05
7.769601105335223999e-05
-3.401204346543138597e-04
-4.108794378800624037e-04
4.561321429421747961e-04
-4.211606742748809378e-05
-1.525196661878431659e-04
-2.047703130560740443e-04
-6.111506457118763037e-04
3.207079086285936345e-04
1.258072857216158786e-04
-4.135548190632722348e-04
-1.644241587728269001e-04
-7.101513740342525023e-05
-9.688653781731171582e-05
-1.580750047159465530e-04
-2.585027376434539405e-04
-4.196458287584930503e-04
-6.784366400977669262e-04
-1.097517884949144890e-03
-1.782866768183412418e-03
-2.924995496152554050e-03
-4.881016303946108040e-03
-8.385343176258037642e-03
-1.506863321620598856e-02
-2.905761096988304995e-02
-6.288607946542022764e-02
-1.306174421291692311e-01
-1.282500861249332436e-01
-9.928719202679039957e-02
-6.317950458701276917e-02
-3.452936784555433319e-02
-1.743446057213599021e-02
-1.089393199488775631e-02
-1.396265714641447414e-02
-2.612922859069386275e-02
-4.784629679223767473e-02
-7.642817926850935251e-02
-9.978673626550720044e-02
-5.853471773083244317e-02
-3.059429479722523479e-02
-1.701382426653054794e-02
-9.817474474450285996e-03
-5.802123157785184400e-03
-3.477930471591170799e-03
-2.103490310163291712e-03
-1.275963699467059327e-03
-7.725987086915003322e-04
-4.613816100665887919e-04
-2.633160045081364155e-04
-1.272565264951921863e-04
-1.485837859894997835e-05
1.182031800452818719e-04
3.797435223214634106e-04
-2.395461128736364222e-04
1.615602663953047055e-04
4.101311282118777404e-04
-5.465078874287655677e-04
2.073275797576238147e-04
-3.602246361777452751e-04
-2.943047372903995836e-04
-5.683980894569297940e-05
3.309804960899754471e-04
2.091056603751336433e-05
2.789680639307164637e-05
-5.363685010174321029e-05
-9.567800761594025532e-05
-1.580788673966680279e-04
-2.585126814543534167e-04
-4.196432292468900600e-04
-6.784421811917263571e-04
-1.097514973756704999e-03
-1.782864810151276467e-03
-2.924989584753898749e-03
-4.881000831175117370e-03
-8.385340862669449571e-03
-1.506863539955323635e-02
-2.905760098731066665e-02
-6.288607974655927024e-02
-1.306174836654661886e-01
-1.282500941514065351e-01
-9.928720476987323851e-02
-6.317950560023634365e-02
-3.452935883297057751e-02
-1.743445118755582862e-02
-1.089391909121895617e-02
-1.396264867495990505e-02
-2.612922415851417698e-02
-4.784628722898900954e-02
-7.642817493816293772e-02
-9.978671612450230877e-02
-5.853470795714832420e-02
-3.059429560817761989e-02
-1.701380783220286450e-02
-9.817459205616300630e-03
-5.802127696367746258e-03
-3.477939183131360107e-03
-2.103494349516391981e-03
-1.275967368734135920e-03
-7.726006969208853905e-04
-4.613729855834593414e-04
-2.632690536875819439e-04
-1.269584267157498252e-04
-1.293832096468458610e-05
1.301442422756393625e-04
4.519326660498709596e-04
4.063261463067511505e-04
1.433910886670555371e-06
1.879245625858336980e-04
4.656972822665095876e-04
4.219699620664257226e-04
-4.855236993343756938e-04
1.838998047380408353e-04
3.370435689615235435e-04
2.424090451116949407e-04
5.553953437750749260e-05
4.621013536494305673e-04
4.808152120226167047e-05
-6.236025110809733426e-05
-1.364711655654376500e-04
-2.323678523400080954e-04
-3.788184994799247639e-04
-6.087358984791592419e-04
-9.763012575251145712e-04
-1.568863295306473704e-03
-2.549210738193541988e-03
-4.216022684625181892e-03
-7.207436151297636970e-03
-1.293546154895467738e-02
-2.507393115866668812e-02
-5.510980932965298812e-02
-1.169808058303627718e-01
-1.271904921047411763e-01
-1.159535855679287020e-01
-8.684162999931555049e-02
-5.625483255754615275e-02
-3.519557397567073254e-02
-2.505809190895525937e-02
-2.568101692881504666e-02
-3.687593409300937708e-02
-5.942381344265228876e-02
-8.963524967104660734e-02
-1.123139864129635290e-01
-6.219766217808198744e-02
-3.098790552151489686e-02
-1.669102683156159159e-02
-9.446129791382122318e-03
-5.522621718295885572e-03
-3.296693544152857168e-03
-1.991488630263396620e-03
-1.209697543056857325e-03
-7.339013811865277830e-04
-4.401995744685027745e-04
-2.537575846380450239e-04
-1.274196117408254298e-04
-2.561743520875150242e-05
9.846609850390464734e-05
4.283737742530803905e-04
5.568830256101484294e-04
1.716748115011863948e-04
3.890063659469486426e-04
8.081656407718602257e-05
7.372672082461812588e-05
-3.769117182640895460e-04
5.663928680693730913e-04
5.911856755230495385e-04
2.235859949558761733e-04
2.507184044446445306e-04
-1.140569141972685123e-04
-4.026231897855601352e-05
-7.644843889245293627e-05
-1.387538049384700494e-04
-2.327638589262285705e-04
-3.788911580629811217e-04
-6.087410827178054698e-04
-9.763046694350053633e-04
-1.568863543715520725e-03
-2.549216034174364709e-03
-4.216033565710369281e-03
-7.207441251573249406e-03
-1.293546000725599374e-02
-2.507392706670928673e-02
-5.510979437349982496e-02
-1.169806556881756443e-01
-1.271904601792612222e-01
-1.159535695381665732e-01
-8.684162880269774565e-02
-5.625484118404662504e-02
-3.519558768697263196e-02
-2.505811089944527323e-02
-2.568103048462777593e-02
-3.687593195433044174e-02
-5.942379726813338398e-02
-8.963523147782372080e-02
-1.123139845039679424e-01
-6.219767927694920540e-02
-3.098790753272414808e-02
-1.669103169709791265e-02
-9.446123855582437209e-03
-5.522609688865704435e-03
-3.296689394237473179e-03
-1.991489542210875523e-03
-1.209695085195172746e-03
-7.338928426067941116e-04
-4.401756199114763789e-04
-2.536590913670020635e-04
-1.271232034470241292e-04
-2.591572067823511830e-05
8.180849397614923754e-05
2.196000216084900605e-04
4.679303968255009265e-04
-1.532057077241150242e-04
1.347127306668620774e-04
-1.990366113124055931e-05
-1.493241426834539145e-04
1.449913988166240072e-04
4.914313697640452339e-05
-1.200622775696109218e-04
4.767568354851446068e-06
5.989539022529102386e-04
3.565630947959862272e-04
2.018858253130517621e-05
-6.836300245222109344e-05
-1.376458448799913411e-04
-2.325895881857559114e-04
-3.788622840589313712e-04
-6.087482222768260615e-04
-9.763011777089047232e-04
-1.568857795588697243e-03
-2.549208749133047985e-03
-4.216020589861604016e-03
-7.207439830872155312e-03
-1.293546472303726269e-02
-2.507392282945286599e-02
-5.510980129972645886e-02
-1.169807505681372678e-01
-1.271904793553789159e-01
-1.159535800288909596e-01
-8.684162288379383698e-02
-5.625482957238300830e-02
-3.519557832102309519e-02
-2.505809916515757893e-02
-2.568102159042711177e-02
-3.687592585471503870e-02
-5.942378406121691381e-02
-8.963521258599092822e-02
-1.123139028829047287e-01
-6.219766514825119524e-02
-3.098790833530346359e-02
-1.669101649909628809e-02
-9.446115395756458574e-03
-5.522610001765991712e-03
-3.296691811390257965e-03
-1.991491913226904869e-03
-1.209697649644238824e-03
-7.338979076541654340e-04
-4.401794826683039404e-04
-2.536750306716057442e-04
-1.272209516944628653e-04
-2.649746074805256550e-05
7.825819293822437923e-05
1.975695148604032043e-04
4.651344138691594523e-04
-1.189876052359865768e-04
3.145446430585265019e-04
1.445269785318454149e-04
-1.176325575414658064e-05
1.598717845169299564e-05
3.865569470886916144e-05
8.621328718908185954e-04
-4.254567422210601122e-04
2.006138425002381245e-04
4.011037473919094680e-04
3.768499293158037502e-05
-5.134271781667945931e-05
-1.182483435999627964e-04
-2.063103172906751738e-04
-3.381328219213040691e-04
-5.403930307138003330e-04
-8.590384227935515902e-04
-1.363729961452810318e-03
-2.189997008785833556e-03
-3.576509145786145160e-03
-6.049764226693004655e-03
-1.074877387216888018e-02
-2.066527735709453723e-02
-4.521426102466977875e-02
-9.569752412673480924e-02
-1.106602478658876704e-01
-1.179422161973936595e-01
-1.100708483429003876e-01
-8.819070064615738835e-02
-6.733480180881032395e-02
-5.572894107836973837e-02
-5.538736174240743715e-02
-6.639078122243213809e-02
-8.892945553616517229e-02
-1.178491215375464113e-01
-1.334463606477664377e-01
-6.761494075957895367e-02
-3.164945189912669182e-02
-1.634565189655122139e-02
-9.009042720030502327e-03
-5.181433134018657329e-03
-3.068790998404854076e-03
-1.846290837805267216e-03
-1.121249171301466662e-03
-6.809462878126214822e-04
-4.107319738963379862e-04
-2.408746520843885186e-04
-1.306870938231977639e-04
-5.609094228723166778e-05
-2.240231583144603161e-05
-1.782744865937219072e-04
2.522114169214586892e-04
3.753164523378222511e-04
-4.616279636274602059e-04
-4.291336314864281436e-04
1.153797345078023799e-05
4.079867301038152348e-04
3.338236583687715742e-04
5.653607146639327364e-04
1.342060277482204648e-04
4.181992011123678737e-04
-2.017837998911064243e-04
-6.392150510386544477e-05
-6.887782731916205548e-05
-1.212726303686296504e-04
-2.068466331437429780e-04
-3.382308598881458958e-04
-5.404059862913890419e-04
-8.590411778032244587e-04
-1.363722847219945395e-03
-2.189996594202941235e-03
-3.576516523210213939e-03
-6.049766836078987985e-03
-1.074877547713747744e-02
-2.066527459383061399e-02
-4.521424285647314412e-02
-9.569743804484552585e-02
-1.106602449953395795e-01
-1.179422051827880569e-01
-1.100708429807050331e-01
-8.819069997242166836e-02
-6.733480932060442736e-02
-5.572894981206723275e-02
-5.538736452052092640e-02
-6.639077263721304689e-02
-8.892943661473771966e-02
-1.178491307691064555e-01
-1.334464970677769202e-01
-6.761498040686933497e-02
-3.164944899664857980e-02
-1.634566297381556677e-02
-9.009041479617179923e-03
-5.181427031650331395e-03
-3.068785213760985998e-03
-1.846283136409410672e-03
-1.121245846734509645e-03
-6.809409944686135733e-04
-4.106920800380656298e-04
-2.406429855204479684e-04
-1.294121810076505731e-04
-4.884469161782734839e-05
2.058117791674288720e-05
9.212012451375911799e-05
-1.930843707038377944e-04
-5.633747263416602290e-05
2.629428482068872728e-04
5.770955515902642339e-07
-4.488310735866444270e-05
7.026195642153999082e-04
-3.560768648021167830e-04
4.198823900879135253e-04
-1.456696369269216360e-05
6.784007969209557832e-06
-6.897197940521359889e-04
-1.129108353573677936e-04
-7.310540779108709759e-05
-1.214640394612199646e-04
-2.067965847891962375e-04
-3.382126397300875414e-04
-5.404089335768448793e-04
-8.590351642918395364e-04
-1.363722450212854998e-03
-2.189993602977580948e-03
-3.576508813752340196e-03
-6.049771749536153424e-03
-1.074878055770826964e-02
-2.066527132211988874e-02
-4.521424409942092354e-02
-9.569743950799171339e-02
-1.106602480489504159e-01
-1.179422180555181748e-01
-1.100708367847362812e-01
-8.819069211023734811e-02
-6.733480098081028042e-02
-5.572894311635836345e-02
-5.538736277589962481e-02
-6.639076899675128152e-02
-8.892941772871429396e-02
-1.178490790869720778e-01
-1.334462592776928525e-01
-6.761494773445095308e-02
-3.164944663278012466e-02
-1.634564291605156497e-02
-9.009041464128456772e-03
-5.181431385439617954e-03
-3.068788268736854195e-03
-1.846289555350346745e-03
-1.121248770380996445e-03
-6.809419827323587174e-04
-4.106993139858805281e-04
-2.407046704184561607e-04
-1.298142512104291549e-04
-5.138461900507525329e-05
5.603665332304142689e-06
1.361660744400405612e-05
-1.621361013899303403e-04
9.189719069895660333e-05
-9.518300190007762934e-05
5.339537631532716849e-04
-6.057774070075387261e-04
-3.267213082440683768e-04
3.783320838804545526e-04
-2.825353303348914305e-04
3.152048046181479064e-04
-3.417507886527962118e-04
7.181638956281385629e-05
2.019160546274228679e-05
-3.481249857005745647e-05
-9.899054425615899308e-05
-1.828798769907826968e-04
-3.040300081066226877e-04
-4.850752551855502760e-04
-7.661901644337662260e-04
-1.203857107224551738e-03
-1.912624430556534357e-03
-3.084176476536964074e-03
-5.153057183203636239e-03
-9.033660929027137118e-03
-1.714248488867418929e-02
-3.714352431860763054e-02
-7.764762477603416591e-02
-9.166491565470462344e-02
-1.074804723400454576e-01
-1.238689337524138540e-01
-1.315556310213154556e-01
-1.263236139925608958e-01
-1.173136512152102573e-01
-1.157600602928458428e-01
-1.278265115491739046e-01
-1.496155717627310200e-01
-1.651353693957312851e-01
-1.564373274583032436e-01
-7.248549325103241514e-02
-3.197142231392897244e-02
-1.588362703259855319e-02
-8.536926786437779718e-03
-4.824559951551769636e-03
-2.828713468503293513e-03
-1.690278963018065168e-03
-1.023662646101162858e-03
-6.210270036955302256e-04
-3.763007640393460987e-04
-2.246329782700730760e-04
-1.303742312299916654e-04
-7.076543796808130733e-05
-2.974655210947103223e-05
3.086265050862999830e-05
4.863687881754414602e-04
4.403320162586922938e-04
-3.380409219708485256e-04
1.123274361236496017e-04
-2.095368152933240575e-04
-2.418182672955042063e-04
2.725834348970147922e-04
2.347533855000357090e-04
3.337529127390688271e-04
3.722795679863046816e-04
-1.734358986087558151e-04
-2.252719612599603143e-05
-4.277311247943943700e-05
-1.004899377552687345e-04
-1.831736194581416993e-04
-3.040868280214693311e-04
-4.850800067408854487e-04
-7.661997128432370893e-04
-1.203857282039276283e-03
-1.912623604207612559e-03
-3.084182823410193744e-03
-5.153057009561591052e-03
-9.033661622967700117e-03
-1.714247973311159093e-02
-3.714350500808295125e-02
-7.764756267776506959e-02
-9.166490643903610347e-02
-1.074804598337281841e-01
-1.238689422124106265e-01
-1.315556348577893164e-01
-1.263236212738893804e-01
-1.173136658927517173e-01
-1.157600588191209368e-01
-1.278264962229118396e-01
-1.496155428628226647e-01
-1.651353730525978447e-01
-1.564375692397002027e-01
-7.248553954496907148e-02
-3.197140941766220962e-02
-1.588363532352713922e-02
-8.536924509268930400e-03
-4.824555073670661054e-03
-2.828709496156159992e-03
-1.690271548486673965e-03
-1.023661938777846838e-03
-6.210221982541895861e-04
-3.762504826934598120e-04
-2.243606835789852731e-04
-1.288726108522218685e-04
-6.221673884111852352e-05
1.972594931129474644e-05
3.247813532005006457e-04
-4.678403139275624594e-04
8.145041248967501346e-04
4.257979709244581312e-04
5.423872492405568731e-04
-1.867378543403577069e-04
-3.923451941957389151e-04
-3.629184299895973106e-04
1.507512200804618778e-04
5.866248149050273548e-04
-1.047998181025542718e-04
3.162694938219365120e-04
4.686019333483537315e-05
-3.218717752847037404e-05
-9.880428435630778539e-05
-1.828859180341468654e-04
-3.040387445534352548e-04
-4.850799000772804711e-04
-7.661891083573789700e-04
-1.203851697176025817e-03
-1.912619871379212010e-03
-3.084174995184862760e-03
-5.153062733483408479e-03
-9.033667056974437753e-03
-1.714248367300498163e-02
-3.714350957088922989e-02
-7.764757744865706524e-02
-9.166491099594209491e-02
-1.074804715567152513e-01
-1.238689314531798286e-01
-1.315556280614085805e-01
-1.263236160123618057e-01
-1.173136566577924200e-01
-1.157600599823336851e-01
-1.278264947955880249e-01
-1.496155308286912511e-01
-1.651353195767253368e-01
-1.564371931426343787e-01
-7.248550701629251358e-02
-3.197142968055437934e-02
-1.588362829489427253e-02
-8.536931295598066197e-03
-4.824559729830625587e-03
-2.828709273752173271e-03
-1.690278132159544078e-03
-1.023662040561074084e-03
-6.210164873022530792e-04
-3.762452507307775438e-04
-2.243555111321070738e-04
-1.290245123458933754e-04
-6.455438715155840338e-05
-3.869544143462285708e-06
1.159547925913932822e-04
5.348212063572433804e-05
9.361212085437386923e-05
-9.043967944745395337e-05
-3.627317027772268012e-04
6.974557545679466012e-05
-1.413708528579030437e-04
3.285413464704656098e-04
-6.671454299252366433e-04
2.947912361107556524e-04
-3.228655274684111591e-04
-1.687563826608866964e-04
3.043695654573516228e-05
-1.138238097426361812e-05
-7.995707652687077138e-05
-1.630619314355779886e-04
-2.773678709993616541e-04
-4.443219078925540137e-04
-7.014447898112388322e-04
-1.098178390975386833e-03
-1.737865866599595148e-03
-2.786806448144057199e-03
-4.628678688268809786e-03
-8.054476699911800042e-03
-1.515757398219030362e-02
-3.259851797547694968e-02
-6.801303585411486163e-02
-7.998357831545102603e-02
-9.689273293236239093e-02
-1.240196750301717638e-01
-1.637631252054803088e-01
-2.113725932604020308e-01
-2.485466533398074940e-01
-2.680979416096707091e-01
-2.781915431443581221e-01
-2.598153299176255149e-01
-2.122259716838129640e-01
-1.660885764843640644e-01
-7.269850631234080207e-02
-3.107849516710220819e-02
-1.507515556040412048e-02
-7.951263532706295822e-03
-4.421779622109278836e-03
-2.562302748396676471e-03
-1.516497711450614030e-03
-9.130001075293224348e-04
-5.516775829845372561e-04
-3.349180576917110217e-04
-2.031328698264510391e-04
-1.274692207146699925e-04
-9.774482621138694922e-05
-1.385893313439126996e-04
-3.531298377005294268e-04
-2.497351323279140413e-04
-2.503419937576296331e-04
-2.279640036040519405e-04
-3.810670617918433594e-04
-3.037352825184858919e-04
2.026325737129875250e-04
2.289813000788467964e-05
-6.938488185931684579e-04
3.912580585743649902e-04
3.070690758208641648e-04
1.718903524745709428e-04
6.932205814572496788e-05
-7.291541646802940718e-06
-7.962543624249485694e-05
-1.630595170332931716e-04
-2.773788000903961164e-04
-4.443206493250234385e-04
-7.014440819236179153e-04
-1.098175216527428862e-03
-1.737854796745810651e-03
-2.786802785235164334e-03
-4.628685130443030947e-03
-8.054476606597886154e-03
-1.515755638809487653e-02
-3.259851704106862119e-02
-6.801310950442779335e-02
-7.998360792929480600e-02
-9.689274857420510090e-02
-1.240197022520318909e-01
-1.637631406285843805e-01
-2.113725898539708659e-01
-2.485466465939340786e-01
-2.680979277087168211e-01
-2.781915089503367300e-01
-2.598152718849325304e-01
-2.122259925484890897e-01
-1.660892604614252754e-01
-7.269857785469810429e-02
-3.107845667709697307e-02
-1.507515436776450321e-02
-7.951272588655199786e-03
-4.421779809801815696e-03
-2.562296839829386087e-03
-1.516492951827687341e-03
-9.130039294776704081e-04
-5.516700439306686547e-04
-3.348753575623294575e-04
-2.029679456341365032e-04
-1.266763408617195108e-04
-9.419320465131955644e-05
-1.267184396799861607e-04
-3.556115623041007775e-04
4.649882855630918369e-04
4.802179634705676641e-04
-3.744079212782577240e-04
-4.866761346626287182e-04
-2.496103368235785673e-04
-4.653082303822748597e-05
4.232534655335342560e-04
1.139745712248863111e-04
5.711035348734787298e-04
-5.495236235514124528e-05
5.843590682127969629e-04
1.311986817461624391e-04
2.459643305866969554e-06
-7.804440998938188135e-05
-1.627950150201913377e-04
-2.773305309300343690e-04
-4.443165142134584814e-04
-7.014406655726098359e-04
-1.098171592828812082e-03
-1.737857971030309099e-03
-2.786805598909587126e-03
-4.628688188460326931e-03
-8.054478529685505858e-03
-1.515756800385188383e-02
-3.259851821608974326e-02
-6.801313655114527013e-02
-7.998359075649742744e-02
-9.689273624099503657e-02
-1.240196816454768036e-01
-1.637631356861493637e-01
-2.113725991010700633e-01
-2.485466464377663887e-01
-2.680979335183827361e-01
-2.781915267318471607e-01
-2.598152894423862436e-01
-2.122259418812573462e-01
-1.660886477099562664e-01
-7.269854424504966495e-02
-3.107849232303642670e-02
-1.507514785625664079e-02
-7.951264070104107837e-03
-4.421778552648638998e-03
-2.562303761118002541e-03
-1.516503080363071224e-03
-9.130012157383509937e-04
-5.516631843428414271e-04
-3.348332307844304498e-04
-2.026701842707352361e-04
-1.249890056988281202e-04
-8.464739172420463257e-05
-7.099322972764524834e-05
-1.644591501115708299e-05
-1.654142101742571067e-04
