7.938681827984214560e-04
5.223476899595998072e-04
5.491766341345624214e-04
-1.281337665060147111e-05
7.976251393096713774e-04
1.058577544964023126e-04
6.194838231239471402e-04
-8.388219581389283160e-05
5.698046059614214837e-04
6.114379734008538927e-04
4.925401005703357749e-04
4.976886724384405785e-04
6.235421060198004023e-04
8.347112683562259378e-04
1.156455641283465376e-03
1.608527864301512308e-03
2.231326597643761359e-03
3.023472793126417112e-03
4.022318885215889726e-03
5.163936817657831246e-03
6.475509744712240612e-03
7.811978508347047420e-03
9.333520078175738116e-03
1.421551765558781884e-02
3.004214254723958435e-02
3.735635245039416186e-02
5.528939309391178725e-02
8.981842763616539049e-02
1.497368426095854466e-01
2.364697298126496039e-01
3.305888437541124603e-01
3.909458296788198006e-01
3.761798473776538088e-01
2.856077346269691453e-01
1.824573373582230873e-01
1.189249588608655706e-01
4.470132167700752168e-02
2.332243996660701008e-02
1.600661615937120155e-02
1.156901143994723546e-02
8.251387892076212163e-03
5.872125192638684259e-03
4.084152653021978253e-03
2.809920455106574861e-03
1.900782441070529875e-03
1.281407625889051339e-03
8.661303486439157154e-04
5.991484031746915255e-04
4.340658017218308761e-04
3.644787139574693735e-04
3.736958527603954526e-04
3.466235283251684632e-05
2.363449160482384973e-04
-1.653132080937644906e-04
6.719249171327102300e-04
7.354942922912592867e-04
7.858845557046005939e-05
1.136296691241935834e-03
8.495648550062181959e-04
9.106856116891962017e-04
1.674721752579296408e-04
5.462798202431384852e-04
4.828522550641145008e-04
4.963156905104468839e-04
6.233659200101039806e-04
8.346925814466635458e-04
1.156452606781813901e-03
1.608526737076607961e-03
2.231327589415615237e-03
3.023474910000492448e-03
4.022318292899483734e-03
5.163932320775171600e-03
6.475503785848992291e-03
7.811982675521151470e-03
9.333529796371338796e-03
1.421550205607874026e-02
3.004203703405277856e-02
3.735632326028295869e-02
5.528939193129917690e-02
8.981843345829843006e-02
1.497368409259794697e-01
2.364697229792268873e-01
3.305888405487898418e-01
3.909458317418980644e-01
3.761798628003688583e-01
2.856077478778867862e-01
1.824573407384108836e-01
1.189251613521995349e-01
4.470133103299155086e-02
2.332245085216769209e-02
1.600661506999097664e-02
1.156899862259834835e-02
8.251379010211308887e-03
5.872127844030424967e-03
4.084157728680575666e-03
2.809918293438638630e-03
1.900781253740321981e-03
1.281409238483102253e-03
8.661029455796206760e-04
5.989509959549248717e-04
4.329444361393721698e-04
3.587526152038401244e-04
3.475356165143464633e-04
-5.121391036855634280e-05
3.791085952946107685e-04
2.703270324706778956e-04
6.540475285640907650e-04
1.058464621911758483e-03
9.348778171991050170e-04
1.323832165780429579e-04
5.342577480864749324e-04
3.869240529778844194e-04
3.397142634496017272e-04
5.869287442380907672e-04
4.907494874945688692e-04
4.977227012958390304e-04
6.235949816593180624e-04
8.347185014781786710e-04
1.156454562384935398e-03
1.608533595760848955e-03
2.231327303358498874e-03
3.023468747532930597e-03
4.022317046776562738e-03
5.163933044711203381e-03
6.475504772729638939e-03
7.811979583275166159e-03
9.333515306380964563e-03
1.421546642935409867e-02
3.004195827268389338e-02
3.735633396269539414e-02
5.528939805960214615e-02
8.981841610190263725e-02
1.497368405252410273e-01
2.364697433875113108e-01
3.305888555497475401e-01
3.909458379392144467e-01
3.761798553610161688e-01
2.856077236510191630e-01
1.824573502530298930e-01
1.189253612024751966e-01
4.470137170073108096e-02
2.332245196004830226e-02
1.600660734155892953e-02
1.156900258045767682e-02
8.251382018682692360e-03
5.872126120537052643e-03
4.084155855677641493e-03
2.809914667660724612e-03
1.900783586007475691e-03
1.281415662798041652e-03
8.661319627922531685e-04
5.992020957115655857e-04
4.346894669176766535e-04
3.701423245760348938e-04
4.238008071096895221e-04
4.324701684259515282e-04
3.834584869516840405e-04
7.854641296713582186e-04
4.283620549341884401e-04
2.859165047346675726e-04
3.727264761980386113e-04
8.011140622117742666e-04
2.165583964207798515e-04
7.445347720838778804e-04
8.355844323978983039e-04
6.908421795930890950e-04
6.165026904121217880e-04
7.468572680227703953e-04
1.125734772495559687e-03
1.747905282426459508e-03
2.696417747965787828e-03
4.045805348601233357e-03
5.916895224013060846e-03
8.330998702219982732e-03
1.139617852483231115e-02
1.495602611428852903e-02
1.907855752135364374e-02
2.336963267226370086e-02
2.831064509524033532e-02
4.343835955580084562e-02
9.071064347515483961e-02
1.126312519806362406e-01
1.625311789086895664e-01
2.422380559352707852e-01
3.358772107361326364e-01
4.068078838238658457e-01
4.451687624332638649e-01
4.611723387053820455e-01
4.600229248125722870e-01
4.339565636461130693e-01
3.692979089983690622e-01
2.901633835279683327e-01
1.163082405617343468e-01
6.276501062527053976e-02
4.391271140985853610e-02
3.169302525758117828e-02
2.250075872866994300e-02
1.577079189023888536e-02
1.076408728809697714e-02
7.186225228393069292e-03
4.662518881022197949e-03
2.949125443436087686e-03
1.813666262332928837e-03
1.089906556126606215e-03
6.508312932620179039e-04
4.437403930140744945e-04
4.605520000351278026e-04
8.587262987923655012e-04
9.147942933100487988e-05
2.305620301316231818e-04
5.551254490295081919e-04
3.191774492531817718e-04
7.871887737029853319e-04
2.721086770539968150e-04
6.802706591750417708e-04
4.057113829173895881e-04
2.196628475927195063e-04
6.129949355794500187e-04
6.073835113974231830e-04
7.458714983956034892e-04
1.125648180210501179e-03
1.747897039466165354e-03
2.696413862419035860e-03
4.045810163513872092e-03
5.916899262507417483e-03
8.330995608604471400e-03
1.139617396009739818e-02
1.495602498809934199e-02
1.907856104335622222e-02
2.336963604169450467e-02
2.831064957170319196e-02
4.343835604170612208e-02
9.071055594609986339e-02
1.126312170409409230e-01
1.625311759387957911e-01
2.422380577678023283e-01
3.358772072642359219e-01
4.068078783848311786e-01
4.451687573965056877e-01
4.611723387566770138e-01
4.600229296041920546e-01
4.339565611576139958e-01
3.692979139297162261e-01
2.901633832583774275e-01
1.163082359985659481e-01
6.276504113184239175e-02
4.391271079638919134e-02
3.169300197590505658e-02
2.250075329924446435e-02
1.577079142037914744e-02
1.076408855848596212e-02
7.186229013672142119e-03
4.662518453675546827e-03
2.949121524379462889e-03
1.813626553798802863e-03
1.089565997673322666e-03
6.483363703852924311e-04
4.263215481945535124e-04
3.352296380692658655e-04
1.800351111978026544e-05
3.040016592115556008e-04
2.944207237535269891e-04
1.653102492782827771e-04
1.261772518373986132e-04
1.911868874486216511e-04
6.964230557201338528e-04
5.565114470664486653e-05
5.049800410645887208e-04
8.811150537480473771e-04
7.130751440595580913e-04
6.219142929256929204e-04
7.479592918074230322e-04
1.125933919843062365e-03
1.747928152189560371e-03
2.696416957530345902e-03
4.045813100805254435e-03
5.916897795227171394e-03
8.330994157162372946e-03
1.139617598370882591e-02
1.495602283153921706e-02
1.907855902454961422e-02
2.336963146315014506e-02
2.831064316741769074e-02
4.343834607738338016e-02
9.071041127842867369e-02
1.126312081877468702e-01
1.625311811312837307e-01
2.422380453143112289e-01
3.358771972389240634e-01
4.068078769755993362e-01
4.451687601430899810e-01
4.611723401825952862e-01
4.600229279578299524e-01
4.339565551741150773e-01
3.692978823494130203e-01
2.901630641511396824e-01
1.163081695951152100e-01
6.276504024599351139e-02
4.391271725929989794e-02
3.169300528793933536e-02
2.250075493780276728e-02
1.577078391520746539e-02
1.076408538005348137e-02
7.186227797918801237e-03
4.662519996184695883e-03
2.949128685265157198e-03
1.813647873063880134e-03
1.089743908536102042e-03
6.496076658742778792e-04
4.343356579295593522e-04
3.841940407346334141e-04
2.617730579747754006e-04
3.045351977305676004e-05
8.936982495714551437e-04
2.417231306152907758e-04
7.977239522939004934e-04
8.067734683503102440e-04
5.322822996307090488e-04
8.421221626406153566e-05
9.725163937227994642e-04
1.030846592167514761e-04
6.045363995653494759e-04
6.936994794858023948e-04
9.578075567115568179e-04
1.569223344449803114e-03
2.565775039949435860e-03
4.085371194417478612e-03
6.262043078829395391e-03
9.292367998390680187e-03
1.324562383212185036e-02
1.829616795347064825e-02
2.425445594816343781e-02
3.122120579006605265e-02
3.865269169813582290e-02
4.744963353312271759e-02
7.369016188006972945e-02
1.554580921806075211e-01
1.943116642153347173e-01
2.702475057690800764e-01
3.571690167127205551e-01
4.197996702633451371e-01
4.506726797676481322e-01
4.649955873512158222e-01
4.718722061185441907e-01
4.733499395211385741e-01
4.664342730559897787e-01
4.427156835329156270e-01
3.983063182583737594e-01
1.694452458832591268e-01
9.407414601191736725e-02
6.702411663589463720e-02
4.851127477191875120e-02
3.462734426966564139e-02
2.420006348446650593e-02
1.650214239193767765e-02
1.094743502456966937e-02
7.050767471731026088e-03
4.393259483983592839e-03
2.637016906261560427e-03
1.515226036042964779e-03
8.348164824398753188e-04
4.859135386009052300e-04
3.365867625451355346e-04
2.404740317897535436e-04
1.531343537071664220e-04
7.643829366127388378e-04
2.142665056026264280e-04
3.739473762804564625e-04
1.645373666517616865e-04
6.361210782243393496e-04
1.158416886171149919e-03
4.861754347641647055e-04
8.247173323340522980e-04
7.201753271047071263e-04
7.117402764637755777e-04
9.606156301150170799e-04
1.569644729410387156e-03
2.565824063867689318e-03
4.085374388493228162e-03
6.262046507735824150e-03
9.292369717840994955e-03
1.324562361332209601e-02
1.829616535394261792e-02
2.425445556503080108e-02
3.122120955005886628e-02
3.865269277558545241e-02
4.744963111219169249e-02
7.369012939697026920e-02
1.554578386543262192e-01
1.943116135717596060e-01
2.702475034947747212e-01
3.571690192008048492e-01
4.197996719232202079e-01
4.506726823166410378e-01
4.649955872346800412e-01
4.718722065105274144e-01
4.733499415596649773e-01
4.664342743738517094e-01
4.427157282535156835e-01
3.983065660005271624e-01
1.694452816963493702e-01
9.407416560316927967e-02
6.702411710429877212e-02
4.851126750342212718e-02
3.462734080659842645e-02
2.420005577979848430e-02
1.650214302550053608e-02
1.094744270989838654e-02
7.050768148687801447e-03
4.393260121570784216e-03
2.637004097088106302e-03
1.515101619867560093e-03
8.340839887424820976e-04
4.822832283224808394e-04
3.201354618470377564e-04
2.053926902061416042e-04
4.294783140835228179e-04
1.135627891236976961e-03
6.039727245990133154e-04
3.623025924188480289e-04
7.917694974113410672e-04
-2.317581731167069837e-05
2.873728742913781581e-04
3.597599594475346814e-04
1.021510729252072787e-03
7.417631190336751619e-04
7.139179248304306641e-04
9.608168785214842630e-04
1.569660072850670440e-03
2.565823201919129916e-03
4.085373790650263792e-03
6.262049024994421030e-03
9.292371009467883733e-03
1.324562532685630636e-02
1.829616559632311554e-02
2.425445230821607692e-02
3.122121166152795613e-02
3.865268921493686394e-02
4.744962695754521148e-02
7.369014676477328440e-02
1.554578799632794495e-01
1.943116184283533721e-01
2.702475081746031349e-01
3.571690197247205933e-01
4.197996722665726654e-01
4.506726799227043223e-01
4.649955853668141237e-01
4.718722056197058312e-01
4.733499381365393610e-01
4.664342672817949897e-01
4.427156525497240036e-01
3.983060950676954870e-01
1.694451946287256761e-01
9.407414802069827275e-02
6.702411554734470645e-02
4.851127566389958068e-02
3.462734687177947829e-02
2.420004956506795202e-02
1.650213871940683918e-02
1.094744139661424365e-02
7.050771183077985879e-03
4.393266802809796777e-03
2.636999408615428933e-03
1.515083467868362076e-03
8.341343713955652822e-04
4.836993087118199200e-04
3.389226152005558814e-04
3.922361871032103834e-04
2.687341620344877347e-04
5.529152124356109463e-04
3.026248165763351767e-04
1.080359102387899294e-03
-1.230628783632671728e-05
1.012219317629487131e-03
1.745560011718139484e-04
6.668688106010420584e-04
3.132394150221952134e-05
5.549237909315283060e-04
7.428280739848175775e-04
1.120575002352015891e-03
1.928810280360104693e-03
3.243451038264703531e-03
5.249540841419834437e-03
8.146270691911485298e-03
1.219764395251905602e-02
1.755933903335268192e-02
2.446188870448333733e-02
3.278228901378157922e-02
4.262082826453377632e-02
5.346114687816010819e-02
6.669038297063975551e-02
1.053120125390398509e-01
2.271933926033275486e-01
2.814670089900988548e-01
3.603082873144908271e-01
4.195792459180832101e-01
4.500951740196987849e-01
4.635278491652209953e-01
4.702822834940362795e-01
4.740060714445588075e-01
4.758873052250233715e-01
4.749629915216805887e-01
4.679014824657766747e-01
4.510480965372021256e-01
2.039787916569521520e-01
1.166511097771499167e-01
8.439274621081904737e-02
6.128636903472357844e-02
4.398263464164399450e-02
3.070761195793646203e-02
2.097403340193498486e-02
1.388459907324835797e-02
8.932358634257816024e-03
5.535203085370302666e-03
3.292192835960674590e-03
1.853942114127408395e-03
9.828432330247988472e-04
5.298255972502712019e-04
3.091513140661111391e-04
2.132357986458142908e-04
-3.669836395445195637e-07
1.227471574696074961e-03
2.614966978682255064e-04
4.669567783962604046e-04
5.380067519217101701e-04
6.984036944131783277e-04
7.815296167400861841e-04
3.908720385110560597e-05
1.230688078610624701e-03
7.489335189059230253e-04
7.728892969933732733e-04
1.125183733774616675e-03
1.929484980120005095e-03
3.243533069722415174e-03
5.249547470210634559e-03
8.146270369380344614e-03
1.219764534006418343e-02
1.755934087516570000e-02
2.446188683258005911e-02
3.278228755045874826e-02
4.262082703809197404e-02
5.346114338678408656e-02
6.669038283728917493e-02
1.053119916986274829e-01
2.271931872481274539e-01
2.814669546616167528e-01
3.603082821262958979e-01
4.195792448937262775e-01
4.500951719790727279e-01
4.635278499817385711e-01
4.702822842979989537e-01
4.740060719442167891e-01
4.758873061990067099e-01
4.749629990770887766e-01
4.679015612932760360e-01
4.510484896633344398e-01
2.039788471751881327e-01
1.166511346640826396e-01
8.439275669138084079e-02
6.128636563701240353e-02
4.398262768414322454e-02
3.070760286809570000e-02
2.097403305680618085e-02
1.388460978154853684e-02
8.932363396685334342e-03
5.535201331655139126e-03
3.292193838020718473e-03
1.853975178645030954e-03
9.833774541909466940e-04
5.359817647605857405e-04
3.702643332079063937e-04
7.366840646319537970e-04
6.686816838852311772e-04
1.153576125475992784e-03
3.114333247958174229e-04
6.442633566271139698e-04
8.484625850907454069e-04
1.168916398295682772e-04
5.361174100639446230e-04
4.051140756211374827e-04
2.733508028744627717e-04
6.096102648159131346e-04
7.534356620749558392e-04
1.122498011826888412e-03
1.929130880877815823e-03
3.243490604124166406e-03
5.249543001944133834e-03
8.146273590558418889e-03
1.219764771600418546e-02
1.755934238766522146e-02
2.446188624779727788e-02
3.278228459969665526e-02
4.262083063834165575e-02
5.346114489381469104e-02
6.669037948355767409e-02
1.053120030079659764e-01
2.271933299595657041e-01
2.814669990343192096e-01
3.603082925799248049e-01
4.195792494771031222e-01
4.500951743394307480e-01
4.635278505397300020e-01
4.702822834734657342e-01
4.740060715835152649e-01
4.758873049142532397e-01
4.749629896739195889e-01
4.679014891430882672e-01
4.510481940675883372e-01
2.039787924732935909e-01
1.166511097788546364e-01
8.439274839593560729e-02
6.128637630499389477e-02
4.398263261716434808e-02
3.070759556188801948e-02
2.097402969218195579e-02
1.388460923898354737e-02
8.932364672722402019e-03
5.535206946041072718e-03
3.292158288091389176e-03
1.853651760805865136e-03
9.810980422424629092e-04
5.202483868115958393e-04
2.585581246821548867e-04
-1.402863542848602159e-05
-1.812329174314050988e-04
2.583774170524755719e-04
6.554403456155672080e-06
7.133546426634712959e-04
4.652228459229699087e-04
6.461563278718958098e-04
6.047169226796724004e-04
1.288536770247154101e-03
3.762034273713184859e-04
5.646269618208968376e-04
7.759351274735054420e-04
1.234528383731860234e-03
2.193234473329627298e-03
3.756280797215224686e-03
6.145418373081745766e-03
9.627491838943205010e-03
1.452429864763457763e-02
2.111633417274799002e-02
2.968313081625362573e-02
4.028955949120785474e-02
5.300427254028784035e-02
6.760634399792590787e-02
8.599199334732411659e-02
1.384998664190721651e-01
3.049264240219553557e-01
3.612262730840368197e-01
4.180642285891866261e-01
4.489221174832140893e-01
4.624802192720599003e-01
4.682663713534626071e-01
4.715342264982748666e-01
4.738311621627858128e-01
4.755841303038323420e-01
4.764120514610707957e-01
4.758551733511968695e-01
4.728389180950789972e-01
2.226839803433738330e-01
1.304806652535628053e-01
9.552225261686937696e-02
6.970468162740027507e-02
5.027146332195420175e-02
3.513797516640743829e-02
2.406288718940828575e-02
1.593575553064205397e-02
1.026443240998583042e-02
6.352033687267306418e-03
3.765831588616120554e-03
2.100857923107777529e-03
1.095143138680230738e-03
5.855997387120312307e-04
4.265828838475554225e-04
1.021809727398129619e-03
2.120041718268564118e-04
1.879649114935492223e-04
9.971433795712089133e-04
2.439955990455672989e-04
4.486595575412130285e-04
3.671404459164336184e-04
6.549286581131203572e-04
1.221639064913497324e-04
8.545506453975647461e-04
6.527786373144445079e-04
7.916059494606233170e-04
1.237255589839309812e-03
2.193678511584773363e-03
3.756340201947741455e-03
6.145421710653937476e-03
9.627489335874919382e-03
1.452430144257083403e-02
2.111633605534832953e-02
2.968312728048228682e-02
4.028955816355795500e-02
5.300427390042112413e-02
6.760634436524237678e-02
8.599199481040542548e-02
1.384998508651449078e-01
3.049262859820040528e-01
3.612262302992863550e-01
4.180642237429381125e-01
4.489221138129030897e-01
4.624802180776377836e-01
4.682663715023679951e-01
4.715342266937062599e-01
4.738311627437026274e-01
4.755841310072102535e-01
4.764120601400295141e-01
4.758552435230885558e-01
4.728392050139442193e-01
2.226840216105636372e-01
1.304806803771720314e-01
9.552226093951524111e-02
6.970468480644234632e-02
5.027146071105023650e-02
3.513796569390607166e-02
2.406288646697914493e-02
1.593576018995156510e-02
1.026443344027089602e-02
6.352036731195913853e-03
3.765819885475360247e-03
2.100708896024415864e-03
1.093929657519396997e-03
5.762490431511565082e-04
3.527173375295831179e-04
4.930501868449759916e-04
7.652467125476247701e-04
8.731974731237219850e-04
5.013071482964629897e-04
9.852223336118742444e-04
3.777230669740433921e-04
8.804361797940092821e-04
4.745817706179263117e-04
7.802196137351517487e-04
3.733285474558617045e-04
5.808650471210731730e-04
7.810597546996979898e-04
1.235709760218121076e-03
2.193460685561333771e-03
3.756310691715197391e-03
6.145417900966088434e-03
9.627492136562462374e-03
1.452430412088877125e-02
2.111633839615503425e-02
2.968312827935844916e-02
4.028955738717655832e-02
5.300427250000774859e-02
6.760634057544429032e-02
8.599199417588436478e-02
1.384998555736387527e-01
3.049263705118663292e-01
3.612262633146013924e-01
4.180642321309803733e-01
4.489221189309905435e-01
4.624802198405871256e-01
4.682663711989312749e-01
4.715342262293747422e-01
4.738311623192987820e-01
4.755841306920550182e-01
4.764120525446068344e-01
4.758551882754174511e-01
4.728390044234401790e-01
2.226839837067363659e-01
1.304806612038175440e-01
9.552225598633673487e-02
6.970469527557576761e-02
5.027146156483391914e-02
3.513796127099508976e-02
2.406288427656423992e-02
1.593575651871958695e-02
1.026443815387705592e-02
6.352044430266910041e-03
3.765780551048598501e-03
2.100406458174817071e-03
1.092005881211425070e-03
5.647438236783795546e-04
2.857139434245457269e-04
1.569224102740972879e-04
6.998306289923763310e-04
1.248114626545281406e-04
2.342679621088617620e-04
1.010010892435802762e-03
6.220038765723912661e-04
8.150271280923417072e-04
3.055582146433108198e-04
9.703396922805590172e-04
4.053867639895218037e-04
5.388635678715287657e-04
7.897286340579300328e-04
1.303598477362886629e-03
2.363660187862261404e-03
4.100079630606083374e-03
6.761104417544788227e-03
1.067916947845490988e-02
1.622239198649719910e-02
2.382501731804786277e-02
3.380700896789630427e-02
4.654199826114004818e-02
6.202336123080914865e-02
8.062675128303077587e-02
1.045240799494615014e-01
1.710868240169607923e-01
3.767155775335015444e-01
4.171097762721636126e-01
4.479653983145215901e-01
4.620630305075182354e-01
4.678496324917855165e-01
4.703700784086142783e-01
4.719978626820998668e-01
4.732538322317486057e-01
4.742958894532964265e-01
4.749338668333588087e-01
4.752781594005211496e-01
4.755956312137299968e-01
2.269712508945899987e-01
1.351884133865342008e-01
1.000544225583012703e-01
7.356814962581563477e-02
5.339972257431505054e-02
3.748302342623389960e-02
2.577844754171107131e-02
1.712148988333697316e-02
1.106037620391451919e-02
6.853908182625871592e-03
4.063752585945031547e-03
2.259591600580683739e-03
1.169091735218758627e-03
6.190065845547498358e-04
4.515263760164386886e-04
1.058711410171834372e-03
9.480412360667060580e-04
5.760530102249519432e-04
5.746775930073386553e-04
1.089312196164731372e-04
6.363363152824859240e-05
2.640597577499495118e-04
4.148275146406553860e-04
7.211179253322092539e-04
-3.397771668935587564e-05
5.065501143096969418e-04
7.898722556915504546e-04
1.304323080936770768e-03
2.363853032716900331e-03
4.100111284686285863e-03
6.761103609714156845e-03
1.067916613386836987e-02
1.622239565514591031e-02
2.382502057004471860e-02
3.380700750992069598e-02
4.654199735377506641e-02
6.202336104515305398e-02
8.062675104209414412e-02
1.045240805567773934e-01
1.710868120219603550e-01
3.767154842572519313e-01
4.171097420086282148e-01
4.479653939881107494e-01
4.620630281336447487e-01
4.678496317433211704e-01
4.703700787527351768e-01
4.719978625419086748e-01
4.732538325946711311e-01
4.742958902107063390e-01
4.749338733111962974e-01
4.752782031057506962e-01
4.755957653963415188e-01
2.269712737403068448e-01
1.351884264047101547e-01
1.000544291777221290e-01
7.356814724612498191e-02
5.339972221921469864e-02
3.748301889862400149e-02
2.577844493735651291e-02
1.712149466967636396e-02
1.106037941762567228e-02
6.853908578986840812e-03
4.063746718617556979e-03
2.259531895105798462e-03
1.168530137166932633e-03
6.142649038859050335e-04
4.127489494072864029e-04
7.834864263531730487e-04
8.106541332792099961e-04
9.192128143834997446e-04
8.196323276108680557e-04
9.509368902025534809e-04
-2.766124203111400054e-05
9.167922032314342181e-04
5.440528762794870701e-04
6.285662359105315599e-04
7.765881271792462320e-04
6.047934379184195797e-04
8.012393436257192730e-04
1.305596672995164385e-03
2.363985145642827097e-03
4.100121428931360890e-03
6.761104491209780736e-03
1.067916860342352919e-02
1.622239823151353649e-02
2.382502073503092038e-02
3.380700455470789234e-02
4.654199841400262494e-02
6.202336288324326874e-02
8.062674639411873678e-02
1.045240786301187413e-01
1.710868129970174178e-01
3.767155194979019406e-01
4.171097596333118718e-01
4.479653993895273967e-01
4.620630300679040015e-01
4.678496329319907776e-01
4.703700790921807040e-01
4.719978628687346855e-01
4.732538328988445397e-01
4.742958898793214195e-01
4.749338698611674792e-01
4.752781823324297994e-01
4.755957143440669443e-01
2.269712614529211803e-01
1.351884122258915355e-01
1.000544199330498790e-01
7.356815529496645023e-02
5.339972412762003517e-02
3.748301313100980969e-02
2.577844512522104239e-02
1.712149498213401053e-02
1.106038126073178446e-02
6.853912110065209749e-03
4.063724246481497000e-03
2.259362451821555432e-03
1.167477771027254294e-03
6.082315830241889158e-04
3.786422454711285560e-04
6.205194951876953592e-04
7.066854092878295133e-04
2.303691104689596257e-04
7.876570465604479994e-05
4.874779476593259523e-04
3.156886206411488836e-04
3.613691251393770531e-04
4.779142398596623160e-04
3.020969340197763599e-04
4.594635184211262472e-04
5.680106299161668398e-04
8.060068244346206773e-04
1.336962987978385217e-03
2.447223583244937696e-03
4.279888847952691491e-03
7.098540277389818985e-03
1.128999627195043792e-02
1.725760098686532004e-02
2.558712442557149400e-02
3.663928288476346606e-02
5.114274216750432089e-02
6.902558322285877457e-02
9.139540445721269779e-02
1.204534127028983326e-01
1.992069669781064145e-01
4.305513163108389274e-01
4.502571657591257215e-01
4.631786807069401823e-01
4.686071547925647618e-01
4.706177273402252226e-01
4.713615091855637429e-01
4.718362183796926401e-01
4.721976530051764098e-01
4.721932088105456060e-01
4.710234252800131749e-01
4.676838200174570637e-01
4.624627225911941419e-01
2.187749389758381902e-01
1.314181195405859648e-01
9.836208010526183154e-02
7.312899187836015280e-02
5.354767038483419783e-02
3.788807555005174049e-02
2.621838050965868278e-02
1.751043400631588712e-02
1.135989525070513380e-02
7.064760209583585519e-03
4.198439369874883316e-03
2.336608616196982763e-03
1.204930602086764016e-03
6.175299846062255607e-04
3.280849349868358638e-04
2.939114790340236556e-04
-1.296385929742041978e-04
7.145803223717151842e-04
-1.793758781601293743e-05
7.914286763274075431e-04
2.758267901793989211e-04
9.026840878313331954e-04
6.160036843645592215e-04
5.454420394481208087e-04
1.221654462354639569e-03
6.808412583261369121e-04
8.228508377054928342e-04
1.339556002237645392e-03
2.447611478931474918e-03
4.279937307678185164e-03
7.098539958576712862e-03
1.128999383921154565e-02
1.725760436993606720e-02
2.558712610805699214e-02
3.663928091770222301e-02
5.114274024297175980e-02
6.902557903209785573e-02
9.139540449199146099e-02
1.204534217199948742e-01
1.992069684812433905e-01
4.305512753300860807e-01
4.502571503995590474e-01
4.631786775850255666e-01
4.686071531017808045e-01
4.706177270680074742e-01
4.713615099200113567e-01
4.718362186598073493e-01
4.721976527406879232e-01
4.721932093824966481e-01
4.710234274048446523e-01
4.676838278357528522e-01
4.624627470741543012e-01
2.187749465817005190e-01
1.314181266013527416e-01
9.836208705696153354e-02
7.312899636882488896e-02
5.354767263482781287e-02
3.788807014506240939e-02
2.621837660657511115e-02
1.751043588215828520e-02
1.135989505661281172e-02
7.064761418352345952e-03
4.198462744063058590e-03
2.336817175479532528e-03
1.206507379446720247e-03
6.287535113341168828e-04
4.096534649425045299e-04
8.371377980074044649e-04
8.256601314590961919e-04
1.177665841526281216e-03
2.619822725582696414e-04
7.972253098903242692e-04
1.240965182167439568e-04
2.781131576041987602e-04
2.295987071135194508e-04
1.489140083517735279e-04
8.820133673692765602e-04
6.563906232387569034e-04
8.218933763983623207e-04
1.339657822821904319e-03
2.447643704787285171e-03
4.279943258465886309e-03
7.098541934934386732e-03
1.128999437368029095e-02
1.725760567129319689e-02
2.558712587914105038e-02
3.663927744826142585e-02
5.114274214638655364e-02
6.902558123354989028e-02
9.139539963596877981e-02
1.204534176062102696e-01
1.992069661959516291e-01
4.305512789884354263e-01
4.502571503084816795e-01
4.631786791872759546e-01
4.686071546605856120e-01
4.706177279668805613e-01
4.713615102408218460e-01
4.718362189212094715e-01
4.721976532834666340e-01
4.721932096842514359e-01
4.710234281862096806e-01
4.676838328088528396e-01
4.624627584574585448e-01
2.187749342107190020e-01
1.314181114902538416e-01
9.836208630286395749e-02
7.312900473312851368e-02
5.354766970760453659e-02
3.788806515643514811e-02
2.621837958301192692e-02
1.751043603872737622e-02
1.135989525400883313e-02
7.064765137325933371e-03
4.198458869950226838e-03
2.336792186804246413e-03
1.206363797949243149e-03
6.279575764324765719e-04
4.053437165173008529e-04
8.279996400263050105e-04
-2.692563489255006331e-04
4.503887262240878356e-04
5.384008413864850833e-04
7.226957106687896364e-04
8.901456397815061573e-04
7.482720172642125418e-04
2.344056065858965865e-04
5.893658419848381942e-04
2.998487752009239803e-04
5.567497109722311125e-04
8.040327769392417723e-04
1.335080272054857149e-03
2.451058102121205905e-03
4.304485763831665708e-03
7.166817159219986827e-03
1.145948060394183683e-02
1.761072763960434828e-02
2.631739167188279840e-02
3.798858805205525269e-02
5.364222031544695068e-02
7.322026127553055153e-02
9.843341637870414718e-02
1.314723728204741371e-01
2.187805214374269058e-01
4.623648474498507355e-01
4.676133131080165151e-01
4.709920991831341164e-01
4.721754796418816680e-01
4.721931646268260896e-01
4.718329147851092475e-01
4.713684025129156741e-01
4.706272711876098302e-01
4.686376242558842886e-01
4.632318332015953333e-01
4.503759048817485011e-01
4.306883552203870091e-01
1.992224029667979956e-01
1.204115317582832995e-01
9.133649326405440805e-02
6.894351000328649559e-02
5.105708736952663251e-02
3.654462443912502578e-02
2.549372916228673583e-02
1.716107176024389558e-02
1.119418471946466952e-02
6.999378820860099187e-03
4.176865435138548549e-03
2.335655159093099655e-03
1.210243734383873978e-03
6.233859652267528632e-04
3.421039272214223236e-04
4.319917596153405770e-04
8.100808369546227093e-04
7.548156940689984985e-04
-5.778021530885606356e-06
9.127323280689325635e-04
-7.799405098650323998e-05
1.569632994318465675e-04
1.111640624172423276e-03
1.187496700789917540e-03
7.605079237300238970e-04
6.423966948737422529e-04
8.187210826135425364e-04
1.337531307143331044e-03
2.451438231167373666e-03
4.304532851361579128e-03
7.166815968772425986e-03
1.145947761373778198e-02
1.761072994985795823e-02
2.631739097591448417e-02
3.798858392758251018e-02
5.364221960364789349e-02
7.322026063320234701e-02
9.843341975186772896e-02
1.314723835733465351e-01
2.187805315429064978e-01
4.623648861172000579e-01
4.676133288321022707e-01
4.709921018156427164e-01
4.721754789304650757e-01
4.721931636240433439e-01
4.718329145668486713e-01
4.713684027004222399e-01
4.706272710549771476e-01
4.686376250393149423e-01
4.632318338684128234e-01
4.503759003207418177e-01
4.306883483188921335e-01
1.992224093831136411e-01
1.204115406614961192e-01
9.133649676856535338e-02
6.894350864552022118e-02
5.105708813598840157e-02
3.654462169101797137e-02
2.549372562127064437e-02
1.716107166328200567e-02
1.119418461297097198e-02
6.999381121250042824e-03
4.176890779739577536e-03
2.335870566095729628e-03
1.211782913675946323e-03
6.334894916224582300e-04
4.062270781063225694e-04
7.800590626770981511e-04
1.920441080419848568e-04
1.282077076226958512e-03
5.982123665822752616e-04
5.215643316646418996e-04
9.601774378678729202e-04
2.883254956479662208e-04
7.239890553829751935e-04
5.921802529914525336e-04
1.347175721613367736e-03
7.018486244203031490e-04
8.242480246159480332e-04
1.337986713777023157e-03
2.451469313189338136e-03
4.304538773801198578e-03
7.166819425725063329e-03
1.145947709113013038e-02
1.761072912266408927e-02
2.631738910068985582e-02
3.798858123645202506e-02
5.364222266723121108e-02
7.322025996449099683e-02
9.843341319777419718e-02
1.314723834641558509e-01
2.187805333022432019e-01
4.623648778950275595e-01
4.676133268862792125e-01
4.709921024075102713e-01
4.721754795325034948e-01
4.721931643258856504e-01
4.718329150262059457e-01
4.713684024525223726e-01
4.706272705509363385e-01
4.686376241979612889e-01
4.632318331918787169e-01
4.503758932286817673e-01
4.306883262772184251e-01
1.992223961076021732e-01
1.204115293418247523e-01
9.133649774621827033e-02
6.894351467802443956e-02
5.105708489472233352e-02
3.654461882413038987e-02
2.549372781743305602e-02
1.716107049360937956e-02
1.119418424208425827e-02
6.999383288056789873e-03
4.176902503138894829e-03
2.335984355564466475e-03
1.212526493766774007e-03
6.377196258656483941e-04
4.290338294888155221e-04
8.561139058849851153e-04
4.711893198050763599e-04
9.593728243516427227e-04
8.310782775014106992e-04
9.116396226983429800e-04
7.827730860036761400e-04
6.453693729696154992e-04
5.725143112258607441e-05
5.426810261704505083e-04
9.927057125330871964e-04
6.422304941923179635e-04
8.003472679954256284e-04
1.301349682244443921e-03
2.377366238969468894e-03
4.173759149289716849e-03
6.960102528400778123e-03
1.116523143341290047e-02
1.722724557313230070e-02
2.588505544542011455e-02
3.759180130422615229e-02
5.350684449424271405e-02
7.367426184042853710e-02
1.001481394638476241e-01
1.352699629938341752e-01
2.270215304046049321e-01
4.755507763379480113e-01
4.752456233079841996e-01
4.749182134493780127e-01
4.742869929513661709e-01
4.732529774195425865e-01
4.719978029326461488e-01
4.703814275379037402e-01
4.678668279423561227e-01
4.621131791360062468e-01
4.480466265215709565e-01
4.172702998497375138e-01
3.768333808714401933e-01
1.710857840647537209e-01
1.044757520489705688e-01
8.056624786413955908e-02
6.194195697181358040e-02
4.645842483704985121e-02
3.371388296821572345e-02
2.373342456006656206e-02
1.612694905526168218e-02
1.058473939720149144e-02
6.663139525866145114e-03
3.998706181355040669e-03
2.254190880445020809e-03
1.181112645807390425e-03
6.189601312036001725e-04
3.368122901770970591e-04
2.117186089462197646e-04
6.356228223893175275e-04
3.913718696442353715e-04
-1.598398597256979394e-04
2.738367260292929586e-04
3.741912046562328336e-04
1.057290113775547803e-03
8.099822336509208747e-04
4.000863860373326522e-04
1.167964532920477781e-03
6.847782513012036238e-04
8.089452601013804710e-04
1.302968816877485845e-03
2.377636995360777553e-03
4.173792928370913952e-03
6.960099110492693093e-03
1.116522666668473031e-02
1.722724708868293361e-02
2.588505571626798646e-02
3.759179879069707297e-02
5.350684337170889815e-02
7.367426110289294894e-02
1.001481461042833254e-01
1.352699734369492424e-01
2.270215395826939153e-01
4.755508460111018132e-01
4.752456510547437007e-01
4.749182181059471985e-01
4.742869932621203155e-01
4.732529769378037710e-01
4.719978023527743871e-01
4.703814267914699920e-01
4.678668277652721641e-01
4.621131809087429265e-01
4.480466283231815949e-01
4.172703093927637719e-01
3.768334171504084118e-01
1.710857928853088961e-01
1.044757575192361981e-01
8.056625043752189963e-02
6.194196014080731449e-02
4.645843208217935449e-02
3.371388287575625281e-02
2.373341878978150674e-02
1.612694727697595865e-02
1.058474015871712845e-02
6.663139545615988368e-03
3.998707144580528755e-03
2.254207868857571219e-03
1.181337077023484347e-03
6.217566632491768270e-04
3.684119923565576794e-04
5.279028586644205065e-04
4.895239043463278129e-04
2.943411866587764071e-05
5.154726528862996031e-04
7.312278054522167343e-04
9.409388467555296212e-04
1.208928701755632943e-03
4.331144964961874391e-04
6.825901091059549111e-04
1.749249078311594435e-04
5.566326574919373523e-04
7.928407763872052363e-04
1.300927441346794730e-03
2.377393201765522473e-03
4.173774804711942801e-03
6.960100977472502559e-03
1.116522468324290460e-02
1.722724441743785431e-02
2.588505255279409042e-02
3.759179719169673112e-02
5.350684819941389780e-02
7.367426159745307790e-02
1.001481403508421297e-01
1.352699741395047839e-01
2.270215432050032844e-01
4.755508553129105809e-01
4.752456568031557804e-01
4.749182200357033867e-01
4.742869935393206893e-01
4.732529768298676665e-01
4.719978023663489730e-01
4.703814267619869649e-01
4.678668280825674097e-01
4.621131803086059864e-01
4.480466251955239065e-01
4.172702771936763200e-01
3.768333219317500649e-01
1.710857735131832702e-01
1.044757507210207076e-01
8.056625597559813334e-02
6.194196746703517498e-02
4.645842856078166716e-02
3.371387813989400184e-02
2.373341867929921328e-02
1.612694694541863191e-02
1.058474007438275216e-02
6.663140342433793682e-03
3.998735452429015916e-03
2.254449254609586402e-03
1.182963730229410993e-03
6.322870600231461071e-04
4.400268726785990262e-04
9.936785491006139455e-04
2.704017693466148728e-04
1.318173605355108229e-03
7.512331073626473321e-04
2.326112205878744905e-04
4.380053930388810011e-04
9.327784819053265087e-04
6.359493178279697996e-04
3.925594894482221388e-04
4.799012122691870079e-04
5.786002748948233451e-04
7.680442150614075463e-04
1.231781771210623509e-03
2.222738782890594945e-03
3.880443246348330537e-03
6.463304018014247657e-03
1.037581193500167198e-02
1.604851543472504694e-02
2.417897929268890758e-02
3.525721705892163188e-02
5.039435167571401641e-02
6.983020787653773653e-02
9.564670599015154262e-02
1.306026305929145481e-01
2.228034118888061743e-01
4.728642395665856313e-01
4.758605023094005237e-01
4.764113535479026496e-01
4.755828305534997025e-01
4.738338213019085421e-01
4.715383024776652054e-01
4.682850354461262077e-01
4.625094111345092740e-01
4.489990104737985321e-01
4.181622249237882949e-01
3.613658643796248682e-01
3.049329651499602112e-01
1.384589633258724861e-01
8.592779137012986068e-02
6.753795025020251086e-02
5.291988017705895331e-02
4.020532245090734091e-02
2.959004695703445695e-02
2.102528581992596513e-02
1.442922779757341810e-02
9.533788463304215810e-03
6.048282719939955185e-03
3.656195655271283085e-03
2.085150802651238467e-03
1.113848444128593676e-03
6.155614151141230181e-04
4.726153367013068238e-04
1.207017202627012941e-03
3.542362561817314422e-04
8.559553203500332977e-06
2.555504144992247701e-04
5.232180604270072468e-04
3.957696126944550922e-04
3.078530925816298845e-04
9.359038089857740685e-04
2.156915980411443082e-04
6.309337804723077385e-04
6.163371865141046213e-04
7.755508897176056470e-04
1.233174543343836579e-03
2.222970367838035966e-03
3.880472257191402985e-03
6.463299499337353191e-03
1.037580650580183055e-02
1.604851673493291886e-02
2.417897949430625887e-02
3.525721525309272186e-02
5.039434900130609907e-02
6.983020350340089777e-02
9.564671146899640652e-02
1.306026408804716876e-01
2.228034181098539623e-01
4.728642696258316680e-01
4.758605206231491525e-01
4.764113584277996361e-01
4.755828317442618025e-01
4.738338215451056712e-01
4.715383030326382174e-01
4.682850355838462653e-01
4.625094114354439401e-01
4.489990136815202870e-01
4.181622270443998701e-01
3.613658731053737139e-01
3.049330315548193227e-01
1.384589791677907911e-01
8.592779906260243628e-02
6.753795383122855600e-02
5.291988359436199107e-02
4.020532856581168768e-02
2.959004446743342814e-02
2.102527789368909342e-02
1.442922654501426968e-02
9.533790609563991617e-03
6.048279707439999965e-03
3.656162699979165469e-03
2.084836417943488913e-03
1.111275977320782355e-03
5.957585817991074232e-04
3.176908164460829709e-04
8.139063777741759379e-05
5.561243460343993396e-04
1.352701267970636990e-03
5.681251115925733432e-04
6.485122060416976609e-04
4.931732245405377095e-04
6.833251466968221508e-04
5.123821805924480338e-04
5.677454942513664301e-04
8.204023384076070818e-04
6.286148674460966109e-04
7.756250461734360072e-04
1.233001756495696226e-03
2.222937330330336785e-03
3.880475521171192557e-03
6.463300036730830131e-03
1.037580089589101341e-02
1.604851203467927770e-02
2.417897811564527835e-02
3.525721837572711598e-02
5.039435410244384045e-02
6.983019952523572549e-02
9.564670184388102125e-02
1.306026409631084739e-01
2.228034250072274403e-01
4.728642875991269090e-01
4.758605302738523890e-01
4.764113593965161320e-01
4.755828315563420672e-01
4.738338214135472959e-01
4.715383032968678556e-01
4.682850356433213568e-01
4.625094112274745206e-01
4.489990121013538449e-01
4.181622235023930712e-01
3.613658389396310344e-01
3.049329382887367990e-01
1.384589576992306115e-01
8.592779025450085484e-02
6.753795641825795226e-02
5.291988620350058375e-02
4.020532234982868852e-02
2.959003942328185602e-02
2.102527932100486940e-02
1.442922970296868154e-02
9.533790833989584310e-03
6.048278953677485754e-03
3.656196571361932171e-03
2.085074284872077879e-03
1.112539264185108314e-03
6.012691942796730572e-04
3.346858932955869542e-04
4.664423545658268034e-05
-1.449695359620279875e-04
9.670044159562166683e-04
6.984759632474275099e-04
3.551061399589344682e-04
4.708990662918650558e-04
9.701091340329333302e-04
-6.097170262175560026e-05
3.859468360803430006e-04
1.614017098204208471e-04
5.498842617408623238e-04
7.293625251234918914e-04
1.125097335662857134e-03
1.979163818621263154e-03
3.410400277958168698e-03
5.650657445616117693e-03
9.049100214756487792e-03
1.400320032673895050e-02
2.109764313170045882e-02
3.083511211479121952e-02
4.411774328334784612e-02
6.142753253383281126e-02
8.454368724008097524e-02
1.168115860165661324e-01
2.041767154878988688e-01
4.511949291100355031e-01
4.679664012218008873e-01
4.749836028947088118e-01
4.758947397220084641e-01
4.740128708083700126e-01
4.702915245622216744e-01
4.635563211541586237e-01
4.501380412772585937e-01
4.196758449738420271e-01
3.603562171177709383e-01
2.814748673625267483e-01
2.270531104116909060e-01
1.052234185541720407e-01
6.660730574978993013e-02
5.338158748860996616e-02
4.253115359415035601e-02
3.269502438001053307e-02
2.436781622190823532e-02
1.746780908173116084e-02
1.210282023903772042e-02
8.053156979240264080e-03
5.153621037946396616e-03
3.145107693779848525e-03
1.822592788418027094e-03
9.994470613282685142e-04
5.678471098391344373e-04
3.496869452139989617e-04
9.545469566989413864e-05
8.148046559449871563e-04
6.910085611105243721e-04
6.508755962179188720e-04
6.402644163360255315e-04
4.364202356594801290e-04
4.938388036784002212e-04
8.174210638089718112e-04
8.855939086984138814e-04
6.200783051611926831e-04
6.178296893775070886e-04
7.395321232430209250e-04
1.126664137286682984e-03
1.979402235399104187e-03
3.410430187947904521e-03
5.650651775500822004e-03
9.049093957570959398e-03
1.400320165053284271e-02
2.109764307133902769e-02
3.083511068515654846e-02
4.411774149628505670e-02
6.142753050270564896e-02
8.454369573901038271e-02
1.168115954605977169e-01
2.041767163563042164e-01
4.511949417979156940e-01
4.679664156575443212e-01
4.749836070439725777e-01
4.758947412002339505e-01
4.740128709132195861e-01
4.702915251612777015e-01
4.635563220008590002e-01
4.501380428687113966e-01
4.196758482747922070e-01
3.603562165040056220e-01
2.814748843860663818e-01
2.270532368154017100e-01
1.052234384088628072e-01
6.660731130990031612e-02
5.338158827219475350e-02
4.253115555678757542e-02
3.269503050946948042e-02
2.436781467712625243e-02
1.746780235771689879e-02
1.210282034532225368e-02
8.053158546947769558e-03
5.153617356974379837e-03
3.145099198340228514e-03
1.822529981720614556e-03
9.990851415233236929e-04
5.663859650280450835e-04
3.496441977756720079e-04
1.800940120611272983e-04
8.271169550120230493e-04
5.511313918639217969e-04
9.607237032498460762e-04
7.466956738600120805e-04
5.342590088264799475e-04
1.983515573346349983e-04
5.652092989044850413e-04
1.062789053702755098e-03
8.191917294848059328e-04
6.496201252886086479e-04
7.442180713423085211e-04
1.127333159880878179e-03
1.979500633322402257e-03
3.410449007197931346e-03
5.650651146758761852e-03
9.049086257081152829e-03
1.400319554503778874e-02
2.109764185800860892e-02
3.083511573417307278e-02
4.411774672123885271e-02
6.142752509575614278e-02
8.454368413470399191e-02
1.168115916894467282e-01
2.041767069643734556e-01
4.511948274256047942e-01
4.679663898561084445e-01
4.749836026859637905e-01
4.758947404824225846e-01
4.740128705865306324e-01
4.702915248588384056e-01
4.635563216640796180e-01
4.501380417815707968e-01
4.196758483175502819e-01
3.603562187606517142e-01
2.814748813751659640e-01
2.270532577589263745e-01
1.052234315419856153e-01
6.660730912066940845e-02
5.338159338465706810e-02
4.253115634476744428e-02
3.269502308696140697e-02
2.436781061251361638e-02
1.746780568033737269e-02
1.210282535172519693e-02
8.053156485425967334e-03
5.153615052552296995e-03
3.145154754731763029e-03
1.822943996099214443e-03
1.001622668701601876e-03
5.809185077266509076e-04
4.331963131817402569e-04
6.194535892726149226e-04
7.241617140278373659e-04
5.677641090768739240e-05
7.938446964082399243e-04
2.732039869480257666e-04
7.534617989825046977e-04
9.022879965469589834e-04
9.522972929093950420e-04
5.994036686943882532e-04
5.579784101336867676e-04
6.292847340820761871e-04
6.920309435001841761e-04
9.782981270346111872e-04
1.641118823639502308e-03
2.756594004503548374e-03
4.510905483880164185e-03
7.170478260504015156e-03
1.106940622455722389e-02
1.662975039260934651e-02
2.433186027680471139e-02
3.476847850798384099e-02
4.866051066863644886e-02
6.719032472212822793e-02
9.426123036218968243e-02
1.697170561536851530e-01
3.986661986740809849e-01
4.429062597264152856e-01
4.665043668271828814e-01
4.733762413988215068e-01
4.718864894870203330e-01
4.650120156269768601e-01
4.507132653992301785e-01
4.198390916766702174e-01
3.572138598702264134e-01
2.701428518910389265e-01
1.941651553910311301e-01
1.552240522894209329e-01
7.357088996996528907e-02
4.735474264411663331e-02
3.856558143756307760e-02
3.112879515321041735e-02
2.416589263033774512e-02
1.820312651926682748e-02
1.315539147740775461e-02
9.199815930883991494e-03
6.171323063272185494e-03
3.992581273879225109e-03
2.471199485887077413e-03
1.467797651790466503e-03
8.419360995185056840e-04
5.202737059410897889e-04
3.548263039214928790e-04
-1.391525554261787898e-04
7.859981413161026918e-05
2.379681227969084880e-04
2.349412696297432685e-04
6.297273385442337269e-04
6.303424908799627529e-04
6.758059955507258673e-04
2.148597148380570717e-04
1.373955735875847725e-03
4.476488170769654749e-04
6.261299181912231490e-04
6.935496946949116321e-04
9.788006785984044045e-04
1.641231385633383239e-03
2.756610895285785227e-03
4.510897941432182034e-03
7.170472412969913258e-03
1.106940910902107569e-02
1.662975155759259874e-02
2.433185957078447259e-02
3.476847593763205541e-02
4.866050798166647595e-02
6.719033348107472658e-02
9.426123994720932153e-02
1.697170600725798062e-01
3.986662115402860862e-01
4.429062489625572585e-01
4.665043682177010265e-01
4.733762428056508265e-01
4.718864885498557649e-01
4.650120147842978779e-01
4.507132656224021039e-01
4.198390957912849220e-01
3.572138682623651196e-01
2.701428509750562479e-01
1.941651633872795435e-01
1.552241577809595763e-01
7.357090778037368717e-02
4.735474671712082417e-02
3.856558030262982606e-02
3.112879619734889788e-02
2.416589915471060654e-02
1.820312642807766362e-02
1.315538604140339789e-02
9.199816322034643293e-03
6.171322740475807325e-03
3.992577607216787894e-03
2.471218658763430810e-03
1.467965644845803386e-03
8.431937696965395796e-04
5.289797227035682734e-04
4.142466894963276586e-04
2.012165556917890172e-04
9.552486028499249679e-05
5.953665743596080835e-05
1.220058767190164038e-04
2.401677185593958290e-04
7.633645897423649599e-04
8.347792909421682638e-04
5.141660796694041404e-04
4.385708069557160043e-04
5.345359998132384301e-04
6.453490282636134860e-04
6.972775429746442492e-04
9.794679966443407652e-04
1.641346922147379197e-03
2.756631229459967358e-03
4.510894432956154103e-03
7.170462394658609455e-03
1.106940210658153255e-02
1.662975092580709982e-02
2.433186644329422485e-02
3.476848273634784714e-02
4.866050308665449686e-02
6.719032031451535603e-02
9.426123080606756133e-02
1.697170271468963210e-01
3.986659009555216238e-01
4.429062005625354903e-01
4.665043613871059924e-01
4.733762423090207561e-01
4.718864891551400875e-01
4.650120150048969170e-01
4.507132657044659596e-01
4.198390929029802154e-01
3.572138694819350646e-01
2.701428604989918325e-01
1.941651936051297100e-01
1.552243175545685860e-01
7.357091271013863065e-02
4.735474894651559019e-02
3.856558770436913780e-02
3.112879636458948732e-02
2.416589157193394996e-02
1.820312353315506337e-02
1.315539024707772404e-02
9.199821466906583228e-03
6.171317466686959859e-03
3.992573022138339901e-03
2.471292193602704981e-03
1.468543832199409966e-03
8.469292574268395650e-04
5.518054977248087892e-04
5.569958632404288078e-04
1.041187699825595970e-03
1.614253575396461986e-04
5.781055222320610710e-04
2.653869141675952977e-04
3.617872423535238298e-04
1.054044976852886606e-04
9.306804339549082762e-04
4.929482975212652173e-04
8.510001236297057335e-04
5.769864181270845322e-04
6.640598553047490559e-04
6.313545735246797741e-04
7.876417047122816423e-04
1.212276469406478726e-03
1.931288534963355053e-03
3.065826454421377491e-03
4.781417546868282041e-03
7.307483428904526512e-03
1.089004765702573235e-02
1.590048989016655881e-02
2.263806797902714885e-02
3.183807691968104647e-02
4.407375991249872643e-02
6.295124197800505694e-02
1.166019209803876161e-01
2.907227636104273150e-01
3.697353779546192487e-01
4.341649509822972375e-01
4.600970915992512733e-01
4.611982615207382841e-01
4.451830243555228162e-01
4.068289478281869598e-01
3.358146018009734446e-01
2.421128641879441989e-01
1.622899905679061894e-01
1.124004030441700386e-01
9.044351569801582780e-02
4.330501771665956623e-02
2.821145597364677765e-02
2.327897596878558684e-02
1.898653116753716563e-02
1.486816851217603354e-02
1.130641374194345239e-02
8.243956214170821903e-03
5.828831903906469235e-03
3.959475725590921175e-03
2.608948829520902745e-03
1.659429839749472458e-03
1.032453798775028776e-03
6.429192708938792026e-04
4.641651332666793203e-04
4.561111126976475304e-04
3.107119706300832257e-04
7.320998585199649158e-04
4.599725555468310383e-04
7.658667254743370737e-05
7.790150931431393411e-04
2.259999099855022366e-04
2.666206820609070128e-04
7.119117901172522999e-04
7.857240425873825282e-04
6.928077783705044804e-04
6.871991836640111827e-04
6.355459517843313087e-04
7.883777375727757950e-04
1.212399514758066973e-03
1.931302670474394296e-03
3.065817121668373054e-03
4.781412259551062575e-03
7.307488034538464107e-03
1.089004992648578106e-02
1.590048895379848545e-02
2.263806391273824603e-02
3.183807471973827685e-02
4.407377083265134193e-02
6.295125528799142001e-02
1.166019509405129828e-01
2.907230243813674342e-01
3.697353912558734024e-01
4.341649576834193391e-01
4.600970940146973942e-01
4.611982605402740742e-01
4.451830264044825403e-01
4.068289520728920472e-01
3.358146099785721539e-01
2.421128743958790575e-01
1.622899893015019857e-01
1.124004063699333422e-01
9.044354970791805559e-02
4.330501647242677998e-02
2.821145335542041971e-02
2.327897148717646136e-02
1.898653047082281622e-02
1.486817424230616781e-02
1.130641383617119258e-02
8.243950911809280746e-03
5.828832005436540911e-03
3.959475180154035413e-03
2.608946928540456338e-03
1.659456732518086244e-03
1.032650212899733407e-03
6.443016780239527478e-04
4.734885282087450170e-04
5.180101558590928393e-04
6.845379171611848173e-04
5.164730622293142986e-04
1.053035578402243544e-03
4.509418084431966690e-04
5.891038752564194255e-04
7.178350967618709775e-04
4.363625656684437613e-04
7.827518537961877625e-04
1.945593071107725683e-04
7.946378925447103968e-04
7.103716173000320603e-04
6.398029634601699054e-04
7.891156046597644878e-04
1.212521169529245501e-03
1.931320701355949054e-03
3.065810855081894156e-03
4.781401258069281450e-03
7.307481905418828673e-03
1.089005039892194243e-02
1.590049643181592337e-02
2.263807155146257272e-02
3.183807052912308172e-02
4.407375724360184516e-02
6.295124622938262637e-02
1.166019339361496071e-01
2.907228681056317487e-01
3.697353652615281150e-01
4.341649496798622998e-01
4.600970957774116465e-01
4.611982620224513441e-01
4.451830249584604604e-01
4.068289514211976821e-01
3.358146084798172004e-01
2.421128817772675579e-01
1.622899991683594001e-01
1.124004238388406351e-01
9.044373047804243893e-02
4.330503461884950556e-02
2.821146435295856028e-02
2.327898131754467873e-02
1.898652913747047796e-02
1.486816673246730940e-02
1.130641243610154383e-02
8.243955665154624815e-03
5.828837944454289856e-03
3.959469562072374937e-03
2.608940704339484870e-03
1.659528702123957240e-03
1.033212424380548214e-03
6.477428390265709641e-04
4.922551020120974818e-04
6.139309293473615980e-04
1.028439921191360087e-03
6.978378079489434057e-04
3.087248054312628298e-04
7.146220276734234923e-04
5.845821922973295842e-04
2.080879269097084944e-04
3.903282251330281671e-04
-5.936762982928509632e-05
4.734248555442051548e-04
1.781287838882731939e-04
5.993755202878316710e-04
5.343524790995645823e-04
5.588448266054910508e-04
7.141794303023357628e-04
9.788398613755529276e-04
1.394424081432220786e-03
2.015633591278567956e-03
2.926898130341078468e-03
4.203679812864002767e-03
5.994015500011619021e-03
8.376103361055462632e-03
1.169750779633806428e-02
1.614106730140800472e-02
2.347140538212956831e-02
4.492595128507518437e-02
1.194062648514516295e-01
1.830138631165443008e-01
2.861496963438354135e-01
3.764758437845239780e-01
3.909928378537086968e-01
3.305203279267180383e-01
2.363325812365908163e-01
1.494945854525888684e-01
8.956712196493514522e-02
5.502412641761988965e-02
3.711580588927607116e-02
2.979266796279970639e-02
1.408580932884540872e-02
9.238410687301367580e-03
7.723193607351385923e-03
6.388199575440085994e-03
5.080022204884867762e-03
3.938828015534561605e-03
2.942140587784143179e-03
2.150203401299646995e-03
1.528772428770969541e-03
1.076472137100042232e-03
7.544278451473866503e-04
5.404516888579300685e-04
4.067489161591666133e-04
3.596073112138883877e-04
3.820708265678428501e-04
-1.288959770682057671e-04
1.060863201754627541e-03
8.977481317636516094e-04
1.134475065831226778e-03
1.154787863797496856e-03
1.368907200543338653e-04
4.275524397598213198e-04
4.332266775979246444e-05
6.584215958656715459e-04
5.193239105576964373e-04
6.493214175589650649e-04
5.412829185829291486e-04
5.597940059940483166e-04
7.143066985875720686e-04
9.788508344160309210e-04
1.394413779233573446e-03
2.015628939742148025e-03
2.926903884974305439e-03
4.203683430279712627e-03
5.994014772423362884e-03
8.376097156733671931e-03
1.169750368400078282e-02
1.614107403218720607e-02
2.347139935660838214e-02
4.492590023165134172e-02
1.194059248454664712e-01
1.830138500334442253e-01
2.861497103445663770e-01
3.764758424077190857e-01
3.909928284327561787e-01
3.305203290351230172e-01
2.363325912083494018e-01
1.494946030351164690e-01
8.956713995454090860e-02
5.502413428272130702e-02
3.711580976849254698e-02
2.979264821713250092e-02
1.408577536624337247e-02
9.238394954606840223e-03
7.723183981209825848e-03
6.388198059224726999e-03
5.080029231468749344e-03
3.938830440197762725e-03
2.942136308080266736e-03
2.150203262785218335e-03
1.528772146635493318e-03
1.076469234496807209e-03
7.544341343562427186e-04
5.404674881502382093e-04
4.068682178237915102e-04
3.611136087705481149e-04
3.988075291423266266e-04
3.570864696117492435e-05
2.760059599310833636e-04
4.532251845757092885e-04
1.667091826717768401e-04
7.122484710127278051e-04
1.396866436403086979e-04
2.137969189979126920e-04
5.905333850033182537e-04
2.310683503612843276e-04
8.293713932954505401e-04
6.887619691086792383e-04
5.464777884942883818e-04
5.605299870815445796e-04
7.144171572368644392e-04
9.788661592481176250e-04
1.394406380912158313e-03
2.015617909174310420e-03
2.926898610337754121e-03
4.203684326880433378e-03
5.994022353166437826e-03
8.376104999670206525e-03
1.169750002732279637e-02
1.614106112930551937e-02
2.347139387930256144e-02
4.492590256622284312e-02
1.194059188841979091e-01
1.830138112513740312e-01
2.861497000421745485e-01
3.764758571223649208e-01
3.909928333352026830e-01
3.305203217371905922e-01
2.363325829043504966e-01
1.494945938890894777e-01
8.956714310948081514e-02
5.502413210669585691e-02
3.711580541247817833e-02
2.979281262695978108e-02
1.408583740650679907e-02
9.238424793896207743e-03
7.723198996065691428e-03
6.388197365291123711e-03
5.080024319304475913e-03
3.938831018407179703e-03
2.942140245296529823e-03
2.150209052527453021e-03
1.528766462166808492e-03
1.076460940079342499e-03
7.545052060871160551e-04
5.410582290016971311e-04
4.108376488194361627e-04
3.865396011415041765e-04
5.679249503319002291e-04
1.094844910940984952e-03
-7.179855695462214417e-06
6.088289531181101041e-04
4.655268075290572419e-05
5.466889489634504170e-05
1.510373352646798395e-04
5.120320273386499456e-04
2.261705278555687553e-04
5.974825355846680695e-04
4.125798004521673257e-04
6.111501791123876565e-04
4.383781506825140564e-04
3.161262295022133646e-04
1.879759885502296324e-04
-2.390651545188623954e-05
-3.656647465169327710e-04
-8.959793820921811182e-04
-1.695593521606384184e-03
-2.853510421805415757e-03
-4.514185861059147147e-03
-6.793480444115108582e-03
-1.004095169650593387e-02
-1.453854673905279928e-02
-2.208741768882140771e-02
-4.390629064027001122e-02
-1.188087334767273656e-01
-1.815328572663530426e-01
-2.824072488097557621e-01
-3.730739358038880349e-01
-3.888893797383622952e-01
-3.285674422302720110e-01
-2.345093009184901767e-01
-1.488472437814379878e-01
-9.037966368929388483e-02
-5.669269592215244596e-02
-3.897304379935414426e-02
-3.153334129210230707e-02
-1.490445358823291010e-02
-9.663841840014756809e-03
-7.905862155403618405e-03
-6.355237289098206004e-03
-4.866551511918728104e-03
-3.584227971911591731e-03
-2.489358033944151418e-03
-1.632177628173306621e-03
-9.763934557432654877e-04
-5.074779204011493862e-04
-1.833007021599346168e-04
2.831847014043059989e-05
1.596945052847673617e-04
2.602467133435035717e-04
4.349996652304326293e-04
5.781646946001259410e-04
2.347747320962978489e-04
2.727272919564415051e-04
3.741534714189745565e-04
1.052586946136120942e-03
3.127244102839851813e-04
1.410717551706660742e-03
5.521046210352895849e-04
8.378688916562096640e-04
4.315863542850267962e-04
6.066451466117266144e-04
4.368014397898030529e-04
3.157814855022918026e-04
1.879178500560655057e-04
-2.391886095059709706e-05
-3.656760762236325492e-04
-8.959822584742481097e-04
-1.695586819672141804e-03
-2.853506488526785009e-03
-4.514187697865312647e-03
-6.793488954065009591e-03
-1.004095621673819702e-02
-1.453853990228725669e-02
-2.208742459482606821e-02
-4.390633645936564688e-02
-1.188088976251167467e-01
-1.815328780326727620e-01
-2.824072562444873147e-01
-3.730739377726013384e-01
-3.888893850808366470e-01
-3.285674503230828214e-01
-2.345092986300660043e-01
-1.488472342069842858e-01
-9.037965358211023925e-02
-5.669269681837073999e-02
-3.897307096799103310e-02
-3.153352090808479030e-02
-1.490449457874465540e-02
-9.663857912761888297e-03
-7.905871389774634522e-03
-6.355237697792845766e-03
-4.866543449319302335e-03
-3.584224495310643632e-03
-2.489362598494146341e-03
-1.632178796208253813e-03
-9.763936259828885590e-04
-5.074832345831973559e-04
-1.833223583983247754e-04
2.808075603731301787e-05
1.577588284424605498e-04
2.460258875365121424e-04
3.313590782212068385e-04
-1.060812126932662549e-04
5.902429034342084567e-04
8.423607388726525201e-04
7.044684509596209690e-04
5.247010052305308824e-04
9.929202726899008253e-04
2.787960991741661042e-04
2.525551033360747336e-04
7.466287482226143402e-04
-5.890333834844873391e-05
5.568852850937116780e-04
4.324455279321689528e-04
3.155025994971706583e-04
1.879247311815069547e-04
-2.391331074037633146e-05
-3.656838724711656283e-04
-8.959920863107925749e-04
-1.695591008364770230e-03
-2.853505655925553559e-03
-4.514180494528151517e-03
-6.793481207596942760e-03
-1.004095820638793539e-02
-1.453854896302649545e-02
-2.208742871258686027e-02
-4.390634678679830594e-02
-1.188091099685812113e-01
-1.815329252593415599e-01
-2.824072645529682735e-01
-3.730739364868024266e-01
-3.888893835404251820e-01
-3.285674408909853850e-01
-2.345092928576459346e-01
-1.488472367311128308e-01
-9.037965247397350410e-02
-5.669270707903111689e-02
-3.897308650252354068e-02
-3.153336777130676810e-02
-1.490442979899896971e-02
-9.663824044066349206e-03
-7.905854590781051169e-03
-6.355238777897978704e-03
-4.866547738228583012e-03
-3.584224712812491762e-03
-2.489361078103550801e-03
-1.632172087250860276e-03
-9.763967663428237609e-04
-5.074927167031938755e-04
-1.832793847607739192e-04
2.839308763001401449e-05
1.595013595241535746e-04
2.543329400814195191e-04
3.629882509913523914e-04
-9.037640454228946824e-05
3.879637654837100685e-04
1.038942077380837796e-03
3.338997506413684765e-04
8.102958816512228872e-04
-1.768913265592613666e-05
1.046410546901268418e-03
2.452608931266372287e-04
7.799423262318794497e-04
8.366508526775287167e-04
6.907690435590651407e-04
3.611352651025501051e-04
8.521003174499987732e-05
-3.173052014552351827e-04
-9.854879938599276842e-04
-2.048764898813401972e-03
-3.675151916994865656e-03
-6.092434723604725488e-03
-9.555162251864757206e-03
-1.443472456279463849e-02
-2.105622978324674793e-02
-3.015858052262387207e-02
-4.237970270880364598e-02
-6.127981566003323777e-02
-1.145308863005276984e-01
-2.848732116277420401e-01
-3.622560884276385673e-01
-4.288682499521654368e-01
-4.577639727364012923e-01
-4.602988280348326855e-01
-4.447521502720978015e-01
-4.062833907413401779e-01
-3.349598995589558870e-01
-2.419199372902416934e-01
-1.633473793196938417e-01
-1.141550653419539374e-01
-9.218608624891744263e-02
-4.409992847590617215e-02
-2.860052952433682696e-02
-2.341526441972293510e-02
-1.890537541245048553e-02
-1.461345973755774630e-02
-1.091885293516499204e-02
-7.767730998229214166e-03
-5.295510419621486664e-03
-3.398228556553882073e-03
-2.035770064848160376e-03
-1.087002031932219129e-03
-4.638378442115104151e-04
-7.542875438683610426e-05
1.643451498678949897e-04
4.028373833043706305e-04
3.281474493492177072e-04
-9.702290520763158654e-06
5.960380730508717901e-04
-1.121412234662617703e-05
9.979162197408107844e-04
4.367315461606571629e-04
9.433006770610471992e-04
-1.458153361785628646e-04
7.526600117962237678e-04
1.670130272747169444e-04
5.918309512128450394e-04
3.469169876593946548e-04
8.317763215858426176e-05
-3.175818383234562206e-04
-9.855259342264862180e-04
-2.048776465382576208e-03
-3.675152034819526708e-03
-6.092426407443463261e-03
-9.555157495150045852e-03
-1.443472746630458138e-02
-2.105623980768709519e-02
-3.015858537815829105e-02
-4.237969814574554100e-02
-6.127982122648105434e-02
-1.145309264451374737e-01
-2.848735099291453965e-01
-3.622561029519713038e-01
-4.288682532913352108e-01
-4.577639724759066109e-01
-4.602988295880278136e-01
-4.447521547828134914e-01
-4.062833914997980855e-01
-3.349598939916994533e-01
-2.419199319001382464e-01
-1.633473896006564507e-01
-1.141551218377048205e-01
-9.218644282123202027e-02
-4.409996085328506121e-02
-2.860053802086035685e-02
-2.341527132626214369e-02
-1.890537671514649562e-02
-1.461345432590255809e-02
-1.091885011647360237e-02
-7.767734648311381239e-03
-5.295510732677316187e-03
-3.398227885993618073e-03
-2.035774245831690251e-03
-1.087004904851544525e-03
-4.639186984503811486e-04
-7.631774026253644464e-05
1.563639100410900862e-04
3.348346377469342008e-04
-1.848974612356145907e-04
-1.782343323503209173e-04
7.298717816231780654e-04
4.367890690861638545e-05
2.727441958193766130e-04
5.535662761597717188e-04
5.936016886744766279e-04
9.238251756819756662e-04
3.154923257596438770e-04
8.939819988901547996e-04
6.822785838108749983e-04
3.580696449991084074e-04
8.457621342389912990e-05
-3.174046111265114555e-04
-9.855055380602751724e-04
-2.048781537307672266e-03
-3.675158911264917241e-03
-6.092428968651174455e-03
-9.555157122117321350e-03
-1.443472183049230098e-02
-2.105623368337734488e-02
-3.015858606566651501e-02
-4.237970046791662837e-02
-6.127981362060676285e-02
-1.145308934793289324e-01
-2.848733595008359210e-01
-3.622561106925110130e-01
-4.288682569246819454e-01
-4.577639741135860474e-01
-4.602988291716025859e-01
-4.447521489870127631e-01
-4.062833853115460081e-01
-3.349598925990818765e-01
-2.419199289124708829e-01
-1.633473903683091144e-01
-1.141551225199830683e-01
-9.218626903579599241e-02
-4.409993905870745329e-02
-2.860052162224377761e-02
-2.341526197941974641e-02
-1.890538245439686571e-02
-1.461345869918851195e-02
-1.091884864001937093e-02
-7.767731655054798540e-03
-5.295500772334334368e-03
-3.398229608706741268e-03
-2.035786124491489532e-03
-1.086979092742170567e-03
-4.637343244564211915e-04
-7.521947592069534911e-05
1.628634667868564983e-04
3.749741686709609110e-04
6.432649546110314170e-05
5.911872382709845025e-05
5.376049124259408033e-04
-5.322111031543712794e-05
2.387825307769795159e-04
2.290372691262091342e-04
2.136902313916871920e-04
8.494095950847755901e-04
3.856571097186741663e-04
5.807000826150443291e-04
6.425716783764169821e-04
2.726663487006424384e-04
-1.209566823601600601e-04
-7.611963625184319480e-04
-1.827641252192819437e-03
-3.514845859125111712e-03
-6.088223190143293717e-03
-9.883520174099363204e-03
-1.532240793402318835e-02
-2.289292431207598510e-02
-3.318934046055348891e-02
-4.695093494699110331e-02
-6.534457985617170284e-02
-9.217482906730939396e-02
-1.662125242122351743e-01
-3.875418699515971177e-01
-4.342968422966658748e-01
-4.623755500610707281e-01
-4.718167699688636807e-01
-4.713473682017615407e-01
-4.648386382285121243e-01
-4.505773341907291507e-01
-4.192909462022101352e-01
-3.562202707127377632e-01
-2.698658899658861188e-01
-1.953193304138362008e-01
-1.568129157042127131e-01
-7.427197557981436715e-02
-4.765220362165957513e-02
-3.860246682007186653e-02
-3.094989462650087758e-02
-2.383034007094356546e-02
-1.775244034141121308e-02
-1.263507691964320043e-02
-8.638213535274535254e-03
-5.593946164454585181e-03
-3.412019516651587040e-03
-1.896887662624014131e-03
-9.011105015946492764e-04
-2.797193239577665876e-04
8.922428228281632844e-05
3.770593782674961660e-04
-1.551599326750383392e-04
3.362606307596380521e-04
6.270481443793014332e-04
1.493552178211942911e-04
1.179165882621946264e-03
7.769715559811456694e-04
9.110928663815374322e-04
1.011578361689085078e-04
1.202491155441257715e-03
3.753528079133929994e-04
6.002810928611983666e-04
2.653960113505772077e-04
-1.221171890898631351e-04
-7.613665542195137892e-04
-1.827668541701533197e-03
-3.514855474885983724e-03
-6.088222379133068594e-03
-9.883512530142095701e-03
-1.532240410776447570e-02
-2.289292905805431072e-02
-3.318934945475194437e-02
-4.695093475591877868e-02
-6.534456967778082270e-02
-9.217481714605096910e-02
-1.662124770743509949e-01
-3.875414883802745236e-01
-4.342967773385450481e-01
-4.623755493368350011e-01
-4.718167701628123156e-01
-4.713473688761261604e-01
-4.648386396212411675e-01
-4.505773344813134296e-01
-4.192909437011292373e-01
-3.562202682655283836e-01
-2.698659020419393317e-01
-1.953194059168394670e-01
-1.568132837437099247e-01
-7.427200031858623153e-02
-4.765220684448226440e-02
-3.860247008061587493e-02
-3.094989319065909530e-02
-2.383033447127560350e-02
-1.775243639889009795e-02
-1.263507906997454570e-02
-8.638214647430563983e-03
-5.593948638410221885e-03
-3.412023809691801593e-03
-1.896838160058832590e-03
-9.006902654685164161e-04
-2.767249782085386958e-04
1.093716723133280228e-04
5.145609752384461581e-04
6.835367678073471032e-04
7.186402606027894472e-04
6.906381268672358298e-04
7.227595525832028380e-04
8.504682089154759050e-04
7.754971572968710498e-05
7.626051331126921411e-05
6.776140054340972852e-04
4.789046402787589885e-04
1.170721324434683493e-04
5.798661465457985616e-04
2.641214651290616508e-04
-1.221600684528869772e-04
-7.613599043252305574e-04
-1.827667145067235618e-03
-3.514860075199944221e-03
-6.088226037999517129e-03
-9.883513397654933308e-03
-1.532240467074558361e-02
-2.289292541987365120e-02
-3.318934522031005696e-02
-4.695093559155377044e-02
-6.534456856952243486e-02
-9.217480879425837825e-02
-1.662124515697322169e-01
-3.875413420948994325e-01
-4.342967553937764902e-01
-4.623755469307218036e-01
-4.718167695354182345e-01
-4.713473677042494536e-01
-4.648386366925152391e-01
-4.505773318738373057e-01
-4.192909445250143641e-01
-3.562202683585569130e-01
-2.698659016748337081e-01
-1.953194052202827657e-01
-1.568132617767259984e-01
-7.427200476666009910e-02
-4.765219756990272948e-02
-3.860246277962663120e-02
-3.094990085691479154e-02
-2.383033912419135064e-02
-1.775243629601025788e-02
-1.263507792660010717e-02
-8.638203942854081815e-03
-5.593950438049504967e-03
-3.412038040585480773e-03
-1.896831290713025132e-03
-9.006483000878092978e-04
-2.764993933531565079e-04
1.110399376797080819e-04
5.292475348062297344e-04
8.165054371881084452e-04
-2.572347849608409669e-04
7.275614411942067606e-04
1.822040289152337793e-04
4.018331557109485700e-04
-1.899653272591201409e-04
1.310826879815246444e-03
2.687496657448745164e-05
9.778318939712340313e-04
1.934589454688881612e-04
5.753694292789120592e-04
1.966238953519344572e-04
-2.884020637318157176e-04
-1.119056476279223309e-03
-2.503506164555239621e-03
-4.681535091840128074e-03
-7.997852491762026672e-03
-1.285450760166941854e-02
-1.982725813928087194e-02
-2.943297614298881829e-02
-4.255190592315881426e-02
-5.969798533030418186e-02
-8.256258438541516642e-02
-1.143864926545604538e-01
-1.997798664443049266e-01
-4.392215565008085187e-01
-4.605587648180329841e-01
-4.719436218330837485e-01
-4.748773278960036759e-01
-4.736497807429292939e-01
-4.701325761628389333e-01
-4.634669388097824028e-01
-4.498447144183509994e-01
-4.186650014432695133e-01
-3.586506399796574041e-01
-2.808182318933716837e-01
-2.276036491082479296e-01
-1.055901212131523381e-01
-6.669805040000241492e-02
-5.324209499953290459e-02
-4.219822524203081793e-02
-3.223872852268466066e-02
-2.382754867324598028e-02
-1.688650034883916462e-02
-1.150343932595141935e-02
-7.454676148531773176e-03
-4.563904030021236069e-03
-2.569026968131879213e-03
-1.259833734447256401e-03
-4.467236294522939429e-04
2.247671927262757932e-05
3.521956263018700376e-04
-2.910197493991412122e-04
5.480731678120755916e-04
-2.206958289850362970e-04
4.512843487891627921e-04
5.875087273118507602e-04
6.513447203038894408e-04
4.560436259129635461e-04
7.482471121006091302e-04
8.477220081814184054e-04
9.542082636882690103e-05
5.762803947236744056e-04
1.981627132987030804e-04
-2.880660653107352978e-04
-1.119005420826253575e-03
-2.503506054133974174e-03
-4.681540300796736137e-03
-7.997850720405820860e-03
-1.285450039395002672e-02
-1.982725409455931773e-02
-2.943298127200136977e-02
-4.255191298251832094e-02
-5.969798388077960510e-02
-8.256257961965446368e-02
-1.143864839374751918e-01
-1.997798009427018129e-01
-4.392210830520919540e-01
-4.605586580625764537e-01
-4.719436117072106085e-01
-4.748773264691708018e-01
-4.736497806836620916e-01
-4.701325766456668775e-01
-4.634669394818939914e-01
-4.498447143890959565e-01
-4.186650010665881605e-01
-3.586506446956834182e-01
-2.808182482212440156e-01
-2.276037043122309533e-01
-1.055901143633255490e-01
-6.669804745972562898e-02
-5.324209665352517412e-02
-4.219822425802070148e-02
-3.223872604240626827e-02
-2.382754523358414020e-02
-1.688650015391455692e-02
-1.150343947404802551e-02
-7.454679308861722302e-03
-4.563906854018856887e-03
-2.568960895748923293e-03
-1.259286345769214562e-03
-4.428478063002020716e-04
4.862602125805876778e-05
5.318903682453375754e-04
8.447627813321610668e-04
2.780979203085099999e-04
7.726265661496645827e-04
7.263773609346855695e-05
6.850775240346868196e-04
3.548231729340669562e-04
3.646770923583222078e-04
-3.837052590902453381e-05
1.330985904615460363e-04
4.317298669791700414e-04
5.960671392464785348e-04
1.976361296580599535e-04
-2.885314025365127142e-04
-1.119108886051836454e-03
-2.503522010878116329e-03
-4.681544727766519080e-03
-7.997851496467110743e-03
-1.285449935780376245e-02
-1.982725613644769486e-02
-2.943298036502173948e-02
-4.255190991790192695e-02
-5.969798522518492828e-02
-8.256257937427417815e-02
-1.143864821125885334e-01
-1.997798116834066939e-01
-4.392212044177855046e-01
-4.605586799327560654e-01
-4.719436138595690111e-01
-4.748773269208628744e-01
-4.736497807407121230e-01
-4.701325759517444580e-01
-4.634669384606383558e-01
-4.498447138493265607e-01
-4.186650005005397301e-01
-3.586506473381508298e-01
-2.808182706513494553e-01
-2.276037740660529496e-01
-1.055901229821627624e-01
-6.669803952715622208e-02
-5.324209385910472908e-02
-4.219823579977670380e-02
-3.223872939920229691e-02
-2.382754164773904712e-02
-1.688649576558545404e-02
-1.150342718764070515e-02
-7.454682949374985546e-03
-4.563924153918306505e-03
-2.568973409695713556e-03
-1.259403307489569265e-03
-4.438775293279040648e-04
4.035801170442219658e-05
4.648967830704752325e-04
3.306443616892572671e-04
-1.799689603724032071e-04
2.598973326615763814e-04
5.004214267879548289e-04
4.682056000336123902e-04
4.720108551267552426e-04
3.959962064659929785e-04
6.287743703495343457e-05
8.407033144319125181e-04
-2.402914063081912685e-05
5.611205915939438847e-04
1.455659439488491596e-04
-4.132542202778476635e-04
-1.384193444738684607e-03
-2.998361394949551097e-03
-5.524050769570095984e-03
-9.359691763347322696e-03
-1.494210502828084534e-02
-2.295531556597561404e-02
-3.390588412082114894e-02
-4.887239736204283813e-02
-6.812614876128660069e-02
-9.364124037684372348e-02
-1.280578674369384218e-01
-2.182786601092220058e-01
-4.622015258589012854e-01
-4.696925548880499512e-01
-4.739985021428114731e-01
-4.748059322178490582e-01
-4.735268768395504702e-01
-4.713554280466382695e-01
-4.681942780583283059e-01
-4.623774951505184028e-01
-4.482908522498102455e-01
-4.159561200353313892e-01
-3.582883712474556059e-01
-3.029239202829090982e-01
-1.380765341106564015e-01
-8.563830210737571891e-02
-6.712743078864759350e-02
-5.237835665973902127e-02
-3.959537612805042600e-02
-2.894264012955831411e-02
-2.037351004347067243e-02
-1.378815789755664240e-02
-8.912881843071230117e-03
-5.449735639601480108e-03
-3.079270542275850363e-03
-1.527297530588697704e-03
-5.695140927100423569e-04
-2.733514854769280799e-05
3.522955987930146576e-04
-1.312684792240469784e-04
4.006400889667878886e-04
1.106647721239930617e-04
3.106282856966036034e-04
3.110138005174887892e-04
4.110278374306901750e-04
2.380389695611846886e-04
6.768734080505340450e-04
3.751033543855008200e-04
1.080225181264291966e-03
7.044179033652808427e-04
1.634671687683385635e-04
-4.110506669924879775e-04
-1.383936329394083948e-03
-2.998339074367359532e-03
-5.524051057116984194e-03
-9.359689291651776544e-03
-1.494209935161312959e-02
-2.295531308457694764e-02
-3.390589289128263795e-02
-4.887240615450227921e-02
-6.812614539557886040e-02
-9.364123580457010820e-02
-1.280578607244571288e-01
-2.182786125342012773e-01
-4.622012311899432180e-01
-4.696924749027122092e-01
-4.739984927259524583e-01
-4.748059315932015578e-01
-4.735268772319641273e-01
-4.713554280060016088e-01
-4.681942777209104900e-01
-4.623774945630357847e-01
-4.482908516867791793e-01
-4.159561166676319366e-01
-3.582883407985098523e-01
-3.029238333887410151e-01
-1.380765187246049963e-01
-8.563830263263579046e-02
-6.712743424698257300e-02
-5.237835514292485395e-02
-3.959537374349292316e-02
-2.894263553049003859e-02
-2.037350793679284719e-02
-1.378815869514941894e-02
-8.912885829705225263e-03
-5.449739106099915631e-03
-3.079240084369716957e-03
-1.527112777408478261e-03
-5.686890694869507420e-04
-2.496490164635599342e-05
3.479906398047059673e-04
-2.717503625002758551e-04
5.777731246457836704e-04
6.452662579440872305e-04
2.604718115419377839e-04
1.816583492909948513e-04
-2.731453597714165711e-04
2.176491106582104215e-04
-3.614698749295554596e-05
6.875229927536746311e-05
-1.366494114866222815e-04
5.396017236084945344e-04
1.414669603803550254e-04
-4.140196301347121043e-04
-1.384327863633844427e-03
-2.998385585735062562e-03
-5.524056656561324684e-03
-9.359687749161547249e-03
-1.494209608907540350e-02
-2.295531646346436749e-02
-3.390589448881525109e-02
-4.887240250285116577e-02
-6.812614440250328030e-02
-9.364123226611534290e-02
-1.280578577284836039e-01
-2.182786327858447506e-01
-4.622013857415077642e-01
-4.696925149726269288e-01
-4.739984970369176542e-01
-4.748059316408762554e-01
-4.735268772077148025e-01
-4.713554278963957289e-01
-4.681942774199490676e-01
-4.623774936589390427e-01
-4.482908510555540516e-01
-4.159561208174481495e-01
-3.582883682467319364e-01
-3.029239072879323924e-01
-1.380765266622557552e-01
-8.563829357181275415e-02
-6.712743107160895617e-02
-5.237836556953610195e-02
-3.959537596373411544e-02
-2.894263349764672477e-02
-2.037350611399912914e-02
-1.378814899913503866e-02
-8.912889940764565436e-03
-5.449752882893799284e-03
-3.079241771939379528e-03
-1.527116855940498404e-03
-5.686422457028035430e-04
-2.383656694199399233e-05
3.624992037978486733e-04
-1.307307506963006037e-04
7.536590761601240536e-04
3.161458490157908205e-04
4.270097639155668754e-04
-1.751698205901649130e-04
5.347245329568301288e-04
2.384662030300223497e-04
6.404860636406626249e-04
4.459715892837036780e-04
5.619628816027306484e-04
6.191407522065018503e-04
1.086715473647389193e-04
-5.025150791896618088e-04
-1.562020948201814927e-03
-3.318088335252208660e-03
-6.052186948239807185e-03
-1.018707409079449948e-02
-1.616774267181705221e-02
-2.471938486478348490e-02
-3.631228380363279301e-02
-5.207309730640598960e-02
-7.207408651826263668e-02
-9.826468106599818564e-02
-1.328633859111973126e-01
-2.227943812782750832e-01
-4.659230559711887709e-01
-4.697593391650976558e-01
-4.728916490709494935e-01
-4.737136064836087734e-01
-4.730075871411279498e-01
-4.717820779841017109e-01
-4.702292707982441700e-01
-4.677484705434918344e-01
-4.615655222210842124e-01
-4.458342369361100177e-01
-4.124444520328102715e-01
-3.711987788632958307e-01
-1.695002049035534697e-01
-1.036162675995041388e-01
-7.977982107334298523e-02
-6.114592336845254411e-02
-4.566947548224940118e-02
-3.295119819099697617e-02
-2.300816447602401296e-02
-1.544498842473622686e-02
-9.942774514184082174e-03
-6.057492796597539059e-03
-3.422278142378826563e-03
-1.701639443451412326e-03
-6.441528475886031937e-04
-4.422548094300790317e-05
4.102332377186075759e-04
2.365580610255728540e-04
5.873378869348744530e-04
9.958832223085484475e-04
2.394157834082486294e-04
8.384369315724892000e-04
-1.618147819586101470e-05
7.112090620873351378e-04
1.829139644204165623e-04
1.780243947314970700e-04
4.295590973563411945e-05
5.525471782660916877e-04
1.002041926822014165e-04
-5.036379129534576541e-04
-1.562168685098829944e-03
-3.318107218216141598e-03
-6.052186849749591202e-03
-1.018707159446340452e-02
-1.616773869409023415e-02
-2.471938119562607644e-02
-3.631228967397345103e-02
-5.207310120619206700e-02
-7.207407993972966831e-02
-9.826468180108198502e-02
-1.328633881489001689e-01
-2.227943546356304094e-01
-4.659228867936415774e-01
-4.697592813954487578e-01
-4.728916408359464252e-01
-4.737136055810557966e-01
-4.730075872906792100e-01
-4.717820778821842920e-01
-4.702292705830886654e-01
-4.677484703902432539e-01
-4.615655223868541657e-01
-4.458342370346213279e-01
-4.124444506681674838e-01
-3.711987626425021225e-01
-1.695001982612489022e-01
-1.036162711815783732e-01
-7.977982682821133098e-02
-6.114592512080601477e-02
-4.566947578441981487e-02
-3.295119124172407599e-02
-2.300815808342608626e-02
-1.544498956569647502e-02
-9.942779802181913457e-03
-6.057495933142126483e-03
-3.422259428262955892e-03
-1.701550702268804548e-03
-6.441114765721203629e-04
-4.831725265388867388e-05
3.511383299922172792e-04
-3.631377813163632002e-04
5.559770636473728876e-04
1.207741005909679236e-03
4.088504306769149112e-04
3.136355279002124639e-04
7.924786424181197832e-04
3.244817853595431309e-04
4.596716657960753737e-04
9.419149152753747726e-04
1.544743840425304279e-04
5.531533035573571152e-04
9.831379708352405440e-05
-5.041674340111243751e-04
-1.562276227057278390e-03
-3.318124363349880118e-03
-6.052188304240578923e-03
-1.018706666442737406e-02
-1.616773191439362448e-02
-2.471938548219393753e-02
-3.631229611059181434e-02
-5.207310131810604509e-02
-7.207408064098158595e-02
-9.826467849976179558e-02
-1.328633848409796481e-01
-2.227943690647221919e-01
-4.659229867309405138e-01
-4.697593111657397680e-01
-4.728916445451477046e-01
-4.737136055668693668e-01
-4.730075872810406978e-01
-4.717820780060120178e-01
-4.702292707954280893e-01
-4.677484699909129628e-01
-4.615655223896212300e-01
-4.458342405232705863e-01
-4.124444687718964997e-01
-3.711988002247991192e-01
-1.695001985275453593e-01
-1.036162610555397406e-01
-7.977982759948726299e-02
-6.114593919567512526e-02
-4.566947771983162485e-02
-3.295118588955821964e-02
-2.300815315497704502e-02
-1.544498126426422160e-02
-9.942784271214283320e-03
-6.057506313278649378e-03
-3.422257824877921340e-03
-1.701524595569025135e-03
-6.438340009997948945e-04
-4.571169483041718476e-05
3.742114094676439809e-04
-1.745887432783075439e-04
1.265144890508569284e-04
6.430060308025324026e-04
3.033384721537805929e-04
8.750375332674614976e-04
2.516871757817276656e-04
6.995633818428947026e-04
6.449296929829169585e-04
4.929985194785602371e-04
3.001090596284977869e-04
5.336119567965803574e-04
5.385702411272213006e-05
-5.649697610101833819e-04
-1.661147465423105625e-03
-3.476558233192431329e-03
-6.291573189992014266e-03
-1.052252313440624892e-02
-1.660389983559962604e-02
-2.522345260624853092e-02
-3.680568165460848529e-02
-5.234660344505165375e-02
-7.180818695116157613e-02
-9.681850553717712138e-02
-1.294387231739413391e-01
-2.151275680138062252e-01
-4.532697330240799127e-01
-4.622145053741982812e-01
-4.689694580797679202e-01
-4.716233614057023238e-01
-4.719609599982768633e-01
-4.716026481711889096e-01
-4.711842568712903967e-01
-4.705167080888054687e-01
-4.682289247214190264e-01
-4.613064949702997963e-01
-4.451892101192455042e-01
-4.227088793269666578e-01
-1.964117022992171446e-01
-1.189109262970603625e-01
-9.012660048938271606e-02
-6.787658782946007219e-02
-5.008545494010900601e-02
-3.567133978162453228e-02
-2.470075999186165105e-02
-1.644373902953908534e-02
-1.053531255650355485e-02
-6.389578328180997059e-03
-3.602820568279735403e-03
-1.788970348030195128e-03
-6.791956178307138403e-04
-5.924680188683573634e-05
3.194801539952040370e-04
-7.508294059146167557e-04
-4.231315840438121175e-05
1.239200732171582458e-03
-4.187262038041549781e-05
5.796834302800977926e-04
2.862214269895069262e-04
9.277887404607324711e-04
-1.552519344240742716e-04
3.564566754074751233e-04
-2.801545229989788836e-04
4.349484964755502840e-04
3.824426098614399353e-05
-5.673904815152029006e-04
-1.661501884024997860e-03
-3.476602228241088433e-03
-6.291570878648383887e-03
-1.052251948838134853e-02
-1.660389781724776193e-02
-2.522345036145683117e-02
-3.680568958850093109e-02
-5.234660874569589673e-02
-7.180817988239822369e-02
-9.681850591352174351e-02
-1.294387254343562776e-01
-2.151275565322215422e-01
-4.532696915109877267e-01
-4.622144895550829857e-01
-4.689694559109914840e-01
-4.716233609714881037e-01
-4.719609599236306297e-01
-4.716026479913961733e-01
-4.711842568648954566e-01
-4.705167083624661739e-01
-4.682289252364872922e-01
-4.613064947988643749e-01
-4.451892081453647232e-01
-4.227088725659309265e-01
-1.964116981103243287e-01
-1.189109308997065712e-01
-9.012660508831873973e-02
-6.787658762625430053e-02
-5.008545457941059736e-02
-3.567133276948919463e-02
-2.470075532943393284e-02
-1.644374478437521728e-02
-1.053531921388201065e-02
-6.389576845996211563e-03
-3.602765300600924321e-03
-1.788493617655639899e-03
-6.757356428319468604e-04
-3.501998468143456680e-05
4.970741156647474381e-04
4.914682857024890153e-04
-1.932027816383747842e-05
-1.138691545959812161e-04
3.663671541906680842e-04
3.547913539782969494e-04
6.589274395961562582e-04
8.974767344790461837e-04
1.176422641108711359e-04
9.324071651950086113e-04
1.851246942345053032e-04
4.959250262866132190e-04
4.560697907601024450e-05
-5.665750718786136727e-04
-1.661430365856572016e-03
-3.476598935930726164e-03
-6.291569484971930130e-03
-1.052251497059358484e-02
-1.660389397409905987e-02
-2.522345891861791159e-02
-3.680569699500138570e-02
-5.234660357184229423e-02
-7.180817376864852275e-02
-9.681849917854117027e-02
-1.294387215125171187e-01
-2.151275637439518107e-01
-4.532697221033135104e-01
-4.622145026452678662e-01
-4.689694578936741687e-01
-4.716233613137857938e-01
-4.719609602894627165e-01
-4.716026483655619272e-01
-4.711842573217517316e-01
-4.705167080364939247e-01
-4.682289246764888557e-01
-4.613064945958828544e-01
-4.451892094243153908e-01
-4.227088800818507019e-01
-1.964116977458899849e-01
-1.189109229010230362e-01
-9.012660519273645032e-02
-6.787659661561760982e-02
-5.008545080965173812e-02
-3.567132509689272674e-02
-2.470075256218400364e-02
-1.644374226268481912e-02
-1.053532397023572952e-02
-6.389584169006551177e-03
-3.602774880247013728e-03
-1.788559256718442406e-03
-6.762205745997782944e-04
-3.894068490961817981e-05
4.613811096875981626e-04
1.670775619594773377e-04
6.819632644163508509e-04
9.826962553256834727e-05
-4.706872313093222023e-05
6.483510485336315679e-04
-1.390569851675389692e-04
3.973104596964308261e-04
2.511899628737368213e-04
4.822050989661606606e-04
-1.084477498353522774e-05
4.061823080920620027e-04
-9.384071105386306288e-07
-5.979079376028240004e-04
-1.684163582618825169e-03
-3.481546935665311582e-03
-6.258480930512157203e-03
-1.039873418345909142e-02
-1.631049686405048466e-02
-2.457795555824794295e-02
-3.557377804394389748e-02
-5.002151721316674265e-02
-6.785841894236463445e-02
-9.014907744931359435e-02
-1.189659995614488208e-01
-1.964885199918120218e-01
-4.226371214308207724e-01
-4.450359110400377571e-01
-4.611472264642158536e-01
-4.681029163210079780e-01
-4.704393659741799572e-01
-4.711567884000932849e-01
-4.716302296402975491e-01
-4.720343881234215222e-01
-4.717362380989676418e-01
-4.691057782102412976e-01
-4.623433620258502463e-01
-4.533410809286346210e-01
-2.149554166413203127e-01
-1.293227414181999657e-01
-9.676173694807145564e-02
-7.181733389173222681e-02
-5.241837134501783207e-02
-3.692287768721334851e-02
-2.537190703636931638e-02
-1.676681392020399480e-02
-1.069013050190291067e-02
-6.454280275432429208e-03
-3.629000866639408955e-03
-1.797103523021366433e-03
-6.798110926451829752e-04
-5.159151414154222151e-05
3.643042595498050158e-04
-4.405520357862891131e-04
-2.450199673982256742e-04
1.137044281191254124e-03
2.661979968402021523e-04
8.111938025628763829e-04
7.183745571479778491e-04
7.985967113408369783e-04
-1.637677888900243906e-05
2.137692263655091476e-04
-2.574164355138492170e-04
3.481718483373053897e-04
-1.208891268218622236e-05
-5.998685355884197891e-04
-1.684481577710171627e-03
-3.481588805617071621e-03
-6.258475715117180205e-03
-1.039873074338601433e-02
-1.631049751203867901e-02
-2.457795459773762931e-02
-3.557378624151829455e-02
-5.002152147980772762e-02
-6.785841125791036710e-02
-9.014907942485012038e-02
-1.189660043097726105e-01
-1.964885173590455170e-01
-4.226371348872066669e-01
-4.450359199030811674e-01
-4.611472291508718624e-01
-4.681029163523077741e-01
-4.704393655965500298e-01
-4.711567879506707301e-01
-4.716302294494094105e-01
-4.720343881602179215e-01
-4.717362382453383907e-01
-4.691057781409878613e-01
-4.623433641529809957e-01
-4.533410854143173907e-01
-2.149554149845712137e-01
-1.293227472183235971e-01
-9.676174350735242125e-02
-7.181733756190941675e-02
-5.241837430178793167e-02
-3.692286974921914905e-02
-2.537189917320007912e-02
-1.676681848403904079e-02
-1.069013566467990131e-02
-6.454277994245070406e-03
-3.628955550578630111e-03
-1.796714883485060971e-03
-6.773374399199721648e-04
-3.754730708906041657e-05
4.424708780567112535e-04
-8.319651755473860292e-05
1.305593973213697659e-05
-2.326344341820834704e-04
5.375537412504743256e-05
6.205164521374698181e-04
4.981177241664924661e-04
1.323883405438728525e-04
4.289551623862546863e-04
1.956944936747159075e-04
-4.531593390604629363e-04
3.258461411249765293e-04
-1.499566731147308565e-05
-6.003296357370461545e-04
-1.684568587275845578e-03
-3.481603101601484385e-03
-6.258472732954091684e-03
-1.039872309306409150e-02
-1.631049091317466476e-02
-2.457796085196134808e-02
-3.557379458956259205e-02
-5.002152057032608484e-02
-6.785840922346862703e-02
-9.014907389743473387e-02
-1.189659990038277187e-01
-1.964885190855867048e-01
-4.226371258999859770e-01
-4.450359147584815322e-01
-4.611472273312038905e-01
-4.681029162679745115e-01
-4.704393660611030925e-01
-4.711567883737529661e-01
-4.716302297189498560e-01
-4.720343875250030408e-01
-4.717362374771718603e-01
-4.691057777543471974e-01
-4.623433637664727813e-01
-4.533410839897547007e-01
-2.149554134207171396e-01
-1.293227412733938542e-01
-9.676174596830930397e-02
-7.181734611390082346e-02
-5.241836935839426503e-02
-3.692286197667208475e-02
-2.537189807443951395e-02
-1.676681903761757103e-02
-1.069013753638868060e-02
-6.454280555762995260e-03
-3.628971381427154551e-03
-1.796792078502877556e-03
-6.774562961851962693e-04
-3.491933379900578595e-05
4.865285707994046645e-04
3.928659883793376843e-04
-3.554519852902012162e-04
6.817447165896983567e-04
-9.521620117417217396e-05
7.432812088350809971e-04
3.615013218240211205e-04
1.464202135169307502e-04
3.039038318646600082e-04
1.400789340844216778e-04
1.832743372171141574e-04
3.854728239835036462e-04
-1.921794680714608810e-05
-5.906174190573754840e-04
-1.627411650658947126e-03
-3.333713694200574063e-03
-5.960125898268738183e-03
-9.839468540988357062e-03
-1.534291393036067014e-02
-2.291163345178152955e-02
-3.287190564988880931e-02
-4.561076481437096458e-02
-6.111542917185962265e-02
-7.976856056757533620e-02
-1.036190763949540045e-01
-1.695139515606769454e-01
-3.711591975116242947e-01
-4.122890315388873517e-01
-4.456452190921164069e-01
-4.614060811881900981e-01
-4.676537929643750369e-01
-4.701977434682300672e-01
-4.718109474421453564e-01
-4.730736533452928327e-01
-4.737955570060998212e-01
-4.729636034707401793e-01
-4.697790874509878978e-01
-4.658609160316054543e-01
-2.224947717946304804e-01
-1.326900620109743023e-01
-9.818944267525336889e-02
-7.209260690825480822e-02
-5.216773752062883740e-02
-3.646010342513306829e-02
-2.490042112232507265e-02
-1.636435166168323865e-02
-1.038750928387578536e-02
-6.247005007958403820e-03
-3.501544941819900378e-03
-1.729050950209822489e-03
-6.506904278514623677e-04
-3.543265517638578924e-05
4.558936859801780098e-04
3.548885966347231071e-04
7.878574627006068760e-04
5.796183098845111240e-04
5.628146856252291396e-04
1.129478883136387807e-04
-1.097947694995607095e-04
6.009352854419148203e-04
-3.443326077738467490e-04
5.955048037518665451e-05
-3.975875112612045148e-04
3.079403532279580960e-04
-2.985387375821523239e-05
-5.921578698583946808e-04
-1.627639139453834934e-03
-3.333740938299692685e-03
-5.960117567490167724e-03
-9.839466842079914316e-03
-1.534291830416861270e-02
-2.291163378710965939e-02
-3.287191163487279688e-02
-4.561076420527306052e-02
-6.111541820543088532e-02
-7.976856247484180595e-02
-1.036190824887518735e-01
-1.695139498627358243e-01
-3.711591993408012713e-01
-4.122890376330711759e-01
-4.456452213180914779e-01
-4.614060810678779490e-01
-4.676537926337586137e-01
-4.701977430635168598e-01
-4.718109471732890858e-01
-4.730736533023975898e-01
-4.737955571288804402e-01
-4.729636028010974491e-01
-4.697790813851417391e-01
-4.658608980053284276e-01
-2.224947704734057397e-01
-1.326900697076507929e-01
-9.818944718830449614e-02
-7.209260504870644570e-02
-5.216773648953903358e-02
-3.646009624069534993e-02
-2.490041649049172523e-02
-1.636435906386618858e-02
-1.038751492769534115e-02
-6.247003091865527442e-03
-3.501510422048310141e-03
-1.728761861865234879e-03
-6.491696269134286179e-04
-2.973875988308270180e-05
4.637304770394680203e-04
1.819475660723918534e-04
9.301016113678807094e-04
4.441967581552662154e-04
1.495590358167149731e-04
8.443846952704930865e-04
3.753943255438760675e-04
1.918982266588792720e-04
1.355194778063810099e-04
6.045703592928243541e-04
-4.297276294979991110e-04
2.802492589732436131e-04
-3.692931917688212033e-05
-5.935998396145471517e-04
-1.627901587221173120e-03
-3.333778818997849922e-03
-5.960114167469557182e-03
-9.839459632786545437e-03
-1.534291543599061551e-02
-2.291164200726608299e-02
-3.287191931465800049e-02
-4.561076037623195550e-02
-6.111541187353689009e-02
-7.976855511794921083e-02
-1.036190786335768610e-01
-1.695139547765493193e-01
-3.711591975987488801e-01
-4.122890324394916095e-01
-4.456452177349152777e-01
-4.614060811122098760e-01
-4.676537937290745628e-01
-4.701977437968149487e-01
-4.718109474086793487e-01
-4.730736528352544323e-01
-4.737955567830815506e-01
-4.729636028365541423e-01
-4.697790859459044510e-01
-4.658609132073623926e-01
-2.224947668261560985e-01
-1.326900604134595429e-01
-9.818944690765747663e-02
-7.209261078518514054e-02
-5.216773195383996725e-02
-3.646009148715192300e-02
-2.490041880251637335e-02
-1.636436207728377348e-02
-1.038751332241941334e-02
-6.247002768397974352e-03
-3.501564023056120793e-03
-1.729202201677976832e-03
-6.521539798676372676e-04
-4.892011817157353892e-05
3.341975326632049383e-04
-6.580712435721869239e-04
7.417447727887153085e-04
8.917266486208285086e-04
4.689103168979246849e-04
6.167276970651615255e-04
-1.397806048346009623e-04
8.848194617630136902e-04
5.060170979483245715e-04
3.108257892658659676e-04
-5.221871278900240305e-05
3.772426926916861464e-04
-3.885085363490172703e-06
-5.376378272261329600e-04
-1.483537194471554578e-03
-3.025274108913100432e-03
-5.388836378858947833e-03
-8.846038581918552052e-03
-1.372033202213748630e-02
-2.030575374308016962e-02
-2.888283611992888134e-02
-3.954191350935054583e-02
-5.233526980168877463e-02
-6.708346716795612896e-02
-8.559260358106150768e-02
-1.380240304386276540e-01
-3.028971265319511663e-01
-3.581943571395848069e-01
-4.158184848027060565e-01
-4.481442059505061359e-01
-4.622835829428996735e-01
-4.681691909403110641e-01
-4.713992389312465225e-01
-4.736088864821337840e-01
-4.748744496590673880e-01
-4.740026807147732502e-01
-4.695610618944174308e-01
-4.618994822275537260e-01
-2.178046221054283083e-01
-1.278362274082074090e-01
-9.357227937452866628e-02
-6.818009230746827076e-02
-4.901213080637822905e-02
-3.410129155184234845e-02
-2.318109495384826357e-02
-1.518058004543662923e-02
-9.597994667438988076e-03
-5.753838593950878766e-03
-3.214173907237967767e-03
-1.582641971874402436e-03
-5.944344828147495735e-04
-4.175322732250211531e-05
3.211503023411980571e-04
-4.006703000807618860e-04
-1.670802013108597798e-04
7.278739928903701570e-04
-1.879722843670283874e-04
3.188585288104948392e-04
-3.974938062858192491e-05
5.523289093573624699e-05
2.594106411396472980e-04
1.049037762617773461e-04
6.466216248299060240e-04
4.550998716629078562e-04
4.086159905907029643e-06
-5.369393084502142128e-04
-1.483499040486118900e-03
-3.025271782786137509e-03
-5.388824952387026405e-03
-8.846037637306460380e-03
-1.372033657217697038e-02
-2.030575199941674069e-02
-2.888283929862322380e-02
-3.954191207780576034e-02
-5.233526243214810247e-02
-6.708347303211399659e-02
-8.559260786453386227e-02
-1.380240147552801444e-01
-3.028970351783460968e-01
-3.581943344492858339e-01
-4.158184825596975553e-01
-4.481442056950341035e-01
-4.622835832043877269e-01
-4.681691912644581066e-01
-4.713992390384692532e-01
-4.736088864063935922e-01
-4.748744495379170760e-01
-4.740026807787366958e-01
-4.695610625014350337e-01
-4.618994555403841407e-01
-2.178046183937366875e-01
-1.278362344927284899e-01
-9.357228308291901109e-02
-6.818009180277699588e-02
-4.901213433804989250e-02
-3.410128964356282100e-02
-2.318109114450071090e-02
-1.518058472273049048e-02
-9.597998136051688958e-03
-5.753834437589083230e-03
-3.214117243767932331e-03
-1.582132097086123628e-03
-5.910129171111338066e-04
-2.057994909243112186e-05
4.549739655299950497e-04
3.766923992826239228e-04
1.260209070726675908e-04
8.982592088626561132e-04
8.111029928456761845e-04
1.670724206238022433e-04
-1.502475916979544945e-04
3.181804139101188458e-04
-1.371755334625303759e-04
8.604043853865982281e-04
-2.283390267602588685e-04
3.116522390738621514e-04
-1.855728793992584148e-05
-5.404747152730517146e-04
-1.484033391711258752e-03
-3.025340333242206893e-03
-5.388822849652109663e-03
-8.846030936802383449e-03
-1.372033372745377379e-02
-2.030575623881147526e-02
-2.888284482405407971e-02
-3.954191104551214170e-02
-5.233525880033146338e-02
-6.708346674430822054e-02
-8.559260504363368216e-02
-1.380240297178516873e-01
-3.028971303308188312e-01
-3.581943525254737137e-01
-4.158184802793492563e-01
-4.481442062319643260e-01
-4.622835848506762768e-01
-4.681691921278436364e-01
-4.713992390192679460e-01
-4.736088858220976472e-01
-4.748744488394842089e-01
-4.740026784064438892e-01
-4.695610546417604558e-01
-4.618994419338993684e-01
-2.178046148601555931e-01
-1.278362317368940682e-01
-9.357228709326055605e-02
-6.818009377945143112e-02
-4.901212482738059178e-02
-3.410128244278985005e-02
-2.318109298960056852e-02
-1.518058924877904378e-02
-9.597995530014807875e-03
-5.753832317623357694e-03
-3.214188774315505145e-03
-1.582717466120230716e-03
-5.947410537575396287e-04
-4.181644568136288923e-05
3.382173587308318552e-04
-1.325496468491806177e-04
5.041387917559792507e-04
9.219053754760494395e-04
4.706854815296954955e-04
6.262818017074620438e-04
-2.224158117513007034e-04
6.831628053978517799e-04
2.436788039829964096e-04
-9.698223482225522531e-06
9.896752457258808054e-04
5.274455103849313422e-04
4.930297020209929314e-05
-4.376664093652892461e-04
-1.247907747075460445e-03
-2.551841434178151336e-03
-4.542820917742222860e-03
-7.428940944602025268e-03
-1.147525957387857294e-02
-1.685371113889260614e-02
-2.379324082294411585e-02
-3.219717773291782409e-02
-4.214938075160750558e-02
-5.317442639420000977e-02
-6.661242612408037334e-02
-1.054755713717138027e-01
-2.274725857391367567e-01
-2.806579265243490662e-01
-3.585174581014277106e-01
-4.185316378647152002e-01
-4.497594901921285193e-01
-4.634585256847637003e-01
-4.702017896109298434e-01
-4.737366376514541844e-01
-4.748834436254529279e-01
-4.717556478972534384e-01
-4.600313885416601467e-01
-4.383451564594359473e-01
-1.991141167552150648e-01
-1.141620508663681449e-01
-8.255056023048680525e-02
-5.983225068021257725e-02
-4.277231605731121600e-02
-2.970323870150209933e-02
-2.011778829574142197e-02
-1.314891860843667507e-02
-8.283398734888198015e-03
-4.952160670370899138e-03
-2.754940693726486839e-03
-1.349973279939817609e-03
-5.006319145376119523e-04
-2.652852064620867580e-05
2.804355915069047032e-04
-3.928555122104959198e-04
-1.197277132512705462e-04
5.882493082987300765e-04
3.164907452104492000e-06
9.099164219480380131e-04
4.746184180869935753e-04
2.454973296262112116e-04
3.466568760414080719e-04
6.958773028216518877e-04
6.652776171008380202e-04
4.840507050277593473e-04
4.320044917706338916e-05
-4.385818072740838513e-04
-1.248050356914580687e-03
-2.551857177018567596e-03
-4.542810355219896457e-03
-7.428940745098559437e-03
-1.147526676358814716e-02
-1.685371243759219151e-02
-2.379324398605259933e-02
-3.219717387173946094e-02
-4.214937256536241406e-02
-5.317443264585606372e-02
-6.661242948716808443e-02
-1.054755502447366905e-01
-2.274724726511727357e-01
-2.806578996742727927e-01
-3.585174535340944768e-01
-4.185316353815244361e-01
-4.497594902947755768e-01
-4.634585271881719870e-01
-4.702017907324676504e-01
-4.737366376909653010e-01
-4.748834424590439585e-01
-4.717556447229663275e-01
-4.600313691515379166e-01
-4.383450526318589668e-01
-1.991141014207940541e-01
-1.141620528956024394e-01
-8.255056029148394314e-02
-5.983224822607376148e-02
-4.277231859998154029e-02
-2.970323763288775648e-02
-2.011778371509606936e-02
-1.314892131279975923e-02
-8.283402322093433995e-03
-4.952157357208917393e-03
-2.754884394519849927e-03
-1.349450566403031767e-03
-4.969765095064079775e-04
-2.731983397899356790e-06
4.405027587879577645e-04
6.097147995229010341e-04
-1.508213231927187641e-05
7.034916922485468871e-04
-3.454492525107135162e-04
6.534938644222562133e-04
5.815245051262960809e-04
7.401288661863166278e-04
4.176067054401452088e-04
3.472096429848919082e-04
-2.068860011136710155e-04
3.461303282055062784e-04
2.215644872687855369e-05
-4.417996724996618501e-04
-1.248529255800230348e-03
-2.551917178690534058e-03
-4.542805718346072316e-03
-7.428933938197177476e-03
-1.147526510291444271e-02
-1.685371532772847111e-02
-2.379324824083441092e-02
-3.219717330108860798e-02
-4.214936939039233554e-02
-5.317442917068970765e-02
-6.661243330100094506e-02
-1.054755820084424395e-01
-2.274726917435542228e-01
-2.806579407589612773e-01
-3.585174523703067440e-01
-4.185316370659437624e-01
-4.497594916100179918e-01
-4.634585268903363975e-01
-4.702017896421851195e-01
-4.737366371541745780e-01
-4.748834424801017806e-01
-4.717556428904049470e-01
-4.600313646395929323e-01
-4.383450429562822381e-01
-1.991140991464623033e-01
-1.141620492432304096e-01
-8.255056367588037292e-02
-5.983224963975791733e-02
-4.277231275433271418e-02
-2.970323464498220156e-02
-2.011778700797331454e-02
-1.314892732842199916e-02
-8.283398798499472249e-03
-4.952151991763636615e-03
-2.754963362112081669e-03
-1.350125664940300717e-03
-5.014576888583205036e-04
-3.024828795957026047e-05
2.688790587114261543e-04
-3.516147065172886685e-04
7.485759212196194893e-04
-3.573064379719050374e-05
6.353480847244670146e-04
8.612994292476983072e-04
1.259457424135980745e-04
6.272693153729476606e-04
-2.953046933144565053e-06
6.551303333206559857e-04
7.213169093423359721e-04
4.643818394253886126e-04
8.334093806021184955e-05
-2.999453427901196153e-04
-9.226851955201636644e-04
-1.918065018271629266e-03
-3.433323721930046837e-03
-5.613172238700137387e-03
-8.654656166946446405e-03
-1.264302643185944396e-02
-1.774963408665613043e-02
-2.380671257082642156e-02
-3.090079009812100874e-02
-3.851568575583366738e-02
-4.752733971053307166e-02
-7.407816231895936188e-02
-1.564884260509829539e-01
-1.949396126552644382e-01
-2.695543535603295848e-01
-3.560605907330816611e-01
-4.192848010309535023e-01
-4.506607882219466621e-01
-4.649949002228525030e-01
-4.714686802490259399e-01
-4.716393001406514185e-01
-4.616886303892814292e-01
-4.328527750574485689e-01
-3.856452342717798243e-01
-1.653979615263533598e-01
-9.201984743628811858e-02
-6.545828469050295195e-02
-4.721845354449830112e-02
-3.353193168213897124e-02
-2.326889124115404106e-02
-1.570059837447495762e-02
-1.024989493538143275e-02
-6.431920263517579110e-03
-3.833225905891078297e-03
-2.118871165475106309e-03
-1.026713324700527811e-03
-3.643721409904273549e-04
1.918275361986242772e-05
3.520353924408258753e-04
4.693652680673492052e-04
-2.214283172161751159e-04
2.503533749092402426e-04
2.768470574461334493e-04
2.392975448480611953e-04
6.366254604603497919e-04
1.142719124427321874e-04
2.811336831466693131e-04
3.012859782415395712e-04
3.026770200811793976e-04
3.947027617266752014e-04
7.254096402640826846e-05
-3.015846900907523690e-04
-9.229285638601048176e-04
-1.918093611080941112e-03
-3.433315758083480256e-03
-5.613172646601452542e-03
-8.654662808067941152e-03
-1.264302598699672091e-02
-1.774963326470414132e-02
-2.380670690560891117e-02
-3.090078556525808692e-02
-3.851569639775336007e-02
-4.752734708632383454e-02
-7.407814758679558131e-02
-1.564883483664037123e-01
-1.949395959106513809e-01
-2.695543516176069909e-01
-3.560605857419874565e-01
-4.192847996177234138e-01
-4.506607907199763341e-01
-4.649949028923976435e-01
-4.714686810754824542e-01
-4.716392991297726489e-01
-4.616886251222071524e-01
-4.328526999152275678e-01
-3.856447620189631942e-01
-1.653979009357541829e-01
-9.201983902434208995e-02
-6.545828143720620884e-02
-4.721845206076312473e-02
-3.353193601887062558e-02
-2.326889199296663241e-02
-1.570059279211710040e-02
-1.024989508602053463e-02
-6.431922627685196861e-03
-3.833223531635123697e-03
-2.118848886632143137e-03
-1.026521944843351635e-03
-3.634132034516590420e-04
2.166159852911503164e-05
3.373955726468522913e-04
1.128189744799019126e-04
-1.320606452974920492e-05
1.392369791196583094e-05
-7.544816494398385925e-05
1.317722973175871335e-04
7.891832903890118236e-04
-2.512891051009723376e-05
4.899719714482479770e-04
4.839557056546109673e-04
5.983500515329574689e-04
4.216572335255607917e-04
7.370871724617336271e-05
-3.018469525330137108e-04
-9.230316181661477656e-04
-1.918112595628777449e-03
-3.433308188103125456e-03
-5.613166662502749871e-03
-8.654661250810293666e-03
-1.264302632279323477e-02
-1.774963694576212059e-02
-2.380670950570588917e-02
-3.090078480284822252e-02
-3.851569384990909811e-02
-4.752735195013615965e-02
-7.407818294497389711e-02
-1.564885942359841853e-01
-1.949396318069425704e-01
-2.695543498275062566e-01
-3.560605923548013640e-01
-4.192848038749009132e-01
-4.506607908829676767e-01
-4.649949005745115937e-01
-4.714686794393863067e-01
-4.716392984209463179e-01
-4.616886261764189814e-01
-4.328527666997979417e-01
-3.856451392581086712e-01
-1.653979446886452154e-01
-9.201985034021152587e-02
-6.545829085590647300e-02
-4.721845120250765804e-02
-3.353192861985774403e-02
-2.326888890989728398e-02
-1.570059582650830746e-02
-1.024990321104544272e-02
-6.431919413612560352e-03
-3.833214559200914893e-03
-2.118909960796940689e-03
-1.027032355812414243e-03
-3.666845676608301136e-04
2.413200103091558424e-06
2.261148623287114997e-04
-4.361552420055293594e-04
-8.161861797955757207e-05
-6.921637210027078481e-05
1.522037445672423130e-04
3.122952527368680863e-04
3.598559562957340230e-04
3.178697533987822189e-05
6.868323307016954791e-04
6.322438524489317532e-04
1.869926503954181336e-04
3.120739018295168310e-04
1.121072970755590336e-04
-1.267461397079435196e-04
-5.192133789930723081e-04
-1.147551746481045723e-03
-2.101910418822555866e-03
-3.466762097109668365e-03
-5.362830103298241342e-03
-7.824661827022984933e-03
-1.095715462837854037e-02
-1.461858637827014029e-02
-1.886656938037977946e-02
-2.331960125445703413e-02
-2.844539998970230243e-02
-4.384957983721129993e-02
-9.173554221374470574e-02
-1.136226228799043364e-01
-1.627897758031663367e-01
-2.414809265833676166e-01
-3.349580658628970586e-01
-4.066451909531378917e-01
-4.451632164362858135e-01
-4.603259527727926459e-01
-4.566945968099898612e-01
-4.263492456980432221e-01
-3.588297412542427178e-01
-2.821987938933210871e-01
-1.138244519316457537e-01
-6.132452926988597036e-02
-4.271102394042455147e-02
-3.062313333112076652e-02
-2.156652954713230222e-02
-1.494893859446278644e-02
-1.004387328495829658e-02
-6.546329933658002510e-03
-4.087175868043889555e-03
-2.421092109137646959e-03
-1.320083308960111942e-03
-6.191819559583724725e-04
-1.904639173009126736e-04
6.711707979882592788e-05
2.841449906166553917e-04
-6.639488795459658514e-05
7.810668366077421409e-04
-4.707712174064058894e-05
6.082008802906652698e-04
-1.832376499811516320e-04
3.437410218708713801e-04
3.243670908870712995e-04
7.920005826184036693e-04
5.184928364993120469e-04
-1.125143214353069201e-04
2.707729342117160313e-04
1.060822594272038726e-04
-1.276848023915467395e-04
-5.193657773674477960e-04
-1.147570564885500889e-03
-2.101902398424350914e-03
-3.466762734091975544e-03
-5.362838050750706569e-03
-7.824663551225193026e-03
-1.095715337502148855e-02
-1.461858030877222908e-02
-1.886656647497362768e-02
-2.331961269843499038e-02
-2.844541476198962290e-02
-4.384959567185976737e-02
-9.173556715294237107e-02
-1.136226144869185578e-01
-1.627897729179587916e-01
-2.414809229320731832e-01
-3.349580648159855567e-01
-4.066451966733773959e-01
-4.451632208296645299e-01
-4.603259521138883259e-01
-4.566945937148905177e-01
-4.263492405182736644e-01
-3.588296568621561766e-01
-2.821981143935053393e-01
-1.138243598367130599e-01
-6.132450641616939840e-02
-4.271101578555883127e-02
-3.062313278246484027e-02
-2.156653586042668949e-02
-1.494894110250980651e-02
-1.004386840291750758e-02
-6.546329440119562360e-03
-4.087176905313528660e-03
-2.421088068172465562e-03
-1.320070470831835770e-03
-6.190409091356113662e-04
-1.893211555706198347e-04
7.623727286703836734e-05
3.636943353064739566e-04
6.095443243546596170e-04
1.422430431697397691e-04
1.021665979418336524e-03
4.538303805929053462e-04
1.435156668299828982e-04
1.222322529414567927e-04
3.227496944822474761e-04
-1.423852648235282320e-04
3.920510482671166262e-04
3.040402877420642753e-04
3.136120060227596076e-04
1.095712295678213347e-04
-1.275582353267143334e-04
-5.194057095574445030e-04
-1.147582616297514397e-03
-2.101896385273636578e-03
-3.466759492923771491e-03
-5.362837994104935162e-03
-7.824662352646423805e-03
-1.095715567071924891e-02
-1.461858276771507356e-02
-1.886656401687668294e-02
-2.331960829850179481e-02
-2.844541632236604126e-02
-4.384961123176663728e-02
-9.173566124125333288e-02
-1.136226170216400183e-01
-1.627897694362148429e-01
-2.414809352504716511e-01
-3.349580737414816212e-01
-4.066451972162092310e-01
-4.451632164061666286e-01
-4.603259498563517793e-01
-4.566945936118513849e-01
-4.263492400991234499e-01
-3.588296828107024328e-01
-2.821981494543781555e-01
-1.138243677151279248e-01
-6.132451310199862199e-02
-4.271102162873726543e-02
-3.062312704576620331e-02
-2.156652835011670100e-02
-1.494894036913937442e-02
-1.004387392741406225e-02
-6.546341578384456440e-03
-4.087174652073840946e-03
-2.421075271694998927e-03
-1.320097387842744142e-03
-6.192626223137952029e-04
-1.907647735115272419e-04
6.683574895990686282e-05
2.982668454205830342e-04
1.617904879433542677e-04
-1.268888588049667796e-04
2.093752525558324827e-04
2.349694032652580662e-04
1.425047633809986623e-04
6.438444262762080955e-04
6.510901430112512808e-04
-1.738892127837735060e-05
4.025817528732472114e-05
-7.143887722021316565e-05
2.457174570365892440e-04
1.756595767794461645e-04
8.040887996693713328e-05
-5.980380918793102673e-05
-2.834861613020289196e-04
-6.203493789676461836e-04
-1.098235115438280169e-03
-1.756910969618609127e-03
-2.604489948119372705e-03
-3.675455307663467834e-03
-4.913843734875970176e-03
-6.340204023125458471e-03
-7.811381709607690370e-03
-9.480464800366506656e-03
-1.458292771674534957e-02
-3.091891785121698294e-02
-3.830759402481818954e-02
-5.606656446259077053e-02
-8.996351133755213503e-02
-1.490061885534188224e-01
-2.355780239681831145e-01
-3.302439070937356336e-01
-3.885459118178495319e-01
-3.675402702677434408e-01
-2.758456658333918732e-01
-1.775436798983083819e-01
-1.170414801038085484e-01
-4.378150666541118230e-02
-2.251749466822244514e-02
-1.518898003234474096e-02
-1.076689970628453424e-02
-7.510659998932701573e-03
-5.191775345000719868e-03
-3.468346655196624575e-03
-2.246218755760620231e-03
-1.381556899387152790e-03
-7.943285821717763510e-04
-4.028335849049619857e-04
-1.502755210724211667e-04
1.104822332828245698e-05
1.323551125093532768e-04
3.246602260943008320e-04
5.929139051592872923e-04
9.095810592771755255e-04
7.669250936875779932e-04
6.766386667710775011e-04
5.419295689302475530e-04
1.867697976784703893e-05
-2.196255560969376079e-04
6.518200363473827894e-04
7.467627705797302774e-05
5.678256735317255017e-04
3.154630980343986718e-04
1.821622506310442203e-04
8.084844429736285287e-05
-5.981289161650349124e-05
-2.834921708554602481e-04
-6.203420913041923605e-04
-1.098235964992984532e-03
-1.756918069174194692e-03
-2.604490372258569126e-03
-3.675451034085556144e-03
-4.913837082598500848e-03
-6.340204081396646693e-03
-7.811393656705143199e-03
-9.480477701239397453e-03
-1.458293943644346086e-02
-3.091885193069105267e-02
-3.830757804851944032e-02
-5.606656156492997173e-02
-8.996350855614837494e-02
-1.490061839434901059e-01
-2.355780296380884931e-01
-3.302439132763664853e-01
-3.885459105421184556e-01
-3.675402658160268343e-01
-2.758456510604956335e-01
-1.775435991315664208e-01
-1.170412178268579184e-01
-4.378145172605533292e-02
-2.251747251087731633e-02
-1.518896888085020241e-02
-1.076689916112241914e-02
-7.510666214318284517e-03
-5.191777817479225655e-03
-3.468342195055245519e-03
-2.246217756755265662e-03
-1.381556259337826751e-03
-7.943240649415956190e-04
-4.028458954983389845e-04
-1.504036912386891344e-04
9.782084983248561143e-06
1.209678327340787100e-04
2.260471145185866972e-04
-1.753833694077795507e-04
6.486393632585346972e-04
1.261958301786453556e-03
3.069354200337058298e-04
1.050209663394250639e-03
1.951901486844270816e-04
2.191093289424444557e-04
-3.648503029018403880e-04
9.574063264794523609e-05
-4.659509198163736443e-04
1.802002214965856832e-04
1.650059300544736720e-04
7.866854704444136163e-05
-6.008905143130628294e-05
-2.835238348481126675e-04
-6.203374600329297122e-04
-1.098232710390817770e-03
-1.756916210524449512e-03
-2.604486024990314546e-03
-3.675453407803457636e-03
-4.913843278405449939e-03
-6.340204450296785428e-03
-7.811391259251568124e-03
-9.480480975436475846e-03
-1.458295304961217120e-02
-3.091893891167964495e-02
-3.830757774728364706e-02
-5.606655927206701667e-02
-8.996352369159373030e-02
-1.490061964430303976e-01
-2.355780334736878867e-01
-3.302439065351343572e-01
-3.885459060010371113e-01
-3.675402662114866104e-01
-2.758456457569273823e-01
-1.775435979052424895e-01
-1.170411229081721183e-01
-4.378142868000700627e-02
-2.251747527343273339e-02
-1.518897618619694141e-02
-1.076689252833763592e-02
-7.510659364488525558e-03
-5.191777624690798940e-03
-3.468347721828563164e-03
-2.246230275395908870e-03
-1.381552540886360741e-03
-7.943073470890253370e-04
-4.028292036538975670e-04
-1.502261123209061783e-04
1.133260790766232526e-05
1.330607163219485922e-04
3.209956354346389608e-04
5.110050579990623983e-04
7.156085326420353601e-04
3.915377127243813057e-05
4.857556821294671556e-04
-4.013548560565276735e-04
3.067397133258311205e-04
-2.699559467941270262e-05
-3.643309445750345663e-04
2.999224740429840040e-04
6.149137677014664431e-04
3.646307750853968626e-04
2.830369607776517921e-04
3.074473874331530771e-04
4.217792075420815040e-04
6.146914272658800119e-04
9.150199565172105866e-04
1.349217093865722264e-03
1.960167183149907639e-03
2.756707729938513013e-03
3.777672581699012024e-03
4.969359138395529861e-03
6.354776611328335524e-03
7.791621813635714669e-03
9.426133200606923168e-03
1.444021997734174639e-02
3.047991677751215808e-02
3.775590321301154628e-02
5.529682090910441328e-02
8.903656213149900578e-02
1.480951093252584616e-01
2.350398182977981865e-01
3.301335750225113941e-01
3.885680635180771558e-01
3.675149824059396608e-01
2.756917157592956857e-01
1.772477389584748708e-01
1.166774909586615755e-01
4.359267664064114117e-02
2.238521343488233256e-02
1.506914011141698324e-02
1.066254883370500867e-02
7.431276965636790695e-03
5.144883370712514774e-03
3.460585320132930978e-03
2.281061736794396354e-03
1.459205432292601549e-03
9.128874232037389016e-04
5.585858611599337333e-04
3.408666414837086532e-04
2.183518459298607842e-04
1.781486251792337020e-04
2.292367604227628017e-04
3.070394379323297218e-04
2.204546065856969858e-06
-2.805579025667210321e-04
-1.883659976209318173e-04
5.303103715807994242e-04
-9.123145425232479584e-05
6.984320669837392175e-04
-5.657894428064911712e-07
5.232187198088931448e-04
-9.073748563005221244e-06
2.708773387350757846e-04
2.691669142810766734e-04
3.053750800155214805e-04
4.214750597652450388e-04
6.146560244576110580e-04
9.150249350303132261e-04
1.349217280143062822e-03
1.960160812189291370e-03
2.756706229817826054e-03
3.777676556406487935e-03
4.969365075693886816e-03
6.354775218969433738e-03
7.791614021614866673e-03
9.426132373147957239e-03
1.444022180188233619e-02
3.047983039048489731e-02
3.775589347016015257e-02
5.529681084140027764e-02
8.903656036401837170e-02
1.480951180259728328e-01
2.350398242706130403e-01
3.301335771901584559e-01
3.885680546870950436e-01
3.675149730119782743e-01
2.756917439276728721e-01
1.772478198475463673e-01
1.166776797303669261e-01
4.359271659380905412e-02
2.238523370344313451e-02
1.506915212802115850e-02
1.066254855808148119e-02
7.431270898856528508e-03
5.144880719398661414e-03
3.460588923617840748e-03
2.281063531082261776e-03
1.459207358603827531e-03
9.128934851241377090e-04
5.585963046398278661e-04
3.409493019737440834e-04
2.187248889572379553e-04
1.790888096334365914e-04
2.270682603357922593e-04
2.638476744057847946e-04
5.082524401159811472e-04
-1.198689969665771087e-04
6.811976930099284452e-04
1.733873282001756940e-04
-8.427394752891295422e-05
9.983335715009497655e-04
2.271430819233178917e-04
3.249265014318104740e-04
1.057224486528703637e-04
2.838227337323587598e-04
2.705426381444346736e-04
3.055127404832064068e-04
4.214827121587119262e-04
6.146550305135403463e-04
9.150299155533044319e-04
1.349218807522294594e-03
1.960162295889119732e-03
2.756711526133718854e-03
3.777674192217953322e-03
4.969358045795477762e-03
6.354775904551046919e-03
7.791617797664618199e-03
9.426129855727964288e-03
1.444021589779521247e-02
3.047984503510941731e-02
3.775590449903586804e-02
5.529681271940986576e-02
8.903654571744773483e-02
1.480951078186282244e-01
2.350398203693562227e-01
3.301335800155641986e-01
3.885680643082670693e-01
3.675149676452081904e-01
2.756917198658894175e-01
1.772478238000420592e-01
1.166779368156642127e-01
4.359275342805539466e-02
2.238523312090734754e-02
1.506914657142573860e-02
1.066255701684256166e-02
7.431276585050242307e-03
5.144878313086550040e-03
3.460581260157907270e-03
2.281050885052768231e-03
1.459212288328229227e-03
9.129101188511027460e-04
5.586185901656062552e-04
3.411471606862233655e-04
2.200952959113240757e-04
1.872806981737207505e-04
2.737097584058603207e-04
4.669639088516889299e-04
5.294800807834794263e-05
3.508812137403074529e-04
5.185206067167575251e-04
-7.220849344555990885e-05
-2.281542078151880973e-04
-1.329007919007447721e-04
5.794387952011860856e-04
7.304314307653527773e-04
5.843279861775799644e-04
3.904182009563699949e-04
3.782014203613505389e-04
5.251789239871069385e-04
8.849787861110278587e-04
1.480601978560792736e-03
2.397725034550615697e-03
3.718380910698351662e-03
5.565654489978506293e-03
7.974843106738108492e-03
1.105488311377147113e-02
1.466663196094420904e-02
1.887016771172010318e-02
2.328481063074459498e-02
2.836992527734018971e-02
4.366723601722431736e-02
9.119954336526638061e-02
1.129623141812786113e-01
1.620145926986256701e-01
2.409000212499831095e-01
3.348399884603439070e-01
4.068152111775132362e-01
4.453252533149741343e-01
4.604193930441495275e-01
4.567600112252053757e-01
4.264038078778912277e-01
3.587796063285292325e-01
2.820007670715679593e-01
1.136546021124233974e-01
6.119133175309485195e-02
4.258419499584947809e-02
3.051144544105118331e-02
2.148059088719762519e-02
1.489751924867745159e-02
1.003358946828946524e-02
6.580389376906968166e-03
4.165410279242480300e-03
2.540933870898336513e-03
1.477072049518958008e-03
8.089359533330532257e-04
4.109350939514770998e-04
1.995745653676774488e-04
2.896349377209435908e-05
-4.330744210873302413e-04
-4.182179971400591185e-05
5.756485187322864835e-05
-6.934960752494967538e-05
2.857661552270138747e-04
2.618645328674708500e-04
7.547141809144862436e-05
5.652000382902614469e-04
-2.781764374166327417e-04
-2.562806242331371921e-04
2.663985510011170673e-04
3.603957634647413045e-04
5.226108742041387246e-04
8.846170441843562377e-04
1.480560085495658635e-03
2.397727328533799229e-03
3.718381125946336463e-03
5.565649289465207650e-03
7.974841474399156985e-03
1.105488786130278712e-02
1.466663857547158799e-02
1.887016591140418600e-02
2.328480504864815365e-02
2.836993092191569463e-02
4.366725148141005486e-02
9.119950310938622351e-02
1.129622951376363649e-01
1.620145794370160819e-01
2.409000196738959321e-01
3.348399937813875682e-01
4.068152108540813994e-01
4.453252514700101750e-01
4.604193887139091945e-01
4.567600099506245459e-01
4.264038230684111808e-01
3.587797040907259039e-01
2.820015084933687466e-01
1.136546902717498336e-01
6.119135843627244997e-02
4.258420858130001346e-02
3.051144434873134803e-02
2.148058397306516071e-02
1.489751412908227497e-02
1.003359048737858736e-02
6.580391400302680431e-03
4.165412420087850204e-03
2.540940999793316925e-03
1.477122728337019585e-03
8.093855994626680123e-04
4.140890241169125946e-04
2.201116477874657791e-04
1.638015560601742101e-04
3.605898414813669267e-04
8.404221399363420936e-04
1.179463730975947286e-04
1.608974575652307283e-04
-1.197252421495512614e-04
3.524519447317803721e-04
4.520766536467669613e-04
-1.357532709273404710e-04
9.178989916556607983e-04
6.208647701768231931e-04
3.815251840217817169e-04
3.750908421907283587e-04
5.244907879768341335e-04
8.848482697458204434e-04
1.480584185194559841e-03
2.397732633961748190e-03
3.718382059896967705e-03
5.565651294380031221e-03
7.974847974308644366e-03
1.105488640905099088e-02
1.466663135965103927e-02
1.887016656791191266e-02
2.328480904189899822e-02
2.836993056850805120e-02
4.366725773679289158e-02
9.119961141378550573e-02
1.129623281456190731e-01
1.620145868487084251e-01
2.409000111423106327e-01
3.348399882258807359e-01
4.068152084485203712e-01
4.453252514358018721e-01
4.604193905904551687e-01
4.567600053843823282e-01
4.264038120009592259e-01
3.587796751996880085e-01
2.820010824986557973e-01
1.136546471818045412e-01
6.119133965024986521e-02
4.258419712733085144e-02
3.051145176951919336e-02
2.148058944005169085e-02
1.489751172116382354e-02
1.003358375408687844e-02
6.580381210001035389e-03
4.165417827865624395e-03
2.540955201944031933e-03
1.477140007708775508e-03
8.095207141430164118e-04
4.149071611274535599e-04
2.244498944448138609e-04
1.872624410766970005e-04
4.957509037906415988e-04
6.222628972193299185e-04
-2.085331241311342220e-04
7.344492061932122182e-04
4.784107843905517198e-04
1.540121441687145932e-04
3.147876328765458948e-04
2.217846252624626447e-04
3.069212898081892581e-04
3.732309968172604648e-04
3.740611993186588767e-04
4.500038219068342935e-04
7.122869278208392727e-04
1.293946257906156963e-03
2.254475173293958318e-03
3.731597243172837461e-03
5.866366608035375116e-03
8.857016891386302118e-03
1.278966656838850628e-02
1.783905387821142427e-02
2.384063501774107835e-02
3.088339794573989605e-02
3.845226865638771974e-02
4.741307029886734220e-02
7.383134409665470521e-02
1.558200208212138782e-01
1.942269400523306544e-01
2.690458658189143204e-01
3.560651744181048683e-01
4.195565237182135587e-01
4.508933678716726678e-01
4.651303691298799836e-01
4.715415723723586083e-01
4.716965620884477350e-01
4.617631836998343786e-01
4.329105948512172453e-01
3.856129984326978621e-01
1.652509778138893104e-01
9.188249783227192546e-02
6.531904515674129275e-02
4.709349824506352949e-02
3.343446318578837534e-02
2.320957908224044811e-02
1.568608239866358181e-02
1.028288700988174917e-02
6.511545288807841017e-03
3.955783305792761814e-03
2.278731390684501663e-03
1.217015762540728371e-03
5.788614282374339708e-04
2.300191152435113564e-04
-3.863488244656327361e-05
-4.522176090266090214e-04
4.458098647042928967e-04
5.403492524223312736e-04
3.832008700533494252e-05
4.547914759625227752e-04
-1.093595898976819089e-06
1.380070880883264232e-04
9.175444476700857167e-05
1.391318025019512778e-04
7.529122926519655990e-04
4.126715237043130226e-04
4.528982336688672683e-04
7.123145042776598016e-04
1.293895907630515001e-03
2.254465921933385738e-03
3.731600619490263188e-03
5.866367652304937431e-03
8.857013366987021019e-03
1.278966486142472242e-02
1.783905877632620610e-02
2.384064130073110938e-02
3.088339509395535837e-02
3.845226309206913051e-02
4.741307306085058154e-02
7.383134220914958079e-02
1.558198988046778644e-01
1.942269140219816670e-01
2.690458574603221131e-01
3.560651777205884327e-01
4.195565291856979684e-01
4.508933674577370598e-01
4.651303670388322042e-01
4.715415702927562847e-01
4.716965632569412037e-01
4.617631942680777701e-01
4.329106307306667123e-01
3.856131806033630816e-01
1.652510000818563640e-01
9.188250885143708913e-02
6.531905635307748426e-02
4.709349871627827033e-02
3.343445829047256290e-02
2.320957363450604910e-02
1.568608312004420371e-02
1.028289099874020451e-02
6.511547731637251993e-03
3.955788307786412689e-03
2.278786316754362416e-03
1.217502840829656416e-03
5.822891219136412319e-04
2.528216696094670200e-04
1.177676478337637788e-04
5.655182975191974182e-04
5.940873273630091836e-04
9.811294324845098655e-04
6.788123352231487107e-05
8.752218336586204631e-04
6.407441473032140632e-04
4.605242098136446728e-04
7.190244970046236195e-04
-3.596592992314985544e-05
2.114709371117656615e-04
3.564514677126048446e-04
4.480742849968719337e-04
7.120574051294992733e-04
1.293913464400497709e-03
2.254472492807753792e-03
3.731604269440679748e-03
5.866368723103803674e-03
8.857015350641456175e-03
1.278967077481625060e-02
1.783905700419548268e-02
2.384063329834690964e-02
3.088339431508926869e-02
3.845226583077647475e-02
4.741307294896142388e-02
7.383135546690593187e-02
1.558201159527431157e-01
1.942269603548305856e-01
2.690458605647875756e-01
3.560651694116167554e-01
4.195565264483389623e-01
4.508933679214076617e-01
4.651303690675758773e-01
4.715415721982950670e-01
4.716965612916371176e-01
4.617631926157354516e-01
4.329106708870611442e-01
3.856133478774427248e-01
1.652510216451620606e-01
9.188250153591789871e-02
6.531904922245204692e-02
4.709350828534360905e-02
3.343446331705124397e-02
2.320957005148547789e-02
1.568607775031938614e-02
1.028288419394340035e-02
6.511552583587746149e-03
3.955799210741684814e-03
2.278802174436114335e-03
1.217620062918153096e-03
5.828670759576217450e-04
2.544738385939718933e-04
1.129758133393624211e-04
4.179951845441079125e-04
1.656135961983981337e-04
-1.734718086859245330e-04
1.994848404927901018e-04
7.417325752665505337e-05
5.636486056439536435e-04
7.039052019568913183e-04
2.145046271433876685e-04
5.816047381598985454e-04
3.204563161632176184e-04
3.469320517918195765e-04
4.927610233441719534e-04
8.544734081633083983e-04
1.623317466247977065e-03
2.892783767030135053e-03
4.845174948256680478e-03
7.685102131222517306e-03
1.167766162467857687e-02
1.699597252235845318e-02
2.387139692897862625e-02
3.221134532711178444e-02
4.210267253879837468e-02
5.307197808768027852e-02
6.645145272071759091e-02
1.051726337463730482e-01
2.268174347908362976e-01
2.802283341358560165e-01
3.585719335320765033e-01
4.188697353808927271e-01
4.500534638039175861e-01
4.636373472442710808e-01
4.702955101525304049e-01
4.737863963918329535e-01
4.749293430952603590e-01
4.718304563790930994e-01
4.601368208304453256e-01
4.384439393416413866e-01
1.989907131482396840e-01
1.140187734959466070e-01
8.239592232758656543e-02
5.968993874089915941e-02
4.266031746424248094e-02
2.963401213791229394e-02
2.009832951560472716e-02
1.318109629664707821e-02
8.365484503536104594e-03
5.079010962310254174e-03
2.919619221994834441e-03
1.543142951721777510e-03
7.124520747448494446e-04
2.622867590330983938e-04
3.832447439373886871e-06
3.948247367374970720e-04
5.752473406112894750e-04
-3.992667223768524092e-04
1.320502034943531070e-04
2.374589472246837422e-04
4.622199563124775989e-04
6.259757793807793928e-04
4.285840751234354417e-04
1.733491462094772747e-04
5.330124957368688986e-04
3.692209690021975655e-04
4.943368377055315207e-04
8.544324927610264485e-04
1.623272370796816034e-03
2.892776283009744227e-03
4.845176613152352325e-03
7.685102706780791958e-03
1.167765869346136347e-02
1.699597047872148867e-02
2.387140184333535337e-02
3.221135104124695642e-02
4.210266914602180804e-02
5.307197352050450206e-02
6.645145634015996172e-02
1.051726410472691581e-01
2.268174532368648078e-01
2.802283353686976786e-01
3.585719281317571450e-01
4.188697357392113241e-01
4.500534661014166660e-01
4.636373474325785615e-01
4.702955097502057868e-01
4.737863959885192933e-01
4.749293446681894793e-01
4.718304669618349489e-01
4.601368781176282119e-01
4.384441656503479390e-01
1.989907369740832599e-01
1.140187824373898456e-01
8.239593243994916549e-02
5.968993942936720587e-02
4.266031263088523873e-02
2.963400482766475122e-02
2.009832857755692453e-02
1.318110068769157324e-02
8.365486881586376919e-03
5.079012844444873338e-03
2.919639564669801717e-03
1.543284422499175638e-03
7.129700478130363527e-04
2.616112252287300073e-04
-3.357931622834601772e-05
-9.100009245495209009e-05
2.403623354897206534e-04
6.325842791226552733e-04
9.827921675389860671e-04
7.721059328525716999e-04
8.224632432261040280e-04
4.597061053652329158e-04
5.953509400507388813e-04
-2.596885844961906761e-05
6.415830267201407889e-04
3.909290704092449327e-04
4.987702371599977459e-04
8.553140580358452576e-04
1.623428137085306758e-03
2.892795927352555946e-03
4.845178210248000765e-03
7.685102246713852552e-03
1.167766041222411018e-02
1.699597640804436857e-02
2.387140094891576983e-02
3.221134386055272275e-02
4.210266766655506449e-02
5.307197412005678488e-02
6.645145091969542617e-02
1.051726310815365995e-01
2.268174742048162384e-01
2.802283466910366339e-01
3.585719288236852154e-01
4.188697319572926570e-01
4.500534648632224521e-01
4.636373469381960821e-01
4.702955099705221631e-01
4.737863965383510845e-01
4.749293436189963580e-01
4.718304696651591801e-01
4.601369320530218632e-01
4.384444150257146844e-01
1.989907693382653719e-01
1.140187756726114693e-01
8.239592471527980300e-02
5.968994657580212887e-02
4.266031510630437923e-02
2.963400096909709833e-02
2.009832626157885549e-02
1.318109674872696736e-02
8.365489433886985626e-03
5.079021296454104724e-03
2.919670266260737061e-03
1.543558277392916575e-03
7.148967212073447340e-04
2.743428110278405994e-04
5.549187090499791330e-05
5.072421291251939151e-04
3.871973955412378243e-04
5.822841929933817709e-04
5.612939599781160234e-04
-4.088670249907683528e-05
7.577555530282138654e-04
7.493496665659210413e-05
5.216874930262866339e-04
5.884397904560225313e-04
8.054409600089278620e-04
3.568058030391873625e-04
5.085081981482080914e-04
9.470026111907677664e-04
1.861323957685334912e-03
3.372053062905182655e-03
5.697305202747757549e-03
9.107273393814665705e-03
1.392445707599671012e-02
2.044470108065259487e-02
2.894943311425958801e-02
3.953456682571008379e-02
5.225562792415500146e-02
6.693886897057366170e-02
8.538792219591517796e-02
1.377008623054322978e-01
3.024786206323014093e-01
3.582092789944520961e-01
4.161543904014282091e-01
4.484756612463753900e-01
4.625009896544713950e-01
4.682909306552763273e-01
4.714615863923573014e-01
4.736431787643488600e-01
4.749110179631490514e-01
4.740677512552001760e-01
4.696668716737990579e-01
4.620337437954168402e-01
2.176856858996785993e-01
1.276830653998692888e-01
9.340165250807540287e-02
6.802124655713515100e-02
4.888675462092816754e-02
3.402356200144000808e-02
2.315816702127892340e-02
1.521360428421852061e-02
9.684328583637998034e-03
5.887003067456472727e-03
3.385991412943159789e-03
1.781611433111444497e-03
8.070275673548841936e-04
2.621706746853779248e-04
-1.341255642650537839e-04
-2.178994849984994459e-04
5.458372378929023702e-05
7.873500330913947793e-04
4.604089063443665697e-04
1.550861045489596306e-04
4.122492714689991386e-04
2.889711414277063603e-04
6.680024338753220688e-04
5.756114378720439233e-04
1.756933418280378397e-04
2.656467915188846394e-04
4.956024374659375419e-04
9.451478377037574041e-04
1.861066252543246060e-03
3.372024316799239561e-03
5.697304044723550641e-03
9.107273899222523630e-03
1.392445528335236292e-02
2.044469960417470006e-02
2.894943840609947097e-02
3.953457181082591088e-02
5.225562403841768622e-02
6.693886643021643157e-02
8.538792698649443069e-02
1.377008681358834197e-01
3.024786449327929172e-01
3.582092841008996387e-01
4.161543891984373911e-01
4.484756627854816768e-01
4.625009907081938931e-01
4.682909304277113050e-01
4.714615855792019250e-01
4.736431782390969070e-01
4.749110189021447104e-01
4.740677598673557203e-01
4.696669155253821448e-01
4.620338887359720093e-01
2.176857021367255562e-01
1.276830726258863791e-01
9.340166156111127937e-02
6.802124776763726621e-02
4.888675098001366709e-02
3.402355532784284015e-02
2.315816613408371721e-02
1.521360862116585139e-02
9.684329913253091407e-03
5.887003543713189083e-03
3.386006380244973094e-03
1.781759504459618773e-03
8.081686348023565730e-04
2.707421624508960824e-04
-6.464721536299012944e-05
3.289544745763253492e-04
-3.431627521132972829e-06
-2.339345827526268754e-04
6.968706237950175264e-04
-4.170448794002227675e-04
3.125644746252342269e-04
-1.494637948203208491e-04
3.137071329897340630e-04
4.251565773020856320e-04
7.749822953137825571e-04
3.683558093480491439e-04
5.119942133242460624e-04
9.477207720980574584e-04
1.861443550671013731e-03
3.372067746751673811e-03
5.697305386671906030e-03
9.107272784474549146e-03
1.392445757846633332e-02
2.044470565856207345e-02
2.894943739090177770e-02
3.953456440417064954e-02
5.225562167747479364e-02
6.693886503377002861e-02
8.538791927723898834e-02
1.377008498484834087e-01
3.024785751826327140e-01
3.582092672401356870e-01
4.161543828253103650e-01
4.484756592687406118e-01
4.625009898291181365e-01
4.682909300858750790e-01
4.714615855601854699e-01
4.736431786339849181e-01
4.749110178762780410e-01
4.740677577884224725e-01
4.696669163022587634e-01
4.620339130746191625e-01
2.176857030180224806e-01
1.276830624500000788e-01
9.340165881336330578e-02
6.802125779036193032e-02
4.888675206022455311e-02
3.402355030928799762e-02
2.315816514460268885e-02
1.521360549519638894e-02
9.684329867773474806e-03
5.887009582919602683e-03
3.386035874291491114e-03
1.782013384585115316e-03
8.097153886365101487e-04
2.783406358321162009e-04
-3.505836699465444218e-05
3.250282049258234815e-04
4.648933666853099600e-04
1.977603981191064248e-04
1.762898935440591571e-04
8.974066479202078353e-04
-1.686660758109148248e-04
6.246681349688262526e-04
-1.225034666955843616e-05
6.109638761741965213e-04
2.232946750580726400e-04
1.932999878902523158e-04
4.769008263598049024e-04
9.905349179164255405e-04
2.008599079010820257e-03
3.688513049427996019e-03
6.277349478903746297e-03
1.010875153857990726e-02
1.555187074223654715e-02
2.305057022019391458e-02
3.292993269557654978e-02
4.558470469741535136e-02
6.100503085942920317e-02
7.958652993662118647e-02
1.033833814681553581e-01
1.692135944773721368e-01
3.711378914940886009e-01
4.126023048708143404e-01
4.460198457204012090e-01
4.616766087657528939e-01
4.678144975770373581e-01
4.702839059150019096e-01
4.718539591674945632e-01
4.730997166008738541e-01
4.738314265563457472e-01
4.730339122130962637e-01
4.698986995990153681e-01
4.660175583324072668e-01
2.223633980209339667e-01
1.325211467582416702e-01
9.800337529619057575e-02
7.192053099606959821e-02
5.203325673068610879e-02
3.637769740808578789e-02
2.487735029723106908e-02
1.640101911333037218e-02
1.048060141951117838e-02
6.388937674903619017e-03
3.683258000409879180e-03
1.937906642686376864e-03
8.728747667884636076e-04
2.731707312405177242e-04
-1.581727147537178712e-04
-2.308216866307235291e-05
8.477102487758026925e-04
7.668080266982934320e-05
3.209095839709264928e-04
6.260606326116078526e-04
6.740907333724499182e-04
1.760968217532051579e-04
1.074242167135380316e-04
3.397075089214475919e-04
-1.526311438292664589e-05
1.458944316732689985e-04
4.685715547497296433e-04
9.891446621788080578e-04
2.008385848763720016e-03
3.688487818359830264e-03
6.277347495584214253e-03
1.010875252140194108e-02
1.555187038308798904e-02
2.305056920458910946e-02
3.292993784258050477e-02
4.558470811414409157e-02
6.100502431356668448e-02
7.958652527619676509e-02
1.033833827106073605e-01
1.692135940986737863e-01
3.711378860735538576e-01
4.126022984608253008e-01
4.460198432632138110e-01
4.616766089193523048e-01
4.678144979678553472e-01
4.702839064147987247e-01
4.718539590009525053e-01
4.730997163751246015e-01
4.738314274077758403e-01
4.730339180370492502e-01
4.698987249286651902e-01
4.660176152485983048e-01
2.223634062553496438e-01
1.325211531486359950e-01
9.800338104923442262e-02
7.192052983408542266e-02
5.203325399047499522e-02
3.637769312657831988e-02
2.487735020564749155e-02
1.640102283478601930e-02
1.048060221506356623e-02
6.388937536102409775e-03
3.683252454551848559e-03
1.937868375139281327e-03
8.726042144633605049e-04
2.707682124261984375e-04
-1.833684832277185242e-04
-2.834760221220821688e-04
-1.218488974171925493e-04
8.574540834082103585e-04
-3.684041881765824080e-05
2.886855709280707755e-04
1.031536158081422177e-05
9.334675938439479731e-04
5.109859278691896182e-04
3.871067306344969853e-04
6.895558583909981547e-04
2.570087624177244700e-04
4.854759410868921400e-04
9.917251283443643747e-04
2.008762589501801414e-03
3.688532960549278580e-03
6.277348962937875573e-03
1.010875152303922393e-02
1.555187242223986244e-02
2.305057374915133947e-02
3.292993500816497610e-02
4.558469925919415855e-02
6.100502087657938555e-02
7.958652376925227923e-02
1.033833786023488077e-01
1.692135821713346144e-01
3.711378123074424717e-01
4.126022722592546654e-01
4.460198372364587716e-01
4.616766072082520433e-01
4.678144978390459952e-01
4.702839066046298200e-01
4.718539591966630087e-01
4.730997169068364983e-01
4.738314263818665384e-01
4.730339158840570768e-01
4.698987245311284089e-01
4.660176200473793440e-01
2.223634014163907158e-01
1.325211413060653487e-01
9.800337783101588374e-02
7.192053700068944122e-02
5.203325260914766492e-02
3.637768934677490518e-02
2.487735156036805645e-02
1.640101988495442850e-02
1.048060045742334710e-02
6.388942698411001660e-03
3.683286543891141351e-03
1.938191265809140022e-03
8.749433262664760638e-04
2.865768549904653371e-04
-7.071353892444421372e-05
4.788516175912623917e-04
4.473737888154070237e-04
3.553615082540973933e-04
-2.999790454817302752e-04
4.305733366624167613e-04
6.385461746264863752e-04
4.671267986363101328e-04
6.306858795484816512e-04
9.874557617564737203e-05
3.579685460536205727e-04
1.471829717520590434e-04
4.509362243736371630e-04
1.000456966340515681e-03
2.073564086440171390e-03
3.847629331655028073e-03
6.587933398086936489e-03
1.068037570446740865e-02
1.652978137406840853e-02
2.472398832568442270e-02
3.563196272807895443e-02
4.998745351106295698e-02
6.772840758378179116e-02
8.994170905681722616e-02
1.187068990879248109e-01
1.962046237380308533e-01
4.228212801518560493e-01
4.453667555467186179e-01
4.614381790263069050e-01
4.682957028891816531e-01
4.705549079261194256e-01
4.712217383373014656e-01
4.716653870239069235e-01
4.720613857641497435e-01
4.717791377988961310e-01
4.691897681586081337e-01
4.624770512793855426e-01
4.534884447646115313e-01
2.147910146246658492e-01
1.291310663385367707e-01
9.656200241812029628e-02
7.163878600197334801e-02
5.228229312372312948e-02
3.684270272245974975e-02
2.535422949733619202e-02
1.681160823871594850e-02
1.079359902895396343e-02
6.608217097794191579e-03
3.823857539852064044e-03
2.020127270044565302e-03
9.177969254226931405e-04
3.052722066669295419e-04
-1.074981406800487528e-04
1.102444351255443742e-05
1.383217092215794470e-04
4.823514269145576369e-04
2.737960588987978726e-04
4.766656885345077607e-04
6.006986530779639824e-04
6.914212243826497279e-04
2.808303468960586242e-04
-5.144122981616743669e-05
3.008228034439562907e-04
1.346582556130451725e-04
4.482594938491387803e-04
9.999169916339307844e-04
2.073468120112408053e-03
3.847617098111977534e-03
6.587931154833429927e-03
1.068037685135363700e-02
1.652978155082192660e-02
2.472398596329344542e-02
3.563196577788597941e-02
4.998745487828619438e-02
6.772840100667290586e-02
8.994170880665920687e-02
1.187069060183413988e-01
1.962046265537845946e-01
4.228212753752527697e-01
4.453667517210936899e-01
4.614381787608416441e-01
4.682957040198027499e-01
4.705549084873321686e-01
4.712217392165592433e-01
4.716653872992427332e-01
4.720613857764746069e-01
4.717791383841795083e-01
4.691897689975148000e-01
4.624770486908587608e-01
4.534884462915199088e-01
2.147910137057676416e-01
1.291310718548519809e-01
9.656200921071411702e-02
7.163878793241983123e-02
5.228229396232708659e-02
3.684269979490002039e-02
2.535422725714198480e-02
1.681160954087934298e-02
1.079360015475348475e-02
6.608217588232423272e-03
3.823832889302571352e-03
2.019950027794929943e-03
9.169607115026009525e-04
3.031920467563670413e-04
-9.334003527980461493e-05
3.221737367404630499e-04
-3.439706488527510033e-05
4.737618591345693197e-04
6.260918358604220619e-04
7.409396800757865945e-05
3.367377988760975830e-04
-1.821761592255420517e-04
5.295293179916814265e-04
1.954159749409516448e-04
1.406790211435113389e-04
1.230813022837422635e-04
4.488459680183360789e-04
1.000371972322524911e-03
2.073589908052940814e-03
3.847638669984655441e-03
6.587931814138010475e-03
1.068037593619940856e-02
1.652978230386054417e-02
2.472398917441959165e-02
3.563196489499143721e-02
4.998745114058938260e-02
6.772840168400671990e-02
8.994170723113718846e-02
1.187069005020666007e-01
1.962046199183873352e-01
4.228212600959933565e-01
4.453667455628744776e-01
4.614381764356515481e-01
4.682957032912296036e-01
4.705549085006192067e-01
4.712217391854815474e-01
4.716653869468248050e-01
4.720613860218744184e-01
4.717791375498524564e-01
4.691897684532607693e-01
4.624770496260544594e-01
4.534884464808319748e-01
2.147910028067139265e-01
1.291310584301425257e-01
9.656200838726780589e-02
7.163879562684419278e-02
5.228229238108296484e-02
3.684269730528022535e-02
2.535422950878836804e-02
1.681160694872085859e-02
1.079359887462006534e-02
6.608221545290923586e-03
3.823849111793670933e-03
2.020086422846074058e-03
9.176573576561791951e-04
3.051413453439609860e-04
-1.019101455565434131e-04
8.371641070899994079e-05
3.849795682814586488e-04
1.052856840812128924e-04
6.412833507377015563e-04
4.019153191329558235e-04
8.222975199859162412e-04
1.038472334094158155e-04
8.776355487546330788e-04
2.202722100995005764e-04
4.264181880122820353e-04
1.275294659953986321e-04
4.286378943738651114e-04
9.835323186366629142e-04
2.064583324855887025e-03
3.858031893088799142e-03
6.637862047474745938e-03
1.082252292289684684e-02
1.684169639776584085e-02
2.538753730331665473e-02
3.687835941932204181e-02
5.232198360951725857e-02
7.167768891229775452e-02
9.660184294118792647e-02
1.291625366981260792e-01
2.148305227049037425e-01
4.535121508278360247e-01
4.624942485420072691e-01
4.691956841005057721e-01
4.717777725815351930e-01
4.720601214959249115e-01
4.716638639880060824e-01
4.712237423959942939e-01
4.705565177588186265e-01
4.682977502169357042e-01
4.614343871762772165e-01
4.453587322489130917e-01
4.228196255238237944e-01
1.961933611545587652e-01
1.186922201710579050e-01
8.991743884486802507e-02
6.769966174817992899e-02
4.995691193296562110e-02
3.560169948780699672e-02
2.469552737012278495e-02
1.650241016941676742e-02
1.065384275515685562e-02
6.559509317141573245e-03
3.814504680111661678e-03
2.030586447405102139e-03
9.415882989891421855e-04
3.627593084785447246e-04
1.164545056187497022e-04
1.095419771899599180e-03
1.681112286794778641e-04
5.395886188756701370e-04
3.622902063787530923e-04
2.338996747511138470e-04
2.289519268303735679e-04
-2.836084946967384066e-04
4.308309932691270429e-04
-5.037214211061150906e-04
5.741623482567545121e-04
1.411080456669606693e-04
4.293519654864286694e-04
9.834572024095512236e-04
2.064551806968584809e-03
3.858027232898710718e-03
6.637859195446409351e-03
1.082252382699230853e-02
1.684169666246699421e-02
2.538753367976497727e-02
3.687836105041213813e-02
5.232198382911041473e-02
7.167768318305868525e-02
9.660184670191987455e-02
1.291625463153303899e-01
2.148305248839952608e-01
4.535121419274388832e-01
4.624942445343035446e-01
4.691956840594177502e-01
4.717777732448436567e-01
4.720601213415130393e-01
4.716638644909476041e-01
4.712237426227416925e-01
4.705565177364691709e-01
4.682977509847050523e-01
4.614343877783095293e-01
4.453587263488631987e-01
4.228196104081520801e-01
1.961933625197914421e-01
1.186922264619425377e-01
8.991744165716342163e-02
6.769966071618264969e-02
4.995691292048812931e-02
3.560169710867331500e-02
2.469552365736243232e-02
1.650241079681384962e-02
1.065384609001113377e-02
6.559509566166466833e-03
3.814441305549275563e-03
2.030021584151867845e-03
9.375558266247000774e-04
3.355540642682378733e-04
-7.321848966923155688e-05
-1.387190778364494012e-04
4.286769525466250868e-04
1.509139003031328226e-04
2.780414820372084108e-04
-2.421535857123730765e-04
1.403686022287254742e-04
1.068070266135826441e-03
1.188023500879333526e-04
7.930062238119346598e-04
2.506554460397956660e-04
1.111384913805602568e-04
4.280668073965814002e-04
9.837455625872817272e-04
2.064664672277159631e-03
3.858050777171042386e-03
6.637860864616026112e-03
1.082252302262014937e-02
1.684169553109154602e-02
2.538753450393870306e-02
3.687836015168637072e-02
5.232197994954283088e-02
7.167768047244191254e-02
9.660184199067158028e-02
1.291625447485281186e-01
2.148305310465097040e-01
4.535121585230423857e-01
4.624942477437736232e-01
4.691956832595080007e-01
4.717777726908287672e-01
4.720601213778577443e-01
4.716638646290513548e-01
4.712237420908267360e-01
4.705565171959365522e-01
4.682977495365028830e-01
4.614343884163814025e-01
4.453587318356891367e-01
4.228196220479772394e-01
1.961933543725150608e-01
1.186922170831262863e-01
8.991744430278041100e-02
6.769966774647059871e-02
4.995690988976515812e-02
3.560169385061006525e-02
2.469552502816797085e-02
1.650240924586514335e-02
1.065384645385687376e-02
6.559512801910135499e-03
3.814455881113445242e-03
2.030160443938030038e-03
9.385729899461607833e-04
3.428428712499307566e-04
-1.689293227393315517e-05
2.886973812494546721e-04
5.667037753307991275e-04
-1.066606737690605622e-04
-2.358799802287171342e-04
-1.619289039854511774e-04
-1.210119189164112359e-04
-3.877696536530351751e-04
2.373445851352429215e-04
-4.710375701550976102e-04
1.274998882347589042e-04
6.941349728604794640e-05
3.983444344540636194e-04
9.400766878010005916e-04
1.983566551470736673e-03
3.719382754499964486e-03
6.421103609032727082e-03
1.051333434826185430e-02
1.643530405723087409e-02
2.491685832415116431e-02
3.642016653112702118e-02
5.208355971503638576e-02
7.197187432309581911e-02
9.806222933031734368e-02
1.325749045831293160e-01
2.224373868540380494e-01
4.660624771891381246e-01
4.699251122664721003e-01
4.730420759369560746e-01
4.738312389764112176e-01
4.730989864635181674e-01
4.718533079132043451e-01
4.702866787983429053e-01
4.678170665875017731e-01
4.616802066065950894e-01
4.460212266105862966e-01
4.126093600733779510e-01
3.711622533711855243e-01
1.692148873460956326e-01
1.033745267269900181e-01
7.956862528338280727e-02
6.098014532216729233e-02
4.555796704372878231e-02
3.290125941194310677e-02
2.302342805874358495e-02
1.552450988553411362e-02
1.008214580170620385e-02
6.248297886465876277e-03
3.654857792206193945e-03
1.965173340617630635e-03
9.319616961710549706e-04
3.894366539685414864e-04
1.639710969812518114e-04
8.777002232812531083e-04
6.187948689803899087e-04
3.053357400777587907e-04
6.273288371401333861e-05
2.726792073624242788e-04
-3.568872001668543510e-05
3.469805604090410466e-04
2.095362110621599040e-04
5.832933049480068695e-04
-1.298885814903248724e-04
3.190160403836529067e-05
3.930778486833986542e-04
9.393575672928416477e-04
1.983477734844189388e-03
3.719374843814687512e-03
6.421099483840317194e-03
1.051333467293872996e-02
1.643530460994262199e-02
2.491685452886599136e-02
3.642016788495507779e-02
5.208355955718851904e-02
7.197186986091480554e-02
9.806223555866031005e-02
1.325749128049576175e-01
2.224373837937231591e-01
4.660624501308421319e-01
4.699250970173963204e-01
4.730420745923493153e-01
4.738312395535934640e-01
4.730989861830153798e-01
4.718533079884277281e-01
4.702866786802161192e-01
4.678170661714450840e-01
4.616802070262275848e-01
4.460212234778626050e-01
4.126093286237606517e-01
3.711621775081987984e-01
1.692148796538143762e-01
1.033745288034024767e-01
7.956862727469840579e-02
6.098014854925765810e-02
4.555797314566926298e-02
3.290125890644221562e-02
2.302342306901954475e-02
1.552451015596107570e-02
1.008215025868182228e-02
6.248297937892582053e-03
3.654801432258248349e-03
1.964696762981889624e-03
9.288388609149513886e-04
3.708001446472121367e-04
5.250034886197719775e-05
2.945663613853650043e-04
4.756132508055969954e-04
-1.211267900417570063e-05
4.942594289853596444e-04
5.931293171720744854e-04
3.026689994390432677e-04
4.856683061108587468e-04
3.865149856149521410e-04
-1.287143441013159238e-04
6.217347966234902440e-04
1.543728246188659807e-04
4.122189600003365521e-04
9.423377590319553581e-04
1.983924573451341725e-03
3.719433917326984192e-03
6.421102443018662266e-03
1.051333191198014667e-02
1.643530024049532495e-02
2.491685294558162664e-02
3.642016901204928048e-02
5.208356002039431221e-02
7.197186978285294301e-02
9.806223107739800438e-02
1.325749108547345789e-01
2.224373925646127292e-01
4.660625025123880105e-01
4.699251185586589274e-01
4.730420762034946436e-01
4.738312392375202964e-01
4.730989861770474314e-01
4.718533083221275737e-01
4.702866786698008394e-01
4.678170663546017960e-01
4.616802072655810663e-01
4.460212278653311602e-01
4.126093459434157507e-01
3.711622005655681455e-01
1.692148754200426264e-01
1.033745256973630372e-01
7.956863451825481326e-02
6.098015557209278403e-02
4.555796882465918546e-02
3.290125416725683122e-02
2.302342372775246365e-02
1.552451105375162767e-02
1.008215203232028928e-02
6.248298399160762823e-03
3.654801860402532264e-03
1.964694831031780619e-03
9.287085447105216827e-04
3.689946239899314869e-04
3.176125201215085602e-05
9.249681521901774233e-05
-1.989077489963960718e-05
7.666028871978509008e-04
2.028766609605615380e-04
-3.652910129974137020e-05
6.761486868699770249e-04
3.408609256720152351e-04
5.509751202487123438e-04
-2.374382141860315604e-05
1.275208902852121141e-04
7.502083555875254186e-05
3.757286810945652191e-04
8.707471151937921710e-04
1.827372718150982109e-03
3.424328787929303321e-03
5.922487180451958648e-03
9.721841820495388808e-03
1.525315622461232042e-02
2.320487049962614498e-02
3.407385336289667221e-02
4.894865016216935066e-02
6.808653565670792773e-02
9.348227414642268362e-02
1.277648730061135829e-01
2.178075742795634873e-01
4.621171383064175964e-01
4.697136118385357162e-01
4.740817443252419161e-01
4.749128704333931972e-01
4.736426150863577433e-01
4.714615496956718887e-01
4.682942369276070771e-01
4.625055369639233804e-01
4.484835385978584998e-01
4.161696514930515178e-01
3.582423174756987905e-01
3.025222286722865084e-01
1.377063631095254148e-01
8.537955188719666133e-02
6.692310250572032493e-02
5.223201110698908606e-02
3.950957093099662087e-02
2.892103427808526486e-02
2.041762833863111290e-02
1.389614434101857539e-02
9.079655992057164560e-03
5.666920942738700243e-03
3.337196168550913417e-03
1.816098060650771229e-03
8.824860101995966270e-04
3.892225073170174914e-04
1.322388076339695115e-04
2.398622769553318795e-04
1.632966865650335137e-05
-4.477876252136835599e-04
-2.713499261496775589e-04
-3.807642579885182595e-04
3.038692741455890293e-05
-9.737419416365832958e-05
-5.405795346888448788e-05
3.252566220575573786e-04
-1.540242369229381921e-04
4.197723793970480581e-05
3.724829936086130190e-04
8.705154859217856473e-04
1.827382036095783922e-03
3.424336539200520651e-03
5.922482919349336856e-03
9.721840857400113403e-03
1.525315704878855115e-02
2.320486742520407042e-02
3.407385457955498104e-02
4.894864790850472769e-02
6.808652956056246430e-02
9.348228128725052932e-02
1.277648833863015698e-01
2.178075824318737030e-01
4.621171767442945888e-01
4.697136173932707215e-01
4.740817456800458518e-01
4.749128713791064271e-01
4.736426151877070057e-01
4.714615503082921211e-01
4.682942375923241918e-01
4.625055373957262517e-01
4.484835405456096824e-01
4.161696478571142999e-01
3.582422745804167419e-01
3.025220964779818389e-01
1.377063543599299777e-01
8.537955583073270072e-02
6.692310480533718298e-02
5.223201428712465760e-02
3.950957645337686841e-02
2.892103209146096310e-02
2.041762152172709940e-02
1.389614485266342167e-02
9.079660867369892738e-03
5.666920578476612735e-03
3.337160148234232220e-03
1.815826139433032596e-03
8.811014123622649052e-04
3.843013758869625934e-04
1.284846040158169349e-04
4.159444215866961773e-04
-5.456122930293904455e-05
-1.955895853208598962e-04
4.521361120893809720e-04
8.777450947227163035e-04
-3.375825160060938728e-04
-2.445133875475549555e-05
4.466080964038595356e-04
3.551718459529091144e-04
8.037296016841810912e-04
1.977104606343513303e-04
3.963672664912639603e-04
8.741063058204723898e-04
1.827899677472283584e-03
3.424402697825144025e-03
5.922484798156915121e-03
9.721835836599511740e-03
1.525315063841443941e-02
2.320486628848974012e-02
3.407385933994497990e-02
4.894865031617882251e-02
6.808652694834212149e-02
9.348227320948256092e-02
1.277648807342978143e-01
2.178075882540532748e-01
4.621171910395686644e-01
4.697136251416570429e-01
4.740817458153365749e-01
4.749128709447927865e-01
4.736426151359638959e-01
4.714615508549552247e-01
4.682942381345002181e-01
4.625055372844323887e-01
4.484835399767125308e-01
4.161696500832012258e-01
3.582422664646592314e-01
3.025220604558626070e-01
1.377063407959000230e-01
8.537954829475245810e-02
6.692310800298581497e-02
5.223201683064385148e-02
3.950957014460038802e-02
2.892102746534857410e-02
2.041762391938872073e-02
1.389614946917962050e-02
9.079663161697646562e-03
5.666918577333196830e-03
3.337154799318879910e-03
1.815779997716105050e-03
8.808562592080623060e-04
3.836398462770214597e-04
1.324648932255128122e-04
5.062877232527611881e-04
1.132350723471027646e-04
1.006874475364720727e-03
3.705007206908798108e-04
5.846885407350397353e-04
7.872149700445987396e-04
-2.190454048112067326e-04
-3.267041734862854313e-04
1.045966841273755852e-04
-2.193684106605446095e-04
6.623346881240091541e-05
3.470555450301717414e-04
7.689538030716530767e-04
1.587405559081493190e-03
2.958962774394457290e-03
5.116686996064014753e-03
8.406139400769962328e-03
1.322401056028764572e-02
2.014913847347772971e-02
2.968858157997849440e-02
4.272826495611295461e-02
5.976317036935209492e-02
8.249033217528677076e-02
1.141223533399974566e-01
1.991593775852455450e-01
4.386020594624883140e-01
4.602296962546912340e-01
4.718592726492286116e-01
4.749363087029139785e-01
4.737868747591790775e-01
4.702969806969647393e-01
4.636424653129687656e-01
4.500641995728249523e-01
4.188910257781813806e-01
3.586155764122457845e-01
2.802807173685144537e-01
2.268535465746581159e-01
1.051706370826832049e-01
6.643852484405368686e-02
5.305399382510347234e-02
4.207780749601361392e-02
3.218563461742417892e-02
2.384207522732362250e-02
1.696774976222702874e-02
1.164791249632229041e-02
7.655981957836946114e-03
4.813468713177494057e-03
2.857103334675107232e-03
1.578102097174686330e-03
7.917500079821337532e-04
3.861305060307252887e-04
2.353834194214778064e-04
6.808472476399618631e-04
-1.467517511048111378e-04
-1.989576482558508134e-04
-9.408005605846340359e-06
-2.453887547526810648e-04
-1.069339021662791693e-04
-2.097748648998099620e-05
-3.783229755037733548e-04
5.567720189450939489e-04
2.961452458423067895e-04
1.505035662257767884e-04
3.604778716864994554e-04
7.710847622531127399e-04
1.587737695990029370e-03
2.959007687459735449e-03
5.116682990865591835e-03
8.406136542821861929e-03
1.322401110150213562e-02
2.014913520171337721e-02
2.968858218763389262e-02
4.272826280832269646e-02
5.976316716073126756e-02
8.249034375829598920e-02
1.141223663535095439e-01
1.991594000107375084e-01
4.386022345990633897e-01
4.602297292298108133e-01
4.718592788136505844e-01
4.749363102025588868e-01
4.737868748653609186e-01
4.702969813574442992e-01
4.636424666019507423e-01
4.500642007018628710e-01
4.188910273008732421e-01
3.586155665464735298e-01
2.802806473810615651e-01
2.268533219755841102e-01
1.051706201190578949e-01
6.643852514247969299e-02
5.305399328619886390e-02
4.207780952340344632e-02
3.218564046395197553e-02
2.384207382871767963e-02
1.696774388183586169e-02
1.164791430203862208e-02
7.655986330095850868e-03
4.813465760947567389e-03
2.857056383612622315e-03
1.577707079880931755e-03
7.892276243648178608e-04
3.713540631238619410e-04
1.467357924846931269e-04
1.835289325290440240e-04
-3.615582636103432403e-04
-4.329574340168196442e-04
5.865305560639090673e-05
4.775961319895683085e-04
7.068970742476096930e-05
5.356742143508538877e-04
2.602797353031809525e-04
4.325894826362009036e-04
5.901579695573853403e-04
1.938943763387259269e-04
3.667284891609107547e-04
7.719762780780042638e-04
1.587868688554566971e-03
2.959027290521934559e-03
5.116680598341110352e-03
8.406130495887254375e-03
1.322400358208931578e-02
2.014913421486924996e-02
2.968858886864044269e-02
4.272826668305285819e-02
5.976316450848107031e-02
8.249033376208000923e-02
1.141223582722823426e-01
1.991593768242263252e-01
4.386020469619285045e-01
4.602296996748547753e-01
4.718592731694769560e-01
4.749363093198850638e-01
4.737868742076388751e-01
4.702969810920462623e-01
4.636424665461487682e-01
4.500641995367253845e-01
4.188910276023697921e-01
3.586155714182455712e-01
2.802806442421987843e-01
2.268532872259592659e-01
1.051706044146936830e-01
6.643851978292993066e-02
5.305399791919228336e-02
4.207781003280167825e-02
3.218563280544192023e-02
2.384207000257495060e-02
1.696774824973359269e-02
1.164792108969284201e-02
7.655986994266603986e-03
4.813461225197339724e-03
2.857042620630422230e-03
1.577559416722005073e-03
7.881434173908890423e-04
3.642541231490908590e-04
1.000772635605551595e-04
-8.990173334249140639e-05
6.169021999326431511e-04
7.832980232856840168e-04
5.591487992157045559e-04
5.188050098041109776e-04
2.295696692980350346e-05
7.115539235867863370e-04
-2.724469246807404246e-04
1.522955060379828569e-04
-1.179345380173565906e-04
1.223765567900783396e-04
3.166765070637574120e-04
6.301760347480412283e-04
1.258072303158710428e-03
2.316838738960134720e-03
3.993316314042213468e-03
6.552357059038892671e-03
1.032587839754623045e-02
1.573640255191910420e-02
2.326331077983502180e-02
3.350096377825086819e-02
4.716611683469801308e-02
6.541493187110561380e-02
9.199537639403518319e-02
1.654551855672964367e-01
3.859027998569677931e-01
4.331090340688398821e-01
4.618335652757485921e-01
4.717196280124472674e-01
4.715451601336643206e-01
4.651356874803085351e-01
4.509039425414690383e-01
4.195863600437963470e-01
3.561178543439543209e-01
2.691144121580871240e-01
1.942741236435520935e-01
1.558351625170207033e-01
7.382252628436759834e-02
4.739713364341197055e-02
3.843317634969153906e-02
3.085868334760174386e-02
2.381531140538238611e-02
1.781030866754854114e-02
1.276161363005636970e-02
8.827334695095121267e-03
5.837069003667221326e-03
3.700006084373870779e-03
2.219629880579998549e-03
1.251540077812893703e-03
6.571013073892295175e-04
3.641729230859634702e-04
3.131470354708430618e-04
7.921202148240919991e-04
7.247168124019239769e-04
-3.098809086666368963e-04
-1.074701973264458591e-04
1.576204174386237867e-04
-3.764236857141822106e-05
-2.273542861379623966e-04
4.268247185123513060e-04
4.541316283158750022e-04
6.556352243950434606e-04
2.518362435820756988e-04
3.373477216707700664e-04
6.334364409290225940e-04
1.258569081274617425e-03
2.316902412386456604e-03
3.993311429363550179e-03
6.552353096131871037e-03
1.032587988957824575e-02
1.573640059198225943e-02
2.326331157731850036e-02
3.350096019418258991e-02
4.716611153201936274e-02
6.541494020073067295e-02
9.199538367222230562e-02
1.654551973440758217e-01
3.859029380054423974e-01
4.331090551474116590e-01
4.618335728625109216e-01
4.717196299579330399e-01
4.715451589701770696e-01
4.651356868323303084e-01
4.509039432271141901e-01
4.195863625367069472e-01
3.561178583952586685e-01
2.691144002869919061e-01
1.942740578905285398e-01
1.558349160913664877e-01
7.382250924751955490e-02
4.739713269759539965e-02
3.843317396477412967e-02
3.085868405704473780e-02
2.381531770463242090e-02
1.781030884795603564e-02
1.276160911715978376e-02
8.827336761206325266e-03
5.837071539559364301e-03
3.700000822225843998e-03
2.219575659651403920e-03
1.251061700309901575e-03
6.538579349191714699e-04
3.439779986385502479e-04
1.873183445919566245e-04
9.129617426921200459e-05
-7.897085987480971319e-05
2.884775286427813880e-04
-6.163880073907886592e-05
1.229936774383676970e-04
5.631409080189380941e-04
-2.569511860128555094e-04
6.113838530112504586e-04
5.014993538791123512e-05
-1.948711495724535149e-04
1.201458763271770795e-04
3.175798341249952200e-04
6.304914506913947454e-04
1.258159174793593458e-03
2.316856074106808314e-03
3.993303233564535031e-03
6.552346320358039267e-03
1.032587150173633860e-02
1.573639935349179647e-02
2.326331932957570806e-02
3.350096500103275088e-02
4.716610821239230339e-02
6.541492828815416438e-02
9.199536947660298669e-02
1.654551286978979685e-01
3.859022880634420671e-01
4.331089510411877952e-01
4.618335599862798402e-01
4.717196295090782532e-01
4.715451594834172422e-01
4.651356871648538727e-01
4.509039436797672717e-01
4.195863600165682938e-01
3.561178600133622085e-01
2.691144116160000821e-01
1.942740850179219825e-01
1.558350040242298673e-01
7.382249776974687816e-02
4.739712772476396135e-02
3.843317893953029918e-02
3.085868331803593573e-02
2.381531002519821083e-02
1.781030645211665112e-02
1.276161437742557615e-02
8.827343695378289321e-03
5.837069618439822208e-03
3.699994482981285027e-03
2.219566452874037824e-03
1.250936042055367020e-03
6.528229932241821042e-04
3.364469001074521797e-04
1.316726459887665435e-04
-2.754843439463209621e-04
1.078026446219972696e-04
1.401050036272695064e-04
2.801312766820668841e-04
1.707495738683956351e-04
-8.327410120407699532e-05
1.142150086543975091e-03
4.931555159641648435e-04
3.475508783238201059e-04
5.211451278599013625e-04
2.776388524129392524e-04
2.850136022758418598e-04
4.541540081258158999e-04
8.439324908355770810e-04
1.510864139556729021e-03
2.574960375452982342e-03
4.202063907161115996e-03
6.618609243806289517e-03
1.007686339883510050e-02
1.494306079537347301e-02
2.153506892674904305e-02
3.057096003511863835e-02
4.266213674626585795e-02
6.128845696265090154e-02
1.138446160284434239e-01
2.823788157792513909e-01
3.591555824241715045e-01
4.265881931752429912e-01
4.568334757815047387e-01
4.604362726247184234e-01
4.453445355991290655e-01
4.068480672177271495e-01
3.349140248721639290e-01
2.409788739245217470e-01
1.620722955675179544e-01
1.129859250398848186e-01
9.119548944507799293e-02
4.365382939059671286e-02
2.835311048297676009e-02
2.326577631492363768e-02
1.884697236141573765e-02
1.464263273429411948e-02
1.102816231795714259e-02
7.948259905360577360e-03
5.537691848861264234e-03
3.690454588258747400e-03
2.367998583613737263e-03
1.448447827385712303e-03
8.478179632233525916e-04
4.812492221061858734e-04
3.194937075003050444e-04
3.819732499742892846e-04
9.409100038681406054e-04
3.658663796246796295e-04
5.965361165420740011e-04
1.395561576599617699e-05
4.700280225969732223e-04
1.300505940502789828e-04
1.825044935589268010e-04
7.574967128532934834e-05
3.380934516048131463e-04
9.196304832792063155e-04
3.539048264020097493e-04
2.985808530037858282e-04
4.564972165444788443e-04
8.443176489465705533e-04
1.510914471907260801e-03
2.574952986192974649e-03
4.202060044719414453e-03
6.618612381739580330e-03
1.007686235737421596e-02
1.494306098917643454e-02
2.153506469108318333e-02
3.057095574604277305e-02
4.266214325750943004e-02
6.128844868306067284e-02
1.138445612870018359e-01
2.823784777211762465e-01
3.591555616978233667e-01
4.265882032058208595e-01
4.568334788991263995e-01
4.604362715835050301e-01
4.453445382158929267e-01
4.068480725623885852e-01
3.349140306885578511e-01
2.409788778111824903e-01
1.620722836847183490e-01
1.129858783087831775e-01
9.119522360783748061e-02
4.365379932202523294e-02
2.835310329186079351e-02
2.326577074336260917e-02
1.884697153013171339e-02
1.464263870371165961e-02
1.102816277142044943e-02
7.948255107352253379e-03
5.537692925784484105e-03
3.690456077540975755e-03
2.367995017044339807e-03
1.448415296180561836e-03
8.474956145235565830e-04
4.789543677735630910e-04
3.043075242805214206e-04
2.776546041026353826e-04
2.749473953073310268e-04
-3.786440998936758799e-04
6.769617400676263344e-04
1.868959373090701406e-04
2.728263328642759034e-04
2.674240601847793536e-04
-1.242627785187116118e-04
3.051171661834477938e-04
-1.322181612440097623e-04
1.030487782434437352e-04
2.072042169074705313e-04
2.742868113157281916e-04
4.526173017686463060e-04
8.437447028829436931e-04
1.510843815195972569e-03
2.574941088995762444e-03
4.202053022708633449e-03
6.618605119621577895e-03
1.007686201819519428e-02
1.494307039784490386e-02
2.153507247775876543e-02
3.057095469513077327e-02
4.266213533739326991e-02
6.128844909536636937e-02
1.138445704616179721e-01
2.823784196461784912e-01
3.591555166527339860e-01
4.265881898209663015e-01
4.568334796505260642e-01
4.604362722539231956e-01
4.453445365842989556e-01
4.068480719885568808e-01
3.349140295843939796e-01
2.409788862922837838e-01
1.620722999963037925e-01
1.129859015126515459e-01
9.119536594651429795e-02
4.365379231824781381e-02
2.835310216751292869e-02
2.326577645723315949e-02
1.884696921811125289e-02
1.464263125172064403e-02
1.102816156526586003e-02
7.948260310280353888e-03
5.537700308097861894e-03
3.690453984068761163e-03
2.367989216292292701e-03
1.448429346863810020e-03
8.475847206118300491e-04
4.795741016192718348e-04
3.088118258431473209e-04
3.111060893480886193e-04
5.048814447340844048e-04
-1.961755608378553078e-05
4.869367643070135541e-04
8.810000427564121817e-04
-4.820410553764484913e-04
4.682793577723429949e-04
-3.908119295697803312e-04
7.103893576718002360e-04
1.121771817850003762e-04
4.075421411135020638e-04
2.484473347482507675e-04
2.029806633602392009e-04
2.407308235190198573e-04
3.656931536477281636e-04
5.852532005227105124e-04
9.405808198414850616e-04
1.488185783508371406e-03
2.310584090412299684e-03
3.491621614981660956e-03
5.176244188130240537e-03
7.465086615361431199e-03
1.069757175551843548e-02
1.511053488316547316e-02
2.243620288601818127e-02
4.369259181837689687e-02
1.169226248233061344e-01
1.776232355045981037e-01
2.760966829133161271e-01
3.678104051747602132e-01
3.886454967077840883e-01
3.302088941133663469e-01
2.351205139892159068e-01
1.481799532305556888e-01
8.909349463427711224e-02
5.532794396381766205e-02
3.776598695413425910e-02
3.047526986863565227e-02
1.442921632354761050e-02
9.411973431274135021e-03
7.774879473182082223e-03
6.335173353024284651e-03
4.948327516249270523e-03
3.754806519991541868e-03
2.733262127934597569e-03
1.935737218677204908e-03
1.324375867725829372e-03
8.888986388928006967e-04
5.866910164045951006e-04
3.900866250361537395e-04
2.687167601052051300e-04
2.143403054899742572e-04
1.845887483460711617e-04
-2.988017515293076042e-04
3.350180821370852023e-05
1.853490284910642885e-04
3.251332706886278360e-04
6.777713798410835806e-04
3.829183514523235108e-04
5.541222555241031699e-04
3.022860388018298308e-04
9.003403314063829026e-05
4.376571337023037731e-04
2.685839249736917973e-04
2.084511220838362183e-04
2.419275197487721137e-04
3.659248825067654750e-04
5.852849909096886558e-04
9.405710761474497458e-04
1.488181989142487414e-03
2.310588967685270594e-03
3.491622504373687128e-03
5.176244361813355302e-03
7.465080686477256790e-03
1.069756553500166539e-02
1.511053724286441115e-02
2.243618273574688599e-02
4.369251689833374142e-02
1.169223964350475375e-01
1.776232275972435826e-01
2.760966972959745247e-01
3.678104028046667029e-01
3.886454855061479696e-01
3.302088953957728612e-01
2.351205240700867116e-01
1.481799676552277012e-01
8.909350834557758225e-02
5.532794500254086673e-02
3.776597508131301212e-02
3.047518142368434158e-02
1.442918224078815724e-02
9.411959446378828989e-03
7.774870645925296454e-03
6.335172283578194806e-03
4.948334728643344858e-03
3.754808883857301688e-03
2.733257832589769051e-03
1.935737395895678744e-03
1.324376471944168580e-03
8.888968408315877550e-04
5.867000300985266478e-04
3.901533962077080976e-04
2.694511492552130938e-04
2.216163236016588974e-04
2.515418455345470373e-04
2.489683682687178403e-04
2.838635009275114148e-04
2.212861339055884763e-04
-3.471840801023055412e-04
2.734380191708431153e-04
-5.292641102212287301e-04
7.143228177525989082e-04
-4.160920285731383350e-04
-1.299587353774177105e-04
-2.804235392168146672e-04
1.574975444399775710e-04
1.912331789723031947e-04
2.392270234115385550e-04
3.655229157235914249e-04
5.852338502544653575e-04
9.405593063397542277e-04
1.488174610156425695e-03
2.310582611414256724e-03
3.491621626650036423e-03
5.176253031761814116e-03
7.465088645945990205e-03
1.069756471082147081e-02
1.511053295087656269e-02
2.243619776698662499e-02
4.369257525510377577e-02
1.169224883228029699e-01
1.776231939074651156e-01
2.760966809348432416e-01
3.678104105446724503e-01
3.886454870202424861e-01
3.302088858778065572e-01
2.351205152908840690e-01
1.481799607067840752e-01
8.909351535528817201e-02
5.532795443275499714e-02
3.776598120351767202e-02
3.047531455546944462e-02
1.442920612580194002e-02
9.411973088097680754e-03
7.774880672495463468e-03
6.335170352017854313e-03
4.948329376632688154e-03
3.754809188706413354e-03
2.733261952569906051e-03
1.935744454227226021e-03
1.324373697760851702e-03
8.888885981210908546e-04
5.867244684563831161e-04
3.903475844881850463e-04
2.707934085487917150e-04
2.306209274146192329e-04
3.120880513773143742e-04
6.126469748550484673e-04
7.100075880798310552e-04
6.808829152541709048e-04
6.396835219171961417e-04
6.967690728733355902e-04
6.890413123880590428e-04
-1.513864878349718986e-04
2.632974228292190222e-04
-1.346105634665150242e-04
-2.892285453148259449e-04
1.502163939486863078e-04
1.056981747696133763e-04
1.462566676371281658e-05
-1.358186698390907493e-04
-3.842648970379750344e-04
-7.742478736066785768e-04
-1.361806618227614195e-03
-2.227115795703197339e-03
-3.451690172656539986e-03
-5.177218709355142258e-03
-7.501391744785179325e-03
-1.076263291958445660e-02
-1.519603989246929958e-02
-2.253956104495460216e-02
-4.385385354084998105e-02
-1.172580612479863088e-01
-1.779078091535411243e-01
-2.762444920424297901e-01
-3.678312541598898755e-01
-3.886329694040123184e-01
-3.303231124941624630e-01
-2.356292606623108243e-01
-1.490335164972172999e-01
-8.996595742573035293e-02
-5.606213805873745681e-02
-3.830442457625081454e-02
-3.091810385084194784e-02
-1.459071187853326623e-02
-9.491370002926624930e-03
-7.825561494695033177e-03
-6.355914050317609289e-03
-4.931725165795684124e-03
-3.694148720470104112e-03
-2.624458136333262474e-03
-1.777318890683058077e-03
-1.119432475992940008e-03
-6.422178445942434413e-04
-3.067350696354012693e-04
-8.554960873406160184e-05
4.918463937247460367e-05
1.244382736281717601e-04
1.541804092413144112e-04
-2.505301400598873010e-04
-1.869839346758852411e-05
6.026398273051761624e-04
6.728287025181812044e-04
-3.748597313349973461e-04
6.783843207824272886e-05
-1.525438507265051036e-04
7.020311595170827985e-04
6.062653014312193236e-04
-1.040932483538634562e-04
1.881639410522038889e-04
1.129790248747031717e-04
1.596074733881271447e-05
-1.355856333453780115e-04
-3.842353049161244369e-04
-7.742574081021277041e-04
-1.361809631120777884e-03
-2.227109944255910995e-03
-3.451688876238044861e-03
-5.177220496389075416e-03
-7.501400085591021331e-03
-1.076263952002876924e-02
-1.519603775468696821e-02
-2.253958358719211283e-02
-4.385394317306616496e-02
-1.172584104349183032e-01
-1.779078481073395890e-01
-2.762445096225894514e-01
-3.678312684614516437e-01
-3.886329780481393992e-01
-3.303231201888505164e-01
-2.356292566218303186e-01
-1.490335062859678705e-01
-8.996594475405057800e-02
-5.606213551014043589e-02
-3.830442825051189049e-02
-3.091813446023946449e-02
-1.459073482595818830e-02
-9.491381395398731241e-03
-7.825569440378061375e-03
-6.355914217032706745e-03
-4.931717269484316331e-03
-3.694145341009572384e-03
-2.624462621708692489e-03
-1.777319862976277321e-03
-1.119432324693017114e-03
-6.422203409156676448e-04
-3.067199927599551911e-04
-8.544112369213198725e-05
4.995994931292274601e-05
1.293898200483613466e-04
1.812437240985904539e-04
-1.710838734215705981e-04
-3.726835551103295117e-04
8.970824866571758217e-04
-2.586353037932358605e-05
7.522534073827575555e-04
-1.783873024472838634e-04
1.083995191492806128e-03
4.467365342247885248e-04
5.624519161289533511e-04
4.479585603165156071e-04
2.471654265088495421e-04
1.181484366104615380e-04
1.622146496927730325e-05
-1.356087643383505124e-04
-3.842446475168884179e-04
-7.742668257525139094e-04
-1.361816540377207025e-03
-2.227114546390165841e-03
-3.451689658967586633e-03
-5.177212301987649777e-03
-7.501391719051606934e-03
-1.076263883398562507e-02
-1.519603786654093874e-02
-2.253956047429944015e-02
-4.385384855223781186e-02
-1.172578785974746352e-01
-1.779077919941855768e-01
-2.762444896505309999e-01
-3.678312539140190518e-01
-3.886329702493599991e-01
-3.303231110222342171e-01
-2.356292516378203361e-01
-1.490335095870986837e-01
-8.996594338964747362e-02
-5.606214197599022203e-02
-3.830445060798010753e-02
-3.091811809129576746e-02
-1.459069413693482066e-02
-9.491355499246676916e-03
-7.825555178609857471e-03
-6.355916331919403937e-03
-4.931722002434298785e-03
-3.694145645028518686e-03
-2.624460880616410422e-03
-1.777312470078650343e-03
-1.119434248452666741e-03
-6.422308447993172343e-04
-3.067021068814187600e-04
-8.531313275164369050e-05
5.071476916165553280e-05
1.339506969915092705e-04
2.121270753671310985e-04
5.288244780598613278e-05
1.051482882092687508e-04
8.864919196976226313e-04
1.316214484222905708e-04
7.659237071584931722e-04
-1.629459742302063606e-04
7.125272365581326916e-04
-3.260407883087546336e-04
5.577682060106543263e-04
-1.392204424122172246e-05
1.976961528750475810e-04
3.798380664024939951e-05
-1.955253589529164042e-04
-6.124572379723630146e-04
-1.308486301458128189e-03
-2.407687031348399505e-03
-4.075347432205078148e-03
-6.536002634932014041e-03
-1.003917597424784473e-02
-1.494819600547037455e-02
-2.157730794805085700e-02
-3.064321537898323511e-02
-4.275492052515893898e-02
-6.139531716819923018e-02
-1.139941660168958121e-01
-2.825828346988168427e-01
-3.592184771286812683e-01
-4.265458917053075449e-01
-4.567734013201097398e-01
-4.603526406086286271e-01
-4.451929993665434404e-01
-4.066885457989156683e-01
-3.350154219675898770e-01
-2.415210941553999346e-01
-1.628033379151815063e-01
-1.136234822498781438e-01
-9.172623680826774706e-02
-4.385370630477711945e-02
-2.845345028743848093e-02
-2.333190984588850991e-02
-1.887913609303076834e-02
-1.463411056896079220e-02
-1.097247080634641478e-02
-7.841917826858243665e-03
-5.379910590166491965e-03
-3.484920786290195572e-03
-2.120042223884737505e-03
-1.166523616442612706e-03
-5.395675812887050157e-04
-1.515478167750925517e-04
7.197996158157965744e-05
2.443437516526905033e-04
2.640675997351520410e-05
4.204943386930818706e-04
-1.643674596017550985e-04
1.906343333324009249e-04
2.216376685276109069e-04
7.142186414873527914e-04
3.837373132191065103e-04
1.414946263567757830e-04
-1.273929628479248332e-04
4.217052793181923567e-04
2.707366414035063617e-04
4.941763086129962623e-05
-1.937645135015328500e-04
-6.121971320295009188e-04
-1.308458468239290413e-03
-2.407695654902348992e-03
-4.075348550420033675e-03
-6.535994739146643029e-03
-1.003917261268401535e-02
-1.494819818830223079e-02
-2.157731693566605422e-02
-3.064322163590007739e-02
-4.275492045312154210e-02
-6.139533693715418239e-02
-1.139942472563626602e-01
-2.825833517860664723e-01
-3.592185279437855039e-01
-4.265459013742709526e-01
-4.567734023343943961e-01
-4.603526416981719160e-01
-4.451930031659869780e-01
-4.066885459078651288e-01
-3.350154166859429239e-01
-2.415210864280440961e-01
-1.628033429937675580e-01
-1.136234964323907110e-01
-9.172631725361293786e-02
-4.385371245204470331e-02
-2.845345455113356542e-02
-2.333191598842272729e-02
-1.887913746117262162e-02
-1.463410519685745537e-02
-1.097246772283766263e-02
-7.841921108702396004e-03
-5.379910359491531062e-03
-3.484919153365813056e-03
-2.120045074118067675e-03
-1.166519764017034727e-03
-5.395464923701387069e-04
-1.512198543179632591e-04
7.588923196624771501e-05
2.836101104680076833e-04
3.728278160808526885e-04
3.604795322410037409e-04
-3.417123266740814866e-04
1.791798903626924417e-04
-3.929658577996658284e-04
4.736651305237192869e-04
6.090501552746025067e-04
5.898118720194672499e-04
6.063705656003758439e-04
2.998529448488698539e-04
2.571061132687089208e-04
4.741192521876170265e-05
-1.941410702386909724e-04
-6.122643979244465993e-04
-1.308468889997069229e-03
-2.407703893544870660e-03
-4.075353460646437970e-03
-6.535997025226903019e-03
-1.003917301236675365e-02
-1.494819114899124946e-02
-2.157730965260656539e-02
-3.064322133693414899e-02
-4.275491945362396018e-02
-6.139532034246208275e-02
-1.139941684128861904e-01
-2.825827810894936953e-01
-3.592184601794851107e-01
-4.265458959106054326e-01
-4.567734033998616661e-01
-4.603526415681766237e-01
-4.451929983767440868e-01
-4.066885410632880005e-01
-3.350154166056452110e-01
-2.415210837484501882e-01
-1.628033438159040280e-01
-1.136235026192755626e-01
-9.172617345805159084e-02
-4.385367506571909851e-02
-2.845343206616766235e-02
-2.333190530739652491e-02
-1.887914302933035859e-02
-1.463410930420654468e-02
-1.097246596422405199e-02
-7.841918139004658284e-03
-5.379900622473690608e-03
-3.484921551311135398e-03
-2.120059320766039257e-03
-1.166506640690198691e-03
-5.394821520322797600e-04
-1.513126429055453059e-04
7.114695300499899848e-05
2.205628785409814664e-04
-2.478817189527526724e-04
6.769106760821898749e-04
-9.287758408984277505e-05
-4.416259483511137219e-07
4.484038177511442480e-04
-6.839480705262736011e-05
5.315597689393463570e-04
-5.886731592214781853e-04
-4.268914545681821299e-04
-2.017932421331925083e-04
2.141084854415595533e-04
-1.691926044594182983e-05
-3.740081652308391573e-04
-1.024704111878138460e-03
-2.111694927645227024e-03
-3.823887491910651741e-03
-6.424595893733149078e-03
-1.024434860429711096e-02
-1.570227840068992228e-02
-2.327537305938874590e-02
-3.355314825455715799e-02
-4.725048661474148814e-02
-6.551911770066992657e-02
-9.210736464384315647e-02
-1.655844637302458511e-01
-3.859531662571409338e-01
-4.330622901841169603e-01
-4.617688438386090000e-01
-4.716671725318903330e-01
-4.714797179805322314e-01
-4.650097861762698681e-01
-4.506883600060068162e-01
-4.193275545208328126e-01
-3.561154777961618723e-01
-2.695911948049262152e-01
-1.949614203047921601e-01
-1.564885442529768689e-01
-7.408563305258977771e-02
-4.753615052034244198e-02
-3.852891331889107818e-02
-3.091288148211763370e-02
-2.382223383670636907e-02
-1.776395170802572837e-02
-1.265970854367459535e-02
-8.670482229881447400e-03
-5.630123946021656743e-03
-3.449379598442567016e-03
-1.934102374296055998e-03
-9.386794928945183750e-04
-3.200166413070597640e-04
4.318149896028467536e-05
3.560971553199297583e-04
2.669371177696860616e-04
-1.299352415783548362e-04
-2.820206299709479797e-04
-2.515795593127345122e-04
-3.132098840209358295e-04
5.583355455183562632e-04
5.169869713642066535e-05
-7.839646933308716417e-05
3.050088848069960131e-04
1.607333599172061265e-04
2.621354288285916516e-04
-1.076041437306849010e-05
-3.732179260825158637e-04
-1.024603634961673100e-03
-2.111688800898050590e-03
-3.823895944729292090e-03
-6.424596061258540207e-03
-1.024434130704259156e-02
-1.570227582598825861e-02
-2.327537768978495472e-02
-3.355315665322802787e-02
-4.725048767620845802e-02
-6.551911301612356464e-02
-9.210737130963994601e-02
-1.655844947746462625e-01
-3.859533182813071894e-01
-4.330623130272355237e-01
-4.617688513928703831e-01
-4.716671730026104070e-01
-4.714797181530326897e-01
-4.650097873090708878e-01
-4.506883600495305564e-01
-4.193275521922762983e-01
-3.561154718164228905e-01
-2.695911958512045015e-01
-1.949614254308433825e-01
-1.564885870153737979e-01
-7.408562034001243968e-02
-4.753614726534649559e-02
-3.852891513934351281e-02
-3.091287978429976824e-02
-2.382222792515420115e-02
-1.776394733843039697e-02
-1.265971017921326512e-02
-8.670482082201527024e-03
-5.630123943856477249e-03
-3.449387276721657680e-03
-1.934135531161107740e-03
-9.389757871927697239e-04
-3.221058175482474097e-04
2.952851445364516644e-05
2.658496401309346641e-04
-2.883113667395228899e-04
9.739335239238677648e-05
6.666581538714590714e-04
8.356261793573237912e-05
6.670293910654889920e-04
5.188361313399078665e-04
1.585839082855322450e-04
3.271314706087071508e-04
3.945387182291713911e-04
-1.821806639905063636e-05
2.255796556337000844e-04
-1.734660388698323837e-05
-3.743534874790796843e-04
-1.024779853440475376e-03
-2.111711042609620750e-03
-3.823902812360854050e-03
-6.424598484523626196e-03
-1.024434207429553503e-02
-1.570227744136073328e-02
-2.327537362895899797e-02
-3.355315156469682730e-02
-4.725048796643731286e-02
-6.551910882261866020e-02
-9.210735398006743291e-02
-1.655844088946361037e-01
-3.859526724524588448e-01
-4.330622068124063695e-01
-4.617688421566231161e-01
-4.716671725725124498e-01
-4.714797175521202033e-01
-4.650097849073325795e-01
-4.506883581136613692e-01
-4.193275532366174119e-01
-3.561154727944449427e-01
-2.695911937892702115e-01
-1.949614063396730712e-01
-1.564884012530191049e-01
-7.408560411584276528e-02
-4.753613269193206203e-02
-3.852890626084219672e-02
-3.091288666795471637e-02
-2.382223196409480673e-02
-1.776394711438256807e-02
-1.265970960989869394e-02
-8.670472413697078579e-03
-5.630127820716467404e-03
-3.449401409743487346e-03
-1.934084349590168422e-03
-9.385238938798856102e-04
-3.189420249817162501e-04
5.055953843781087962e-05
4.095297222730963143e-04
6.184302170192163993e-04
-1.840842761161351048e-04
7.937903217512723821e-04
-1.801525440537003850e-04
2.019466435530062353e-04
3.027212757558332787e-05
-2.048292448417227563e-04
4.476268223674554508e-04
-1.027603961035277705e-04
7.043593397469681853e-04
3.785742599162965588e-04
-3.471185834553088939e-05
-5.091545645155679152e-04
-1.349854195285309132e-03
-2.749260381881046648e-03
-4.943637674070737453e-03
-8.276300899251309157e-03
-1.314323327749120952e-02
-2.011899610416261960e-02
-2.970905344342282886e-02
-4.279248015846841280e-02
-5.986252080872728892e-02
-8.260728859087947129e-02
-1.142394167632447693e-01
-1.992648696679016063e-01
-4.385275486744474871e-01
-4.601368158000956332e-01
-4.717931575040960057e-01
-4.748942339031147486e-01
-4.737419315528665353e-01
-4.702092884969198971e-01
-4.634749525886087129e-01
-4.497826743567495678e-01
-4.185707015007716914e-01
-3.585542711218401291e-01
-2.806956724517372659e-01
-2.274851218636083638e-01
-1.054889501145529762e-01
-6.662434868911409902e-02
-5.319036748963254513e-02
-4.216304601737639463e-02
-3.221438124288796001e-02
-2.380859273099580550e-02
-1.687161702306547509e-02
-1.149182413502432970e-02
-7.446485603817092763e-03
-4.558585321031151730e-03
-2.566277421480044063e-03
-1.259677288277254560e-03
-4.493857385113145557e-04
2.366122710134647934e-05
4.273427861021836618e-04
4.082530080228827284e-04
4.770448905975161261e-04
9.057513208259245245e-04
8.995081368668541482e-04
9.491718081745049215e-04
4.130228637300388029e-04
1.920081542691783462e-04
-9.821307553055452780e-06
6.052844462782055665e-04
1.463196132765800248e-04
2.922864374951700825e-04
-4.735677650678480781e-05
-5.109730876989524448e-04
-1.350101043942699124e-03
-2.749293671593542807e-03
-4.943645874922026305e-03
-8.276299302747796433e-03
-1.314322558911994870e-02
-2.011899240836446945e-02
-2.970905833102909996e-02
-4.279248687220769953e-02
-5.986252012024063235e-02
-8.260728957459423372e-02
-1.142394271247801629e-01
-1.992649021496246120e-01
-4.385277867774763916e-01
-4.601368641096910128e-01
-4.717931618823568152e-01
-4.748942332339487482e-01
-4.737419310075021706e-01
-4.702092886235417213e-01
-4.634749529046927607e-01
-4.497826742624168594e-01
-4.185706992018958239e-01
-3.585542650486955862e-01
-2.806956151711275105e-01
-2.274848749569333417e-01
-1.054889077981986251e-01
-6.662433949960691604e-02
-5.319036730208086955e-02
-4.216304472182706709e-02
-3.221437868633785645e-02
-2.380858923113208722e-02
-1.687161632018741725e-02
-1.149182251391187189e-02
-7.446485547102314924e-03
-4.558592932325585857e-03
-2.566319533449105701e-03
-1.260063033581396413e-03
-4.521931834290775763e-04
4.505471026531193876e-06
2.938478554990515577e-04
-4.594935429976264632e-04
2.826257794890327810e-04
7.659494670764079678e-04
7.706071367863967471e-04
2.857202877684792883e-04
8.125859294607400900e-06
2.175986751451467925e-04
-5.281594623059447701e-04
-1.452496929546312216e-04
-2.840591703884548904e-04
2.222882364346358774e-04
-5.841858938698528425e-05
-5.127387747451793562e-04
-1.350363179433771701e-03
-2.749325043155542887e-03
-4.943650961915281757e-03
-8.276298658585633586e-03
-1.314322361733767479e-02
-2.011899441785865855e-02
-2.970905700509439765e-02
-4.279248331999104676e-02
-5.986252106531186196e-02
-8.260728586630483594e-02
-1.142394168191091519e-01
-1.992648565979814601e-01
-4.385274860280771181e-01
-4.601368042228253241e-01
-4.717931579551783994e-01
-4.748942339128255363e-01
-4.737419314792897240e-01
-4.702092882431108678e-01
-4.634749522639694530e-01
-4.497826741537108153e-01
-4.185706999243802851e-01
-3.585542684237244537e-01
-2.806956342896806955e-01
-2.274849400817016698e-01
-1.054889234335499720e-01
-6.662433422754114598e-02
-5.319036481578127973e-02
-4.216305634801151975e-02
-3.221438199722138213e-02
-2.380858593388777630e-02
-1.687161245718057923e-02
-1.149181092802919329e-02
-7.446491033328314461e-03
-4.558608310347386262e-03
-2.566266717037358949e-03
-1.259577488401058968e-03
-4.487025691001193394e-04
2.800492737577685038e-05
4.530757676384102430e-04
4.990051174345883772e-04
7.913826278135302006e-04
5.652279818615881966e-04
-4.609493325460138321e-04
4.713607985264478052e-04
2.783245961044418465e-06
-3.154682057564615742e-04
9.415732130360472099e-05
7.500241535413202428e-04
4.935253731015297896e-04
3.722744177821107935e-04
-6.416706717316382502e-05
-6.069225598934590432e-04
-1.583431970757669290e-03
-3.207866234683160681e-03
-5.743755284174096275e-03
-9.588066310677352891e-03
-1.517134126907054327e-02
-2.317698596346231404e-02
-3.410081325636492994e-02
-4.902277379397280282e-02
-6.819835824259823376e-02
-9.360969759658835376e-02
-1.278862421031773111e-01
-2.178990906029319441e-01
-4.619950666966711750e-01
-4.696134657868583639e-01
-4.740218049243554166e-01
-4.748790128431097379e-01
-4.736120790025518112e-01
-4.714032806996152347e-01
-4.681799360694617329e-01
-4.622973746594056799e-01
-4.481716917854352000e-01
-4.158507057860962308e-01
-3.582469101936757716e-01
-3.029330245469922800e-01
-1.380498633483799031e-01
-8.561127901852388922e-02
-6.710471515103674789e-02
-5.235299251335242404e-02
-3.956283470965189786e-02
-2.890135174277774777e-02
-2.032669113473548408e-02
-1.373947079302932466e-02
-8.865782306917965871e-03
-5.405841869706599911e-03
-3.039179436286368070e-03
-1.490663651954061194e-03
-5.350127694383521914e-04
1.119693199507233536e-05
4.008688682490978063e-04
-2.108588879585637668e-04
-2.488220051738993920e-04
-2.412592263133269538e-04
-1.738140604970325542e-05
3.590109705412810161e-04
-2.956926800663574632e-04
6.371281940565225220e-04
-5.750197614598580222e-04
7.548277899396259880e-04
-2.677777960716980579e-04
2.606580165731091879e-04
-8.001972559059395015e-05
-6.091623058504776547e-04
-1.583736636887331153e-03
-3.207906071043673934e-03
-5.743760986737683413e-03
-9.588064135733874102e-03
-1.517133488189112422e-02
-2.317698308202226568e-02
-3.410082134366884676e-02
-4.902278218296802353e-02
-6.819835570727644791e-02
-9.360969680609015908e-02
-1.278862444156176892e-01
-2.178990832829585111e-01
-4.619950017358546157e-01
-4.696134402483910786e-01
-4.740218018527269095e-01
-4.748790124410299796e-01
-4.736120790165596617e-01
-4.714032803755572321e-01
-4.681799355080100145e-01
-4.622973740997465830e-01
-4.481716908167930891e-01
-4.158506987053219861e-01
-3.582468512761762813e-01
-3.029328096966553696e-01
-1.380498315233923690e-01
-8.561127689888874126e-02
-6.710471768251934088e-02
-5.235299124314399255e-02
-3.956283259179168427e-02
-2.890134717756983468e-02
-2.032668842324891409e-02
-1.373946994792075472e-02
-8.865783525997842848e-03
-5.405845869042757296e-03
-3.039189699791907014e-03
-1.490757628278652084e-03
-5.354564862837046194e-04
1.020217256071265870e-05
4.080750614430739753e-04
-6.808876818244658392e-05
1.085116924665319014e-04
6.573809563337623414e-04
-1.779612173834734581e-05
1.630062816967082140e-04
1.745329995313067302e-05
-1.728452885444866196e-04
5.251004437941429520e-04
2.175350965639115538e-04
-2.919724503165307982e-04
2.329719342368108263e-04
-8.701865325005359139e-05
-6.105596444296632714e-04
-1.583973544238636818e-03
-3.207937735381975915e-03
-5.743765497782438167e-03
-9.588061822997852313e-03
-1.517133073044031090e-02
-2.317698589028471812e-02
-3.410082244799203521e-02
-4.902277858692181967e-02
-6.819835495512888146e-02
-9.360969156929334345e-02
-1.278862377160013275e-01
-2.178990811197567823e-01
-4.619950238321807179e-01
-4.696134533888385865e-01
-4.740218038402451706e-01
-4.748790127839598307e-01
-4.736120792174585703e-01
-4.714032805002189019e-01
-4.681799354636529964e-01
-4.622973733832765886e-01
-4.481716903865068935e-01
-4.158507041911450042e-01
-3.582468924649170328e-01
-3.029329390715609915e-01
-1.380498496981468204e-01
-8.561127135301929703e-02
-6.710471556427573259e-02
-5.235300208568081926e-02
-3.956283480837217981e-02
-2.890134528237713746e-02
-2.032668688693334280e-02
-1.373946041228075142e-02
-8.865788162385352875e-03
-5.405859398609201907e-03
-3.039181018520109665e-03
-1.490694256970282166e-03
-5.351341980438658556e-04
1.158062048838872832e-05
4.120984407977775757e-04
-7.613223943737016774e-05
7.460398186257099617e-04
-5.796902798128978967e-04
-1.225688143730222065e-04
-1.489040673615091347e-04
-1.289897490138267727e-04
5.545724586866697305e-04
3.780059883186521612e-05
3.057956019806018499e-04
-2.774478722315175915e-04
2.652805531912689509e-04
-9.509829376876192389e-05
-6.691055324171021846e-04
-1.730033720003838413e-03
-3.493489653177684479e-03
-6.234178990811270644e-03
-1.037309767895227934e-02
-1.634968848591014309e-02
-2.488798640493457281e-02
-3.644974175267936406e-02
-5.216296946717734195e-02
-7.209170825999366983e-02
-9.819709379512936431e-02
-1.327019194014334436e-01
-2.225247727932654906e-01
-4.658989377486819072e-01
-4.698005049554044299e-01
-4.729729124015466524e-01
-4.737967166325224855e-01
-4.730758343509504638e-01
-4.718128246161526484e-01
-4.702047784688806464e-01
-4.676610933752063382e-01
-4.614224030561017709e-01
-4.456636787883055950e-01
-4.123276982126214962e-01
-3.711927450410633655e-01
-1.695436724107474147e-01
-1.036415202863061602e-01
-7.979263917142175033e-02
-6.113601830217851169e-02
-4.563395207022326316e-02
-3.289300303509960083e-02
-2.293480322712711586e-02
-1.536440331977213629e-02
-9.861121942850064118e-03
-5.978500549205873794e-03
-3.347347390269294828e-03
-1.630328689097873714e-03
-5.730261714378983001e-04
4.196635874296646954e-05
5.468352941774154647e-04
2.455725810389654219e-04
-1.570315151672875944e-04
7.162094257256170719e-04
-1.439737381083165311e-04
6.416850374019754171e-04
-4.388316505652088006e-05
8.015628407988180685e-04
-1.003381308480499927e-04
9.235206030533563235e-04
7.794354934567102608e-05
3.045340742241189522e-04
-9.124689817369758041e-05
-6.687901903321829015e-04
-1.730023322394157832e-03
-3.493495840089777798e-03
-6.234180492045929799e-03
-1.037309684736954264e-02
-1.634968473040690137e-02
-2.488798277113107860e-02
-3.644974739634392752e-02
-5.216297315378842087e-02
-7.209170202533506100e-02
-9.819709620128051764e-02
-1.327019252322165221e-01
-2.225247622059461083e-01
-4.658988674413190312e-01
-4.698004814272311314e-01
-4.729729093088648750e-01
-4.737967160989710602e-01
-4.730758343447201142e-01
-4.718128243859302517e-01
-4.702047781387590497e-01
-4.676610931599047283e-01
-4.614224028707732406e-01
-4.456636752299042437e-01
-4.123276674496753613e-01
-3.711926436764140247e-01
-1.695436547032410091e-01
-1.036415222638556871e-01
-7.979264441485781068e-02
-6.113602043053481538e-02
-4.563395282235050560e-02
-3.289299613675968070e-02
-2.293479613562067476e-02
-1.536440286983310408e-02
-9.861124382682863454e-03
-5.978501387175805953e-03
-3.347342204335966229e-03
-1.630295854414706659e-03
-5.725801126057247087e-04
4.663530251570230427e-05
5.881280924272021130e-04
5.601527452838365572e-04
-1.529633867011150777e-04
-6.317080733335731857e-05
-4.541588862492972273e-04
3.002839959399175433e-04
-7.738485737765304602e-04
2.325414170355106187e-05
-5.049470133086634860e-05
3.197971553731662926e-04
-6.458458525390027528e-04
2.043581471490830634e-04
-1.051322709293427176e-04
-6.707624099336743397e-04
-1.730300493022171853e-03
-3.493530167346381443e-03
-6.234183516039981492e-03
-1.037309175510442959e-02
-1.634967743882076441e-02
-2.488798663515763565e-02
-3.644975350842341588e-02
-5.216297354265143904e-02
-7.209170312079271614e-02
-9.819709182173179396e-02
-1.327019195530739493e-01
-2.225247642279115090e-01
-4.658988852984692897e-01
-4.698004826421542379e-01
-4.729729096416642742e-01
-4.737967160267053113e-01
-4.730758345199856940e-01
-4.718128246902401624e-01
-4.702047784756256399e-01
-4.676610927490345571e-01
-4.614224024193084306e-01
-4.456636764537559858e-01
-4.123276775525791527e-01
-3.711926817967930448e-01
-1.695436566811996393e-01
-1.036415133880785738e-01
-7.979264572615607509e-02
-6.113603477558052918e-02
-4.563395468389793569e-02
-3.289299079727391051e-02
-2.293479128112008505e-02
-1.536439428404935519e-02
-9.861128184022377452e-03
-5.978512878028384436e-03
-3.347374466480299449e-03
-1.630605299110816876e-03
-5.749670505071932756e-04
2.963118007006286940e-05
4.657387115603500217e-04
-2.423609399176394105e-04
4.577080965516155009e-05
3.820097455650608011e-04
1.947358133796715297e-04
2.429098293327238073e-04
3.536581326804322549e-04
8.035163730272883078e-04
2.709994321862941430e-04
3.391899708643829683e-04
-2.588662583149423102e-04
3.135586808201614459e-04
-8.879176179501923488e-05
-6.936763504519301207e-04
-1.796526708773037552e-03
-3.619274652283389643e-03
-6.439346472518659922e-03
-1.067214398952937709e-02
-1.674782352727616566e-02
-2.535233281393353688e-02
-3.690382095664379580e-02
-5.239923386494431401e-02
-7.179814647819221518e-02
-9.674055048876990803e-02
-1.292981338085806287e-01
-2.149262792525967192e-01
-4.533226037927900465e-01
-4.623350839436847215e-01
-4.691060793050441657e-01
-4.717338627381214011e-01
-4.720355161735265703e-01
-4.716301414724339280e-01
-4.711610915736456628e-01
-4.704430212888986995e-01
-4.681132956546839585e-01
-4.611594505109051778e-01
-4.450648810066183403e-01
-4.226673022264504365e-01
-1.965199990767430849e-01
-1.189905161133000128e-01
-9.017429149306351033e-02
-6.788076369942108723e-02
-5.004577512348396678e-02
-3.559654867519681382e-02
-2.460229040537634942e-02
-1.633343924076327211e-02
-1.042137072270197043e-02
-6.277600188795071090e-03
-3.494924314148864855e-03
-1.685189359106644726e-03
-5.753760157674320122e-04
7.020401806400835870e-05
5.975779113202852547e-04
1.840610910021257417e-04
-8.545478420974384002e-05
5.966060022337088369e-04
7.744400157631048430e-04
9.674088465700685004e-04
-2.830250556707064971e-04
7.604070857250399672e-04
3.803819659968815008e-04
7.148109153304167359e-05
2.245143303256350758e-05
3.560554881565260849e-04
-8.274348717959137726e-05
-6.928277349000143501e-04
-1.796422170152119600e-03
-3.619267644530640027e-03
-6.439343574335590521e-03
-1.067214280467368263e-02
-1.674782219892708909e-02
-2.535233061385718314e-02
-3.690382869106264424e-02
-5.239923903323263216e-02
-7.179813978553969966e-02
-9.674055183078986153e-02
-1.292981371632303533e-01
-2.149262713043492978e-01
-4.533225812196535753e-01
-4.623350776225009784e-01
-4.691060786152683737e-01
-4.717338623570079270e-01
-4.720355159780656451e-01
-4.716301411888939032e-01
-4.711610914374917414e-01
-4.704430213643961411e-01
-4.681132958236021713e-01
-4.611594497363926126e-01
-4.450648757721002435e-01
-4.226672829741756066e-01
-1.965199926049753520e-01
-1.189905203470147527e-01
-9.017429582068078875e-02
-6.788076368781383041e-02
-5.004577501279334345e-02
-3.559654145028796901e-02
-2.460228501107419863e-02
-1.633344340265554737e-02
-1.042137380668206777e-02
-6.277598389126909199e-03
-3.494934604306170530e-03
-1.685301541984792276e-03
-5.760726882881335833e-04
6.641673868480815486e-05
5.765119160604253610e-04
8.630758217450314358e-05
2.851868686549587713e-04
4.981180395666955996e-04
2.063958333410642371e-04
4.383045158538408548e-04
1.256912253579635320e-04
6.860045341030253027e-04
-4.383663605082946954e-04
5.723471133427965882e-04
2.604512789274170017e-04
3.789082433382385683e-04
-8.102611462930541680e-05
-6.927936155233775260e-04
-1.796448348412164105e-03
-3.619274157911012840e-03
-6.439343130251022791e-03
-1.067213816452954392e-02
-1.674781763852250041e-02
-2.535233867812352118e-02
-3.690383617662536947e-02
-5.239923446076228536e-02
-7.179813403357565571e-02
-9.674054441287033290e-02
-1.292981322007979161e-01
-2.149262748168282167e-01
-4.533225918022538159e-01
-4.623350834616600236e-01
-4.691060798537728949e-01
-4.717338627936002449e-01
-4.720355164703667339e-01
-4.716301416171685412e-01
-4.711610918830382300e-01
-4.704430210089978748e-01
-4.681132951727813296e-01
-4.611594488147363613e-01
-4.450648726691466273e-01
-4.226672836264931399e-01
-1.965199915005526599e-01
-1.189905126529321594e-01
-9.017429616393311809e-02
-6.788077275143988842e-02
-5.004577100050095623e-02
-3.559653366984083522e-02
-2.460228238937571532e-02
-1.633344077628844440e-02
-1.042137762763795800e-02
-6.277605279248710431e-03
-3.494965184102389634e-03
-1.685566959268617769e-03
-5.778606035290880611e-04
5.576149766479498413e-05
5.150231646039010172e-04
-1.982985280458483574e-04
-2.978921938377480038e-04
5.977989098579480692e-04
-1.185626564776530076e-04
1.082219902735612107e-04
3.272625336303300130e-04
-7.169790078709438539e-05
4.030925322984189071e-04
1.010732259858982069e-03
3.340025344705187509e-04
3.954887832294201144e-04
-7.592469072318859308e-05
-6.892618148023224416e-04
-1.787526579601268458e-03
-3.592337150027703502e-03
-6.373730925574407243e-03
-1.051519734867344472e-02
-1.642210087613976688e-02
-2.467590604916135300e-02
-3.564570577417532082e-02
-5.005440592904418506e-02
-6.784225033194787868e-02
-9.008065968336881335e-02
-1.188546491304201119e-01
-1.963248633992892567e-01
-4.226076935426133496e-01
-4.451297751992166485e-01
-4.612893455540099108e-01
-4.682197287568198307e-01
-4.705161074332361304e-01
-4.711826208255074366e-01
-4.716051285940593418e-01
-4.719620598340855677e-01
-4.716291308586830211e-01
-4.689758093433915587e-01
-4.622305433240490036e-01
-4.532861393503737624e-01
-2.151476262361992908e-01
-1.294577386775717376e-01
-9.683800268939478373e-02
-7.182732581503038782e-02
-5.236711823810223654e-02
-3.682649896989481642e-02
-2.524542827450758711e-02
-1.662557616937316782e-02
-1.054366426122963635e-02
-6.309708547536248789e-03
-3.488845837592607652e-03
-1.661762568084515848e-03
-5.453102282452474856e-04
1.063543930058880515e-04
6.481216135166976066e-04
2.458996149206041804e-04
-4.594215547513611181e-04
8.140774308865708544e-04
4.726471094351215310e-04
1.058206317455493464e-04
1.636952719014980317e-04
3.438630614534445712e-04
-3.046728836906111644e-04
6.002749005541975448e-04
1.169004208057144068e-04
3.783956599845038544e-04
-7.639818011917693438e-05
-6.890659566371984835e-04
-1.787479320780090662e-03
-3.592333224921514644e-03
-6.373725066231886519e-03
-1.051519630893106398e-02
-1.642210233421077456e-02
-2.467590501909250680e-02
-3.564571362664895743e-02
-5.005441007010616450e-02
-6.784224292285274960e-02
-9.008066221330007783e-02
-1.188546540029491172e-01
-1.963248609651957743e-01
-4.226077090518758350e-01
-4.451297844035441154e-01
-4.612893476608312393e-01
-4.682197284771891233e-01
-4.705161068774086353e-01
-4.711826202694319732e-01
-4.716051282893954366e-01
-4.719620596682212454e-01
-4.716291306587054866e-01
-4.689758087865615321e-01
-4.622305458544236356e-01
-4.532861572231179914e-01
-2.151476272535242928e-01
-1.294577449443750361e-01
-9.683800913885580453e-02
-7.182732969962273006e-02
-5.236712184216964217e-02
-3.682649101760870902e-02
-2.524541956146468882e-02
-1.662557880446678335e-02
-1.054366514019545488e-02
-6.309706208094368121e-03
-3.488879611365642858e-03
-1.662054782563736951e-03
-5.473123367213121766e-04
9.370032188041751639e-05
5.684920999276652951e-04
-1.939953130683229766e-04
-1.602774085887420067e-04
-2.384122422771765859e-04
-5.625089065641870846e-04
7.630281586045814133e-04
4.479023404936000123e-05
7.982437474593939881e-05
4.498197791492879053e-04
1.647862492286666258e-05
3.330874489646001749e-04
4.099238567599234489e-04
-7.209007057046686517e-05
-6.884989654847204453e-04
-1.787417055010330188e-03
-3.592328384538985824e-03
-6.373721285007037662e-03
-1.051518938449070260e-02
-1.642209553075141271e-02
-2.467591074783794317e-02
-3.564572193603975786e-02
-5.005440963753596262e-02
-6.784224132569592614e-02
-9.008065647251688179e-02
-1.188546485382171447e-01
-1.963248624239103401e-01
-4.226077015780119739e-01
-4.451297808889696506e-01
-4.612893464736679272e-01
-4.682197285515893870e-01
-4.705161074286258183e-01
-4.711826207178368420e-01
-4.716051285420555517e-01
-4.719620590730136955e-01
-4.716291300068604642e-01
-4.689758081503762055e-01
-4.622305413838712629e-01
-4.532861404167024544e-01
-2.151476216997877944e-01
-1.294577380222216301e-01
-9.683801137367557821e-02
-7.182733833468091245e-02
-5.236711690347137238e-02
-3.682648329971333762e-02
-2.524541868846741366e-02
-1.662557958381026546e-02
-1.054366666827193447e-02
-6.309707517645871816e-03
-3.488895980924014428e-03
-1.662181910587377841e-03
-5.480551728971569695e-04
9.008295740177066488e-05
5.516231422078040183e-04
-2.442295607219515589e-04
6.188697476902931156e-04
-1.708954793633295850e-04
-1.016600329585140637e-04
1.305311136633246572e-04
-1.961172767507821145e-04
2.160662125222796490e-05
3.456430622587259227e-04
-4.522337270804384097e-04
-3.337343577113738953e-04
2.603361193971719004e-04
-9.160535175621496381e-05
-6.585319561352125225e-04
-1.701209977558988153e-03
-3.412437588627120072e-03
-6.042430461085890499e-03
-9.922994176581581907e-03
-1.542355369235183515e-02
-2.298203477718909621e-02
-3.292351770336832129e-02
-4.563316571359863488e-02
-6.110439040714298053e-02
-7.972103911999432746e-02
-1.035425239555027438e-01
-1.693755877165200874e-01
-3.709983828138093132e-01
-4.122989315822701561e-01
-4.457791705335883981e-01
-4.615399425086813556e-01
-4.677428619355179507e-01
-4.702245453650588103e-01
-4.717823040549184999e-01
-4.730069952774566544e-01
-4.737168912289480560e-01
-4.728960844244032846e-01
-4.697697723368889910e-01
-4.659345978480709527e-01
-2.228025834421473172e-01
-1.328747715279507413e-01
-9.827634025095720316e-02
-7.208802880838766081e-02
-5.208803588596092743e-02
-3.632934105952656534e-02
-2.473725596537362792e-02
-1.618649415263360980e-02
-1.020523405829551998e-02
-6.068169145604462508e-03
-3.328571310139259980e-03
-1.561768097266711232e-03
-4.832991551091369827e-04
1.582193215139547529e-04
7.405027870525715322e-04
5.452315824701329692e-04
8.601007400415470669e-04
3.203271200758808497e-04
4.476519290413146098e-04
2.734377628124100442e-04
2.371770081997113459e-04
2.835956880531754543e-04
6.344717775828700047e-04
6.595438868550455207e-04
-5.530515825069753954e-05
3.056420516333072340e-04
-8.456986202653204760e-05
-6.574476425857762787e-04
-1.701063361671002663e-03
-3.412423042765825535e-03
-6.042422027729544773e-03
-9.922994681206298920e-03
-1.542355900475763514e-02
-2.298203522872456148e-02
-3.292352346601715163e-02
-4.563316510584446845e-02
-6.110437964179753212e-02
-7.972104145350994431e-02
-1.035425301692125960e-01
-1.693755884685363144e-01
-3.709984009500769120e-01
-4.122989340656655899e-01
-4.457791712111516813e-01
-4.615399419500424427e-01
-4.677428613447776606e-01
-4.702245448602156430e-01
-4.717823036915226309e-01
-4.730069950123273470e-01
-4.737168910796362709e-01
-4.728960861553231365e-01
-4.697697928028751191e-01
-4.659346671883627944e-01
-2.228025941257398834e-01
-1.328747809857567241e-01
-9.827634532570617143e-02
-7.208802731352201287e-02
-5.208803551577957658e-02
-3.632933359276568214e-02
-2.473725030897358859e-02
-1.618649972490877192e-02
-1.020523563499674442e-02
-6.068166965966527958e-03
-3.328607153675227845e-03
-1.562063069329989486e-03
-4.854056212270042511e-04
1.439284185416748508e-04
6.414162819693294089e-04
-9.027672116327032357e-05
-2.392668792387490505e-04
6.945006085433682794e-04
2.905292980731140795e-04
7.156316466153696395e-04
2.825817259570324543e-05
8.948132259640767137e-04
2.582235329600147074e-05
4.784601022473426962e-04
-1.881002690914199550e-04
2.941185819958258866e-04
-8.507094446777796275e-05
-6.573721115150577476e-04
-1.701044836974729621e-03
-3.412421502451465968e-03
-6.042416871988811992e-03
-9.922989105147448155e-03
-1.542355661876013834e-02
-2.298204329993137895e-02
-3.292353147400674945e-02
-4.563316191402838617e-02
-6.110437361371149484e-02
-7.972103353992103514e-02
-1.035425258777269569e-01
-1.693755905500799186e-01
-3.709983821084232858e-01
-4.122989296909408963e-01
-4.457791683709127484e-01
-4.615399421789368462e-01
-4.677428626003585221e-01
-4.702245456865601914e-01
-4.717823039762318316e-01
-4.730069946299999550e-01
-4.737168904064633645e-01
-4.728960801235270184e-01
-4.697697531621966016e-01
-4.659345569447539415e-01
-2.228025725420422765e-01
-1.328747683250482703e-01
-9.827634402195864483e-02
-7.208803303347548208e-02
-5.208803097517958336e-02
-3.632932889566155288e-02
-2.473725294918986684e-02
-1.618650366402387200e-02
-1.020523520395511495e-02
-6.068164920507403831e-03
-3.328620238948891939e-03
-1.562139753091373699e-03
-4.856947346480377180e-04
1.438299319987399242e-04
6.526151929757294159e-04
4.865713613818344784e-05
-4.561768985994477587e-04
-3.750049157878508426e-04
6.880692965355616781e-05
4.289714693017391764e-04
5.518692827526293322e-04
5.398599423998950552e-04
9.230471938922747135e-05
2.329467484295856560e-04
-4.351597985207778874e-04
2.311313387218838001e-04
-7.087222889682073628e-05
-5.840107621975692068e-04
-1.527570914951233497e-03
-3.070453573435831269e-03
-5.436112293692610918e-03
-8.894500880345816707e-03
-1.376818694461676672e-02
-2.034800943012499141e-02
-2.891519047283823418e-02
-3.955758033923981176e-02
-5.233459121893831167e-02
-6.706415854985077474e-02
-8.555810062305715946e-02
-1.379323559991220138e-01
-3.026390266610631818e-01
-3.580137538404389863e-01
-4.158167269492720197e-01
-4.482231728462522380e-01
-4.623578081555592689e-01
-4.681837340106599354e-01
-4.713531052805893240e-01
-4.735247691625130706e-01
-4.748076526054825219e-01
-4.740014590263649241e-01
-4.696972347156242455e-01
-4.622058749596052452e-01
-2.182683108229376834e-01
-1.280578840224174675e-01
-9.364202851074790446e-02
-6.813252419391220560e-02
-4.887963360154475717e-02
-3.391736618803407183e-02
-2.296748219296246285e-02
-1.495659800303226865e-02
-9.373837851496659088e-03
-5.537222408605919563e-03
-3.006844855093421254e-03
-1.383046100253377403e-03
-3.927103163435363806e-04
2.041941773457258498e-04
7.467737831190837412e-04
3.078984075038219449e-04
5.239218252748368589e-04
4.914406894077573331e-04
4.477970325444274890e-04
1.009365859932718922e-05
-9.452633289981357339e-05
-3.895737709245802145e-05
-3.396394863644916278e-04
-3.477295096471405745e-05
-1.701452814589902068e-05
2.921986203191087659e-04
-6.247834524668594285e-05
-5.828754513997377439e-04
-1.527433860130769476e-03
-3.070439776078138713e-03
-5.436102391609664783e-03
-8.894501430848010884e-03
-1.376819223155398807e-02
-2.034800788071636224e-02
-2.891519339137579858e-02
-3.955757878674985573e-02
-5.233458397681987895e-02
-6.706416543681588405e-02
-8.555810796107841953e-02
-1.379323590102440600e-01
-3.026390901892106466e-01
-3.580137753563574221e-01
-4.158167288213479029e-01
-4.482231723233617293e-01
-4.623578079659607654e-01
-4.681837341715930356e-01
-4.713531052568090129e-01
-4.735247688279574096e-01
-4.748076523027158213e-01
-4.740014608299204513e-01
-4.696972518637330674e-01
-4.622059469340610294e-01
-2.182683218141693859e-01
-1.280578935473875857e-01
-9.364203332072545960e-02
-6.813252403087535769e-02
-4.887963785081660822e-02
-3.391736415968995416e-02
-2.296747757392968853e-02
-1.495660123906556935e-02
-9.373838145143283465e-03
-5.537218909627186943e-03
-3.006852649069125232e-03
-1.383070046241384769e-03
-3.927112712425291576e-04
2.053867983146288683e-04
7.643902341533105561e-04
4.858442029434292928e-04
-2.497974111233476125e-04
1.129675254316077869e-04
-3.339745788040834494e-04
3.756953559789955759e-04
5.318545057729725557e-04
8.332101690183256210e-04
5.286090583625645441e-04
4.297913623942719859e-04
1.114008022063522468e-04
3.125505873963210172e-04
-5.928787415757197474e-05
-5.823670463266828086e-04
-1.527368944288171829e-03
-3.070435876423409805e-03
-5.436097404134532241e-03
-8.894497160674360442e-03
-1.376819050258385607e-02
-2.034801232028380508e-02
-2.891519919449499557e-02
-3.955757815217687129e-02
-5.233458058192495821e-02
-6.706415831841963660e-02
-8.555810270858654754e-02
-1.379323571989086172e-01
-3.026390371148029446e-01
-3.580137540571268762e-01
-4.158167235257874683e-01
-4.482231733751935732e-01
-4.623578100340660635e-01
-4.681837352494523929e-01
-4.713531053307100094e-01
-4.735247683979699196e-01
-4.748076512307649599e-01
-4.740014518657726383e-01
-4.696971997474795324e-01
-4.622057744697947168e-01
-2.182682936759931802e-01
-1.280578857050929664e-01
-9.364203607336298030e-02
-6.813252614759560122e-02
-4.887962822558151316e-02
-3.391735672702779480e-02
-2.296747965087750712e-02
-1.495660706400565691e-02
-9.373837617990063084e-03
-5.537216167876609502e-03
-3.006881006735824882e-03
-1.383282772630196368e-03
-3.940464953361415171e-04
1.974557573986803936e-04
7.154780279149110201e-04
2.113968727298471100e-04
4.188305942958136510e-04
1.276781553641077481e-04
3.975663674707164753e-04
-3.983789751981129767e-05
3.648747891714907462e-04
4.209565001843729236e-04
-4.935839754528678738e-05
-4.178745833852231227e-06
4.324480334957947242e-04
3.924341137507198255e-04
3.179201240804027216e-06
-4.573607263497068065e-04
-1.259489268355374302e-03
-2.560838739265768136e-03
-4.551684633649267890e-03
-7.438309853488644062e-03
-1.148569089570607854e-02
-1.686343306949124668e-02
-2.380241384565793747e-02
-3.220349354203876774e-02
-4.215719080205188041e-02
-5.318295483946076929e-02
-6.662375118038239841e-02
-1.054550471291874347e-01
-2.273166904939212807e-01
-2.804584479522926332e-01
-3.583767202369328442e-01
-4.184992420376851263e-01
-4.497850025867972668e-01
-4.634385412789616132e-01
-4.701234360219196939e-01
-4.736460389630224865e-01
-4.748787633925070084e-01
-4.719463128052741596e-01
-4.605567201241848596e-01
-4.392130537006874169e-01
-1.997549687984417344e-01
-1.143790318932008526e-01
-8.255693669840076521e-02
-5.970004072507410775e-02
-4.255466615591918522e-02
-2.944105694214063304e-02
-1.983580191148631017e-02
-1.286615734201893881e-02
-8.009347776005669439e-03
-4.693040278278700315e-03
-2.511442050562950109e-03
-1.119350197997310680e-03
-2.716584940086748216e-04
2.499438052431099595e-04
7.700503173939693847e-04
5.395008766713210897e-04
1.907416727509269293e-04
1.951142790952255571e-04
3.260140036905955310e-04
1.810096848900290907e-04
4.561244967046835402e-04
2.009065528833700717e-04
2.309254405293393144e-04
2.907810146830909449e-04
3.399850749217104423e-04
3.680197667807096474e-04
-1.208045857430657094e-06
-4.580486248679142640e-04
-1.259590590198273385e-03
-2.560848622589098015e-03
-4.551674388931864490e-03
-7.438310007783862157e-03
-1.148569816456424669e-02
-1.686343436215290148e-02
-2.380241680455424599e-02
-3.220348958938805406e-02
-4.215718279601916862e-02
-5.318296241432783622e-02
-6.662375969453647462e-02
-1.054550545479007173e-01
-2.273168078829632954e-01
-2.804584723328776841e-01
-3.583767204729563227e-01
-4.184992392958266083e-01
-4.497850018470571087e-01
-4.634385424382262975e-01
-4.701234368713397282e-01
-4.736460386834919767e-01
-4.748787626990775834e-01
-4.719463151570031934e-01
-4.605567424742566529e-01
-4.392131024448551746e-01
-1.997549745917402697e-01
-1.143790372248138648e-01
-8.255693823615346816e-02
-5.970003867435795530e-02
-4.255466933938249763e-02
-2.944105583495162243e-02
-1.983579688324002208e-02
-1.286615933720822863e-02
-8.009349628210954419e-03
-4.693037883301832448e-03
-2.511431330484575203e-03
-1.119221972070341209e-03
-2.707378182202432480e-04
2.560573193179016202e-04
8.136324174872960413e-04
8.421851087499263424e-04
1.556747559509468062e-05
-2.514494716274812613e-04
-9.737538571877741569e-05
8.745157152385111838e-04
1.453772222028218712e-04
7.222310501775420707e-04
2.013155544971743656e-04
4.914516412245522508e-04
4.978691379233279911e-04
3.948431646357340014e-04
2.999773288819011128e-06
-4.573861904792051098e-04
-1.259505992192226989e-03
-2.560843894196859066e-03
-4.551668755623329565e-03
-7.438305906139671200e-03
-1.148569759779270380e-02
-1.686343754516245533e-02
-2.380242132951678261e-02
-3.220348930013439831e-02
-4.215717977821287210e-02
-5.318295849416673077e-02
-6.662376209850730258e-02
-1.054550724410107526e-01
-2.273168903580814471e-01
-2.804584853605529005e-01
-3.583767177821530758e-01
-4.184992420109550082e-01
-4.497850040055035303e-01
-4.634385424690375954e-01
-4.701234359546322961e-01
-4.736460383677857933e-01
-4.748787622763948058e-01
-4.719463074150563320e-01
-4.605566948773215374e-01
-4.392129067586305058e-01
-1.997549364010727524e-01
-1.143790241231928545e-01
-8.255693840884652246e-02
-5.970003936933022254e-02
-4.255466328459651254e-02
-2.944105283703303197e-02
-1.983580064973276130e-02
-1.286616661871827286e-02
-8.009347872279080557e-03
-4.693032350219962165e-03
-2.511474175476897421e-03
-1.119555206236841349e-03
-2.727986040604169610e-04
2.439312539615429230e-04
7.390012527546734001e-04
4.007971825798986197e-04
1.369549491135661724e-04
1.116153957309934874e-04
-2.846024546995206675e-04
1.892582386933458098e-07
1.925939123517922771e-04
-1.675735692544171940e-04
3.348034856831103739e-04
1.131738586394191639e-04
8.685235974878134082e-04
4.202856783265675558e-04
7.281156783638199144e-05
-2.872973633711997719e-04
-8.985488098452064018e-04
-1.887898289111289213e-03
-3.399913427953275748e-03
-5.578554355276791818e-03
-8.621632670588996392e-03
-1.261389007130249082e-02
-1.772920131729745566e-02
-2.379829262619749530e-02
-3.091265199212587383e-02
-3.855004051841137702e-02
-4.758739012878997893e-02
-7.415492682848351391e-02
-1.565635605811656339e-01
-1.949640663883090985e-01
-2.694772610119515188e-01
-3.558679269721468641e-01
-4.191205679857654687e-01
-4.504996238686803101e-01
-4.648110457831417519e-01
-4.713378325457684426e-01
-4.718181417161547708e-01
-4.623751092733012213e-01
-4.342757104229974519e-01
-3.875031934957437474e-01
-1.661794334966554820e-01
-9.216592058454570191e-02
-6.533878523215502776e-02
-4.695345068304469793e-02
-3.319232209980151754e-02
-2.290112961343782408e-02
-1.533081228654091348e-02
-9.895013927838007192e-03
-6.099675261379812474e-03
-3.526907344092471228e-03
-1.837625051759294833e-03
-7.672874220959940766e-04
-1.202194831415146517e-04
2.768549037350495124e-04
6.756533992992308502e-04
4.879344882758114739e-04
-6.830409814412309307e-05
5.643581376663808378e-04
-1.455878802343284065e-04
4.503715262788107070e-04
-2.823900642173083220e-04
-2.673358990654875258e-06
2.694930096964908328e-04
-1.603968314509100345e-04
-2.655160304418156098e-04
2.780764183402386833e-04
5.558325562255247597e-05
-2.893716122660226222e-04
-8.987917605826270659e-04
-1.887919978589938088e-03
-3.399904504847941697e-03
-5.578554754684558227e-03
-8.621639284656564331e-03
-1.261388961476084432e-02
-1.772920028249682506e-02
-2.379828662758225188e-02
-3.091264719885809809e-02
-3.855005153891762071e-02
-4.758740056148793446e-02
-7.415493362203388894e-02
-1.565636719652022946e-01
-1.949640854991045447e-01
-2.694772634306900616e-01
-3.558679224081229830e-01
-4.191205653671472575e-01
-4.504996257535717752e-01
-4.648110479112864124e-01
-4.713378326706099131e-01
-4.718181405038134879e-01
-4.623751072353949887e-01
-4.342756865524737830e-01
-3.875030301477625505e-01
-1.661794115920168513e-01
-9.216591907371220194e-02
-6.533878502698706181e-02
-4.695345010915652484e-02
-3.319232726916149928e-02
-2.290113071369486580e-02
-1.533080681920785844e-02
-9.895014270289288066e-03
-6.099677730776278430e-03
-3.526904825110147718e-03
-1.837601730097088160e-03
-7.670897891119549117e-04
-1.192468889200572218e-04
2.792755709672940052e-04
6.603080006151562219e-04
1.433120670731710049e-04
-1.106662348330166127e-04
4.792629448080911315e-04
4.408369249728714143e-04
1.823680086061316759e-04
5.841261913661050615e-04
4.284638869010559811e-04
1.658161246895959958e-04
-2.699874730535292526e-04
-2.294793512689585443e-04
2.852837822915325504e-04
5.727564446260858031e-05
-2.889893348278252090e-04
-8.987294605154285462e-04
-1.887915784973442142e-03
-3.399898501406224856e-03
-5.578551155324166025e-03
-8.621638708584667549e-03
-1.261389027293990418e-02
-1.772920411213932054e-02
-2.379828930977844273e-02
-3.091264660951947157e-02
-3.855004929051594753e-02
-4.758740685435890183e-02
-7.415496632899991336e-02
-1.565638272141054443e-01
-1.949640959932821549e-01
-2.694772557844589134e-01
-3.558679292167058472e-01
-4.191205708315806078e-01
-4.504996266929361393e-01
-4.648110460290052481e-01
-4.713378317467187273e-01
-4.718181397837857838e-01
-4.623750978325811278e-01
-4.342756284171167547e-01
-3.875027127509454994e-01
-1.661793613392509583e-01
-9.216590945063345142e-02
-6.533878921836584752e-02
-4.695344819648977069e-02
-3.319231960477991156e-02
-2.290112763778967900e-02
-1.533081025163489722e-02
-9.895022954805116761e-03
-6.099674539833881831e-03
-3.526895861539009348e-03
-1.837659209075866379e-03
-7.675228120745827918e-04
-1.216311795568011104e-04
2.684727269275024729e-04
6.262526814202327334e-04
2.176380321836590909e-04
-1.218904390956794029e-05
-1.455006390181336853e-05
-2.170567089351226053e-04
1.322891482606606455e-04
1.223477616241845193e-06
1.442776098824109321e-04
-2.312415192382489385e-05
6.865333347185122604e-04
-6.070483169538009932e-04
2.539423402003643552e-04
1.464398210291853919e-04
-7.447418796769068015e-05
-4.558526761220214061e-04
-1.075338760601834021e-03
-2.022262042864877377e-03
-3.382635461505680181e-03
-5.278938046422832105e-03
-7.747892472942600160e-03
-1.089713970096744915e-02
-1.458536316136451426e-02
-1.887298135189083292e-02
-2.337197773751431562e-02
-2.854805666847614817e-02
-4.400858103075632605e-02
-9.199764195204128414e-02
-1.138858480589712285e-01
-1.629953729393328887e-01
-2.414498348334566669e-01
-3.345697471651742361e-01
-4.060434049331369533e-01
-4.446557689479207487e-01
-4.602701194899723736e-01
-4.577661421914851481e-01
-4.288625064078947502e-01
-3.622079756845167364e-01
-2.848197732855892728e-01
-1.145103957822873192e-01
-6.128100555272090327e-02
-4.238407653660538482e-02
-3.016911127968570361e-02
-2.106662747448145856e-02
-1.444857618328040071e-02
-9.568686043692823523e-03
-6.107909254388648075e-03
-3.690372903571163560e-03
-2.064482885914721653e-03
-1.000385871945799537e-03
-3.318418149968168154e-04
6.713416085360850703e-05
3.110532047725986628e-04
5.326857656441580727e-04
-4.400291351818910290e-05
5.472325781892382082e-05
-6.560047751976768725e-05
2.948185432063966070e-04
-6.145875152504571984e-05
1.958924274071333408e-04
8.224129773325477221e-05
-1.744688048910193376e-04
3.265707321963133851e-04
4.690745641701854918e-04
3.849290378476273220e-04
1.619302784781932129e-04
-7.265693873395636239e-05
-4.556484783676785976e-04
-1.075314495820541049e-03
-2.022250332052634263e-03
-3.382636226815215110e-03
-5.278946090220890293e-03
-7.747894226321432910e-03
-1.089713831648750700e-02
-1.458535670257321733e-02
-1.887297774912015044e-02
-2.337198774179398766e-02
-2.854806824291576672e-02
-4.400859711806048846e-02
-9.199776002132219188e-02
-1.138858508256529595e-01
-1.629953733543827166e-01
-2.414498318737609006e-01
-3.345697452184755449e-01
-4.060434102156206815e-01
-4.446557727746330291e-01
-4.602701179387781449e-01
-4.577661385322749354e-01
-4.288625043703963580e-01
-3.622079508522367264e-01
-2.848195909602501685e-01
-1.145103687418463911e-01
-6.128099879170338660e-02
-4.238407347304418149e-02
-3.016911258085086187e-02
-2.106663486326826318e-02
-1.444857942558078374e-02
-9.568681742692907929e-03
-6.107909765729386056e-03
-3.690375800686922659e-03
-2.064477829000337019e-03
-1.000324824350662953e-03
-3.312752172236041372e-04
7.118670593437626849e-05
3.381498471679441850e-04
7.209308173876299635e-04
1.184548863997089262e-03
5.008619894358708148e-04
4.642202123084985242e-04
5.217461224000225330e-04
1.114202212190185814e-04
8.658106025351517971e-05
2.844813594298751885e-04
-1.778684864745833528e-04
5.694776141853898120e-04
2.572519407468982491e-04
3.736214461929906832e-04
1.630715047365204127e-04
-7.210181403233967019e-05
-4.555337724506998572e-04
-1.075301732119112157e-03
-2.022244794746732698e-03
-3.382635012679725914e-03
-5.278946987521659570e-03
-7.747893448463092671e-03
-1.089714078203746044e-02
-1.458535911667372363e-02
-1.887297493173174454e-02
-2.337198250367034796e-02
-2.854806719069270110e-02
-4.400859689700975519e-02
-9.199767976465338115e-02
-1.138858357608665967e-01
-1.629953662291501182e-01
-2.414498438041840500e-01
-3.345697542246977574e-01
-4.060434113685928437e-01
-4.446557686245753982e-01
-4.602701166383684761e-01
-4.577661378096228306e-01
-4.288624973766188564e-01
-3.622079491762461023e-01
-2.848197628754277066e-01
-1.145103697446619995e-01
-6.128099827775804198e-02
-4.238407770615515435e-02
-3.016910607297023164e-02
-2.106662709852175422e-02
-1.444857849531428276e-02
-9.568687197831843988e-03
-6.107921290238798803e-03
-3.690371167278817983e-03
-2.064466277791149502e-03
-1.000413907824579526e-03
-3.320497618858539988e-04
6.576493684953382520e-05
3.017471345327453459e-04
4.674690956460005931e-04
-4.691933381991802684e-04
3.519898600180352828e-04
2.574357253741509538e-05
3.940509130333203999e-04
2.585767809831785986e-05
-3.475129284096790667e-04
4.437383609392770009e-04
5.926429082212395839e-05
7.681708515740960554e-04
1.782101498263659301e-04
4.136205258560564130e-04
2.853884366929458822e-04
1.767416167047416433e-04
4.414626569376515309e-05
-1.674372574611104447e-04
-4.911562844924814101e-04
-9.593291987716763948e-04
-1.614317368531283927e-03
-2.469946096829752757e-03
-3.563230884155116872e-03
-4.842350330569273817e-03
-6.327822857119485070e-03
-7.872643462069797704e-03
-9.624021283078373207e-03
-1.483791822315463395e-02
-3.139286902287119485e-02
-3.879932042409386245e-02
-5.646664903332434399e-02
-9.005157215090274503e-02
-1.484249431615154990e-01
-2.340118380051723068e-01
-3.281855066298990375e-01
-3.887321665260626835e-01
-3.730729808284099502e-01
-2.824148507419927956e-01
-1.815330208799544320e-01
-1.188381273036194091e-01
-4.393002993337011969e-02
-2.211109129347122934e-02
-1.456172499217251760e-02
-1.006546902734283509e-02
-6.816743098860328885e-03
-4.537863436993814885e-03
-2.876161467219829574e-03
-1.718247862603252069e-03
-9.179757191290652350e-04
-3.874701189488879592e-04
-4.563362251291112111e-05
1.649389845156213968e-04
2.866137353275981974e-04
3.764531197532611901e-04
4.946013955649290143e-04
3.203647986161156999e-05
4.479645208691570733e-04
3.134076481823537953e-04
5.411277189889474514e-04
5.687255706048336334e-04
3.457744492127447743e-04
1.214224908565443388e-04
1.820050874329805704e-05
4.878434644203832925e-04
2.335881072672429265e-04
4.341578375986074540e-04
2.895820171244711458e-04
1.774540048352208049e-04
4.424938307840423296e-05
-1.674217589429515701e-04
-4.911468366073018033e-04
-9.593303319768030270e-04
-1.614324689833695906e-03
-2.469946619926881304e-03
-3.563226519077815086e-03
-4.842343268430321195e-03
-6.327822198007471838e-03
-7.872653946596988583e-03
-9.624030764374799998e-03
-1.483792675577384410e-02
-3.139289617237403518e-02
-3.879931849792742776e-02
-5.646664952101800028e-02
-9.005157073632678866e-02
-1.484249385217116246e-01
-2.340118443713942731e-01
-3.281855138375519565e-01
-3.887321680081239905e-01
-3.730729847452434189e-01
-2.824148508418967141e-01
-1.815329980279296318e-01
-1.188382667860632264e-01
-4.393005075001418791e-02
-2.211109288631725803e-02
-1.456172143588166726e-02
-1.006547117332713161e-02
-6.816750482469663940e-03
-4.537866651625683742e-03
-2.876157674320219300e-03
-1.718248148433826122e-03
-9.179776642559785062e-04
-3.874645131349674755e-04
-4.557905225113772086e-05
1.654260194207005737e-04
2.898015709896409981e-04
3.950410704766149964e-04
6.014990519106629650e-04
5.499805469872111026e-04
1.430155827172698078e-04
8.304340320901332830e-06
1.810793218324462168e-05
6.529010667398996333e-04
3.792125888494564737e-04
7.789761888988004819e-04
2.176774671924464554e-04
8.702997985683098370e-04
9.664016288583298633e-04
5.500433916440942766e-04
3.072539768264673232e-04
1.801349124901734892e-04
4.463094069290650281e-05
-1.673774827798682409e-04
-4.911383802981043271e-04
-9.593288987695123334e-04
-1.614323837593829988e-03
-2.469942671387204657e-03
-3.563228938749962629e-03
-4.842349180895557346e-03
-6.327821764740052500e-03
-7.872649140535493625e-03
-9.624025650870291285e-03
-1.483791281301178114e-02
-3.139286947127475219e-02
-3.879930670806956694e-02
-5.646664631068521595e-02
-9.005158469201474114e-02
-1.484249509119408283e-01
-2.340118485544774307e-01
-3.281855069980840756e-01
-3.887321661562329611e-01
-3.730729829206643200e-01
-2.824148510465431805e-01
-1.815330275562017370e-01
-1.188384993202366430e-01
-4.393006717374321746e-02
-2.211110383588070494e-02
-1.456173089282717173e-02
-1.006546473368933811e-02
-6.816743436344754707e-03
-4.537866185874405052e-03
-2.876162766268259598e-03
-1.718259332023290998e-03
-9.179702273088629705e-04
-3.874484766778340671e-04
-4.564032421565291774e-05
1.649261625042000102e-04
2.867434141389948554e-04
3.780406929266245052e-04
5.091661536044504721e-04
1.424754758890897795e-04
1.330189405070927985e-04
6.023053638070649052e-04
5.962391031345680870e-04
1.077607437120614700e-04
1.598708964593502195e-04
3.386343298834655798e-04
7.675055390668210527e-04
5.643334272492945159e-04
4.022094518032967581e-04
5.139191095058781578e-04
4.217112390014199613e-04
4.372741060525001436e-04
5.637723069201235754e-04
7.747562006555600185e-04
1.095959228838338986e-03
1.547558672574402081e-03
2.169499909407012882e-03
2.960987878397738655e-03
3.958716714972411281e-03
5.099362342047992873e-03
6.409204021019406644e-03
7.743984344226974813e-03
9.262329620003839636e-03
1.412031237082419545e-02
2.987007703991911498e-02
3.716654941322403843e-02
5.504664890768555530e-02
8.947757593194129166e-02
1.492682463485643651e-01
2.359249838339705918e-01
3.301422824151901136e-01
3.908082190807171119e-01
3.764339160097674997e-01
2.860621014448229693e-01
1.828628073518933361e-01
1.192434723566958427e-01
4.484648487576724241e-02
2.342142318753497737e-02
1.609677728060055976e-02
1.165736716679408036e-02
8.338396197707917401e-03
5.959201027069004064e-03
4.170619111185308765e-03
2.895999995821064293e-03
1.985870628273380626e-03
1.365757436532619509e-03
9.498711746607730677e-04
6.832618848248362331e-04
5.204985139868390821e-04
4.630039397714796282e-04
5.035930182839667762e-04
7.483344042693514965e-05
3.606696335664337581e-05
9.903160242077395283e-04
7.926707368655609579e-05
1.173489700513808635e-03
4.663573111709593141e-04
3.654137289893675481e-04
4.575930486127476244e-04
1.561980866921255354e-04
8.732827528251996588e-05
4.763336473794270920e-04
4.173468150816674960e-04
4.367720966459463848e-04
5.637115359340040413e-04
7.747522780228506979e-04
1.095966303951263982e-03
1.547558309516105981e-03
2.169493236200153389e-03
2.960986283189715688e-03
3.958720790563419190e-03
5.099368554718630361e-03
6.409202843645550249e-03
7.743976144495560987e-03
9.262327698183430227e-03
1.412031848374383641e-02
2.987008481986309569e-02
3.716654569509052902e-02
5.504664192608086509e-02
8.947757419800583811e-02
1.492682563532786721e-01
2.359249896940898983e-01
3.301422841249451734e-01
3.908082094838930542e-01
3.764339024117898669e-01
2.860621137887942589e-01
1.828628148167690537e-01
1.192436321915208430e-01
4.484645862625154938e-02
2.342141563145031316e-02
1.609677973507326471e-02
1.165736347596534744e-02
8.338388781416697371e-03
5.959197781443839603e-03
4.170622291072605820e-03
2.896001002425270098e-03
1.985870828002424694e-03
1.365762756860435618e-03
9.499078951546199683e-04
6.835811569063649082e-04
5.223713022673529558e-04
4.719813026856246180e-04
5.392838904276024128e-04
1.248287393549889397e-04
4.221032198214759706e-04
1.518080145736960037e-04
2.709259191308312177e-04
1.433463534223498501e-04
3.732085061762654347e-04
6.288081847136028262e-04
-1.699346983402730358e-04
7.961198808219450843e-04
8.553194986696900691e-04
5.901510883376265152e-04
4.340416055876474932e-04
4.392453520149308221e-04
5.640637497935126069e-04
7.747945644110676693e-04
1.095973908985462724e-03
1.547558845081276535e-03
2.169494111690821198e-03
2.960991348216905454e-03
3.958718463283805375e-03
5.099361742217038002e-03
6.409203768678329791e-03
7.743980075662968213e-03
9.262325709089394912e-03
1.412031650927804763e-02
2.987016262605804440e-02
3.716656844307845986e-02
5.504664756192210323e-02
8.947756183566557553e-02
1.492682477758715820e-01
2.359249872792912872e-01
3.301422895224253584e-01
3.908082217563395022e-01
3.764339014030898545e-01
2.860620937065403990e-01
1.828628078907726662e-01
1.192435587379513107e-01
4.484646017101728138e-02
2.342140836814494281e-02
1.609677252371115308e-02
1.165737206433722049e-02
8.338394712153793242e-03
5.959195632420906039e-03
4.170615081700281002e-03
2.895989751583649338e-03
1.985879504668486978e-03
1.365779700450521928e-03
9.498712665303398178e-04
6.833264284514891816e-04
5.213010286480746370e-04
4.701263171027594877e-04
5.635011169327852837e-04
5.322136270676985697e-04
7.857761900455140138e-04
5.631687535260864299e-04
3.898410370519997436e-04
6.065644517875262015e-04
1.887689649741846167e-04
5.210265110106890134e-04
-6.158604154019828606e-05
3.972178734289770409e-04
4.507879413837021301e-04
5.634873808424925188e-04
5.390299034952615760e-04
6.823317926082983270e-04
1.061717821413461988e-03
1.683342048249314915e-03
2.630887289675221900e-03
3.979283526918511553e-03
5.848826790373306411e-03
8.261422166736608064e-03
1.132427373959613362e-02
1.488155068398134065e-02
1.899980250160799439e-02
2.328567905950281944e-02
2.821753499660414888e-02
4.330470656472169833e-02
9.044940780389587598e-02
1.123143838941704081e-01
1.621012917932986575e-01
2.417077290183912430e-01
3.354016112002853878e-01
4.065311770966592020e-01
4.450479444048805466e-01
4.611492372431585940e-01
4.600896417871620514e-01
4.341531381285140268e-01
3.696583501841126385e-01
2.905798297018150622e-01
1.165047146960294239e-01
6.288816346300013516e-02
4.401590045908385790e-02
3.178698652487414039e-02
2.258961796787722909e-02
1.585723874742792083e-02
1.084899107304281539e-02
7.270230381499802157e-03
4.745606200261188144e-03
3.031733613196939403e-03
1.896585931042555013e-03
1.175627199626514373e-03
7.452778295816954663e-04
5.633839604189753427e-04
6.115612567182226837e-04
6.145554596673987900e-04
5.606807320080424298e-04
1.935084939901854319e-04
4.162599815526833030e-04
-1.266211874012677279e-04
6.700439409651440682e-04
3.276559986598716963e-04
8.516210074014661556e-04
3.568682921204339341e-05
6.958301508129883291e-04
5.804217152622647997e-04
5.391471538179618602e-04
6.820860956332028963e-04
1.061654680150317344e-03
1.683334195567275137e-03
2.630891678531909698e-03
3.979283201993892224e-03
5.848821292933996212e-03
8.261420448482036452e-03
1.132427856860739220e-02
1.488155742346523001e-02
1.899980030781630094e-02
2.328567108473828320e-02
2.821753314225592529e-02
4.330471215597589407e-02
9.044948071969309555e-02
1.123143887927733897e-01
1.621012890213185953e-01
2.417077296714576773e-01
3.354016173152598590e-01
4.065311765874893291e-01
4.450479420415130449e-01
4.611492328351522452e-01
4.600896395986596721e-01
4.341531428981510454e-01
3.696582789995964125e-01
2.905791534118627450e-01
1.165046090650607435e-01
6.288814447043095113e-02
4.401590123278131816e-02
3.178698174226736450e-02
2.258960954175625105e-02
1.585723303747580207e-02
1.084899184817790692e-02
7.270232370334347126e-03
4.745608136649449686e-03
3.031738497792070552e-03
1.896617707046180682e-03
1.175936016728898253e-03
7.474700660601546042e-04
5.777576526594779263e-04
7.077862710541482725e-04
1.205975784223086832e-03
1.086104391698216757e-04
1.043297624676565788e-03
-3.778143862209287990e-05
5.549122350034809380e-04
3.569523462160543135e-04
5.514674841461708913e-04
7.195378876126107097e-04
9.311985988746471904e-04
1.707535950149399848e-04
5.234928275108526692e-04
5.341224884268793924e-04
6.818231423147474643e-04
1.061676592649611357e-03
1.683341593034910766e-03
2.630895932245030152e-03
3.979283937530198566e-03
5.848823148912140821e-03
8.261426896071736442e-03
1.132427718445873539e-02
1.488155027735957314e-02
1.899980039751036909e-02
2.328567234774051725e-02
2.821752234004991713e-02
4.330468382603492455e-02
9.044943026026001920e-02
1.123144072931519244e-01
1.621012971688641779e-01
2.417077207707840625e-01
3.354016117115380391e-01
4.065311750550207881e-01
4.450479429692196232e-01
4.611492357915515927e-01
4.600896361681597324e-01
4.341531340217072987e-01
3.696583136123490210e-01
2.905793675532461484e-01
1.165046370642809775e-01
6.288813732123381406e-02
4.401589254937756518e-02
3.178699013545764618e-02
2.258961557739575660e-02
1.585723093723099761e-02
1.084898548964130342e-02
7.270223467674385466e-03
4.745617002436039802e-03
3.031751281823510339e-03
1.896560316768673834e-03
1.175459419415852535e-03
7.442819049753865782e-04
5.572622128671535831e-04
5.709720118500025273e-04
3.442802392446794369e-04
2.642956266644160544e-04
5.186267705795851715e-04
1.460346519905907396e-04
1.373630786720280046e-04
3.536311705984766188e-04
2.448859895421393886e-04
8.372185238126354442e-04
3.134705921735789907e-04
9.620905816149456303e-04
6.447070913091138130e-04
6.364823316525189878e-04
8.932144495660225688e-04
1.501760021070327328e-03
2.496978415128965016e-03
4.015223196084870619e-03
6.190457300389302746e-03
9.218695990869255411e-03
1.316974959655830592e-02
1.821709001602308045e-02
2.417158946745293427e-02
3.113225066122938048e-02
3.855576500433859077e-02
4.733872805641614612e-02
7.352500466518505085e-02
1.551201749190306289e-01
1.938982505813486024e-01
2.697606766105678511e-01
3.567632375676110801e-01
4.195790131411974433e-01
4.505785476197449735e-01
4.649561306685890960e-01
4.718632784312819517e-01
4.733734180951016390e-01
4.665093417176220947e-01
4.428956227980668237e-01
3.986155912836847892e-01
1.696358140573667461e-01
9.419927641491600279e-02
6.712978404465062832e-02
4.860575640628543581e-02
3.471596274372556329e-02
2.428518659268843680e-02
1.658548496554708082e-02
1.102959823898513533e-02
7.132183719912327940e-03
4.474337179633913752e-03
2.718859690866048950e-03
1.600943764111534967e-03
9.334659538303921329e-04
6.288525016089238336e-04
6.195177562569379164e-04
6.824924600488691548e-04
6.019581308243995436e-05
8.559894842323692967e-04
3.520930699965286385e-04
5.170420639903152175e-04
6.798533053601493953e-04
6.692280747636638032e-04
6.149324154599790284e-04
4.120103378862943365e-04
3.443645722473570288e-04
5.585280410165411593e-04
6.250952514582237005e-04
8.917408656155328354e-04
1.501582019100971025e-03
2.496962918768973368e-03
4.015226347078913564e-03
6.190457987819372211e-03
9.218692274345225909e-03
1.316974788304956651e-02
1.821709502874241035e-02
2.417159587156914036e-02
3.113224727137588188e-02
3.855575716891238014e-02
4.733872317142147346e-02
7.352498819955892440e-02
1.551200522720108388e-01
1.938982294413413854e-01
2.697606712525939532e-01
3.567632403146617781e-01
4.195790179587864377e-01
4.505785467124626686e-01
4.649561283657456801e-01
4.718632761293336531e-01
4.733734186640301544e-01
4.665093463300552523e-01
4.428956207747754004e-01
3.986155330449883682e-01
1.696357891928308714e-01
9.419927466030626750e-02
6.712978970829211467e-02
4.860575508333533218e-02
3.471595662544132987e-02
2.428518053923710632e-02
1.658548552731771777e-02
1.102960273755761687e-02
7.132187143693073834e-03
4.474338813651910184e-03
2.718861876007882920e-03
1.601013626881421644e-03
9.341338852514364686e-04
6.346456917382936862e-04
6.706409855812534536e-04
1.101021152786101033e-03
8.897396420072877865e-04
3.623158816681063102e-05
7.116983480912955629e-04
2.600153703587722385e-04
2.246346587568986172e-04
1.755371691575456335e-04
8.977700776645875349e-04
1.717649292611488825e-04
2.728505597971687892e-04
5.591089426104737256e-04
6.267058889474886154e-04
8.921837389159286130e-04
1.501667108645103913e-03
2.496974282855705767e-03
4.015230265115223018e-03
6.190459211529051806e-03
9.218694368912984730e-03
1.316975390659298924e-02
1.821709337712146617e-02
2.417158793884496143e-02
3.113224615528307343e-02
3.855575849073571842e-02
4.733871819275585480e-02
7.352498089919934365e-02
1.551200810658162899e-01
1.938982519681642092e-01
2.697606726643302366e-01
3.567632330924067063e-01
4.195790156500207591e-01
4.505785480502094709e-01
4.649561310053577090e-01
4.718632787740070222e-01
4.733734180105620970e-01
4.665093454907051074e-01
4.428956442356051237e-01
3.986156534687504416e-01
1.696358046946943587e-01
9.419926437945465303e-02
6.712978242444253563e-02
4.860576490616591583e-02
3.471596199946885147e-02
2.428517717661803771e-02
1.658548044034757751e-02
1.102959711119337258e-02
7.132195175268222706e-03
4.474348404558768817e-03
2.718809357007084902e-03
1.600573361596871686e-03
9.311251769109098447e-04
6.151053415843609623e-04
5.413662758138378540e-04
3.185224539316745948e-04
7.873370767031719585e-04
4.083273529822044421e-04
4.517468841300383269e-04
1.658109514973143018e-04
6.742243251656406845e-04
9.992237366276861873e-04
7.825380802272465528e-04
1.084519842215998049e-03
3.376250627031053835e-04
5.431038611013402646e-04
6.811429730583299074e-04
1.053170600678067373e-03
1.857746674963969878e-03
3.170723543231299211e-03
5.175287809883270460e-03
8.070246805665209563e-03
1.211917755905655980e-02
1.747810342673538145e-02
2.437695226298001658e-02
3.269276590999251747e-02
4.252436169235189467e-02
5.335481166475349729e-02
6.656683226735386760e-02
1.051249120599230535e-01
2.268054432698214662e-01
2.810385892814560305e-01
3.599432830554351037e-01
4.193764244546985820e-01
4.500055706919574017e-01
4.634892073812564295e-01
4.702640825502401034e-01
4.739997836993499747e-01
4.758927290144829847e-01
4.749897999257096104e-01
4.679764934412721233e-01
4.512023629984580064e-01
2.041258596048870499e-01
1.167610354104087200e-01
8.449098211507152789e-02
6.137669778110439039e-02
4.406869981052117385e-02
3.079071309454715563e-02
2.105576446643908639e-02
1.396525160465340865e-02
9.012519437865349967e-03
5.615044568767035664e-03
3.372574630920148302e-03
1.936847198649746830e-03
1.075540969068153677e-03
6.666797539894638459e-04
6.518935284497276222e-04
1.425193695594468039e-03
7.229212316435106467e-04
1.015410602225493225e-03
5.302150634487067969e-04
6.526447779038812517e-04
4.832867570508148666e-04
2.255904575733895111e-04
7.194330938511152556e-04
-7.048143737100396168e-05
1.421618757559558414e-04
5.268197557693099671e-04
6.806955850794735178e-04
1.053382896013484388e-03
1.857812716992957545e-03
3.170736286296299989e-03
5.175290028532435888e-03
8.070246153710238651e-03
1.211917403636986190e-02
1.747810128406046895e-02
2.437695727397085066e-02
3.269277177494758768e-02
4.252435806566774723e-02
5.335480619166473037e-02
6.656683302419073855e-02
1.051249154453422208e-01
2.268054484300967011e-01
2.810385869523608915e-01
3.599432766342856027e-01
4.193764248165440245e-01
4.500055726960070501e-01
4.634892073606187712e-01
4.702640820894731788e-01
4.739997835026749096e-01
4.758927299447935910e-01
4.749898039102986025e-01
4.679765043437162930e-01
4.512023663152414099e-01
2.041258541775766433e-01
1.167610397338092326e-01
8.449099016844585641e-02
6.137669824357259996e-02
4.406869432597278896e-02
3.079070536029986094e-02
2.105576348268796763e-02
1.396525678282336570e-02
9.012523445842071310e-03
5.615043326431794039e-03
3.372532328055666967e-03
1.936483819675374578e-03
1.072753760132915237e-03
6.462409863750744662e-04
4.981612187167973891e-04
3.507134588160305800e-04
2.618266979949035174e-04
9.743678951325234058e-04
2.448931825643300151e-04
1.100616284108956204e-03
6.053688987457115690e-05
2.234922112271383406e-04
4.215983160790878412e-04
1.527011589265184167e-04
1.129404720553823073e-03
6.568303420827518394e-04
6.970754425171194271e-04
1.055423233277442713e-03
1.858052995195256076e-03
3.170759257886504676e-03
5.175292761382922595e-03
8.070246751482462733e-03
1.211917636153466912e-02
1.747810753612554988e-02
2.437695656039596051e-02
3.269276471686753671e-02
4.252435679473915570e-02
5.335480706133761269e-02
6.656682926513142473e-02
1.051249068275984661e-01
2.268054249726976501e-01
2.810385969745135548e-01
3.599432804896196547e-01
4.193764225349552732e-01
4.500055719475275495e-01
4.634892074273889717e-01
4.702640826351751624e-01
4.739997842115404314e-01
4.758927299685411505e-01
4.749898053174367307e-01
4.679765188221583494e-01
4.512024389315224537e-01
2.041258624093611196e-01
1.167610267219275078e-01
8.449098100571743319e-02
6.137670528743689041e-02
4.406869696600580061e-02
3.079070156963854485e-02
2.105576130514582450e-02
1.396525382712102831e-02
9.012528737696140838e-03
5.615051613045800132e-03
3.372516185491104997e-03
1.936375647477852095e-03
1.072272748929173217e-03
6.450904890516889756e-04
5.069681907785039991e-04
5.394409474701714101e-04
-2.665045848286375389e-04
4.221259913235982163e-05
3.695652234512981308e-04
2.505369545147827942e-04
4.372868764192813329e-04
7.414020018632559153e-04
-3.463160060078804665e-06
7.611079276772074204e-04
5.041486552534178212e-05
4.565146927332633712e-04
6.955619813182636587e-04
1.160364911639997750e-03
2.117796687609677878e-03
3.679834595293348786e-03
6.067617382175487413e-03
9.547742217343358276e-03
1.444191808464864203e-02
2.103079178778296740e-02
2.959374617573282476e-02
4.019529291413924399e-02
5.290328677626787018e-02
6.749506424143733585e-02
8.586305182550926784e-02
1.383063724694116592e-01
3.045440102341453459e-01
3.608920047770372563e-01
4.178652158673178962e-01
4.488338203665109272e-01
4.624432961916382090e-01
4.682495939273230712e-01
4.715236961745628008e-01
4.738239992299321246e-01
4.755803758777031875e-01
4.764135177535439025e-01
4.758685589084749590e-01
4.728791722576525247e-01
2.227758292233342485e-01
1.305651306376703347e-01
9.560606439109334276e-02
6.978725138047760235e-02
5.035310450929043197e-02
3.521849631895953431e-02
2.414295235758683392e-02
1.601517894221091837e-02
1.034366749162835171e-02
6.430945788201076867e-03
3.844615837096040933e-03
2.178873606337714420e-03
1.170469228188213921e-03
6.546081128414151309e-04
4.486872478099235913e-04
6.031980589990532495e-04
2.013745227257105765e-04
1.295176542993817547e-05
5.647156349581700574e-04
8.944298822205242524e-04
1.009014976933204823e-03
2.604896297354041554e-04
-2.481987615064998030e-05
3.161354522645631968e-04
1.156824279619528360e-03
6.210943982520489466e-04
7.194729684893194210e-04
1.163869657125556761e-03
2.118287235749340570e-03
3.679892076863715625e-03
6.067619461931444275e-03
9.547740111729575985e-03
1.444191508046666593e-02
2.103079005052052586e-02
2.959375152810791304e-02
4.019529807323358322e-02
5.290328290767570135e-02
6.749506171829595946e-02
8.586305712308091309e-02
1.383063822550555932e-01
3.045440527520149598e-01
3.608920127438597358e-01
4.178652154333440394e-01
4.488338222572609837e-01
4.624432972328410552e-01
4.682495933612114136e-01
4.715236953055862434e-01
4.738239989327009960e-01
4.755803761240427474e-01
4.764135201629765559e-01
4.758685741865196217e-01
4.728791910545077637e-01
2.227758271692953373e-01
1.305651346370795829e-01
9.560607198436456289e-02
6.978725240209726621e-02
5.035310030540816884e-02
3.521848924756944277e-02
2.414295135582398763e-02
1.601518379713988763e-02
1.034367006057117580e-02
6.430943889512866739e-03
3.844580600869962079e-03
2.178598318898427970e-03
1.168675314122668511e-03
6.442348440479736971e-04
3.943076436754459424e-04
4.155938784026342301e-04
5.491775791701489912e-04
7.997350684354351475e-04
-1.757972431886423712e-04
9.431580446794708824e-04
5.732111882362624176e-04
9.867553573838303959e-04
9.644728978207367737e-04
6.452782904406506939e-04
7.718233327542183171e-04
5.693494759141629231e-04
7.124619046026207372e-04
1.162889552349826534e-03
2.118154278590750426e-03
3.679876666706106882e-03
6.067619601825877985e-03
9.547741579529788955e-03
1.444191875779534361e-02
2.103079670872476728e-02
2.959375075064454852e-02
4.019529083711855660e-02
5.290328086107166233e-02
6.749506100738367209e-02
8.586305222675415239e-02
1.383063724133612171e-01
3.045440274164209482e-01
3.608920104024185282e-01
4.178652137223229368e-01
4.488338193910722529e-01
4.624432965359505654e-01
4.682495934395140003e-01
4.715236954573266415e-01
4.738239992031096914e-01
4.755803761964699783e-01
4.764135227605292289e-01
4.758685957003209732e-01
4.728792961623205504e-01
2.227758345533459861e-01
1.305651237748451932e-01
9.560606898174005275e-02
6.978726237449529857e-02
5.035310148855867002e-02
3.521848420415764347e-02
2.414295044123134643e-02
1.601518145115189001e-02
1.034367216389637904e-02
6.430950830471363934e-03
3.844587088312497077e-03
2.178668898269948799e-03
1.169167453804596368e-03
6.464205139814458182e-04
3.958524857926129276e-04
2.775484492940952751e-04
1.588683680713223875e-04
-1.181878405476488434e-04
6.499514282936724036e-04
7.711881956157026893e-04
-6.856038227817917155e-05
8.318243999978826861e-04
-3.505385169738187449e-04
5.614397733616033294e-04
2.773388343931928513e-04
3.939829848350599349e-04
6.860919627859763791e-04
1.219202098249413339e-03
2.283003197977578370e-03
4.020072717378126055e-03
6.680257448915122298e-03
1.059634202400682249e-02
1.613690941351661468e-02
2.373617213830895092e-02
3.371457657760342647e-02
4.644501638209293237e-02
6.192116630681142320e-02
8.051615437034133349e-02
1.044000577219117987e-01
1.709103528845000719e-01
3.764208446249302509e-01
4.169121273966299723e-01
4.478705963929501266e-01
4.620243347733073436e-01
4.678324399276893031e-01
4.703604197550007582e-01
4.719894597329045705e-01
4.732452575134334927e-01
4.742844695295309609e-01
4.749157852135403868e-01
4.752471986095022638e-01
4.755530598383367336e-01
2.270108133282470186e-01
1.352443972404652750e-01
1.001211037007944948e-01
7.364109034159374567e-02
5.347587987193181541e-02
3.756054332150118164e-02
2.585673008976308029e-02
1.719976924915491562e-02
1.113876774292003186e-02
6.931998257716601511e-03
4.141235353861392500e-03
2.334225779635948350e-03
1.234240941361928242e-03
6.556043077196097284e-04
3.560195682232169135e-04
3.183721779316569644e-04
8.498909858119941662e-04
-3.349325847045290139e-04
8.149261333710209297e-04
5.128301650160404720e-04
5.228073325598158643e-04
3.558627945941962291e-05
9.929182511529093382e-05
6.151659934366725344e-04
6.538990230558965966e-04
4.845160160756734470e-04
7.032264752320550351e-04
1.222168954480884343e-03
2.283463881742747725e-03
4.020129822609038069e-03
6.680258544863722399e-03
1.059634033786623596e-02
1.613690786101135144e-02
2.373617091471567908e-02
3.371458183500734146e-02
4.644502002378509548e-02
6.192115990663698416e-02
8.051615000737817607e-02
1.044000602890475249e-01
1.709103574479265142e-01
3.764208655034769202e-01
4.169121288654944468e-01
4.478705946161017359e-01
4.620243348669188510e-01
4.678324401946674649e-01
4.703604199828183563e-01
4.719894595899622458e-01
4.732452574491720076e-01
4.742844690241150851e-01
4.749157837362205647e-01
4.752471929021807040e-01
4.755530476926379535e-01
2.270108120914823835e-01
1.352444019142002851e-01
1.001211088098996616e-01
7.364108914255844407e-02
5.347587674611415515e-02
3.756053870422765978e-02
2.585672968820892925e-02
1.719977276288446599e-02
1.113876834517631316e-02
6.931997352829041663e-03
4.141223427123459297e-03
2.334133511565886828e-03
1.233567038695757836e-03
6.504883780295392685e-04
3.138418970042219642e-04
-3.111828833293196186e-05
2.616097645482260477e-04
9.634219633374698031e-04
5.500842980924810924e-04
-3.456023972059667150e-04
8.552454530187055849e-04
3.466697054543283873e-04
7.285220153984148586e-04
4.640429172145438589e-04
-9.421921058656879957e-05
3.647308057916966726e-04
6.854007084086300057e-04
1.219571643492835646e-03
2.283113095159121277e-03
4.020092213226929452e-03
6.680257774956024908e-03
1.059634250158211777e-02
1.613691159465362873e-02
2.373617618049926603e-02
3.371457926194088711e-02
4.644501136070536274e-02
6.192115665986391848e-02
8.051614893390811323e-02
1.044000583088551676e-01
1.709103557691098452e-01
3.764208680053436895e-01
4.169121351546978271e-01
4.478705938817365007e-01
4.620243337784860627e-01
4.678324401756068784e-01
4.703604204527758736e-01
4.719894598510948613e-01
4.732452578720228176e-01
4.742844694808545092e-01
4.749157857975238040e-01
4.752472093033199840e-01
4.755531038219175111e-01
2.270108135486261780e-01
1.352443902351191107e-01
1.001211056999313509e-01
7.364109653610736994e-02
5.347587550678554319e-02
3.756053488072153002e-02
2.585673110413549275e-02
1.719977050925334747e-02
1.113876836808743755e-02
6.932003984530505682e-03
4.141247339935288929e-03
2.334381363435902423e-03
1.235650736858859115e-03
6.667554453745739131e-04
4.445531181885268202e-04
9.535732770188905597e-04
8.646465186590719101e-04
8.129705166199011459e-04
1.980127372192537027e-04
5.482335532421577819e-04
3.420058858810050978e-04
1.943960794216710561e-05
-1.817564612064719045e-05
2.566613704378066106e-04
-9.390909242838353841e-06
3.390431160060434481e-04
6.770116706876137770e-04
1.242955050106674033e-03
2.361776085885678670e-03
4.196672133746139413e-03
7.015065501816381867e-03
1.120466721026433347e-02
1.716977496389974003e-02
2.549603640818107544e-02
3.654520197471242821e-02
5.104526212208865266e-02
6.892545808634535642e-02
9.129149624963819876e-02
1.203441935302218685e-01
1.990679530262577934e-01
4.303816395979068177e-01
4.501613922728241457e-01
4.631366004303578698e-01
4.685898904653484354e-01
4.706088418750266067e-01
4.713550840811323583e-01
4.718283039115954147e-01
4.721863289335548330e-01
4.721732748315827788e-01
4.709852389724237809e-01
4.676089211331028173e-01
4.623459580400670621e-01
2.187723523615260346e-01
1.314507330159461196e-01
9.841393201934256485e-02
7.319310558326479199e-02
5.361848413263724938e-02
3.796258296932061155e-02
2.629480290882534738e-02
1.758752047538851906e-02
1.143734939243640572e-02
7.142033045642314469e-03
4.275164820397495298e-03
2.411142104504787869e-03
1.274489231514971434e-03
6.842222797025935069e-04
4.150916754743189758e-04
4.873671254029756533e-04
-8.690643330379191952e-05
2.298048447390876642e-04
6.214998430032224247e-04
1.039953268830077701e-03
1.105518065409894375e-04
1.661392723662264044e-04
2.110975477602124205e-04
3.520331854834292569e-04
6.604827088140266750e-04
4.394912618549325100e-04
6.919397969775289243e-04
1.245194872543395640e-03
2.362099124660319276e-03
4.196711933244159573e-03
7.015065798344209333e-03
1.120466697729380866e-02
1.716977459342363538e-02
2.549603410711787782e-02
3.654520525446858931e-02
5.104526375231545343e-02
6.892545167031391418e-02
9.129149627714047699e-02
1.203442013614259426e-01
1.990679575346774588e-01
4.303816369667676223e-01
4.501613884905779628e-01
4.631365996952834796e-01
4.685898914404842963e-01
4.706088424413322202e-01
4.713550847621114648e-01
4.718283042886336487e-01
4.721863289955550158e-01
4.721732741267574140e-01
4.709852385316773415e-01
4.676089278207838928e-01
4.623459711325975663e-01
2.187723523768747569e-01
1.314507383666269624e-01
9.841393860452760101e-02
7.319310721072064263e-02
5.361848450231535002e-02
3.796257962244475176e-02
2.629480008858637100e-02
1.758752070860723771e-02
1.143734862914996299e-02
7.142034985517750102e-03
4.275187495334530074e-03
2.411353145577553678e-03
1.276185094576899907e-03
6.971006746192485700e-04
5.143972346085676954e-04
1.206775250511492835e-03
5.356622797430604714e-05
7.067197035560163101e-05
4.124201206785241790e-04
1.396698624295912637e-04
5.475242899589273906e-04
1.100067474314970150e-04
7.971278905841429037e-04
1.357999946022917805e-04
3.026398120262458868e-04
3.843674795934620453e-04
6.835563355958338772e-04
1.243916057851694431e-03
2.361918702521610940e-03
4.196693220534840861e-03
7.015065658142810232e-03
1.120466828468793911e-02
1.716977660634171066e-02
2.549603788099336077e-02
3.654520456217794089e-02
5.104526018307359303e-02
6.892545241574755954e-02
9.129149480209484968e-02
1.203441965621207671e-01
1.990679541404196951e-01
4.303816412470868324e-01
4.501613888650220496e-01
4.631365988995505556e-01
4.685898909710956572e-01
4.706088424729954478e-01
4.713550848766242529e-01
4.718283038606192470e-01
4.721863290514759504e-01
4.721732745064034509e-01
4.709852374317551882e-01
4.676089255215021279e-01
4.623459702252894488e-01
2.187723417222013911e-01
1.314507248777969650e-01
9.841393803068694546e-02
7.319311517393546629e-02
5.361848293577153174e-02
3.796257708324603936e-02
2.629480247996430001e-02
1.758751888079810796e-02
1.143734910129328569e-02
7.142039930776173350e-03
4.275183673426785798e-03
2.411301920605361283e-03
1.275578734620714388e-03
6.904142309072128182e-04
4.443484803822135630e-04
5.428699714520078892e-04
9.055547756248606001e-04
2.237358037251318296e-04
4.576249907120056052e-04
1.395559681287999207e-04
3.532600808678166638e-04
1.045792434540159964e-03
2.442952072852142258e-04
6.854246666475855660e-04
6.489881584759732034e-04
4.555291926653183597e-04
6.913245559166726097e-04
1.240467585559548638e-03
2.362833837403772140e-03
4.218548479776053003e-03
7.080967273409716385e-03
1.137203719902473743e-02
1.752116345578560996e-02
2.622501695485139270e-02
3.789416572266741251e-02
5.354617340401742615e-02
7.312487178763846241e-02
9.834038100588947395e-02
1.313837236989344459e-01
2.186856934082498927e-01
4.622947863632953514e-01
4.675755876346791018e-01
4.709748142233725066e-01
4.721674453629581270e-01
4.721875243110754683e-01
4.718271304486941209e-01
4.713591852320642150e-01
4.706113270741574262e-01
4.686054444354346149e-01
4.631658539669966657e-01
4.502478454812786635e-01
4.305055575161045867e-01
1.991958706393633927e-01
1.204314263655516526e-01
9.137950210319342736e-02
6.900154567447937259e-02
5.112372397571628146e-02
3.661643604469838609e-02
2.556828328037314899e-02
1.723684527971309013e-02
1.127053566781749047e-02
7.075723289246541557e-03
4.252964027956826661e-03
2.410845619885876572e-03
1.284739201187672878e-03
7.074383083147900517e-04
4.707684907454775017e-04
5.605676541438906271e-04
5.125381187983414893e-04
-2.371993456738333923e-04
4.671563144270120260e-04
5.587326646903697375e-04
6.757505157994305378e-04
3.410107118794739782e-04
8.546207202600243115e-04
1.444181742176851174e-04
3.701467243111933422e-04
4.206351621650993695e-04
6.869436844616567039e-04
1.239894434884941492e-03
2.362763601005884312e-03
4.218543269409142510e-03
7.080965262519363715e-03
1.137203854437516572e-02
1.752116412856156991e-02
2.622501377000976963e-02
3.789416770989920830e-02
5.354617384715182338e-02
7.312486614729153678e-02
9.834038514308834911e-02
1.313837344220007142e-01
2.186856980689456942e-01
4.622947852420706827e-01
4.675755880595087732e-01
4.709748147240200300e-01
4.721674458962991650e-01
4.721875241141731960e-01
4.718271309026235705e-01
4.713591857197407253e-01
4.706113267744871376e-01
4.686054429629662454e-01
4.631658513658045706e-01
4.502478384312895154e-01
4.305055411428629908e-01
1.991958717020647363e-01
1.204314320241297587e-01
9.137950461509532218e-02
6.900154429439842030e-02
5.112372456855725916e-02
3.661643322484706836e-02
2.556827878343639199e-02
1.723684417437125471e-02
1.127053573790601573e-02
7.075725693013275829e-03
4.252982333811471290e-03
2.410988814950376473e-03
1.285683312937993799e-03
7.131869327107139868e-04
5.056821469921945946e-04
7.453720996643814619e-04
1.472623294780570611e-04
3.169479953465062657e-04
4.633413624880880293e-04
7.574632014095064722e-04
1.917840495314969244e-05
5.067583342906101154e-04
7.491113166398715535e-04
9.665852628800646973e-05
9.912091041612551990e-04
4.992691946470083570e-04
6.963908283217013417e-04
1.241001836335758933e-03
2.362892830863055557e-03
4.218560318937540979e-03
7.080967604283418954e-03
1.137203915907306767e-02
1.752116383760323609e-02
2.622501502890584382e-02
3.789416701678756383e-02
5.354617014688636129e-02
7.312486330736249485e-02
9.834038005698579610e-02
1.313837325908054632e-01
2.186857035096040347e-01
4.622947943298291729e-01
4.675755909994927517e-01
4.709748147051031619e-01
4.721674456303280309e-01
4.721875241624856612e-01
4.718271310211751834e-01
4.713591847745033370e-01
4.706113262183219126e-01
4.686054433244385975e-01
4.631658512838932040e-01
4.502478472573127055e-01
4.305055614957593035e-01
1.991958647797089088e-01
1.204314230687658638e-01
9.137950763946134369e-02
6.900155154147734338e-02
5.112372147026899433e-02
3.661642997332963112e-02
2.556828038081602333e-02
1.723684340668256432e-02
1.127053783943021692e-02
7.075729855837152235e-03
4.252974774578703772e-03
2.410934738109933410e-03
1.285546327381013616e-03
7.147807395787266404e-04
5.380852901236239053e-04
1.145425434617360159e-03
4.829536602428151143e-04
6.357493095031963070e-04
4.393785153702601740e-04
3.230614505826895160e-04
3.744276450550838766e-04
4.053760028097702552e-04
5.930324427749091411e-04
6.080534088829296852e-04
9.064776371692195552e-04
5.135860715840647513e-04
6.882857731845973617e-04
1.205776976518980678e-03
2.286881233139054226e-03
4.085351858140743447e-03
6.872024470173126141e-03
1.107594494680983789e-02
1.713639736475165709e-02
2.579216594789951120e-02
3.749804809710653025e-02
5.341345742880442699e-02
7.358473328088271925e-02
1.000665281520820710e-01
1.352011330332988370e-01
2.269637926315506149e-01
4.755420733940065592e-01
4.752387351779280844e-01
4.749131529361517168e-01
4.742831954320760879e-01
4.732486255563021493e-01
4.719916018236773314e-01
4.703694018564074653e-01
4.678427506303254879e-01
4.620609531504297207e-01
4.479407523463483920e-01
4.170896959742537713e-01
3.766312944557352327e-01
1.710601981648857406e-01
1.044948954509426348e-01
8.060734699182675600e-02
6.199732878145276793e-02
4.652254854821467195e-02
3.378360600806593755e-02
2.380626626178317107e-02
1.620138190189910829e-02
1.065988871429014023e-02
6.738490336839909021e-03
4.074180847864806304e-03
2.330017710736793837e-03
1.259604171664917196e-03
7.184513518827183266e-04
5.575992363999891961e-04
1.061208243678470747e-03
2.995328112650879628e-04
8.084919375942210612e-04
-4.089208944111121576e-05
-3.301807180767763714e-05
4.086278905909237645e-04
3.234325948410391263e-04
-7.906268997339139213e-05
3.038821037888691026e-04
5.543938861132570190e-04
4.398342840836893023e-04
6.749338525979908625e-04
1.203487657829480388e-03
2.286528218896704493e-03
4.085310708995835982e-03
6.872020030110754553e-03
1.107594722246460495e-02
1.713639918807802545e-02
2.579216293452813585e-02
3.749804988232700170e-02
5.341345739670407683e-02
7.358472892724349235e-02
1.000665352850289708e-01
1.352011439638274581e-01
2.269637991377254360e-01
4.755421037524465433e-01
4.752387442917296867e-01
4.749131546108050217e-01
4.742831958753883637e-01
4.732486252046390618e-01
4.719916020775102861e-01
4.703694024508003335e-01
4.678427505060566705e-01
4.620609521269523068e-01
4.479407477871826804e-01
4.170896594634583843e-01
3.766312020756774626e-01
1.710601864859477295e-01
1.044948954790345524e-01
8.060734838689667670e-02
6.199733155241459598e-02
4.652255426577912856e-02
3.378360502877268690e-02
2.380626043050909635e-02
1.620138033027713684e-02
1.065988983009433233e-02
6.738491554647985625e-03
4.074187866172424531e-03
2.330038201262296313e-03
1.259438828973321288e-03
7.150269059845073671e-04
5.169467215699877953e-04
6.829345289639366214e-04
1.747545332917768690e-04
9.537821091977729182e-04
2.447372680860699702e-04
4.580688497971579956e-04
8.112840808233696510e-05
1.008843140901002824e-03
2.547766368517019229e-04
2.807971707582174637e-04
5.252075793389844203e-04
4.436830641040002661e-04
6.767637340261552182e-04
1.203943316408048921e-03
2.286626142112257662e-03
4.085330354650193625e-03
6.872021664030984571e-03
1.107594573375814649e-02
1.713639556115301860e-02
2.579216178508800944e-02
3.749805125699134239e-02
5.341345796129528395e-02
7.358472847089246593e-02
1.000665304969502456e-01
1.352011417608834920e-01
2.269638067540982185e-01
4.755421476125912261e-01
4.752387602199530381e-01
4.749131566518512426e-01
4.742831957893900996e-01
4.732486252419356720e-01
4.719916022987430404e-01
4.703694015100017278e-01
4.678427500948110218e-01
4.620609526606340722e-01
4.479407476378341468e-01
4.170896818658567651e-01
3.766312651845759585e-01
1.710601889361086925e-01
1.044948950992649478e-01
8.060735663539328466e-02
6.199733891263615321e-02
4.652254987333772490e-02
3.378360034552127522e-02
2.380626130849738259e-02
1.620138186499469474e-02
1.065989303337837139e-02
6.738491652591379472e-03
4.074155647925603238e-03
2.329755517707831226e-03
1.257455202621923784e-03
7.021929050780326229e-04
4.316977125414531787e-04
1.600447762954671188e-04
1.887633687998422770e-04
1.323768693546241394e-03
4.047103589230454388e-04
9.317184664412569289e-04
1.143239188999641860e-04
6.608323881547475791e-05
6.520858894214750026e-04
6.453992329572106560e-04
9.590976096634181748e-04
5.185116570837235150e-04
6.640565140872436945e-04
1.135831395089695892e-03
2.130135853124495975e-03
3.789625533448262151e-03
6.372987560283830712e-03
1.028473261409421947e-02
1.595650022339852037e-02
2.408586227842534136e-02
3.516443502946920568e-02
5.030371036549477481e-02
6.974575216349683526e-02
9.557374336918955660e-02
1.305477067119361623e-01
2.227705529163252485e-01
4.728931969206701669e-01
4.758732865047175520e-01
4.764141092426480428e-01
4.755811254589427106e-01
4.738290404169474002e-01
4.715296795000036845e-01
4.682667604684825902e-01
4.624706337643302856e-01
4.489159032206355704e-01
4.180130193509652425e-01
3.611815087666802593e-01
3.048021109941898565e-01
1.384583967416438133e-01
8.595587930897120865e-02
6.758257796378305815e-02
5.297556383355185583e-02
4.026858135509234216e-02
2.965841866479981825e-02
2.109671932643778641e-02
1.450237948964168758e-02
9.607712778626407296e-03
6.122581932074354534e-03
3.730905519886546645e-03
2.160964415200786106e-03
1.192383205405713907e-03
7.007424159413643255e-04
5.193374019069881909e-04
5.572285945810530111e-04
1.148182181083971852e-04
7.684864994595587548e-04
5.165277169784180658e-04
4.365584347088453400e-04
1.132956341984105815e-03
1.379649282945991171e-04
2.359250257697907357e-04
7.116288335466255596e-04
1.599949726235613888e-04
3.808699861904869550e-04
6.413167001126754722e-04
1.132118334355831316e-03
2.129571388057453600e-03
3.789557026436688597e-03
6.372979713699216016e-03
1.028473450382393246e-02
1.595650300023540927e-02
2.408586024906375980e-02
3.516443677593192318e-02
5.030370829815804246e-02
6.974574640783558210e-02
9.557375181131935737e-02
1.305477214806548825e-01
2.227705784213584728e-01
4.728933485850159713e-01
4.758733281397458104e-01
4.764141148660676617e-01
4.755811260366127335e-01
4.738290407111055980e-01
4.715296807794491230e-01
4.682667622717395228e-01
4.624706329148374206e-01
4.489158995194806323e-01
4.180130114059217861e-01
3.611814647620629204e-01
3.048019763721259157e-01
1.384583823609652486e-01
8.595587966494407095e-02
6.758257931572779487e-02
5.297556649775392312e-02
4.026858660820360758e-02
2.965841609765582434e-02
2.109671177031490971e-02
1.450237839856551199e-02
9.607715005262326344e-03
6.122583544389274997e-03
3.730926733049794771e-03
2.161123922477575267e-03
1.193523104004024947e-03
7.087525649787099679e-04
5.759293683497835985e-04
9.291604361806932904e-04
7.737027426069696505e-04
-2.719335793753183649e-04
-1.722086566109676123e-04
1.495612363157831990e-04
1.113967378726436167e-04
2.907144518930402082e-04
-1.181960528769356093e-04
4.881974131634095738e-04
-1.346805009509964015e-04
3.601829702606994363e-04
6.417691089289103128e-04
1.132682090211474665e-03
2.129725200662388462e-03
3.789587121240786151e-03
6.372979905236982566e-03
1.028472992351177687e-02
1.595649685880496521e-02
2.408585939094754283e-02
3.516444174615308144e-02
5.030371072114802472e-02
6.974574312641547424e-02
9.557374329252280032e-02
1.305477180350881894e-01
2.227705834171163080e-01
4.728933679812822310e-01
4.758733355143780486e-01
4.764141158126071196e-01
4.755811257009895376e-01
4.738290405544292039e-01
4.715296809707625325e-01
4.682667611373436678e-01
4.624706329406445549e-01
4.489159017240973992e-01
4.180130123555129140e-01
3.611814773944280743e-01
3.048020217097516249e-01
1.384583853466328229e-01
8.595587899810666621e-02
6.758258458683640002e-02
5.297556974283552933e-02
4.026858031433342561e-02
2.965841154675868604e-02
2.109671424754282903e-02
1.450238329907919087e-02
9.607718033168973978e-03
6.122580127961368794e-03
3.730889319337792141e-03
2.160795088088979330e-03
1.191183614612360744e-03
6.933089099218607424e-04
4.725595386113759858e-04
2.895039274505769320e-04
6.571146039807396460e-04
1.152594932177535307e-03
7.369533682513155527e-04
9.478823851550510435e-05
4.526870894063697972e-04
8.504911153432840633e-04
9.474952630952072083e-04
7.225399306374406068e-04
7.357844927097089305e-04
5.195122936796885008e-04
6.306547883349692676e-04
1.028273420212197841e-03
1.884277746145007933e-03
3.317093950402890193e-03
5.557969554520766388e-03
8.956070763333897830e-03
1.390978506477013460e-02
2.100402537264710323e-02
3.074279834547490736e-02
4.402881879640863083e-02
6.134591524925452066e-02
8.447477659930102689e-02
1.167624637346966615e-01
2.041550529238889411e-01
4.512483218512684524e-01
4.679955736392591992e-01
4.749934939920991694e-01
4.758946619895406127e-01
4.740070359107717568e-01
4.702783821510622131e-01
4.635264491206263493e-01
4.500738650529844675e-01
4.195521818512553125e-01
3.601964173912219347e-01
2.813715163350385962e-01
2.270318735037637758e-01
1.052540442986992508e-01
6.664759092211926250e-02
5.343206935026654364e-02
4.258914650013311681e-02
3.275872276632965652e-02
2.443567300737090053e-02
1.753828080633143549e-02
1.217491649735656309e-02
8.125968255337831514e-03
5.226914020525386118e-03
3.219011048539191251e-03
1.898370162751961349e-03
1.080646573190493327e-03
6.697740662920735437e-04
5.110650426407794709e-04
1.884270546288537853e-04
8.796146304212687072e-04
7.406912040694923430e-05
6.912696133110311910e-04
9.006846551883556208e-04
2.815735072997524132e-04
5.808028074077187545e-04
4.316915139314478518e-04
9.877523112345194378e-04
1.227296449153891008e-04
4.015966861452440243e-04
6.096572363684512816e-04
1.024674056556575553e-03
1.883710648923366242e-03
3.317021818369893411e-03
5.557959082240902793e-03
8.956071494889946208e-03
1.390978809187451253e-02
2.100402330502130696e-02
3.074279946380736525e-02
4.402881672219847303e-02
6.134591233441132052e-02
8.447478888576551159e-02
1.167624808181369489e-01
2.041550869948205726e-01
4.512486096280265424e-01
4.679956451357747405e-01
4.749935019651936874e-01
4.758946620696150598e-01
4.740070359593696603e-01
4.702783830282735167e-01
4.635264513478331572e-01
4.500738648506256157e-01
4.195521793259814891e-01
3.601964101284028663e-01
2.813714760983360708e-01
2.270317677563950531e-01
1.052540303037903802e-01
6.664758919654917291e-02
5.343206848777373730e-02
4.258914836227119249e-02
3.275872852798681484e-02
2.443567134823031173e-02
1.753827432007881021e-02
1.217491707669244444e-02
8.125970860564364281e-03
5.226914285996460928e-03
3.219024994961367653e-03
1.898476951652467402e-03
1.081640430296856989e-03
6.787074620038145104e-04
5.878615342469403759e-04
7.910480452577180709e-04
1.883035157742768200e-04
4.301091433444878889e-04
4.898138575339861569e-05
8.181385298037052939e-04
-2.086169087668136553e-04
-7.025251341381099485e-05
5.198675291732564579e-04
2.457377498957368108e-04
9.857561480714279074e-04
5.410818571095498981e-04
6.314169106090435600e-04
1.028042502178286213e-03
1.884219475328379216e-03
3.317090378141180230e-03
5.557959743001840945e-03
8.956064211516307633e-03
1.390977987851305282e-02
2.100402232316016943e-02
3.074280633996307258e-02
4.402882065720162275e-02
6.134590909087675459e-02
8.447477898639962901e-02
1.167624719565899249e-01
2.041550611747557364e-01
4.512483442772595166e-01
4.679955836115120005e-01
4.749934959385925248e-01
4.758946617216411323e-01
4.740070358461619948e-01
4.702783835342019825e-01
4.635264501606413123e-01
4.500738637549648313e-01
4.195521794681968397e-01
3.601964088285078969e-01
2.813714828762109987e-01
2.270317755501445045e-01
1.052540350521382062e-01
6.664759327303049208e-02
5.343207555876239301e-02
4.258914955849013584e-02
3.275872082695768794e-02
2.443566745828156667e-02
1.753827846943005475e-02
1.217492356777808739e-02
8.125971132274253245e-03
5.226909027545434752e-03
3.219013085094275112e-03
1.898371663633116385e-03
1.080994572389840005e-03
6.755505651861936581e-04
5.761365025085960281e-04
7.976150442848179995e-04
6.562757347130121098e-04
8.346934703895154918e-04
5.865781652633555521e-04
-1.184740948866162417e-05
7.716936112496963112e-04
1.264510574878854095e-04
3.190086343709314012e-04
1.828920710703344150e-04
3.519085491241551156e-04
4.655876975077032336e-04
5.676728939458175124e-04
8.748328514143402642e-04
1.542919184683073323e-03
2.660563916989429605e-03
4.415573065169204128e-03
7.075087052792358895e-03
1.097393210156283327e-02
1.653474716598677882e-02
2.423865807462510791e-02
3.467929349176338688e-02
4.857852676526787372e-02
6.712036392214630609e-02
9.420975322970319421e-02
1.696917003334115492e-01
3.987274909476928308e-01
4.429517888658682789e-01
4.665244934798717935e-01
4.733788062938423802e-01
4.718775945954245543e-01
4.649896660082543098e-01
4.506629771145789221e-01
4.197415137259036810e-01
3.570839218565222128e-01
2.700677882018310827e-01
1.941814759958082059e-01
1.552915180296619291e-01
7.362792526728219322e-02
4.740652746965179354e-02
3.862246814520362004e-02
3.119016931970218856e-02
2.423096536483484650e-02
1.827118515060942999e-02
1.322536629715161983e-02
9.271127633674868321e-03
6.243181651882899648e-03
4.064919000757943358e-03
2.544152337679422664e-03
1.542809136022619187e-03
9.234545217890550908e-04
6.326233596275818551e-04
6.159042097081554807e-04
7.751930370852073851e-04
3.246542178147032980e-04
3.649745068571790094e-04
2.931455925711958605e-04
-1.527717668913270853e-04
1.940629971397327352e-04
4.434399907738791253e-04
-3.580060647835321772e-05
1.903129627875308155e-04
-2.332299824453854876e-04
3.606044176814295283e-04
5.497231478220778291e-04
8.718120957495210715e-04
1.542450925027823334e-03
2.660505326509673106e-03
4.415562246109778002e-03
7.075087221612848601e-03
1.097393634783883076e-02
1.653474642899383298e-02
2.423865940508349026e-02
3.467929002073650430e-02
4.857852192035861522e-02
6.712037101106214931e-02
9.420975519841273682e-02
1.696916527525719198e-01
3.987270827234392079e-01
4.429517367085764601e-01
4.665244904850410212e-01
4.733788058565114309e-01
4.718775951823663828e-01
4.649896668379692177e-01
4.506629802467775336e-01
4.197415144815430099e-01
3.570839209879717591e-01
2.700677809496428439e-01
1.941814592638164139e-01
1.552915266521029958e-01
7.362793083071166034e-02
4.740653206485494209e-02
3.862246776793604175e-02
3.119017077800777596e-02
2.423097181517776255e-02
1.827118519580970754e-02
1.322536138380877441e-02
9.271129120925212033e-03
6.243183570369946825e-03
4.064914922992807385e-03
2.544118234440942081e-03
1.542483304098569551e-03
9.211464726678287793e-04
6.174082059445947738e-04
5.119730040199369295e-04
1.088655758912047007e-04
1.112489395761588222e-04
4.664426786844010141e-04
3.854885994858354504e-04
5.341380422796105997e-05
1.296849280885299107e-04
1.359026224132032536e-04
4.974777931311555540e-04
6.322116146681054042e-04
9.002385037826295816e-04
5.310071781494670818e-04
5.747233525409182987e-04
8.755045266720730716e-04
1.542986337978536531e-03
2.660573729908676313e-03
4.415560743563269781e-03
7.075077839932904407e-03
1.097392643430918947e-02
1.653474483985611920e-02
2.423866710292595095e-02
3.467929482813478931e-02
4.857851791476830439e-02
6.712036125484749371e-02
9.420975150421505295e-02
1.696916680247651799e-01
3.987271610711030645e-01
4.429517354222706205e-01
4.665244892702510304e-01
4.733788058614198935e-01
4.718775946783443365e-01
4.649896672513864071e-01
4.506629780373970773e-01
4.197415118651142696e-01
3.570839229396510772e-01
2.700677835474851740e-01
1.941814332758655393e-01
1.552913104699324975e-01
7.362790465997059997e-02
4.740652828350176706e-02
3.862247308711523608e-02
3.119017000518314181e-02
2.423096391915205428e-02
1.827118256278229338e-02
1.322536620421545066e-02
9.271135329506092343e-03
6.243180288992689238e-03
4.064907931751623321e-03
2.544130851171775339e-03
1.542571692726948463e-03
9.216746336933633391e-04
6.203738021984771516e-04
5.276589046363164542e-04
1.727255860806896327e-04
-1.338476101020325416e-04
4.549608440693815765e-05
-1.803680072256850077e-04
-4.354766347809703578e-05
4.743673081063000830e-04
3.047431322888610782e-04
-2.871520532130127632e-04
4.608483537346713590e-04
4.447372446604263120e-04
4.693951221636907313e-04
4.951806273713065020e-04
6.797743784491393909e-04
1.111180689341968730e-03
1.832497730689400034e-03
2.967555922963346134e-03
4.683108803792216009e-03
7.209053600950533248e-03
1.079235991641178116e-02
1.580454497792731575e-02
2.254613970346379045e-02
3.175233032726776372e-02
4.399822840881831981e-02
6.289062790816629667e-02
1.165577065962918601e-01
2.907452145091946605e-01
3.697915213557870784e-01
4.342075243440293164e-01
4.601098846805479203e-01
4.611876613691351379e-01
4.451443143462359697e-01
4.067502707347367963e-01
3.357202866746350489e-01
2.420782880060127484e-01
1.623371668195299489e-01
1.124985853736339553e-01
9.056208972156865045e-02
4.337993510082564091e-02
2.827239650466400328e-02
2.334179631824540371e-02
1.905160655563469668e-02
1.493512915865894373e-02
1.137518581218566888e-02
8.313831549998873527e-03
5.899630490619587816e-03
4.030562247512626400e-03
2.680408576566232701e-03
1.731405186657494679e-03
1.106595624625215631e-03
7.246439205461663877e-04
5.817719950186695877e-04
7.376395563300349942e-04
1.178777921972656850e-03
7.821693464620452360e-04
4.417738629296485411e-04
7.052079660689930442e-04
2.451703733225575046e-04
4.745188796220368836e-04
6.934558434094767465e-04
4.315189401207580812e-04
5.589649353323538966e-04
1.942221556500095894e-04
4.179225259676750000e-04
4.856036796501098790e-04
6.780505971908727366e-04
1.110905984197755117e-03
1.832462877158229494e-03
2.967545453081510930e-03
4.683108763557786505e-03
7.209059262155686348e-03
1.079235997441004707e-02
1.580454559538013032e-02
2.254613570258419061e-02
3.175232671895385911e-02
4.399823615330637067e-02
6.289062023973261695e-02
1.165576260739905473e-01
2.907445570315166927e-01
3.697914495279051028e-01
4.342075195309807456e-01
4.601098835768742679e-01
4.611876615872185226e-01
4.451443145004801427e-01
4.067502763684904821e-01
3.357202921566902476e-01
2.420782912004180998e-01
1.623371539888081860e-01
1.124985572187108124e-01
9.056204708994021468e-02
4.337995403245093612e-02
2.827240778134014476e-02
2.334179685146410207e-02
1.905160773796564511e-02
1.493513558732076536e-02
1.137518625952632992e-02
8.313826617353288137e-03
5.899631728159532469e-03
4.030564313460391693e-03
2.680403673977137594e-03
1.731347908396970760e-03
1.106074525787875554e-03
7.210758740073498416e-04
5.593085207813789641e-04
5.947386620692665269e-04
3.482445490228509941e-04
8.806437039042494140e-04
1.085196325474245072e-03
4.229557977315248044e-04
7.813304181991585729e-04
7.061784173991815300e-04
9.567281014872124111e-04
4.286068434097123456e-04
6.078775523241807975e-04
-2.872155457222410040e-04
3.738867535791171623e-04
4.829659140893236241e-04
6.781950019893542457e-04
1.111000204197545600e-03
1.832480961644090359e-03
2.967538241794822045e-03
4.683098885158314822e-03
7.209050344743979724e-03
1.079235913805153511e-02
1.580455484476781663e-02
2.254614318477731957e-02
3.175232435596638675e-02
4.399822628232083477e-02
6.289061927671688035e-02
1.165576664154678865e-01
2.907448906968641555e-01
3.697914754152913930e-01
4.342075185878657151e-01
4.601098826876113268e-01
4.611876599028466028e-01
4.451443161608421017e-01
4.067502756728794133e-01
3.357202902560502134e-01
2.420782968348316466e-01
1.623371634970720845e-01
1.124985502581576507e-01
9.056195528007018880e-02
4.337991959136653503e-02
2.827239866590011003e-02
2.334179976645328961e-02
1.905160424072779510e-02
1.493512764664863511e-02
1.137518468901258656e-02
8.313831341719155402e-03
5.899638250734693876e-03
4.030560359010594562e-03
2.680396668122227068e-03
1.731383593321951650e-03
1.106352514429463120e-03
7.228290587712311822e-04
5.696091124049208754e-04
6.560426389896427922e-04
6.816477503925880881e-04
-1.844339497392232885e-04
6.560783691302056117e-04
9.979223184795193183e-06
7.501539540041711647e-04
-7.527989882924332942e-05
6.437228996053299002e-04
5.619308520486990472e-04
4.748031793703855565e-04
5.419967191402141676e-04
5.204884898563610354e-04
4.213304678604577660e-04
4.544917250363098081e-04
6.118812589332190419e-04
8.775072362987864456e-04
1.292996353518967387e-03
1.913866965602646197e-03
2.824623090389446426e-03
4.101964530348839975e-03
5.893454510172635268e-03
8.279029906701176195e-03
1.160486528166497153e-02
1.605630025435429362e-02
2.339575531676764408e-02
4.484945018136889811e-02
1.193253506563796695e-01
1.830003798921019387e-01
2.862107878009614859e-01
3.765321335293114191e-01
3.909779885119386567e-01
3.304623291886710779e-01
2.363055607671076530e-01
1.495425129092296801e-01
8.967546879493804024e-02
5.515830422367350855e-02
3.726034362904664249e-02
2.994274820225372238e-02
1.417342046208931380e-02
9.306616027410688496e-03
7.791103446262530145e-03
6.456698093158077904e-03
5.148906235029667572e-03
4.008468888906252699e-03
3.012106177176497070e-03
2.220641728504167342e-03
1.599210064438458907e-03
1.147087911909308458e-03
8.252704891747428316e-04
6.130279125026102949e-04
4.866538540614611785e-04
4.772118177456455669e-04
6.762210123966955026e-04
8.439118812463592290e-04
1.033612002185375114e-04
5.340867860682783083e-04
-9.153399864348654171e-05
7.189579979545170866e-04
9.968869711258208140e-05
7.093410619218931202e-04
2.360351621220964271e-04
8.813868835881462881e-04
5.912458800644640206e-04
5.149875095403118070e-04
4.186975658777493284e-04
4.538448444231734887e-04
6.117649166905126615e-04
8.774897557768750710e-04
1.292984917265552203e-03
1.913865931020446989e-03
2.824629912996847771e-03
4.101966246491570503e-03
5.893455013404760509e-03
8.279024284128425060e-03
1.160486018850650364e-02
1.605630646597324546e-02
2.339574316411360475e-02
4.484937867974113368e-02
1.193248756746226880e-01
1.830003156135256159e-01
2.862107731025700930e-01
3.765321252920897921e-01
3.909779844496197865e-01
3.304623255428260631e-01
2.363055688277180821e-01
1.495425246886250559e-01
8.967547650627002986e-02
5.515828983743045755e-02
3.726031322118793926e-02
2.994270302005569775e-02
1.417344690899410321e-02
9.306628183068628782e-03
7.791103455377815061e-03
6.456699687612448522e-03
5.148914110038585110e-03
4.008471289044536132e-03
3.012101941673979346e-03
2.220642601514666303e-03
1.599212239926473033e-03
1.147083803582346845e-03
8.252223332868717552e-04
6.125983338355863502e-04
4.839175991766998960e-04
4.620465811455912587e-04
5.973008587631101467e-04
5.445820988374379607e-04
-1.709651300637276649e-04
2.291038565153537374e-04
2.944276820145597280e-04
8.975554046854244614e-04
4.993689420974021858e-04
8.110456561721343530e-04
-1.592723756441409989e-04
9.595608333638560401e-04
4.884237095520397188e-04
4.996557367662546670e-04
4.170918368969760040e-04
4.537876301335673794e-04
6.117968183994144894e-04
8.774976083920274896e-04
1.292976035225768200e-03
1.913856214287371288e-03
2.824622168524805813e-03
4.101964863374395025e-03
5.893463429892053206e-03
8.279031496467833054e-03
1.160485651198614986e-02
1.605629301260987074e-02
2.339573187401961657e-02
4.484936987433824074e-02
1.193248763964174231e-01
1.830003214116301957e-01
2.862107759040719013e-01
3.765321265588201238e-01
3.909779818379851002e-01
3.304623280963751020e-01
2.363055646396294007e-01
1.495425183691888593e-01
8.967548439099604085e-02
5.515830469358364019e-02
3.726031211976193330e-02
2.994269086818696426e-02
1.417341407591175134e-02
9.306619877220992376e-03
7.791106129877785509e-03
6.456695348886465867e-03
5.148907892393203914e-03
4.008471113166205135e-03
3.012105596335647693e-03
2.220648783207250770e-03
1.599207424314825956e-03
1.147074618911350218e-03
8.252733758544793328e-04
6.130207722396849952e-04
4.865911741225277336e-04
4.770848213508250418e-04
6.760350320991398215e-04
8.358383913966892448e-04
2.903859688306033746e-05
2.364724516778504444e-04
-5.105991733975174764e-05
7.103106630165982420e-04
4.448156012691508311e-04
-1.560952800365578554e-04
2.767988617343055779e-04
-3.309858556973535403e-05
3.861697396276265689e-04
4.756259775015456094e-04
3.197620849767551982e-04
2.106702570701160764e-04
8.394827801026571784e-05
-1.277669871922639932e-04
-4.702794146679265029e-04
-1.001524557384247645e-03
-1.802298069627861774e-03
-2.960298111835909986e-03
-4.620662868254284648e-03
-6.897383107787810781e-03
-1.014206462998426539e-02
-1.463415496048833982e-02
-2.217973056373336374e-02
-4.401859759394786270e-02
-1.189973544684419099e-01
-1.817190508341456068e-01
-2.825973634981264193e-01
-3.732017840206710568e-01
-3.889205255301586006e-01
-3.285160765617085588e-01
-2.343834242026672787e-01
-1.486759876050808282e-01
-9.019737572332432729e-02
-5.651914951802924914e-02
-3.880758514659760072e-02
-3.136838335482317053e-02
-1.480914740011734544e-02
-9.590689176493541468e-03
-7.834305101597920790e-03
-6.284201342914338094e-03
-4.796170390178024212e-03
-3.513908186728631738e-03
-2.419326601613364883e-03
-1.562079049280839247e-03
-9.065486523841364804e-04
-4.376999705010425922e-04
-1.138497642017467380e-04
9.762490236189975967e-05
2.291947872841826989e-04
3.346583138525394911e-04
4.982418734284324059e-04
2.527400519979246252e-04
-8.784094884599949167e-05
-4.521080880740703371e-04
4.503907664056873428e-04
-8.525714395116582077e-05
2.799755945142679090e-05
7.995619734319273607e-04
6.157833586121637913e-04
3.349218749710126497e-04
1.092437772079445655e-04
4.405159724479335319e-04
3.152785646033178738e-04
2.100754938220941075e-04
8.387375275652082785e-05
-1.277784198363038468e-04
-4.702910678847811439e-04
-1.001525735334435558e-03
-1.802290755462813629e-03
-2.960296235653161762e-03
-4.620664494830953144e-03
-6.897391335641906741e-03
-1.014206988176178000e-02
-1.463414771266823011e-02
-2.217973683578088745e-02
-4.401862759877078063e-02
-1.189972563057721811e-01
-1.817190483444115212e-01
-2.825973497753616615e-01
-3.732017801968165460e-01
-3.889205260651840690e-01
-3.285160712279575623e-01
-2.343834184672713983e-01
-1.486759755686355433e-01
-9.019736576802818429e-02
-5.651915642565022435e-02
-3.880758566060375087e-02
-3.136822760166396024e-02
-1.480911294951670239e-02
-9.590679375841312457e-03
-7.834306134696126730e-03
-6.284199383889111333e-03
-4.796162026149864907e-03
-3.513904832675026572e-03
-2.419331012201219894e-03
-1.562079359256032980e-03
-9.065470815318162979e-04
-4.377041770246099459e-04
-1.138840202184286660e-04
9.729800454807014786e-05
2.268956197649935459e-04
3.195500696379232914e-04
3.940674255367832262e-04
-4.338433947919542277e-04
3.815104546522846227e-04
6.510220597364550560e-04
1.650217575793161244e-04
2.901924915259903627e-04
-1.829465200869102989e-04
3.406045889744955786e-04
5.182571632599141005e-04
4.159714802526653325e-04
3.127000016943025872e-04
4.742511700525184229e-04
3.208595820130521721e-04
2.110189564318223226e-04
8.403598307640682376e-05
-1.277562290495454721e-04
-4.702992633640015372e-04
-1.001534602197218194e-03
-1.802296518052796080e-03
-2.960297454553175670e-03
-4.620656563055144071e-03
-6.897383805548963458e-03
-1.014207250736151589e-02
-1.463415854924690444e-02
-2.217974874959456957e-02
-4.401865559390818333e-02
-1.189974904295960367e-01
-1.817190912578750817e-01
-2.825973628585682351e-01
-3.732017749969605003e-01
-3.889205295716224864e-01
-3.285160795277944912e-01
-2.343834201903619852e-01
-1.486759819257473803e-01
-9.019736384250484629e-02
-5.651915745491306597e-02
-3.880762323812118192e-02
-3.136839802544699046e-02
-1.480913772742993226e-02
-9.590678057833071715e-03
-7.834299998437035603e-03
-6.284204124133567840e-03
-4.796167681474859668e-03
-3.513905549294017282e-03
-2.419329491627402861e-03
-1.562072530180997698e-03
-9.065504560311719168e-04
-4.377139175151795571e-04
-1.138265870030599742e-04
9.781413642895688595e-05
2.306826524571869768e-04
3.461199481889599494e-04
5.864304885371806339e-04
8.605124982287539522e-04
-2.874178282339016986e-04
-1.081886866884164443e-04
4.372911954883277534e-04
5.799364136711705319e-04
9.518784230401834462e-05
8.505273084907280902e-04
6.862380194286908999e-04
1.870538689531515394e-05
1.665000089728209756e-04
4.368197762046187207e-04
2.205531106073490048e-04
-2.496282379583315698e-05
-4.235502801946451233e-04
-1.091753173506949254e-03
-2.156393737965343286e-03
-3.784530580652192486e-03
-6.203805979376267321e-03
-9.667652423328459629e-03
-1.454781859111975960e-02
-2.116776910775090143e-02
-3.026789186151557579e-02
-4.248401536225612091e-02
-6.138040681349175159e-02
-1.146510395218199169e-01
-2.850461762460765325e-01
-3.623941635805335570e-01
-4.289546209851349823e-01
-4.578080789747634993e-01
-4.603208392864570619e-01
-4.447604591394688223e-01
-4.062671056549140847e-01
-3.348874671857870466e-01
-2.417860933131990575e-01
-1.631869435575592220e-01
-1.139916608659658631e-01
-9.202173685947140358e-02
-4.400187619505986636e-02
-2.852502403393030600e-02
-2.334183227420773971e-02
-1.883302402204683340e-02
-1.454228026056262127e-02
-1.084826655485502354e-02
-7.697820082448532560e-03
-5.225864431584984100e-03
-3.329036107903392879e-03
-1.966896611971177822e-03
-1.019000002708475962e-03
-3.978103184113441267e-04
-1.496499072932420823e-05
2.121611220215325710e-04
3.844730273954501424e-04
-1.576168697810491218e-04
5.081745587260936203e-04
5.062716069936156133e-04
6.765133333729347323e-04
5.109335396181800912e-04
2.696266284467508257e-04
1.312972624549136507e-04
3.000433511012931672e-04
2.617318081851053376e-04
3.215574669824706349e-04
4.620626080380223926e-04
2.242674896332101154e-04
-2.444609852868430880e-05
-4.234803353026726216e-04
-1.091749372468073676e-03
-2.156403419430671063e-03
-3.784530446635121607e-03
-6.203797016091267685e-03
-9.667648639351506673e-03
-1.454782075468175236e-02
-2.116777809086634390e-02
-3.026789762321441604e-02
-4.248401274065068123e-02
-6.138041942428903996e-02
-1.146510790137827418e-01
-2.850462254161061360e-01
-3.623941793555436885e-01
-4.289546184098476100e-01
-4.578080805388697883e-01
-4.603208407972719796e-01
-4.447604575475956890e-01
-4.062671040544998391e-01
-3.348874569598113138e-01
-2.417860823977578677e-01
-1.631869448212416585e-01
-1.139916347005606595e-01
-9.202141827572163368e-02
-4.400184770055128036e-02
-2.852502181567958400e-02
-2.334183672997887371e-02
-1.883302469816523425e-02
-1.454227480917635699e-02
-1.084826358400593077e-02
-7.697823437788617329e-03
-5.225864146501818693e-03
-3.329034245824653414e-03
-1.966899092218388993e-03
-1.018999641959744511e-03
-3.978222396717730289e-04
-1.484325413709705283e-05
2.148851821736817388e-04
4.165738715910120892e-04
1.453197980225105497e-04
6.840578049904109861e-04
6.500242524107730782e-04
-1.497184443188760087e-04
5.427981132577945709e-04
2.463508657631189626e-04
1.074799421693231692e-04
6.903493388624655806e-04
4.232932615626696228e-04
6.250064521609612327e-04
5.192085351803391252e-04
2.342812008087170146e-04
-2.273509306431417093e-05
-4.232000394230604518e-04
-1.091712481249548132e-03
-2.156409757345485127e-03
-3.784537556585391201e-03
-6.203800571555794646e-03
-9.667649528394996541e-03
-1.454781391452271942e-02
-2.116777136789627783e-02
-3.026789916233091002e-02
-4.248401849036762684e-02
-6.138042262210480909e-02
-1.146510890306184915e-01
-2.850464177862272463e-01
-3.623942029643433815e-01
-4.289546189247424590e-01
-4.578080758127827110e-01
-4.603208399612966906e-01
-4.447604600185313672e-01
-4.062671060532727085e-01
-3.348874626885288697e-01
-2.417860815346474790e-01
-1.631869500921983018e-01
-1.139916910346900486e-01
-9.202167990191836844e-02
-4.400186029110651764e-02
-2.852501269081104962e-02
-2.334183026242634199e-02
-1.883303178700316410e-02
-1.454227949626854359e-02
-1.084826204647280391e-02
-7.697820341153435546e-03
-5.225854236701642057e-03
-3.329036189714289912e-03
-1.966912618323161683e-03
-1.018989986446456946e-03
-3.977735325740057578e-04
-1.481588376550881796e-05
2.129379979955517974e-04
3.873290079119283869e-04
-1.608796310954929514e-04
3.323679358766188480e-04
4.146902562768773259e-04
1.562096478429004273e-04
6.254505909646077585e-05
4.035592233235943209e-04
7.245064406178507773e-04
2.831438948603762521e-04
5.378386362898607623e-04
-2.368462870742471342e-04
3.665526721281816940e-04
1.277268160686838099e-04
-2.329967068036390440e-04
-8.690312677732807975e-04
-1.935995643589930081e-03
-3.625237881684869549e-03
-6.201327412923213385e-03
-9.999598852409960492e-03
-1.544093616004704912e-02
-2.301317026697508733e-02
-3.330919832904706557e-02
-4.706869473343804067e-02
-6.545657820465507204e-02
-9.228002704781408660e-02
-1.663292706602374216e-01
-3.876680033086414845e-01
-4.343790337696089021e-01
-4.624183843867362698e-01
-4.718385174683400463e-01
-4.713612315266765274e-01
-4.648522139891678173e-01
-4.505926229627458257e-01
-4.192953708040215166e-01
-3.561816408193192451e-01
-2.697653170671942546e-01
-1.951827538948216756e-01
-1.566628656594633850e-01
-7.417625752048692678e-02
-4.757681627883465075e-02
-3.852889352224694169e-02
-3.087742526357905443e-02
-2.375910112075022354e-02
-1.768203762379413554e-02
-1.256553312679546154e-02
-8.569197217568378863e-03
-5.525550271180102412e-03
-3.344160514454024621e-03
-1.830110499890206946e-03
-8.366712434637857930e-04
-2.204262055303948884e-04
1.476411377480184273e-04
4.890650246157464062e-04
3.976813650944800282e-04
1.106099986965658190e-04
7.349718070110910985e-05
7.613265785926945839e-04
8.230262334384011273e-04
-3.365599703537395810e-04
8.892335481150107784e-05
-7.745411136403499883e-05
6.552080069799606690e-04
2.823762192713471001e-04
4.296263222639589634e-04
1.351575728535247146e-04
-2.321298234945035175e-04
-8.689325909991534730e-04
-1.935991018111845761e-03
-3.625246407381332598e-03
-6.201327076843710616e-03
-9.999590927362481119e-03
-1.544093335652304069e-02
-2.301317499101367473e-02
-3.330920680959035401e-02
-4.706869567187192682e-02
-6.545657392767922911e-02
-9.228003788165718702e-02
-1.663293225738037007e-01
-3.876683208515900314e-01
-4.343790924082198135e-01
-4.624183878883810772e-01
-4.718385183215963452e-01
-4.713612321090358548e-01
-4.648522139175406132e-01
-4.505926237421402636e-01
-4.192953676076089931e-01
-3.561816373215889175e-01
-2.697653236560545453e-01
-1.951827321628008538e-01
-1.566626545695983808e-01
-7.417624986040574631e-02
-4.757682222925652821e-02
-3.852889826821199321e-02
-3.087742446591338827e-02
-2.375909554258653564e-02
-1.768203360921895631e-02
-1.256553510120180135e-02
-8.569197693527709839e-03
-5.525551154893872108e-03
-3.344165692775346276e-03
-1.830101697625908857e-03
-8.366007027372289288e-04
-2.198408576885910301e-04
1.521000384927504747e-04
5.211385263237435774e-04
5.838076216461013379e-04
-1.319691114041300816e-05
-1.581523764807579182e-04
-1.614567473596051177e-04
-1.301694341717025440e-04
6.698925813755744751e-04
4.987243661456950122e-04
-2.073164668736704003e-06
6.476742318403398875e-04
6.708656145658488217e-04
5.029354306692771859e-04
1.480013317790840864e-04
-2.299391184679649253e-04
-8.685777027134962674e-04
-1.935944251940863777e-03
-3.625250353631411480e-03
-6.201332169685561981e-03
-9.999593194810261002e-03
-1.544093561741780724e-02
-2.301317111759913075e-02
-3.330920205391619399e-02
-4.706869658497876002e-02
-6.545657442781607771e-02
-9.228003392222344781e-02
-1.663293162815361048e-01
-3.876683228974283635e-01
-4.343790987306675455e-01
-4.624183889759693744e-01
-4.718385172593384524e-01
-4.713612319927103500e-01
-4.648522146337061289e-01
-4.505926249108447856e-01
-4.192953702299245800e-01
-3.561816338017962935e-01
-2.697653233330190581e-01
-1.951827858516507197e-01
-1.566629101867587914e-01
-7.417626398790466702e-02
-4.757680959347204003e-02
-3.852888991506193267e-02
-3.087743161188042165e-02
-2.375909999211856319e-02
-1.768203345646408159e-02
-1.256553408246528607e-02
-8.569187039846800150e-03
-5.525552590658538987e-03
-3.344180340708498289e-03
-1.830116142221047994e-03
-8.367862804976267067e-04
-2.215132022869974334e-04
1.393404390796973283e-04
4.267741682720448343e-04
-1.303303431875909797e-05
-9.887768666545277861e-05
9.578161587334003448e-04
-2.635208845728268838e-05
1.697516392998959210e-04
1.455232476825162567e-04
6.397265190603929411e-04
7.493000006459778445e-05
6.852874755814648616e-04
2.893019605736803852e-04
4.244248401788488709e-04
6.773738173271495581e-05
-3.984993865717317320e-04
-1.227404037653683638e-03
-2.613434147548684625e-03
-4.794289128722220572e-03
-8.114331520152654256e-03
-1.297501490063669716e-02
-1.995170603941946383e-02
-2.956048677631687577e-02
-4.268042887859592460e-02
-5.982470310998225238e-02
-8.268239855054167198e-02
-1.144960248283549004e-01
-1.998916471440219944e-01
-4.393139370225025986e-01
-4.606195473446151878e-01
-4.719740644805430763e-01
-4.748919247334917326e-01
-4.736599740645426326e-01
-4.701443189074578921e-01
-4.634840742831477511e-01
-4.498660945709264669e-01
-4.186809622026139155e-01
-3.586299242849143587e-01
-2.807416566720348228e-01
-2.274904674408576299e-01
-1.055028550594712955e-01
-6.662550036100339801e-02
-5.317003301635659512e-02
-4.212669990722955893e-02
-3.216803902089574591e-02
-2.375768021649992887e-02
-1.681749491084446810e-02
-1.143517790099848365e-02
-7.387190961860537475e-03
-4.497150802280126120e-03
-2.503210376652109746e-03
-1.195397341821762688e-03
-3.842740931598027758e-04
9.058845592945501829e-05
4.752344435211101350e-04
1.540735250391796543e-04
1.167917943533454444e-04
3.609592034571648504e-04
-2.362749548257612033e-04
8.777655786271175431e-04
5.358509088481875054e-04
7.455720585564622064e-05
-2.382495820705805118e-04
5.879311867722523737e-04
-3.971804929544252337e-04
3.397922292479715737e-04
5.753734010836099772e-05
-3.997335421624151038e-04
-1.227552103041698464e-03
-2.613455812033552584e-03
-4.794297067882111706e-03
-8.114329987213741296e-03
-1.297500687060860330e-02
-1.995170222382351352e-02
-2.956049188543892828e-02
-4.268043570830062916e-02
-5.982470243861690018e-02
-8.268239915776054438e-02
-1.144960337722556315e-01
-1.998916653712471958e-01
-4.393140237891738908e-01
-4.606195693207616459e-01
-4.719740671383249597e-01
-4.748919261994812846e-01
-4.736599744243945587e-01
-4.701443185375602796e-01
-4.634840740831499550e-01
-4.498660922018718478e-01
-4.186809606351772350e-01
-3.586299366427414537e-01
-2.807416960862519351e-01
-2.274905690905161815e-01
-1.055028709293171774e-01
-6.662550963365676537e-02
-5.317003817541954974e-02
-4.212670029308249187e-02
-3.216803691513803187e-02
-2.375767702764374975e-02
-1.681749460493889639e-02
-1.143517715055385534e-02
-7.387192127346753692e-03
-4.497156355847573179e-03
-2.503209540999990629e-03
-1.195402833762209370e-03
-3.843099482607925839e-04
9.032472312742486741e-05
4.718009919228001122e-04
1.083477706612964139e-04
-6.512880337417032003e-05
5.993474639456615444e-05
6.331832106902297473e-04
3.567022032364028871e-04
-5.072812278876577975e-04
1.093126461933371799e-03
-4.230718666797067225e-05
7.331285240637024731e-04
7.691993994332177085e-05
4.206881304887849873e-04
7.120834639125634942e-05
-3.974330473351260409e-04
-1.227179768184149221e-03
-2.613405993023273487e-03
-4.794298760523351549e-03
-8.114332350514159506e-03
-1.297500653944337785e-02
-1.995170507571165583e-02
-2.956049075818538083e-02
-4.268043228524477650e-02
-5.982470365354047859e-02
-8.268239894876919238e-02
-1.144960320003913651e-01
-1.998916712803482654e-01
-4.393140889468037380e-01
-4.606195881067420839e-01
-4.719740690088558011e-01
-4.748919251264083208e-01
-4.736599743423302589e-01
-4.701443195025028499e-01
-4.634840763213667336e-01
-4.498660949692254718e-01
-4.186809580880580528e-01
-3.586299338190105379e-01
-2.807417247945591665e-01
-2.274907020040371208e-01
-1.055028799194143579e-01
-6.662549762475698800e-02
-5.317003393770818737e-02
-4.212671126604484312e-02
-3.216804034268894857e-02
-2.375767367313886755e-02
-1.681749046843520126e-02
-1.143516501410968104e-02
-7.387195625486338985e-03
-4.497171385115321038e-03
-2.503204640716294015e-03
-1.195401235297662229e-03
-3.845329067870007227e-04
8.781617829031441124e-05
4.483164445300695283e-04
-6.992093316122580322e-05
-3.166079417332731735e-06
7.100682730687506953e-05
4.978947682231637129e-04
6.962098857840831687e-04
1.719467875322295842e-04
-7.820877071404563744e-05
2.919402443972929579e-04
6.067365932380499108e-04
9.742704466272263130e-05
4.232518413728446360e-04
2.314298498547487316e-05
-5.212912863351291167e-04
-1.492485318856820497e-03
-3.109401787025029701e-03
-5.638694091529816363e-03
-9.478936080405932219e-03
-1.506636362233930611e-02
-2.308493197549217266e-02
-3.404007728026885865e-02
-4.900926712060781759e-02
-6.826231786265263279e-02
-9.377050632855329915e-02
-1.281758295787719937e-01
-2.183955699067950118e-01
-4.622888755737025179e-01
-4.697514513901863697e-01
-4.740275523396716983e-01
-4.748195164004720414e-01
-4.735362031476257894e-01
-4.713658595946416119e-01
-4.682093121431741278e-01
-4.623977347616338163e-01
-4.483163541131263696e-01
-4.159753781825158425e-01
-3.582745702962213952e-01
-3.028650558814327542e-01
-1.380037186451436582e-01
-8.557125566133422234e-02
-6.705848144180814874e-02
-5.230868601709035004e-02
-3.952575171826226696e-02
-2.887355056469183279e-02
-2.030513802697500939e-02
-1.372068380338955194e-02
-8.846327871129721493e-03
-5.384104374648125690e-03
-3.014247782754380690e-03
-1.461768624447563978e-03
-4.993970828547505698e-04
6.408955343705938039e-05
5.033498516339317188e-04
-7.526772616586680030e-05
-8.085537437815039927e-05
9.238864856901999288e-04
1.821445045622089589e-04
3.296408925935525322e-04
-2.873615741735917103e-05
8.920137841194708365e-04
-7.373512522392425901e-05
-9.754521557431256691e-05
2.177820115699663625e-04
4.301088218986378621e-04
2.262371890446881567e-05
-5.215590439866587148e-04
-1.492549928890500024e-03
-3.109416992816296885e-03
-5.638698436210032652e-03
-9.478933912490368138e-03
-1.506635690600933129e-02
-2.308492899052125291e-02
-3.404008567434764487e-02
-4.900927561321313103e-02
-6.826231492400666734e-02
-9.377050526032287836e-02
-1.281758330722240213e-01
-2.183955684266905561e-01
-4.622888597061128313e-01
-4.697514380575126269e-01
-4.740275498474881832e-01
-4.748195168204542571e-01
-4.735362033125822268e-01
-4.713658589948124256e-01
-4.682093111271416475e-01
-4.623977326389281384e-01
-4.483163533809194079e-01
-4.159753868254307263e-01
-3.582745946670162218e-01
-3.028651299955807952e-01
-1.380037256558916681e-01
-8.557126402233759810e-02
-6.705848765624826402e-02
-5.230868584273146160e-02
-3.952574994448596751e-02
-2.887354626515364550e-02
-2.030513568153154841e-02
-1.372068355766373551e-02
-8.846329913628251176e-03
-5.384109504314431999e-03
-3.014258636089496741e-03
-1.461865100602382454e-03
-4.999842502166742869e-04
6.101750802625793840e-05
4.889415503006955353e-04
-1.228209205067009940e-04
1.145341034934347268e-04
-2.993884426884866582e-04
8.696092388364059221e-05
4.881472460786582916e-04
1.960521464864268832e-04
2.570540517021816483e-04
2.048678726304166452e-04
2.141538094847673511e-04
3.667814845568800777e-04
4.741687799824757061e-04
3.223874191058559788e-05
-5.197025350663416355e-04
-1.492229457970736936e-03
-3.109374175103024347e-03
-5.638700148742197341e-03
-9.478934673543984099e-03
-1.506635437214513644e-02
-2.308493275885754870e-02
-3.404008699312269931e-02
-4.900927185767652711e-02
-6.826231418276157425e-02
-9.377050184436112878e-02
-1.281758302355641144e-01
-2.183955880903793445e-01
-4.622890149202847909e-01
-4.697514860509057755e-01
-4.740275552914172685e-01
-4.748195165213550673e-01
-4.735362033079658084e-01
-4.713658595012750196e-01
-4.682093124298949416e-01
-4.623977338839475038e-01
-4.483163514713601749e-01
-4.159753867776060376e-01
-3.582746182615909047e-01
-3.028651921338750275e-01
-1.380037313115754505e-01
-8.557125280275444668e-02
-6.705848389002896925e-02
-5.230869615339756723e-02
-3.952575241634746078e-02
-2.887354442492129011e-02
-2.030513408942208331e-02
-1.372067437348239299e-02
-8.846334961074084000e-03
-5.384120894545439510e-03
-3.014218430420824782e-03
-1.461524666846122011e-03
-4.975476541980430531e-04
7.774571321511401084e-05
6.059717459286081227e-04
6.267513151916347721e-04
3.660314471182303043e-04
8.648550565311929341e-05
5.462066062576395034e-04
7.003457481385787610e-04
3.083403734020062474e-04
6.581126814661516057e-04
1.426576476677671819e-04
2.609050503460916856e-04
-2.255647428570924193e-04
3.800386918728723847e-04
-2.011972667462344740e-05
-6.088009748955186410e-04
-1.669678889999463411e-03
-3.429690695358519458e-03
-6.168078525095157041e-03
-1.030817349172832853e-02
-1.629457099470263751e-02
-2.485267461954188475e-02
-3.645153230291631186e-02
-5.221689493938506260e-02
-7.221920301866030512e-02
-9.840542214592923331e-02
-1.329959978922020392e-01
-2.229328429967881720e-01
-4.660442516966381010e-01
-4.698375330801642935e-01
-4.729291329831938340e-01
-4.737302964744858347e-01
-4.730177490163797738e-01
-4.717918773620402573e-01
-4.702422933219039813e-01
-4.677655550971418497e-01
-4.615889132859049004e-01
-4.458625208494841896e-01
-4.124669660877458566e-01
-3.711947897641966754e-01
-1.694448759978896268e-01
-1.035567245551898552e-01
-7.971522754401146049e-02
-6.107873989687787747e-02
-4.560121204977606035e-02
-3.288295456653893278e-02
-2.294036624659789511e-02
-1.537817314405845633e-02
-9.876996507658428182e-03
-5.992871153780303904e-03
-3.358229365150218124e-03
-1.636332284169992983e-03
-5.709160981468149824e-04
6.228911093356916063e-05
6.244384659434495683e-04
4.927809112753678365e-04
-3.579715276587363035e-05
8.759437587817360234e-04
-3.445065258782377773e-04
4.710004902346024347e-04
1.968577901406914172e-04
-2.988299127836984196e-04
2.195107553415521270e-04
8.709420556822076076e-05
-8.971041281484702374e-05
3.887599887759975712e-04
-2.053759841877733703e-05
-6.091049950717518455e-04
-1.669755414703526925e-03
-3.429705932369202150e-03
-6.168079499524206644e-03
-1.030817175968785568e-02
-1.629456653058182838e-02
-2.485267058199298190e-02
-3.645153802237401791e-02
-5.221689871115002546e-02
-7.221919658531161801e-02
-9.840542487243307546e-02
-1.329960058994766048e-01
-2.229328449953714431e-01
-4.660442777166044492e-01
-4.698375426603946248e-01
-4.729291339148881113e-01
-4.737302972529407463e-01
-4.730177491701034187e-01
-4.717918770829533925e-01
-4.702422927609450354e-01
-4.677655540424710545e-01
-4.615889136047338637e-01
-4.458625273939541556e-01
-4.124669892062344245e-01
-3.711948432040771961e-01
-1.694448769452674142e-01
-1.035567304781621067e-01
-7.971523470427520353e-02
-6.107874240045742947e-02
-4.560121270249842262e-02
-3.288294768613941876e-02
-2.294035948134877378e-02
-1.537817310286253986e-02
-9.876999461649372397e-03
-5.992875186624779804e-03
-3.358252977304937003e-03
-1.636539725178174677e-03
-5.723257266474808405e-04
5.333743724371326270e-05
5.662007622556463997e-04
1.377471036816155334e-04
7.215002410002288070e-04
-9.911505744220712108e-05
5.276242528525992934e-04
-1.709479150637756089e-04
1.452752098666509613e-04
5.496987240143087327e-04
4.132479186539859939e-04
2.488769375356243100e-04
4.488651336285001442e-04
4.795777056691446659e-04
-5.906352409305370150e-06
-6.067582408893371169e-04
-1.669403523004677620e-03
-3.429664851304608207e-03
-6.168080206527130731e-03
-1.030816963475517448e-02
-1.629456069387572384e-02
-2.485267546028259097e-02
-3.645154454492836871e-02
-5.221689888155812281e-02
-7.221919764244112694e-02
-9.840542159950060874e-02
-1.329960024581239852e-01
-2.229328575675584012e-01
-4.660443602442338462e-01
-4.698375650627007460e-01
-4.729291355450697121e-01
-4.737302964661538884e-01
-4.730177491351615360e-01
-4.717918773909971497e-01
-4.702422936106184781e-01
-4.677655546789130647e-01
-4.615889123138451899e-01
-4.458625271870795825e-01
-4.124669991969566185e-01
-3.711948692831420482e-01
-1.694448769464214355e-01
-1.035567201051742492e-01
-7.971523549399565922e-02
-6.107875652670805705e-02
-4.560121473061702624e-02
-3.288294243104879222e-02
-2.294035492344078872e-02
-1.537816581362635646e-02
-9.877005825046275556e-03
-5.992884848410926120e-03
-3.358213321268275087e-03
-1.636198336863749735e-03
-5.699924928277782209e-04
6.822973795358273572e-05
6.627577989259180813e-04
7.045194499877197427e-04
8.798122392492471484e-04
6.221521558100954596e-04
1.073040058888660291e-04
8.177832464953665309e-04
4.784661382943548457e-04
4.108956985643518606e-04
4.301669315937071253e-04
9.654408223373858212e-04
2.250202177819311713e-04
4.066059649173667527e-04
-5.063822079823941154e-05
-6.649814040285293099e-04
-1.767388324327727597e-03
-3.588235735809832284e-03
-6.408024910439354994e-03
-1.064439961159320547e-02
-1.673184579175267597e-02
-2.535843719477823624e-02
-3.694767501701454182e-02
-5.249491090519611131e-02
-7.196065211285897212e-02
-9.697155334309634500e-02
-1.295913995351390680e-01
-2.153040812672346316e-01
-4.534666187002555637e-01
-4.623361342700875731e-01
-4.690271022644654786e-01
-4.716488463086371263e-01
-4.719749159527896754e-01
-4.716138275625854637e-01
-4.711966910094145811e-01
-4.705309425746159180e-01
-4.682469522655547944e-01
-4.613296591953759962e-01
-4.452162278375011994e-01
-4.227293315729163670e-01
-1.963696670014942469e-01
-1.188583391835329461e-01
-9.006651637666972243e-02
-6.781203328455938373e-02
-5.001864949487512535e-02
-3.560391938492041275e-02
-2.463345015396335019e-02
-1.637742299443720531e-02
-1.047012500510433042e-02
-6.325833292844829439e-03
-3.540097426279416575e-03
-1.726268332274784496e-03
-6.122748886074458720e-04
3.349318657478155009e-05
5.463530961307281253e-04
1.204668134176079230e-04
3.033540598674189476e-04
1.035015983412395377e-03
5.231005162930461600e-04
5.111686254511240476e-04
5.613425929823885000e-04
9.237554311945699124e-04
5.575312406996091145e-04
8.444429100671890787e-04
-3.097696625271723872e-04
3.291316066206554855e-04
-6.169134016765911251e-05
-6.666055794803726680e-04
-1.767622279522731944e-03
-3.588264617197481788e-03
-6.408021680441862433e-03
-1.064439644990528185e-02
-1.673184337092437080e-02
-2.535843447025374481e-02
-3.694768285421570764e-02
-5.249491617892166478e-02
-7.196064510460153940e-02
-9.697155450628444640e-02
-1.295914038302749260e-01
-2.153040771853211577e-01
-4.534666122897935692e-01
-4.623361308834836314e-01
-4.690271023726145239e-01
-4.716488470475843076e-01
-4.719749158232414699e-01
-4.716138272821199240e-01
-4.711966908007709232e-01
-4.705309422105345418e-01
-4.682469529304141842e-01
-4.613296620885595778e-01
-4.452162306288772187e-01
-4.227293324519252327e-01
-1.963696628296619784e-01
-1.188583438124096447e-01
-9.006652142180603116e-02
-6.781203331207623364e-02
-5.001864926676711370e-02
-3.560391239173788663e-02
-2.463344513382659251e-02
-1.637742734614958118e-02
-1.047012855729995834e-02
-6.325833831117799906e-03
-3.540121543266755606e-03
-1.726475172359957571e-03
-6.136083319476891415e-04
2.566299773195296045e-05
5.006342932709162506e-04
-1.061103089272975332e-04
-1.200131559195917496e-04
6.647716401830375309e-04
-3.485634489422488038e-05
1.656327190910375860e-04
-1.010515821978900957e-04
-3.751145303891923914e-05
-2.363223542083499524e-04
1.585168647595045486e-04
1.448789586290079930e-04
3.971150820309698754e-04
-5.145809542986590120e-05
-6.649997708086208097e-04
-1.767387811610333882e-03
-3.588239700040011648e-03
-6.408022210021743249e-03
-1.064439438528186864e-02
-1.673184002101773746e-02
-2.535844333178685975e-02
-3.694769051507452995e-02
-5.249491116364355531e-02
-7.196063933571572591e-02
-9.697154783607238315e-02
-1.295913999192764565e-01
-2.153040839378524141e-01
-4.534666430315419383e-01
-4.623361423517251545e-01
-4.690271020652357348e-01
-4.716488465797585850e-01
-4.719749161899722267e-01
-4.716138276778830130e-01
-4.711966913981538996e-01
-4.705309425142633062e-01
-4.682469518119748986e-01
-4.613296614557688136e-01
-4.452162359077688758e-01
-4.227293444490724528e-01
-1.963696638147437168e-01
-1.188583362030182916e-01
-9.006652161439028526e-02
-6.781204227852129229e-02
-5.001864553078545772e-02
-3.560390490376778155e-02
-2.463344295316687027e-02
-1.637742611820275015e-02
-1.047013558032567661e-02
-6.325841650876676790e-03
-3.540104023470273982e-03
-1.726331927019584796e-03
-6.129339272266177193e-04
2.735811796687982668e-05
4.917484650926677971e-04
-3.089756304224745473e-04
7.835181935071962442e-04
5.594325285039786921e-05
6.485326695367782911e-04
-9.389312329577489296e-05
6.304986309867857772e-04
3.509894938243254088e-04
3.922444283406827277e-05
9.508651403751654414e-04
1.596496967884910982e-04
3.631668687873440397e-04
-8.411713748992197552e-05
-6.925671723561354926e-04
-1.789235162705884053e-03
-3.592925916886998902e-03
-6.374691483995323024e-03
-1.052016304027750780e-02
-1.643791862730406908e-02
-2.471240164902771194e-02
-3.571571672604407360e-02
-5.017101421085547186e-02
-6.801482113292217635e-02
-9.031183990575095133e-02
-1.191380661285959264e-01
-1.967105176105361231e-01
-4.229579488039311719e-01
-4.452416245994723076e-01
-4.612469030675412363e-01
-4.681468787124491993e-01
-4.704612462917518445e-01
-4.711711952394779801e-01
-4.716434002904913991e-01
-4.720475681581157712e-01
-4.717509755231139579e-01
-4.691238764552423945e-01
-4.623663459325842995e-01
-4.533654424291380658e-01
-2.149195417764044602e-01
-1.292746372428615065e-01
-9.670486902848760002e-02
-7.175479984068293404e-02
-5.235267498676603182e-02
-3.685605527182281987e-02
-2.530490926949058306e-02
-1.670082090761305232e-02
-1.062539205449947004e-02
-6.391323190446768568e-03
-3.567717809602323313e-03
-1.737570040847277947e-03
-6.211009393499571660e-04
1.609217791769996950e-05
4.906547554126511421e-04
-7.322744618480884896e-05
-1.702084189170359962e-04
6.322267210919853319e-04
-2.191031914681249981e-04
5.926519993271628243e-04
4.446803428255179515e-04
2.194243680097283412e-04
3.228839816811973694e-04
-2.710467339874239360e-07
1.287187468502824068e-04
3.394682175615468993e-04
-9.003749767437213677e-05
-6.937568128347120985e-04
-1.789445795291478474e-03
-3.592954812024993887e-03
-6.374685197792432333e-03
-1.052015980197431623e-02
-1.643791888342079760e-02
-2.471240005328903880e-02
-3.571572470921922926e-02
-5.017101852341314394e-02
-6.801481354560054426e-02
-9.031184218519575091e-02
-1.191380712468383812e-01
-1.967105158563150213e-01
-4.229579630008383218e-01
-4.452416314352303783e-01
-4.612469055423464859e-01
-4.681468798156272482e-01
-4.704612458160364330e-01
-4.711711946334603551e-01
-4.716433999795336951e-01
-4.720475677749019217e-01
-4.717509762108912930e-01
-4.691238788164748819e-01
-4.623663482493526322e-01
-4.533654470533350356e-01
-2.149195401463074862e-01
-1.292746430376832401e-01
-9.670487584109967172e-02
-7.175480359479177728e-02
-5.235267806626166948e-02
-3.685604738784076240e-02
-2.530490105956132232e-02
-1.670082394482976310e-02
-1.062539379554995091e-02
-6.391321843858708759e-03
-3.567741274434756311e-03
-1.737742113548299255e-03
-6.221376294536881029e-04
1.042874150421163667e-05
4.613286239703161154e-04
-1.891028274177871651e-04
2.360334789141537988e-04
-1.309844693247041861e-04
-1.883114183237361450e-04
3.477265393519739706e-06
1.389817457834523716e-04
1.188301088138115844e-04
3.284759268184625817e-04
-9.112741516968226685e-05
-5.189566230036293673e-04
2.746492627045028106e-04
-9.526952401930558053e-05
-6.939621209383229489e-04
-1.789418905571082182e-03
-3.592950350369148761e-03
-6.374683524569138907e-03
-1.052015444642072535e-02
-1.643791273319466714e-02
-2.471240635478306330e-02
-3.571573336852663233e-02
-5.017101791752540813e-02
-6.801481187346078428e-02
-9.031183662875476303e-02
-1.191380658456907826e-01
-1.967105152248539712e-01
-4.229579384148162702e-01
-4.452416192366733250e-01
-4.612469007571240454e-01
-4.681468786529699999e-01
-4.704612461519326883e-01
-4.711711950817578654e-01
-4.716434002943793447e-01
-4.720475676191227543e-01
-4.717509751312680688e-01
-4.691238780076790182e-01
-4.623663475248375732e-01
-4.533654394385470132e-01
-2.149195372258407011e-01
-1.292746367368240168e-01
-9.670487827772816791e-02
-7.175481221996785064e-02
-5.235267329757032490e-02
-3.685603991043000932e-02
-2.530490060870393271e-02
-1.670082590881889761e-02
-1.062539831208615150e-02
-6.391325046047131170e-03
-3.567724350852297718e-03
-1.737574985454698505e-03
-6.210497455644043048e-04
1.693444862815941988e-05
5.014231378672482980e-04
3.586309865619487935e-05
-2.747319599505776964e-04
8.780623925467777541e-05
8.636093775938435534e-04
-2.203557733780765252e-05
-3.447420760841769772e-04
-2.617334433075901227e-04
-2.488312823306729226e-04
-5.787536374963408927e-05
-2.181774733167920203e-06
2.936148015524003927e-04
-1.112373897200561590e-04
-6.883195736005435356e-04
-1.733442841282073705e-03
-3.444824726607182818e-03
-6.075387841520386162e-03
-9.959317232220866317e-03
-1.546833686025305375e-02
-2.304352907907576339e-02
-3.301123983308040799e-02
-4.575801051156688087e-02
-6.127154440627897297e-02
-7.993508896121666318e-02
-1.038029052705957411e-01
-1.697710574758240776e-01
-3.716176515306689465e-01
-4.126284458439881675e-01
-4.458265792629919066e-01
-4.614884570427580379e-01
-4.676926322597290686e-01
-4.702201266376750399e-01
-4.718273201377625181e-01
-4.730865384423819098e-01
-4.738068041809695430e-01
-4.729751730765313633e-01
-4.697922217945155188e-01
-4.658737511145175647e-01
-2.224566568112431308e-01
-1.326421928988102683e-01
-9.813335955151854251e-02
-7.203082462612948877e-02
-5.210250869316986749e-02
-3.639353621996412741e-02
-2.483356783780122159e-02
-1.629857480437423359e-02
-1.032320426409964222e-02
-6.184865086974880750e-03
-3.441717425395533856e-03
-1.672235869269344654e-03
-5.980475706920919876e-04
1.246590374683154006e-05
4.763624307852674065e-04
4.840658609677118323e-05
5.791394420739226067e-04
2.710082978848576680e-04
-6.323578665259301694e-04
-1.937183728856562353e-05
1.090103751086595352e-04
-3.908950033689482313e-04
5.327449816772903812e-04
1.216245977985771733e-04
-3.669767247509245624e-04
2.337447455010766462e-04
-1.210327161685316666e-04
-6.899186148164770027e-04
-1.733698938214471271e-03
-3.444858892553460689e-03
-6.075380905601170459e-03
-9.959315935519835045e-03
-1.546834115499568819e-02
-2.304352899970730714e-02
-3.301124560179295730e-02
-4.575800995276832484e-02
-6.127153360136711885e-02
-7.993509132911187642e-02
-1.038029125390888957e-01
-1.697710611160881400e-01
-3.716176981654306100e-01
-4.126284659220368911e-01
-4.458265847035300933e-01
-4.614884588449373881e-01
-4.676926317901901609e-01
-4.702201258668171624e-01
-4.718273196732851171e-01
-4.730865382047065859e-01
-4.738068054624791636e-01
-4.729751770440638881e-01
-4.697922356237103081e-01
-4.658737824327548460e-01
-2.224566608863189632e-01
-1.326422013714338433e-01
-9.813336464042085594e-02
-7.203082294829529775e-02
-5.210250789304952945e-02
-3.639352906265073961e-02
-2.483356276316654385e-02
-1.629858059811073803e-02
-1.032320659359085846e-02
-6.184863768408265482e-03
-3.441740515882643018e-03
-1.672388552888503122e-03
-5.990375493536354620e-04
6.040555590239813104e-06
4.330889749752346997e-04
-2.355653971805883574e-04
1.752539074860286759e-04
2.285365880353140136e-04
6.660442685961978225e-05
3.558236864509392344e-04
-7.987972678787476832e-05
8.347984767077098588e-04
-2.281772582006348442e-04
-1.488063748480402467e-04
4.363605353311438375e-04
3.396728438967075697e-04
-1.069379539190799398e-04
-6.879805675880908220e-04
-1.733447631410885755e-03
-3.444833007579969648e-03
-6.075375157940298039e-03
-9.959311349872679645e-03
-1.546833936788812730e-02
-2.304353745986875701e-02
-3.301125366341748496e-02
-4.575800652611946434e-02
-6.127152763268962216e-02
-7.993508368262119967e-02
-1.038029080670339888e-01
-1.697710590135400877e-01
-3.716176352666671900e-01
-4.126284370539535784e-01
-4.458265756403814173e-01
-4.614884572637079629e-01
-4.676926325023026410e-01
-4.702201266705940408e-01
-4.718273201110393944e-01
-4.730865380213677973e-01
-4.738068046147014267e-01
-4.729751755428296955e-01
-4.697922243186551383e-01
-4.658737453036261855e-01
-2.224566511823695414e-01
-1.326421912820341664e-01
-9.813336443673729981e-02
-7.203082890910224301e-02
-5.210250357238103286e-02
-3.639352455394634367e-02
-2.483356566735673426e-02
-1.629858518948815171e-02
-1.032320823388994772e-02
-6.184862440276919261e-03
-3.441725179487745492e-03
-1.672230616460337015e-03
-5.978585756693241072e-04
1.437586049568556076e-05
4.930113075963324246e-04
1.576200365765688123e-04
2.849302356477448317e-04
6.592542763976185112e-04
5.435975572502720152e-04
2.702494943602301277e-04
-2.235633774062635766e-04
7.743347309337347655e-04
1.282847870400631877e-04
7.434556826409619490e-04
2.241414313254462196e-04
2.700490252855570301e-04
-1.215770694535735669e-04
-6.456754812499867612e-04
-1.592445629462602109e-03
-3.136095403016384356e-03
-5.502476629811009837e-03
-8.963311295007880819e-03
-1.384247516269707448e-02
-2.043341472947557066e-02
-2.901738332372492263e-02
-3.968380495408182357e-02
-5.248674317559450658e-02
-6.724643510711245109e-02
-8.577616567735317499e-02
-1.382902576186306742e-01
-3.034311161670005252e-01
-3.586885223662757416e-01
-4.161444128180895596e-01
-4.483058739873929111e-01
-4.623583954047951194e-01
-4.682073709747651136e-01
-4.714227515525507561e-01
-4.736244018639355069e-01
-4.748841295366523219e-01
-4.740093009782943012e-01
-4.695652310630629156e-01
-4.618966223971462393e-01
-2.177569533112397593e-01
-1.277840394047081995e-01
-9.351393777962486997e-02
-6.811726670204623635e-02
-4.894633997418754157e-02
-3.403440031411530259e-02
-2.311409679736169814e-02
-1.511488046647155650e-02
-9.534139162902693573e-03
-5.692595841122608143e-03
-3.155801503773541725e-03
-1.527735035035002794e-03
-5.433978717202541829e-04
1.008099302725794009e-05
3.982916499143129038e-04
-1.785442186810281640e-04
-1.431961140915274878e-04
2.063568157554327277e-04
6.695251861184451433e-05
4.677064108319913351e-04
6.341177705071520190e-05
1.972558211580721166e-04
-1.616133800117582661e-04
2.818176120415223510e-04
-1.421750547886910705e-05
2.215777875841571894e-04
-1.299693771949670892e-04
-6.470347378491220778e-04
-1.592657203436813329e-03
-3.136122529598767920e-03
-5.502468787937172048e-03
-8.963310889069511095e-03
-1.384247983901101993e-02
-2.043341287343336185e-02
-2.901738642194962720e-02
-3.968380359706309701e-02
-5.248673613249145442e-02
-6.724644175161446913e-02
-8.577617255774468152e-02
-1.382902504265315358e-01
-3.034310810997681851e-01
-3.586885149135476958e-01
-4.161444160166762329e-01
-4.483058764967839949e-01
-4.623583949250780756e-01
-4.682073702311889130e-01
-4.714227508927129606e-01
-4.736244014208908504e-01
-4.748841302500704242e-01
-4.740093015997902115e-01
-4.695652238254419686e-01
-4.618966092349398589e-01
-2.177569534439477983e-01
-1.277840477640256600e-01
-9.351394250473202274e-02
-6.811726655224682736e-02
-4.894634377324452029e-02
-3.403439836101683491e-02
-2.311409247414375479e-02
-1.511488351205902796e-02
-9.534139400203832382e-03
-5.692593160228834673e-03
-3.155813421172022973e-03
-1.527784456236323156e-03
-5.436005510196312762e-04
9.304677800327716176e-06
3.966409421578415140e-04
-1.859053067435612321e-04
7.985569199468608385e-04
1.650286180734144767e-04
3.432733187469863838e-04
5.039678593270686176e-04
5.043312179749604622e-04
1.358437332728237206e-04
-2.334405770012099827e-04
1.936983121490649658e-04
3.400719982538934373e-05
2.505466336963673357e-04
-1.236648103921923715e-04
-6.459188922453208042e-04
-1.592498732565069504e-03
-3.136106798840857662e-03
-5.502462495605557960e-03
-8.963306558041886016e-03
-1.384247826826386779e-02
-2.043341749916962116e-02
-2.901739226099894764e-02
-3.968380284464685659e-02
-5.248673272913278315e-02
-6.724643506333738419e-02
-8.577616952010855278e-02
-1.382902579677037225e-01
-3.034310990163445743e-01
-3.586885130419333323e-01
-4.161444088767662364e-01
-4.483058756472107498e-01
-4.623583961925181729e-01
-4.682073711018707174e-01
-4.714227514638952288e-01
-4.736244012886909882e-01
-4.748841299426072582e-01
-4.740093021047149247e-01
-4.695652233841145495e-01
-4.618966089752714610e-01
-2.177569535368644726e-01
-1.277840455491712768e-01
-9.351394701516943520e-02
-6.811726866606176989e-02
-4.894633442964923392e-02
-3.403439135778755370e-02
-2.311409493295182513e-02
-1.511488973665906822e-02
-9.534140300292155701e-03
-5.692590441965694054e-03
-3.155819497666740962e-03
-1.527830125350091404e-03
-5.439186095825608667e-04
7.406254297438406729e-06
3.858694444233701768e-04
-2.229271160319289537e-04
7.586038763476003364e-05
9.498792590213291694e-04
-3.392298666702226492e-04
3.768771076419619843e-04
-6.481040922972366265e-04
2.634997082848597374e-04
-1.567877702998097254e-04
2.023942034359492122e-04
1.273656169197276758e-04
1.808531387744652516e-04
-1.246582507131734595e-04
-5.608887828364567379e-04
-1.360415894394291069e-03
-2.662220088725141248e-03
-4.654369554009139126e-03
-7.542955781997667634e-03
-1.159318119523110834e-02
-1.697591346107905214e-02
-2.392131084720221929e-02
-3.233135095728613406e-02
-4.229249013282043029e-02
-5.332779630363178314e-02
-6.678479764167787047e-02
-1.057260460167501748e-01
-2.279868117332538302e-01
-2.812319095307442840e-01
-3.590423342164960618e-01
-4.188528769366658966e-01
-4.499157692584545565e-01
-4.635342232270116547e-01
-4.702407317213204707e-01
-4.737556382791524578e-01
-4.748898851396091692e-01
-4.717532442090048850e-01
-4.600179374480020122e-01
-4.383110918950826052e-01
-1.990509177812218866e-01
-1.141024455710539925e-01
-8.248783849983989946e-02
-5.976692182776337930e-02
-4.270503084576654507e-02
-2.963539792187421321e-02
-2.005032357927159434e-02
-1.308314753818118174e-02
-8.220032661282638403e-03
-4.891952505767885664e-03
-2.698158501111301306e-03
-1.296600864002919306e-03
-4.485525552540744467e-04
3.924548910851856674e-05
4.325063517598225866e-04
1.534369988694525501e-04
-3.059681440174463469e-04
-1.408710950620811590e-04
2.544803813140597169e-04
3.215037435064556365e-05
5.213554965481963710e-04
5.511451756755874221e-04
-3.188126439385743612e-04
4.449208481551474221e-04
-3.231847364861883476e-04
1.303205582727179975e-04
-1.299373175119316497e-04
-5.613982235369292632e-04
-1.360466091026314587e-03
-2.662223435481573999e-03
-4.654359426809382382e-03
-7.542956422097398667e-03
-1.159318871965398477e-02
-1.697591480884698412e-02
-2.392131398259074795e-02
-3.233134711495657537e-02
-4.229248226575721414e-02
-5.332780348924514441e-02
-6.678480442476120160e-02
-1.057260337390252547e-01
-2.279867430241669934e-01
-2.812318951308837023e-01
-3.590423354995551652e-01
-4.188528783459006810e-01
-4.499157675323958161e-01
-4.635342221625670112e-01
-4.702407310497219717e-01
-4.737556383499356150e-01
-4.748898869240705256e-01
-4.717532456200849711e-01
-4.600179397489572719e-01
-4.383111104374423639e-01
-1.990509244870326544e-01
-1.141024529108943392e-01
-8.248784115554126661e-02
-5.976692005665528579e-02
-4.270503379421510676e-02
-2.963539687557690053e-02
-2.005031858505451278e-02
-1.308314870862429743e-02
-8.220032872943126151e-03
-4.891949009465761979e-03
-2.698161731702326035e-03
-1.296596751435134288e-03
-4.483711813443915233e-04
4.128843964328350450e-05
4.505842575914548068e-04
2.856075913471396092e-04
-4.872044878895000469e-04
-2.212331825594907053e-04
3.650542671396950407e-04
3.900527091157393795e-04
1.754724330500551013e-06
1.305674190470566933e-05
-4.187832872310189090e-04
-1.360157667485003218e-04
1.213955709173199698e-04
1.767168081914968194e-04
-1.255301066477450777e-04
-5.610392888758928718e-04
-1.360458135881187098e-03
-2.662228011631469649e-03
-4.654352288089151114e-03
-7.542950969274419062e-03
-1.159318781055045794e-02
-1.697591796396955358e-02
-2.392131840064352574e-02
-3.233134660943685207e-02
-4.229247893984684759e-02
-5.332779877124875501e-02
-6.678480485452406579e-02
-1.057260430470039619e-01
-2.279867296655513076e-01
-2.812318810670365044e-01
-3.590423258258418904e-01
-4.188528794253946197e-01
-4.499157687818526874e-01
-4.635342218654903146e-01
-4.702407310799612272e-01
-4.737556377999755930e-01
-4.748898859529188110e-01
-4.717532498175919242e-01
-4.600179853945634001e-01
-4.383113410148247735e-01
-1.990509450343407594e-01
-1.141024507797635257e-01
-8.248784460432462273e-02
-5.976692111491981041e-02
-4.270502799196178312e-02
-2.963539409767772595e-02
-2.005032257940747922e-02
-1.308315643727550083e-02
-8.220032729175749675e-03
-4.891943690594838419e-03
-2.698186454168332703e-03
-1.296827708671347478e-03
-4.501073771067577050e-04
2.912901763858727499e-05
3.661205926236614050e-04
-2.319543819982932222e-04
-2.487735432664278678e-04
5.843122631937739975e-05
2.402215060870515413e-04
3.444597506639668349e-05
1.286353895287491449e-04
-2.070952952877810655e-04
4.197530710154810164e-04
1.272898756387514697e-04
-1.959674255916029370e-04
8.843228219234523888e-05
-1.046472349820513301e-04
-4.282778256669139824e-04
-1.036228687655201810e-03
-2.027299360121627165e-03
-3.542387294748491379e-03
-5.723456084458499252e-03
-8.767617641637772546e-03
-1.275879198767811140e-02
-1.786977775039141556e-02
-2.393120597888375584e-02
-3.103239667920378031e-02
-3.865490504608640882e-02
-4.768102445592092842e-02
-7.429664886895927245e-02
-1.569248061769519809e-01
-1.954603366574358958e-01
-2.701905140563539143e-01
-3.566292334767373617e-01
-4.196229123925453441e-01
-4.508218373598376627e-01
-4.650708889444567506e-01
-4.714996945447950116e-01
-4.716406934711578347e-01
-4.616692276427367680e-01
-4.328050926985980151e-01
-3.855559318308422467e-01
-1.653135778262689592e-01
-9.195112467291903513e-02
-6.538996088057966172e-02
-4.714945327666210384e-02
-3.346223696848462520e-02
-2.319936464896902792e-02
-1.563223328054850342e-02
-1.018382942106828282e-02
-6.369036147642612340e-03
-3.774188468978495296e-03
-2.064040408980486688e-03
-9.759418190746241241e-04
-3.154563382181848328e-04
7.803933296924789320e-05
4.455376429280801594e-04
3.820927026095004742e-04
6.779111760659933903e-04
4.206640090820527194e-04
3.941937440346978240e-04
1.790068992822975002e-04
3.781381220816363214e-05
2.072305551722376424e-04
2.005069962322058685e-04
4.526158564144078852e-04
7.020676494045810121e-04
2.186988199361966287e-04
-8.612965704606705109e-05
-4.256277846971047484e-04
-1.035869868006887096e-03
-2.027256577617072078e-03
-3.542375556677968863e-03
-5.723457986019641307e-03
-8.767625022801728632e-03
-1.275879174855201574e-02
-1.786977694592448498e-02
-2.393120030796212425e-02
-3.103239236746075172e-02
-3.865491625674869619e-02
-4.768103281417677280e-02
-7.429662815545169663e-02
-1.569246293226295441e-01
-1.954603007056418817e-01
-2.701905142935557835e-01
-3.566292329302608866e-01
-4.196229103048908504e-01
-4.508218369018827665e-01
-4.650708882817590761e-01
-4.714996950615291116e-01
-4.716406950225828232e-01
-4.616692270793368857e-01
-4.328051021819558919e-01
-3.855560184386965794e-01
-1.653135960479679978e-01
-9.195113419503446461e-02
-6.538996351511167093e-02
-4.714945326841264023e-02
-3.346224200809959359e-02
-2.319936559418002420e-02
-1.563222748368030268e-02
-1.018382832500401396e-02
-6.369035444621280219e-03
-3.774184001800025279e-03
-2.064051339332150393e-03
-9.760270358332166817e-04
-3.158950708646788273e-04
7.660539542966789432e-05
4.479935882858376785e-04
5.125901904535327697e-04
5.172266659662968499e-05
-1.026407534167260405e-04
5.269439330830795378e-07
-3.385639818810192575e-04
4.881321006955264695e-04
-1.893949301580458654e-04
-5.288344207478448212e-04
-2.736521304786796067e-04
-2.382833525351392868e-04
8.391635966148935314e-05
-1.051419785501702309e-04
-4.283363738224676910e-04
-1.036251179431557689e-03
-2.027303274878827430e-03
-3.542370129376557191e-03
-5.723451998849412962e-03
-8.767623453011874970e-03
-1.275879211810562047e-02
-1.786978062321257013e-02
-2.393120271025706361e-02
-3.103239075786140208e-02
-3.865491096724522208e-02
-4.768102907611742464e-02
-7.429662851464292894e-02
-1.569245882616467636e-01
-1.954602811938336016e-01
-2.701905012576928389e-01
-3.566292370468533424e-01
-4.196229125401449989e-01
-4.508218362033454274e-01
-4.650708887772537214e-01
-4.714996946351721063e-01
-4.716406948308032310e-01
-4.616692304067903652e-01
-4.328051039139892420e-01
-3.855560392153973281e-01
-1.653135889430705774e-01
-9.195113229706745883e-02
-6.538996954397707784e-02
-4.714945155523316694e-02
-3.346223462874078208e-02
-2.319936284071213647e-02
-1.563223121924610035e-02
-1.018383792844971408e-02
-6.369034907183102057e-03
-3.774174178902397602e-03
-2.064062140439419397e-03
-9.761430230072677032e-04
-3.168462288116125829e-04
6.889091652414797064e-05
3.845039191233995835e-04
2.473141645751025260e-05
3.074657010338416384e-04
-4.531264177520472405e-04
-1.050034836158955405e-05
-6.396606277048746351e-04
-1.252592172846141985e-04
-3.082423419186463035e-04
-1.915996895483332069e-04
-1.135437148790920873e-04
-4.203329013560503312e-04
2.552610976241281496e-06
-6.016166819535628688e-05
-2.513132903130627311e-04
-6.312348637893621349e-04
-1.255004054386594506e-03
-2.208252969451486060e-03
-3.573049278655081665e-03
-5.470310387547900818e-03
-7.933245779935369987e-03
-1.106815271693510974e-02
-1.473173034957371216e-02
-1.898398120321499738e-02
-2.344107422942202229e-02
-2.857533074834381001e-02
-4.402746504970230651e-02
-9.207254723829351450e-02
-1.140108682391196837e-01
-1.633184146268731596e-01
-2.421540250224087920e-01
-3.355980901402259575e-01
-4.070408494788119724e-01
-4.453457037611729952e-01
-4.603797355477530218e-01
-4.566702896653792587e-01
-4.262660815203274667e-01
-3.586969397195639564e-01
-2.820366545248667589e-01
-1.137233683503760806e-01
-6.124864040609589999e-02
-4.263785632543446585e-02
-3.055002759247577721e-02
-2.149376790228157627e-02
-1.487700112517915257e-02
-9.974132129774132549e-03
-6.479737508061824552e-03
-4.024776901998597216e-03
-2.363417909119078231e-03
-1.267711786783639466e-03
-5.726513224799757501e-04
-1.499200185012639715e-04
1.104506653220018928e-04
3.906353290804579956e-04
4.989834389021334310e-04
-2.441933321000396050e-04
5.565751653216472307e-04
-1.673821000914281379e-04
3.444460295266556856e-04
2.032307157353498031e-04
2.544905564451001322e-04
1.269822399549320211e-04
3.495868395518237693e-04
7.701210428813968871e-05
9.426054743306886915e-05
-4.477075879619592724e-05
-2.488305031527627957e-04
-6.308650975673554383e-04
-1.254955636295798475e-03
-2.208240870694854526e-03
-3.573051507565680723e-03
-5.470319249240381335e-03
-7.933247810015638807e-03
-1.106815151153078304e-02
-1.473172429184883662e-02
-1.898397862445969780e-02
-2.344108708588154774e-02
-2.857534995871284511e-02
-4.402748948795470740e-02
-9.207257646872461787e-02
-1.140108518097137646e-01
-1.633184098278333274e-01
-2.421540219852114650e-01
-3.355980857958702490e-01
-4.070408483325788640e-01
-4.453457010106494085e-01
-4.603797370953614521e-01
-4.566702944461014657e-01
-4.262660775014780468e-01
-3.586969106897621717e-01
-2.820364101078050023e-01
-1.137233556720993188e-01
-6.124864072033159995e-02
-4.263785508987013445e-02
-3.055002919591802424e-02
-2.149377501260233206e-02
-1.487700395196366043e-02
-9.974127157472043384e-03
-6.479736151079764847e-03
-4.024775759807477753e-03
-2.363413536461034855e-03
-1.267741225970662067e-03
-5.729255740642478058e-04
-1.520199825695268904e-04
9.518456976104466144e-05
2.781930349426453867e-04
-2.536630397366354778e-04
4.419159181482785158e-04
9.592450019991301995e-04
5.974430414011819675e-05
5.320641453790617148e-04
8.165931757060829090e-05
5.675293154884242242e-04
6.194918979763540910e-04
5.089520744189232962e-04
-3.090142946619214696e-04
1.557639448478727515e-05
-5.862689778191389233e-05
-2.511277064098566317e-04
-6.312220870013107461e-04
-1.255001939242249677e-03
-2.208236475747936845e-03
-3.573047578527228929e-03
-5.470318881595599529e-03
-7.933246546899913945e-03
-1.106815371938412070e-02
-1.473172638992487592e-02
-1.898397486032136691e-02
-2.344107856756337538e-02
-2.857533829929143065e-02
-4.402746409299435060e-02
-9.207248680441332267e-02
-1.140108387043459320e-01
-1.633184068439975101e-01
-2.421540332627667158e-01
-3.355980928054391188e-01
-4.070408478308818467e-01
-4.453457020893871188e-01
-4.603797357492138698e-01
-4.566702943016036631e-01
-4.262660864370435565e-01
-3.586969113896796291e-01
-2.820363972033351208e-01
-1.137233337295365104e-01
-6.124863520832540820e-02
-4.263785814750217090e-02
-3.055002269384518229e-02
-2.149376760343113882e-02
-1.487700346491347553e-02
-9.974133175327169060e-03
-6.479749281982036604e-03
-4.024775199798630299e-03
-2.363398461832877558e-03
-1.267713731978354188e-03
-5.726715020184650669e-04
-1.499434879289801082e-04
1.109524204528766479e-04
3.998113171430925741e-04
6.146613143011797706e-04
-3.794843189072384811e-04
4.634599805114341395e-04
1.555745110537391611e-04
3.703188512173688496e-04
-8.868231777474412940e-05
1.902642594100546823e-04
2.081154479368589735e-04
3.542077158588567221e-04
-9.370355299406362033e-05
6.525128990401385626e-05
3.332367012378911378e-05
-3.572291110871345316e-05
-1.686840804764188500e-04
-3.886766513522887999e-04
-7.237876354158707861e-04
-1.200358704480533048e-03
-1.858551806288085513e-03
-2.705361422701653071e-03
-3.776354772144841550e-03
-5.014274085638568274e-03
-6.441118023580099695e-03
-7.911871744641909773e-03
-9.581810398519380323e-03
-1.471119070702056088e-02
-3.113893528328968638e-02
-3.852691227868276780e-02
-5.633207191145355591e-02
-9.032891039943080624e-02
-1.495365601255927157e-01
-2.362413632679842834e-01
-3.308090243101189376e-01
-3.887263179890788067e-01
-3.673785571544084805e-01
-2.755837190517123614e-01
-1.773054537277616027e-01
-1.168337400477352794e-01
-4.367497450597734171e-02
-2.243899703830960421e-02
-1.511270193688840462e-02
-1.068978934045011070e-02
-7.434268105821114844e-03
-5.116769536541429519e-03
-3.396746282013601240e-03
-2.178930022340005209e-03
-1.319722815093423698e-03
-7.382931239682788936e-04
-3.532709772364605195e-04
-1.086216236673187595e-04
3.981089946234777672e-05
1.334716743653605064e-04
2.246390063456166610e-04
5.618680228113594177e-05
-4.144883213985860692e-05
5.343243530117801560e-04
-5.863706119819382548e-05
3.768121157227081867e-04
-4.329335712780028054e-05
8.338150722514056081e-04
4.660669467411681613e-04
-2.496366021666562396e-04
9.867129222388678960e-05
9.878900164737476077e-05
3.940181223636793773e-05
-3.461532649759587274e-05
-1.684966945107828622e-04
-3.886477930648082630e-04
-7.237779468720632794e-04
-1.200360874074123769e-03
-1.858559746374968420e-03
-2.705362146914101328e-03
-3.776350518304469588e-03
-5.014267387067429527e-03
-6.441118281204633381e-03
-7.911884878116153680e-03
-9.581826778031937372e-03
-1.471120683076682957e-02
-3.113881511220563045e-02
-3.852688264863293049e-02
-5.633206470115614123e-02
-9.032890666878327923e-02
-1.495365536288099928e-01
-2.362413635337160811e-01
-3.308090162612687957e-01
-3.887263164635732515e-01
-3.673785597167386618e-01
-2.755837028209905393e-01
-1.773054098965753389e-01
-1.168334589719833561e-01
-4.367494964882571301e-02
-2.243898864570357046e-02
-1.511269607530640359e-02
-1.068979067690779307e-02
-7.434275098101196175e-03
-5.116772321476945225e-03
-3.396741858803353515e-03
-2.178928723396500369e-03
-1.319721351160455143e-03
-7.382873236101275332e-04
-3.532795945905890214e-04
-1.086916110780171874e-04
3.926906295073594573e-05
1.291806297700849647e-04
1.903925947964839598e-04
-1.986461630558188150e-04
7.903778749244308498e-04
-5.015916036056827456e-05
-7.032432459886826456e-05
-8.393642188550154047e-05
-1.093874161417137682e-04
-3.081901007871994027e-04
-2.552149175597719501e-04
-8.373369874744470111e-07
-1.532369665045928652e-04
5.614303353064283578e-05
3.242170431053986886e-05
-3.576478328367056867e-05
-1.686818807747368968e-04
-3.886721687518227453e-04
-7.237720401620301907e-04
-1.200357047717352625e-03
-1.858557672712160330e-03
-2.705357735308551708e-03
-3.776352791899741275e-03
-5.014273259117676615e-03
-6.441117735332840301e-03
-7.911879518403103564e-03
-9.581820824872508413e-03
-1.471119613853174440e-02
-3.113886338108809090e-02
-3.852687305973020310e-02
-5.633206233123734530e-02
-9.032891965420937475e-02
-1.495365654283367651e-01
-2.362413657866840877e-01
-3.308090169873665887e-01
-3.887263128917188837e-01
-3.673785637231878898e-01
-2.755837254100367284e-01
-1.773054525800522307e-01
-1.168337832110372954e-01
-4.367497359719123284e-02
-2.243899990439938985e-02
-1.511270520342237848e-02
-1.068978451697350993e-02
-7.434268424812802943e-03
-5.116772241507092436e-03
-3.396747531362644297e-03
-2.178941522155958006e-03
-1.319718012472630240e-03
-7.382703287441534992e-04
-3.532591144693673349e-04
-1.085162735130744828e-04
4.053832957278077253e-05
1.374814652820931075e-04
2.450795889491587452e-04
1.330970246107572152e-04
7.700440451191444251e-04
-4.191503675976151859e-04
-6.238381868389571063e-04
3.209627950366543436e-04
8.258911526913302939e-05
6.453608078808691778e-04
-1.682785079518337292e-04
4.927289906012566247e-05
1.942319019312308502e-04
1.373940213066094371e-04
1.439359621808348544e-04
1.958211198147437597e-04
3.156533083490889869e-04
5.117809636233308515e-04
8.145204624291261337e-04
1.251268510162426451e-03
1.864465460051941683e-03
2.663723810338111501e-03
3.687312989669610901e-03
4.882367469187398439e-03
6.271778806837166077e-03
7.714376363851826492e-03
9.357453673761359156e-03
1.437108765357611277e-02
3.040989314136135699e-02
3.775620527128430159e-02
5.541724083958597669e-02
8.934553242913288729e-02
1.486544929677997839e-01
2.357747454517833963e-01
3.307491370492502414e-01
3.887809835805794423e-01
3.674311822867240007e-01
2.756179746779282569e-01
1.772861919651614604e-01
1.167776387849742692e-01
4.367004206742237243e-02
2.245612096979372058e-02
1.514583982534629079e-02
1.074326892157557306e-02
7.512024197976339274e-03
5.223630044460227106e-03
3.534564673697023537e-03
2.349147821574229435e-03
1.520309362987506876e-03
9.669226563661629690e-04
6.052664338649831402e-04
3.793004531354756521e-04
2.443932872551066128e-04
1.775875424222643777e-04
1.210026967583835108e-04
-3.098574163158277026e-04
6.549963315665967983e-04
4.949857153632144981e-04
1.963545521856516793e-04
5.029622120381770827e-04
7.207138330573209300e-05
-3.594866281494738456e-06
5.186714760563273423e-04
5.031105547102348577e-04
-1.958178694438920031e-04
9.700119328179406821e-05
1.407849053806422830e-04
1.957740647463329555e-04
3.157022235986036156e-04
5.117958122127234033e-04
8.145286245721263495e-04
1.251267157013619038e-03
1.864458126559336839e-03
2.663721991964400349e-03
3.687316978783161236e-03
4.882373537687412571e-03
6.271777359970947228e-03
7.714367853313191560e-03
9.357450203016754245e-03
1.437108218608214132e-02
3.040977576870984925e-02
3.775619343837922914e-02
5.541723177744017903e-02
8.934552945479692920e-02
1.486544986767835974e-01
2.357747473663445448e-01
3.307491329797062063e-01
3.887809861826448943e-01
3.674311743233975580e-01
2.756179664698800158e-01
1.772861812810998805e-01
1.167774664486197489e-01
4.367002457795245152e-02
2.245612446045214955e-02
1.514584638723476956e-02
1.074326676827823748e-02
7.512017458897570291e-03
5.223627130174502038e-03
3.534568216360547185e-03
2.349149723264877705e-03
1.520311707347315805e-03
9.669303542406010050e-04
6.052938445385384067e-04
3.795743434699037043e-04
2.465807908160747215e-04
1.938131313511177632e-04
2.421483410079281395e-04
5.155663379123780546e-04
-2.576144777890146008e-04
-1.150395073320534641e-04
1.626294686598856571e-04
-3.249723939063220348e-04
3.233345909293574671e-04
-6.278914408643512064e-04
1.856598111797556558e-04
-2.934699199070732369e-04
-3.309728934904389590e-05
1.247476005920883542e-04
1.445799022210531427e-04
1.962069011456117292e-04
3.157317754613206211e-04
5.117949480476733379e-04
8.145340288609665726e-04
1.251269184611930726e-03
1.864459861245937582e-03
2.663727402938229506e-03
3.687314721269150004e-03
4.882366579454374203e-03
6.271777889771782376e-03
7.714370569769584719e-03
9.357444456981727984e-03
1.437107264786121469e-02
3.040988571714199964e-02
3.775623316963434145e-02
5.541724348504238618e-02
8.934552110524990320e-02
1.486544927015272521e-01
2.357747446714344164e-01
3.307491371590613460e-01
3.887809862493686874e-01
3.674311764509658462e-01
2.756179620113677897e-01
1.772861690801828538e-01
1.167774562999399079e-01
4.367002361095669027e-02
2.245611580167990520e-02
1.514583877810881697e-02
1.074327475390991424e-02
7.512023044456276819e-03
5.223624746456450967e-03
3.534560604689600434e-03
2.349137220429127915e-03
1.520316987176349851e-03
9.669456849575691583e-04
6.052906349580033582e-04
3.795284632198900332e-04
2.460024453980790352e-04
1.874689957360722783e-04
1.803699992925180849e-04
-2.639822273419448092e-06
-4.212564650002894196e-04
1.050518618765099881e-04
6.790555861554019389e-06
5.992254473218402641e-04
5.540128689983889751e-04
1.278938035825763118e-04
4.922026585429795488e-04
3.105266133879177031e-04
-8.251286106394230106e-05
1.713181203848520456e-04
2.493782463210674079e-04
4.184366411448849619e-04
7.814758405178010925e-04
1.379884913097911793e-03
2.300078367802417100e-03
3.624439160082993869e-03
5.475678689941762024e-03
7.889467506393512894e-03
1.097479406236157896e-02
1.459284018726611856e-02
1.880499955645674459e-02
2.323102459957929189e-02
2.833496908480589299e-02
4.366167529226848421e-02
9.130133588397007505e-02
1.132039443514207405e-01
1.624918363373728525e-01
2.415963902352708803e-01
3.355128570272477573e-01
4.072133684791834907e-01
4.454952836086336632e-01
4.604594066390891860e-01
4.567253816172878733e-01
4.263290821758373150e-01
3.587230630857297653e-01
2.820040716017421789e-01
1.137120647687924757e-01
6.125897357180792174e-02
4.266439550260089919e-02
3.059801185087518069e-02
2.156759709740923778e-02
1.498120531621595190e-02
1.011068643547496579e-02
6.649463228433622267e-03
4.225661602055871650e-03
2.592642719376993775e-03
1.520812911023807466e-03
8.457482403280101044e-04
4.432569547317735106e-04
2.407485487237970246e-04
1.440615484892238086e-04
-2.200398237712850301e-05
-7.591443383169564347e-05
3.421212806653726427e-04
2.520867616130923611e-04
-4.065196780136963906e-04
-1.715704309365442739e-04
-5.808846198755489385e-04
7.464406292225308657e-04
2.511887753968359942e-04
3.325815769505335515e-04
2.348068601813150667e-04
2.593089325449708009e-04
4.200398026218063463e-04
7.817257611233672816e-04
1.379919683204869699e-03
2.300085069076675693e-03
3.624437361785544116e-03
5.475672303647188995e-03
7.889465511046902732e-03
1.097479884500519344e-02
1.459284698595748712e-02
1.880499784020362233e-02
2.323101864539536821e-02
2.833497234559294309e-02
4.366167518193617841e-02
9.130111500474280550e-02
1.132039037619003152e-01
1.624918239139878373e-01
2.415963869406604625e-01
3.355128584995544783e-01
4.072133684364357964e-01
4.454952821662243601e-01
4.604594093616909967e-01
4.567253811295939325e-01
4.263290749284699421e-01
3.587230314377620743e-01
2.820038543433020517e-01
1.137120398994771325e-01
6.125897770316028612e-02
4.266440259676546748e-02
3.059800913032351133e-02
2.156758955652478271e-02
1.498120001449939481e-02
1.011068745448992501e-02
6.649465626383400246e-03
4.225664742058310268e-03
2.592648841092613007e-03
1.520831471956792490e-03
8.459202635444529762e-04
4.445115622229687288e-04
2.495767381085276372e-04
2.094203111857043586e-04
4.668857731185095325e-04
-3.566756164707339267e-04
7.027392748933736298e-06
-3.561581290379423601e-04
5.252126925442118094e-04
-4.088832762359270582e-04
6.645639925474715803e-04
-2.822868882730750838e-05
8.358330325731401131e-05
9.961200788348757718e-04
3.119481428296694129e-04
2.674159487956047593e-04
4.207783269767593234e-04
7.817667373463308388e-04
1.379917479336593674e-03
2.300089011887297523e-03
3.624439249271985998e-03
5.475674862601651385e-03
7.889472259695976333e-03
1.097479749015432653e-02
1.459283964337293113e-02
1.880499747137002672e-02
2.323101887876910174e-02
2.833495927139064591e-02
4.366164954945086357e-02
9.130117510305492401e-02
1.132039491868944009e-01
1.624918367810044284e-01
2.415963812422477486e-01
3.355128545512428007e-01
4.072133640886831385e-01
4.454952814566136565e-01
4.604594085326514930e-01
4.567253825618208807e-01
4.263290806707683012e-01
3.587230506762968951e-01
2.820039891740857563e-01
1.137120576866929439e-01
6.125896910424711433e-02
4.266439325860841431e-02
3.059801682792328073e-02
2.156759510284675732e-02
1.498119765359660904e-02
1.011068082180336530e-02
6.649455692672265328e-03
4.225670652949100117e-03
2.592662331184998614e-03
1.520836249119696679e-03
8.459822410942686869e-04
4.450534002616618099e-04
2.535426523847200773e-04
2.390651025950578856e-04
6.563643951001383627e-04
1.917901882822064272e-04
-1.646119107566228960e-04
8.116121410695947478e-05
5.534825349628125441e-04
7.372719509439882224e-04
7.999805936948952421e-05
3.669427322713492276e-04
-2.264913627948286946e-05
3.316903248714613201e-04
2.120844422878545858e-04
3.272069814983728894e-04
6.072178466347710355e-04
1.191966863306319260e-03
2.155561753990495755e-03
3.636529813762175590e-03
5.776047165865262796e-03
8.772206852188562179e-03
1.271112795201733564e-02
1.776818963697898712e-02
2.377876410343248217e-02
3.083438124187140236e-02
3.842015111863240906e-02
4.740999570295011817e-02
7.388761419667849717e-02
1.561008902562701361e-01
1.946939474073230147e-01
2.697076285762878278e-01
3.566623487548775673e-01
4.198974233721745608e-01
4.510447788763556898e-01
4.651958450595823913e-01
4.715606414117815559e-01
4.716823462072549100e-01
4.617234780995879140e-01
4.328545301275276702e-01
3.855653712819413492e-01
1.652986709661570797e-01
9.195290698008441732e-02
6.540689653999866293e-02
4.718909663253618297e-02
3.352993266684375223e-02
2.329954151523665196e-02
1.576700249605858528e-02
1.035315315979585225e-02
6.570855228701005628e-03
4.004884038907834641e-03
2.319105439495020796e-03
1.251137735095621348e-03
6.125097141885542298e-04
2.881427676285111235e-04
1.864401246760833786e-04
7.949802251205877884e-04
4.639008233775411701e-04
4.854097474830721976e-04
5.534874765193519399e-04
6.557232436529147760e-04
6.063691217781915291e-04
4.798309398831518218e-04
1.998577656091444761e-04
-2.008846855156226705e-04
7.571255931304079470e-04
2.958434999956704699e-04
3.418982326766246971e-04
6.096836633696088885e-04
1.192350723068299687e-03
2.155613044553180389e-03
3.636536323163202036e-03
5.776046065776261999e-03
8.772202127570584082e-03
1.271112590205416074e-02
1.776819460737519632e-02
2.377877063284887862e-02
3.083437873569027168e-02
3.842014609803453412e-02
4.741000004741796614e-02
7.388761522306304397e-02
1.561007753134598941e-01
1.946939149408434544e-01
2.697076217113467123e-01
3.566623487522909697e-01
4.198974269815342053e-01
4.510447817558880246e-01
4.651958454549880440e-01
4.715606427992709571e-01
4.716823453649298115e-01
4.617234726470804129e-01
4.328545186159372116e-01
3.855653253401064018e-01
1.652986591294568486e-01
9.195291168676356097e-02
6.540690434804427578e-02
4.718909626147687469e-02
3.352992719510248382e-02
2.329953588157999619e-02
1.576700318744079718e-02
1.035315757589755706e-02
6.570858621040087146e-03
4.004885029395150939e-03
2.319093177097262572e-03
1.251019637373919835e-03
6.111893324326538252e-04
2.749049139575061081e-04
6.094032008621388447e-05
-2.782037473586264614e-04
-3.255967095782239147e-04
3.167696486766233234e-04
-6.515746851597888827e-05
4.635880630573200201e-04
7.003871101814621134e-05
3.190481402204343835e-04
-2.956689473381401870e-04
-1.840026340260661773e-05
-1.680184891044311129e-04
1.624578184678441379e-04
3.229285251639985466e-04
6.069412889567075758e-04
1.191963090809385712e-03
2.155565998883367859e-03
3.636537342379190119e-03
5.776048941824379543e-03
8.772205144890602921e-03
1.271113225287398563e-02
1.776819297597140995e-02
2.377876255489609278e-02
3.083437727558147393e-02
3.842014699076186368e-02
4.740999430308662221e-02
7.388761352155298612e-02
1.561008886422989017e-01
1.946939562947352376e-01
2.697076277087809282e-01
3.566623479058125823e-01
4.198974269118329050e-01
4.510447790245721844e-01
4.651958438812499597e-01
4.715606415900845394e-01
4.716823465894257605e-01
4.617234778198942569e-01
4.328545356147310841e-01
3.855654136125222786e-01
1.652986668022651540e-01
9.195290000600737923e-02
6.540689651524082826e-02
4.718910562554588101e-02
3.352993225027808832e-02
2.329953235833901598e-02
1.576699801285194602e-02
1.035315136092961746e-02
6.570864816582765860e-03
4.004896828156221528e-03
2.319099837479911188e-03
1.251096881419876475e-03
6.119865605940911319e-04
2.822318513977575545e-04
1.277143079771756807e-04
2.847879771495032348e-04
4.582571711304665415e-05
5.944424093622841269e-04
-1.749537742574848031e-04
2.758962307742943978e-04
-4.046838458861334105e-04
1.500018652469920584e-04
-1.605741712151560372e-04
5.100653354524976781e-04
5.154571146155935272e-05
1.615305252650557687e-04
3.671106105664890509e-04
7.497507584358223745e-04
1.522378070394958972e-03
2.795319924225343929e-03
4.752302769654623803e-03
7.597876443351970523e-03
1.159726258782240935e-02
1.692325645244198429e-02
2.380833995374401213e-02
3.215966832701742245e-02
4.206745058336375936e-02
5.305909374701339720e-02
6.647744559439189294e-02
1.052867264824305787e-01
2.272601179735277699e-01
2.808009341267046488e-01
3.591093731935415811e-01
4.191856459352723552e-01
4.502043309821320283e-01
4.637101966583641044e-01
4.703321623280250496e-01
4.738001443540483804e-01
4.749249089419026459e-01
4.718079948797416212e-01
4.600954917200682504e-01
4.383888269344503597e-01
1.990426465823560975e-01
1.140987055741128631e-01
8.249592149288159648e-02
5.979772392923191765e-02
4.276612881812735800e-02
2.973124792482396972e-02
2.018345995942166446e-02
1.325259391841912202e-02
8.423692818661360909e-03
5.125223481438857462e-03
2.956119526101285908e-03
1.573103856679590289e-03
7.405582867197807234e-04
2.944633889638959934e-04
1.584840971624775020e-05
-4.846895597505792826e-05
-1.290057486419453542e-04
1.608844379889737297e-04
-9.995908072666166613e-05
5.476591044863552598e-04
4.206935713316974795e-04
7.144805364109442850e-04
5.609907250892724045e-04
2.126028196151552000e-04
7.380190564752513649e-04
2.714247759914905560e-04
3.843638876673125177e-04
7.524663267855511220e-04
1.522788913307768352e-03
2.795373947717898384e-03
4.752307502134260273e-03
7.597874854038870994e-03
1.159725848412025695e-02
1.692325409320501878e-02
2.380834494650712826e-02
3.215967425306473504e-02
4.206744738982034354e-02
5.305908899442385307e-02
6.647744744644352999e-02
1.052867229409497341e-01
2.272600489949251623e-01
2.808009133937939827e-01
3.591093720665236577e-01
4.191856439059664097e-01
4.502043316112324112e-01
4.637101980328493522e-01
4.703321623388072581e-01
4.738001449039318524e-01
4.749249085982781837e-01
4.718079916446600297e-01
4.600954798144997193e-01
4.383887523209201165e-01
1.990426314958424203e-01
1.140987085982723970e-01
8.249592909269787278e-02
5.979772434366397577e-02
4.276612361988363364e-02
2.973124049822609832e-02
2.018345890701654655e-02
1.325259840755633675e-02
8.423695401965008295e-03
5.125224308933831914e-03
2.956134694779672181e-03
1.573295283088283229e-03
7.422167524684441858e-04
3.078897079912445620e-04
1.282085046542062170e-04
8.314244898358184865e-04
-5.723095851477980121e-05
9.703087771367210988e-04
6.505488823631670487e-04
1.021198293080760442e-04
3.432853394810656857e-04
-3.665548988494354930e-07
-2.436904380235769294e-04
2.776269065498687032e-04
8.906019996854281403e-05
1.581675933396056570e-04
3.658431633535601983e-04
7.495055567940681280e-04
1.522341660211893374e-03
2.795316561702143945e-03
4.752305645944823742e-03
7.597877031858879526e-03
1.159726169550528811e-02
1.692326064263328239e-02
2.380834428253049764e-02
3.215966715766195583e-02
4.206744598271600077e-02
5.305909037504943915e-02
6.647744605951999564e-02
1.052867316592427521e-01
2.272601799456130112e-01
2.808009535196309137e-01
3.591093776315982811e-01
4.191856463068266425e-01
4.502043326797604550e-01
4.637101965081585342e-01
4.703321614622679725e-01
4.738001447118398990e-01
4.749249096246302426e-01
4.718079908635262609e-01
4.600954388825122532e-01
4.383885550801074893e-01
1.990426052947207591e-01
1.140986904739850899e-01
8.249591842255533936e-02
5.979773097956235517e-02
4.276612595144113627e-02
2.973123673354643656e-02
2.018345694145688360e-02
1.325259559588175609e-02
8.423700506612829056e-03
5.125233110757027553e-03
2.956117640422882987e-03
1.573104787093632757e-03
7.405668217443273256e-04
2.941873441310266339e-04
1.209831683393917429e-05
-7.461556344703455660e-05
2.891460141255216610e-04
2.521363168716884745e-04
-2.736087463002240933e-04
5.742493835378353721e-04
-9.017303010142500668e-05
2.105087893615410137e-04
7.137379589563269851e-04
1.574718845604201477e-04
4.472342808790461172e-04
1.735874404641966136e-04
3.872628764538921893e-04
8.438299562084566408e-04
1.761268909746310481e-03
3.275638553521060137e-03
5.606148090881688494e-03
9.022505083768743786e-03
1.384757516564116483e-02
2.037652599434482820e-02
2.889232338952065285e-02
3.949044406134166046e-02
5.223024179554926205e-02
6.693950586303051842e-02
8.543301594824809220e-02
1.378466024393007194e-01
3.029742409643946255e-01
3.586784366441244654e-01
4.164571739642396464e-01
4.486253353383408138e-01
4.625780489867067913e-01
4.683356844796431884e-01
4.714907184108038107e-01
4.736593716617741867e-01
4.749153456496508219e-01
4.740624539636711932e-01
4.696541038832435233e-01
4.620124439144521200e-01
2.177593351132785793e-01
1.277800984893081582e-01
9.351733352034163893e-02
6.814238340518656567e-02
4.900292956217723594e-02
3.412758360639184946e-02
2.324689410455881705e-02
1.528577305952847840e-02
9.740945197285848234e-03
5.929882257499108009e-03
3.418074943455085436e-03
1.806858408521179503e-03
8.321735512281058745e-04
3.039565976760766276e-04
-1.525873070157109883e-05
2.089460189210227633e-04
2.017969738642853470e-04
3.661616934253206289e-04
-3.117479705017891302e-05
-2.710462632069039106e-04
2.863965755431574175e-04
2.004972672262925280e-04
4.473744742916271346e-04
3.755723997098065012e-04
5.309039374744565663e-04
1.992038955474545090e-04
3.932702678002009404e-04
8.450734095872964842e-04
1.761496847845813504e-03
3.275672133659735929e-03
5.606149448342999386e-03
9.022503235683699413e-03
1.384757218531562639e-02
2.037652421043239029e-02
2.889232874717321056e-02
3.949044919854122898e-02
5.223023801890390450e-02
6.693950309487262107e-02
8.543301971664545025e-02
1.378466027434366303e-01
3.029742262947057729e-01
3.586784349819110429e-01
4.164571737819068864e-01
4.486253320998325744e-01
4.625780489671181828e-01
4.683356856244336730e-01
4.714907183734987628e-01
4.736593718628582250e-01
4.749153450388643449e-01
4.740624490395213275e-01
4.696540747269266625e-01
4.620123326693300614e-01
2.177593165396999597e-01
1.277800996819502266e-01
9.351734010704064459e-02
6.814238431910035754e-02
4.900292558776694896e-02
3.412757679626490098e-02
2.324689306475601069e-02
1.528577744758709972e-02
9.740946746251238214e-03
5.929882129370645308e-03
3.418081514513770895e-03
1.806949504687316429e-03
8.329199642685187642e-04
3.090083090214136487e-04
1.553789834989747606e-05
3.335578579043583440e-04
-3.524717033156226265e-04
-3.840163966914013978e-04
6.527310927417765340e-04
-4.839044950738115975e-04
-3.943932724081794993e-04
3.998112031428847544e-04
-3.568291438320237330e-04
2.846573014279889149e-04
4.643905912820132779e-04
1.669034777203094754e-04
3.853739363706673625e-04
8.434848439277237413e-04
1.761216501018866062e-03
3.275631524558976753e-03
5.606147023955748536e-03
9.022505017948519515e-03
1.384757613129676546e-02
2.037653095020915822e-02
2.889232797371613440e-02
3.949044192542119913e-02
5.223023584639544664e-02
6.693950289293286449e-02
8.543301635815803152e-02
1.378466031728799168e-01
3.029742830051397329e-01
3.586784503855980355e-01
4.164571771154403357e-01
4.486253350632894432e-01
4.625780496301815647e-01
4.683356842925516794e-01
4.714907174722634542e-01
4.736593717541644488e-01
4.749153462097863709e-01
4.740624525310696002e-01
4.696540816772515337e-01
4.620123469899954927e-01
2.177593094189668732e-01
1.277800867368214521e-01
9.351733623150351726e-02
6.814239399192117963e-02
4.900292659837231224e-02
3.412757186092713751e-02
2.324689246751705102e-02
1.528577558352967221e-02
9.740949522164317476e-03
5.929889707599963686e-03
3.418078913001213002e-03
1.806935716728225562e-03
8.330230446821593497e-04
3.113747925977540347e-04
4.640381889555436265e-05
6.541918772931204582e-04
8.193132470928918363e-04
5.287069131738007799e-04
-9.992332240342966269e-05
4.723386914650895487e-04
7.126020426772543140e-04
8.837813913375035680e-04
-2.671123120566205205e-04
4.127907231058949421e-04
5.828780574577639142e-04
1.087813402889479945e-04
3.692419913712934043e-04
8.892847805039938523e-04
1.908972243777230056e-03
3.592664465541894718e-03
6.187385992450984348e-03
1.002578951970434923e-02
1.547759361530676864e-02
2.298561351231360322e-02
3.287674299025988151e-02
4.554497312067758846e-02
6.098434971970463636e-02
7.959211711690712676e-02
1.034318264744083365e-01
1.693529744006034010e-01
3.715366351671599565e-01
4.128782657617299789e-01
4.461657025467756221e-01
4.617518028548690534e-01
4.678632058920231818e-01
4.703199808669131232e-01
4.718815286886559046e-01
4.731175257398756440e-01
4.738421110556622629e-01
4.730432010719174407e-01
4.699178589711885956e-01
4.660531316268780588e-01
2.224789379400876066e-01
1.326442231114383086e-01
9.813778835185039962e-02
7.205470476033130900e-02
5.215818531054078333e-02
3.648672397422934172e-02
2.496813435145609980e-02
1.647272478002031679e-02
1.053478332132829973e-02
6.427835687352115128e-03
3.710177552343039628e-03
1.956858003919604346e-03
8.898173623102902715e-04
3.014755305054651283e-04
-7.373514332618422509e-05
2.011534006521910063e-04
4.894618740802330606e-04
-3.361250959346421727e-05
5.360970483836402208e-04
3.957814303708609622e-04
-1.519847089526613884e-04
4.735256428279169044e-04
3.397317619939082016e-04
1.777316336160173838e-04
3.770871288031725716e-04
1.014339787528074959e-04
3.714796611388825986e-04
8.901030346259432248e-04
1.909152018289562254e-03
3.592692207408822516e-03
6.187385568833312158e-03
1.002578805588712207e-02
1.547759208106282841e-02
2.298561220497566393e-02
3.287674821679006237e-02
4.554497667980147990e-02
6.098434331349614906e-02
7.959211238995840543e-02
1.034318275710290336e-01
1.693529727007097307e-01
3.715366190103286947e-01
4.128782584702793135e-01
4.461657034137535560e-01
4.617518012177669884e-01
4.678632061830613198e-01
4.703199819274504478e-01
4.718815287458053565e-01
4.731175256944603613e-01
4.738421103485880304e-01
4.730431998678900074e-01
4.699178632633812525e-01
4.660531371557151137e-01
2.224789371429239659e-01
1.326442273733637045e-01
9.813779294831906364e-02
7.205470338530295393e-02
5.215818232449450503e-02
3.648671952092168158e-02
2.496813411975195782e-02
1.647272860388434429e-02
1.053478453531278558e-02
6.427835171801440928e-03
3.710158450532819677e-03
1.956707315624342004e-03
8.888801143095994249e-04
2.962701539157842597e-04
-1.005387917027415919e-04
1.082293505971633718e-04
-4.577201980307875708e-04
5.601667601530625285e-04
3.552536207492469080e-04
3.930901354158955843e-04
3.728000834511096379e-04
1.560667988430375970e-04
2.790693110456009588e-04
-1.078909674447183832e-04
-1.061961401503896569e-05
4.502851208104852757e-05
3.628856796741422911e-04
8.887392591197136853e-04
1.908938284349299096e-03
3.592662990511728133e-03
6.187383403802971388e-03
1.002578950152994280e-02
1.547759557216397616e-02
2.298561736404986650e-02
3.287674558218025428e-02
4.554496791993627863e-02
6.098433996683394476e-02
7.959211175543490224e-02
1.034318260548043739e-01
1.693529730575949743e-01
3.715366337097822935e-01
4.128782614516723903e-01
4.461657038829164867e-01
4.617518020418183711e-01
4.678632064397071355e-01
4.703199817320445342e-01
4.718815287351141308e-01
4.731175260936530957e-01
4.738421115110961201e-01
4.730432045604907043e-01
4.699178895140811441e-01
4.660532087602365370e-01
2.224789397098337063e-01
1.326442163674012020e-01
9.813778978232305661e-02
7.205471046527027468e-02
5.215818093712942111e-02
3.648671581880861409e-02
2.496813588073813414e-02
1.647272690055558500e-02
1.053478543003809331e-02
6.427841319868719296e-03
3.710156104087329078e-03
1.956702159853222506e-03
8.889891050172124510e-04
2.976806074037747748e-04
-8.795665379328093008e-05
1.881607086085988149e-04
-2.906738099683379788e-04
-5.403725240991888619e-04
-1.111188170475802841e-04
5.755414877975220450e-04
-1.831602277733561672e-04
3.846242959227427673e-04
1.094350994161284989e-04
6.764052864211018284e-04
-2.924757079407182487e-04
-8.111061868056408306e-05
3.208604702462933083e-04
8.944473790212585347e-04
1.972673863915556155e-03
3.751637300681938056e-03
6.498590569214745052e-03
1.059852713436203360e-02
1.645714235960802838e-02
2.466069928811347178e-02
3.558026917019889435e-02
4.994777279762345479e-02
6.770545925237428375e-02
8.993949053149098705e-02
1.187376605843981497e-01
1.962935100544837552e-01
4.230461206085019410e-01
4.454927602277736765e-01
4.615050877520764927e-01
4.683397865428853835e-01
4.705932024706989125e-01
4.712552199219380289e-01
4.716941158997053352e-01
4.720832973961386347e-01
4.718004642824284445e-01
4.692250106850223146e-01
4.625571695160820007e-01
4.536359035937368445e-01
2.149681961064046909e-01
1.292861748950525913e-01
9.671504771569841563e-02
7.178283260176658576e-02
5.241225077269519306e-02
3.695343285672357536e-02
2.544454561383619612e-02
1.688105574626756061e-02
1.084406519187234956e-02
6.642180050769280406e-03
3.844737128936149065e-03
2.031537481819194278e-03
9.236345699032154398e-04
3.138018217354482408e-04
-4.124146321458011037e-05
5.936066888532761732e-04
-4.778152795097113611e-04
3.467248935817697454e-04
-1.876458953477514347e-04
-1.785489025499805793e-04
8.530880853891320732e-05
2.067435992220154680e-04
4.396370554113498172e-04
7.471717412700870121e-04
4.734450145574854436e-04
3.502905236802922410e-05
3.385040432434158978e-04
8.971883968669358425e-04
1.973087957464801125e-03
3.751690274213881435e-03
6.498591033870874598e-03
1.059852593278863032e-02
1.645714137438120117e-02
2.466069663080769012e-02
3.558027228700003791e-02
4.994777428870747493e-02
6.770545280694725832e-02
8.993949032372190733e-02
1.187376676296093836e-01
1.962935134999461151e-01
4.230461217485783076e-01
4.454927645806320280e-01
4.615050888027227294e-01
4.683397853355108498e-01
4.705932027936092221e-01
4.712552209275903126e-01
4.716941162578850433e-01
4.720832974335908427e-01
4.718004634444212253e-01
4.692250100562449511e-01
4.625571786911913952e-01
4.536359248051877180e-01
2.149681969340282994e-01
1.292861798412667240e-01
9.671505393675121354e-02
7.178283430553879241e-02
5.241225139816258621e-02
3.695342970053375198e-02
2.544454317664378296e-02
1.688105700831551287e-02
1.084406652298561431e-02
6.642180145515403679e-03
3.844694647993407259e-03
2.031151081965422867e-03
9.208812644554001999e-04
2.955351763396848064e-04
-1.649676727252097613e-04
-1.693929314452315800e-04
4.732561613063740436e-04
4.693161649545258998e-04
-1.367665141016586090e-06
-7.136391330791515015e-05
-2.844579170346455237e-05
-4.045266536728339560e-04
4.203720846773122740e-04
-2.447638686574605247e-04
6.022206082574480890e-04
4.111656678105982002e-05
3.377000177378839383e-04
8.968497889278529691e-04
1.973014788440114343e-03
3.751679889779357350e-03
6.498590327195113286e-03
1.059852677978684495e-02
1.645714321397758265e-02
2.466070033213310989e-02
3.558027155932761559e-02
4.994777060729356510e-02
6.770545347679625403e-02
8.993948912656658801e-02
1.187376628175047383e-01
1.962935097322629219e-01
4.230461268400864117e-01
4.454927672984738685e-01
4.615050912077932055e-01
4.683397869413071790e-01
4.705932032994762926e-01
4.712552208271486576e-01
4.716941158982174698e-01
4.720832975561880529e-01
4.718004641645361930e-01
4.692250103357596402e-01
4.625571821759781321e-01
4.536359394145086377e-01
2.149681887484871656e-01
1.292861672625848224e-01
9.671505328111619504e-02
7.178284202634534206e-02
5.241224979050026350e-02
3.695342726017249863e-02
2.544454580871268606e-02
1.688105549785197043e-02
1.084406737899621179e-02
6.642184462327180641e-03
3.844680102414939436e-03
2.031044393154496017e-03
9.202276516298069954e-04
2.915946648217806894e-04
-1.900415486572102188e-04
-3.236882361571257372e-04
-9.841173283246199433e-05
4.071303471393659316e-04
-9.854858821555045163e-05
3.419063539493090464e-04
5.403187737576729778e-04
-1.971280741067174265e-04
3.113509587796978390e-04
8.325374162894859842e-05
-8.425445444880791379e-05
-1.278838734408285565e-04
2.839625116716924455e-04
8.721468639091707305e-04
1.961626715368719291e-03
3.761263819764422076e-03
6.548493728927764351e-03
1.074105755774897725e-02
1.676968937934847706e-02
2.532445326093371585e-02
3.682576709099267404e-02
5.227828563684196184e-02
7.164565529488416129e-02
9.658016401578498056e-02
1.291576432698545163e-01
2.148423988106404059e-01
4.535677706217261518e-01
4.625195164760288469e-01
4.692186279580064512e-01
4.718062108516830055e-01
4.720943806590959801e-01
4.716976233268184715e-01
4.712550860190976021e-01
4.705844502393271567e-01
4.683367755615744921e-01
4.615170761335558591e-01
4.455497172124343597e-01
4.231483098356687567e-01
1.964458145137572831e-01
1.188789227188502273e-01
9.008526929336292677e-02
6.784868458872700403e-02
5.008718121756715325e-02
3.571032970783077215e-02
2.478242796781772450e-02
1.656747746819746056e-02
1.069899840919697614e-02
6.587338804119865186e-03
3.828492551518100466e-03
2.034215917622963533e-03
9.365938928592369532e-04
3.414493577455282591e-04
1.768880401733067363e-05
5.704448001413568465e-04
1.588945076476588544e-04
4.836960034906977331e-04
1.824445450554400353e-05
3.989711020309750578e-04
-9.999768312657387472e-05
-2.285808440141361250e-04
-1.212994896451236195e-04
1.283740918197017454e-04
2.907529203480362502e-04
-4.639874745033483984e-05
2.992633085018772264e-04
8.748472038900583685e-04
1.962065429812290176e-03
3.761322122234089706e-03
6.548493753517603197e-03
1.074105628113859560e-02
1.676968856378180731e-02
2.532444937091885007e-02
3.682576880937370178e-02
5.227828596726617760e-02
7.164564967056763489e-02
9.658016749810659218e-02
1.291576521567479041e-01
2.148423992864796905e-01
4.535677533765624658e-01
4.625195116864824207e-01
4.692186271765261263e-01
4.718062097549814427e-01
4.720943804608879746e-01
4.716976238912910513e-01
4.712550863636699727e-01
4.705844499851821738e-01
4.683367738850304773e-01
4.615170726936579926e-01
4.455497088668033956e-01
4.231482932024328569e-01
1.964458157091170110e-01
1.188789282186015761e-01
9.008527180034618664e-02
6.784868334014501623e-02
5.008718196699248060e-02
3.571032701529356507e-02
2.478242389419385919e-02
1.656747748989252991e-02
1.069900073982139703e-02
6.587340239290199323e-03
3.828457910115349791e-03
2.033905763167576358e-03
9.345273739113905574e-04
3.291778933927270350e-04
-5.286048426868116435e-05
2.408827989381333583e-04
2.337299728102754613e-04
6.060299221958095244e-04
4.637427725843725141e-04
3.543900591252900048e-04
-1.628569222187700868e-04
1.760334661930106548e-04
1.996781822250124179e-05
-8.451700522829317145e-05
3.663909616064544509e-05
-7.547160328440223446e-05
2.959350021349935623e-04
8.744403854276073477e-04
1.962020869415444235e-03
3.761321611825608601e-03
6.548495246731165544e-03
1.074105729351306805e-02
1.676968845330639030e-02
2.532445063697972426e-02
3.682576802466232258e-02
5.227828211485920779e-02
7.164564694590032368e-02
9.658016310991435205e-02
1.291576506374262356e-01
2.148424035256543685e-01
4.535677520817638642e-01
4.625195117255380128e-01
4.692186288696295615e-01
4.718062105500072656e-01
4.720943807044323814e-01
4.716976239772565083e-01
4.712550857349541711e-01
4.705844495192060828e-01
4.683367743570842068e-01
4.615170715299966586e-01
4.455497083277755732e-01
4.231482935990017458e-01
1.964458065067253290e-01
1.188789190099321796e-01
9.008527439461423703e-02
6.784869036860458058e-02
5.008717884400624293e-02
3.571032378881222602e-02
2.478242560703987699e-02
1.656747682042839301e-02
1.069900272132438650e-02
6.587342183918537888e-03
3.828431201305196666e-03
2.033708487237534997e-03
9.333182033309307983e-04
3.224202230780630948e-04
-8.961431182837991663e-05
6.537840466246359558e-05
1.088709783926047734e-04
5.759801692848465823e-04
5.784166957093637073e-04
6.010717960503631115e-04
5.175579388588644365e-04
-2.666694390327931162e-04
-4.259237422479035832e-05
-5.005095876393863717e-04
-3.152371338345199680e-04
-1.676946461423130729e-04
2.535738840121648952e-04
8.259897567706956517e-04
1.878494080410092731e-03
3.621272856873848384e-03
6.331011700238158360e-03
1.043149188816889193e-02
1.636298366779518482e-02
2.485270429760592925e-02
3.636474736370855221e-02
5.203274949166700192e-02
7.192583910542701964e-02
9.801334606957466666e-02
1.325232121623279025e-01
2.223594118452305313e-01
4.659799802161348481e-01
4.698816821901167784e-01
4.730373248823059873e-01
4.738494316009941865e-01
4.731306509703063212e-01
4.718892703874629224e-01
4.703253324722728723e-01
4.678623406455377221e-01
4.617663032265578171e-01
4.462158834071870972e-01
4.130066879150744996e-01
3.717269474245165073e-01
1.695301885406029496e-01
1.035816228438446868e-01
7.974239483137228468e-02
6.112770650722035293e-02
4.568352721939804989e-02
3.300400612957826024e-02
2.310399788462029133e-02
1.558297886058403019e-02
1.012024849161169242e-02
6.268602679776929046e-03
3.660993257689216726e-03
1.961316358047596620e-03
9.216535926535670978e-04
3.697234779829864401e-04
9.788319230545546598e-05
6.181698049156743790e-04
2.384414000007119587e-04
2.463293173694844720e-04
-2.381894336437290720e-05
1.413681682086767566e-04
-3.922794815956914295e-04
2.709279631587618560e-04
8.584653949925617311e-05
2.789683193233189157e-04
2.059755833838001495e-04
-7.177953320092487826e-05
2.700188278943695033e-04
8.287528852991662065e-04
1.878930507773865066e-03
3.621329953976551354e-03
6.331010552494285328e-03
1.043149030302687082e-02
1.636298331769138817e-02
2.485270030922428000e-02
3.636474884435269422e-02
5.203274944278049596e-02
7.192583474768908525e-02
9.801335155590294723e-02
1.325232182902565947e-01
2.223594013581578765e-01
4.659799222361112325e-01
4.698816606259313411e-01
4.730373208059002188e-01
4.738494304701364457e-01
4.731306507133649086e-01
4.718892706505350976e-01
4.703253327690808949e-01
4.678623402951544996e-01
4.617663019327864493e-01
4.462158809746948895e-01
4.130066730459419633e-01
3.717269117419786384e-01
1.695301842039410867e-01
1.035816243398876985e-01
7.974239672974187121e-02
6.112770950504585465e-02
4.568353309302671666e-02
3.300400528738781786e-02
2.310399239603195057e-02
1.558297803379097776e-02
1.012025095589018722e-02
6.268603785808964102e-03
3.660978963052389200e-03
1.961183776046268069e-03
9.207478179548833760e-04
3.639849828084614890e-04
5.854117249494577739e-05
3.582351065480246771e-04
-5.082700052728010868e-04
5.762990123833693469e-04
7.528620842589412170e-05
-3.611350023651119082e-04
7.642844784865514361e-04
1.125592859448875234e-04
3.991465850557349951e-04
2.838564372814586837e-04
5.406732229397844501e-04
-3.275881683998570015e-05
2.745761746467839139e-04
8.292798100185582366e-04
1.879000277419511653e-03
3.621343938630633679e-03
6.331012860170227158e-03
1.043148981095359980e-02
1.636298010979589032e-02
2.485269919221867740e-02
3.636475006450375080e-02
5.203274994877781640e-02
7.192583463124710419e-02
9.801334778015756422e-02
1.325232175333817541e-01
2.223594145451215920e-01
4.659799931428708075e-01
4.698816935194760624e-01
4.730373271332963814e-01
4.738494313545307257e-01
4.731306507656506954e-01
4.718892708620879839e-01
4.703253322310708140e-01
4.678623402260526087e-01
4.617663029648006456e-01
4.462158780386947243e-01
4.130066669844661975e-01
3.717268887961994173e-01
1.695301748700221989e-01
1.035816208819040907e-01
7.974240377697877635e-02
6.112771649969775400e-02
4.568352864434638977e-02
3.300400058523789149e-02
2.310399331165567671e-02
1.558297953907438263e-02
1.012025389136511806e-02
6.268602585282966912e-03
3.660941950561380064e-03
1.960892531066711544e-03
9.188426821284995279e-04
3.526450443677130718e-04
-7.387222399394316512e-06
3.237085043421325487e-05
-2.627255408030691657e-05
-5.226880892827391817e-04
2.103169510549727280e-04
-2.245279867057327447e-04
5.511075009531513644e-04
5.344225162557272955e-04
6.923355930070834111e-04
-4.260692806021333288e-04
-1.892053061544455336e-04
-1.471652819174898864e-04
2.290607740841986829e-04
7.536246820857363552e-04
1.719740342881811903e-03
3.324253574421771971e-03
5.830920770394877953e-03
9.638899457587430872e-03
1.517974031930440296e-02
2.313897058271143295e-02
3.401484578076754278e-02
4.889026042389443827e-02
6.802607861517181997e-02
9.340647728563422625e-02
1.276666857190688897e-01
2.176388774145629201e-01
4.618832261539365658e-01
4.695875321559601079e-01
4.740401378075966843e-01
4.749173368752578339e-01
4.736737432096490008e-01
4.715035438795913136e-01
4.683488318881371959e-01
4.625928651865836017e-01
4.486789206790823825e-01
4.165890315026076762e-01
3.589244976686638000e-01
3.032683354917037888e-01
1.380526540655473977e-01
8.559112296877331716e-02
6.709281873588383849e-02
5.237252438340748301e-02
3.962625796912423726e-02
2.901493384599488148e-02
2.048934886866158461e-02
1.394597568170093636e-02
9.108967813752753481e-03
5.678238097602585251e-03
3.334282890242748487e-03
1.804145645992293566e-03
8.686733389841999045e-04
3.841438474368681676e-04
1.720497970228798159e-04
5.313665152422795274e-04
1.140944902225245433e-04
4.094835688118099730e-04
-1.799606018174096324e-04
6.207254620994748185e-04
-2.270023580071015433e-05
-8.450977952111306442e-05
-2.616988246676674743e-04
4.473323510980782965e-05
2.897142603757275415e-04
-6.707007525734703240e-05
2.421454261529964156e-04
7.557712628692341093e-04
1.720082054082722189e-03
3.324300052603062182e-03
5.830918131456406563e-03
9.638897438257290270e-03
1.517974072914143706e-02
2.313896749803627181e-02
3.401484722025233109e-02
4.889025830211803786e-02
6.802607266067110803e-02
9.340648245158525431e-02
1.276666895252364098e-01
2.176388518775333458e-01
4.618830476328522061e-01
4.695874831137238359e-01
4.740401301804930134e-01
4.749173357291326392e-01
4.736737435194923740e-01
4.715035450674910922e-01
4.683488333795662317e-01
4.625928641894195281e-01
4.486789167797288203e-01
4.165890289699012428e-01
3.589244951350500923e-01
3.032683476648749821e-01
1.380526596132724271e-01
8.559112885303486740e-02
6.709282171246282178e-02
5.237252753341242739e-02
3.962626331970149629e-02
2.901493133981342468e-02
2.048934145009548985e-02
1.394597476864827511e-02
9.108970081927549034e-03
5.678238117740814876e-03
3.334291242717015834e-03
1.804233719401368043e-03
8.695103444627987673e-04
3.915290270281085363e-04
2.348623851831931368e-04
1.014464508812626441e-03
3.057028582667218339e-04
-7.735498912442744293e-05
2.771303344108860789e-04
-2.299194798489985676e-04
-3.408290535015753614e-04
2.488342549571812587e-04
2.984484923047455124e-04
4.752083467978169390e-04
1.377180683772509626e-04
-7.940843663532178042e-05
2.413354604609660881e-04
7.557381063325239968e-04
1.720092238424971711e-03
3.324307147512635223e-03
5.830917632160496390e-03
9.638894298114871612e-03
1.517973532808121299e-02
2.313896675316027760e-02
3.401485198624858847e-02
4.889026073518026178e-02
6.802606995995645611e-02
9.340647618137200292e-02
1.276666917125025835e-01
2.176388855813448375e-01
4.618832470992095263e-01
4.695875388848911314e-01
4.740401386925194860e-01
4.749173365920886791e-01
4.736737434409085123e-01
4.715035452874938859e-01
4.683488326289269588e-01
4.625928644829125913e-01
4.486789195521957430e-01
4.165890261873019806e-01
3.589244715242335126e-01
3.032682441809780860e-01
1.380526384739448609e-01
8.559112030003372673e-02
6.709282453578567507e-02
5.237252998525542685e-02
3.962625690512104615e-02
2.901492678760659791e-02
2.048934398411219465e-02
1.394597968125601758e-02
9.108973089134043272e-03
5.678234845162899620e-03
3.334257485662156517e-03
1.803937222439001929e-03
8.673627193360764842e-04
3.767818284703978310e-04
1.295228081929697937e-04
2.980079148673204451e-04
3.028886166961152534e-04
-4.948581909010756931e-04
7.448286190107964019e-04
-4.189489945447227143e-04
-1.805686329540195294e-04
-2.585796079500357375e-04
4.997234154517356079e-04
-4.601126221512525966e-04
-1.660884207220024022e-04
-1.145216444519257131e-04
2.027827215446133485e-04
6.495086267129251837e-04
1.476938941524047217e-03
2.856334731045684795e-03
5.022974254167817364e-03
8.321564036348486765e-03
1.314916338761189241e-02
2.008168995760661879e-02
2.962690914212183155e-02
4.266481609116940660e-02
5.969299900663109504e-02
8.239608255163026473e-02
1.139900001223937559e-01
1.989097215835030630e-01
4.381786220499358508e-01
4.599800824423684875e-01
4.717619120826204160e-01
4.749201836490622997e-01
4.738173412661348949e-01
4.703593536476480264e-01
4.637513528379826333e-01
4.502746869987022671e-01
4.193484700669604659e-01
3.593915655707639600e-01
2.811477379037150559e-01
2.276021724003286784e-01
1.054993904607229027e-01
6.663608973639205402e-02
5.321089805905240139e-02
4.220664819279464769e-02
3.229070460780753687e-02
2.392500836100444617e-02
1.702876876950100080e-02
1.168735270467088742e-02
7.674914246449975573e-03
4.814314706041875232e-03
2.843556590445242300e-03
1.555335707648129034e-03
7.663030292795960799e-04
3.599326117437627788e-04
1.677072381635657313e-04
2.305448555212007101e-04
5.472861235233505289e-04
-5.498828020054553380e-04
3.807838238765722059e-04
-2.711590383436517505e-04
4.533147060790345588e-04
1.909361480433742746e-04
-2.449799877232135357e-04
1.348540809571840515e-04
-2.261327256120109429e-04
-1.119296360628005795e-04
2.052021093855468492e-04
6.501968015319647357e-04
1.477094381489646273e-03
2.856361500849293866e-03
5.022969256282524241e-03
8.321561467303097148e-03
1.314916420247837572e-02
2.008168691237822642e-02
2.962691008354923980e-02
4.266481417627026457e-02
5.969299615919578667e-02
8.239609169021444579e-02
1.139900034403882323e-01
1.989096832093250333e-01
4.381783405316660995e-01
4.599800270799024315e-01
4.717619045746261897e-01
4.749201825647239028e-01
4.738173413160918779e-01
4.703593544180197372e-01
4.637513548403038866e-01
4.502746865742187077e-01
4.193484684470641377e-01
3.593915636387908230e-01
2.811477150543404413e-01
2.276021203451945030e-01
1.054993939123323732e-01
6.663609516304405678e-02
5.321089905559636679e-02
4.220665061387725986e-02
3.229071039351246591e-02
2.392500670650994296e-02
1.702876220263830134e-02
1.168735289447005166e-02
7.674915675521472996e-03
4.814311767425454719e-03
2.843557705065558050e-03
1.555343756366516558e-03
7.663604504761847847e-04
3.603595425395180688e-04
1.710033589165078720e-04
2.393798734019845652e-04
-3.698040263866677517e-04
7.052039851970794658e-04
-2.698089545466921392e-04
2.096520320731736842e-04
-1.637760530061577503e-05
-3.083861668884226351e-04
5.335751376251879926e-05
-7.660448387061943136e-07
-1.484313351647592098e-05
-9.072370461841831879e-05
2.068223310856134129e-04
6.502268762229876722e-04
1.477081071637235520e-03
2.856362040763240750e-03
5.022966237704556795e-03
8.321556329162491453e-03
1.314915717490014284e-02
2.008168610876318733e-02
2.962691665137334382e-02
4.266481802885254554e-02
5.969299320658931485e-02
8.239608390254761494e-02
1.139900024859200750e-01
1.989097106163264517e-01
4.381785293784349888e-01
4.599800669314570434e-01
4.717619099100818780e-01
4.749201833410450768e-01
4.738173413831089920e-01
4.703593549408700558e-01
4.637513537724475832e-01
4.502746856892037575e-01
4.193484681167400918e-01
3.593915591983805613e-01
2.811477023564845079e-01
2.276020633818715277e-01
1.054993750514226503e-01
6.663608977621993112e-02
5.321090381182121826e-02
4.220665115863100197e-02
3.229070272967775324e-02
2.392500292428911129e-02
1.702876648449337324e-02
1.168735952327355949e-02
7.674916206931128859e-03
4.814307456109583570e-03
2.843554288528072401e-03
1.555318789061969388e-03
7.664112550404488747e-04
3.629556399066873550e-04
2.068351544306594437e-04
6.173741945092781113e-04
-4.746629540938292679e-04
-1.059587851579108951e-03
-9.932463695981623073e-05
2.434058892785773219e-04
3.185534058142596217e-05
3.154023075168407679e-04
2.090045494772982361e-04
-3.063977169881228180e-04
1.979316543199291707e-04
1.377497711445012901e-06
1.829673078044211369e-04
5.105308146132992667e-04
1.144806064671346785e-03
2.211154498876490362e-03
3.896878845407630940e-03
6.465828764098069392e-03
1.024967223827785885e-02
1.566845215420825319e-02
2.320131428525348469e-02
3.343759358302833551e-02
4.709477910905682935e-02
6.531772515024937553e-02
9.185158442520036104e-02
1.651613662460881538e-01
3.852598848729064662e-01
4.326402049133114547e-01
4.616122327585290286e-01
4.716493983511542143e-01
4.715824077107789170e-01
4.652556521245221344e-01
4.511542444157207177e-01
4.201115908106611840e-01
3.570414814762433164e-01
2.701549229980901301e-01
1.951119302282863510e-01
1.564910110823320710e-01
7.411125016653263842e-02
4.757142650603882195e-02
3.857240003153505209e-02
3.097311193221319661e-02
2.390710816939722524e-02
1.788087875970264043e-02
1.281050472559629866e-02
8.854869762643189507e-03
5.844121929897254548e-03
3.688914663339434331e-03
2.193846726212509562e-03
1.215452842621433461e-03
6.153788497702341893e-04
3.168502961859710710e-04
2.567879080639689821e-04
8.541157124679164955e-04
3.799943869913102344e-04
-7.837071240468722712e-05
-4.079778900580611220e-04
1.362482041020962814e-04
3.560101929288558625e-04
2.696849325881955871e-05
-7.256904410448192363e-04
2.001785597263655916e-04
1.094483050250256908e-04
1.745018610758506759e-06
1.852560891548018032e-04
5.112068662569286539e-04
1.144961526825062203e-03
2.211181380401042260e-03
3.896872719590648362e-03
6.465825930159425743e-03
1.024967439700567515e-02
1.566845057471009939e-02
2.320131549921565853e-02
3.343759052908668733e-02
4.709477490487974649e-02
6.531773414895079843e-02
9.185159060174011292e-02
1.651613468422335751e-01
3.852597157529908389e-01
4.326401725091654216e-01
4.616122268825710862e-01
4.716493970057127894e-01
4.715824080285583864e-01
4.652556525534186638e-01
4.511542472775283419e-01
4.201115914107362292e-01
3.570414823888744538e-01
2.701549166987585737e-01
1.951118845331955565e-01
1.564908302586332234e-01
7.411124973677264693e-02
4.757143264059471299e-02
3.857239992397095557e-02
3.097311334303369523e-02
2.390711447806771403e-02
1.788087866977985593e-02
1.281049946165442599e-02
8.854870222256743320e-03
5.844121631361235726e-03
3.688909844025578793e-03
2.193842652801539488e-03
1.215376954598723636e-03
6.145658561054923464e-04
3.094571035185990360e-04
1.920106759793876181e-04
3.383380987330926503e-04
-7.060084790190397598e-04
4.952894005768811213e-04
-3.927843677988337870e-04
-1.281360034592481545e-04
-3.156876929315265449e-04
-4.521143084587858998e-04
3.580301050900168338e-04
-4.342142237995830326e-05
-1.489724956551880994e-04
-4.389251320676919500e-05
1.774345821120004165e-04
5.098849139035715799e-04
1.144761044369407670e-03
2.211159062065419078e-03
3.896866738709515131e-03
6.465819328498303466e-03
1.024966603214508450e-02
1.566844931010977909e-02
2.320132303627046866e-02
3.343759503634247121e-02
4.709477061070552195e-02
6.531772207679803488e-02
9.185157798809753804e-02
1.651613197111471143e-01
3.852594599231713435e-01
4.326401303278749055e-01
4.616122246388214001e-01
4.716493974251570465e-01
4.715824077357488320e-01
4.652556532290563762e-01
4.511542452908161582e-01
4.201115891936963997e-01
3.570414836500747646e-01
2.701549227901304251e-01
1.951119202188182078e-01
1.564910496521472183e-01
7.411125774782077735e-02
4.757143385407087283e-02
3.857240679437534681e-02
3.097311319397228965e-02
2.390710695125432619e-02
1.788087629167455644e-02
1.281050450379898030e-02
8.854876792508207736e-03
5.844118948699996742e-03
3.688902758931587259e-03
2.193846120502963674e-03
1.215389002923655121e-03
6.145701126538172026e-04
3.088926465066379481e-04
1.824286422016862207e-04
2.300263004334174928e-04
-6.105063982502727379e-04
-1.259680311395360291e-04
2.399072427974718034e-04
-6.556340355819247404e-05
6.411043495219305834e-04
5.343804295549764308e-04
-4.268117961908948202e-04
2.018826676518750457e-04
1.825892868793079979e-04
6.911102930608792089e-05
1.395159302866610951e-04
3.304143376666577214e-04
7.268092233172673746e-04
1.401566703606581341e-03
2.475460030998979932e-03
4.113626573474945917e-03
6.541748858241741571e-03
1.001038564705538335e-02
1.488464650535965307e-02
2.147911788330276323e-02
3.051050786855367958e-02
4.258278943252361004e-02
6.116675445190751514e-02
1.135813741097150692e-01
2.816703780900371434e-01
3.583646058294969738e-01
4.260647538311937432e-01
4.566284146711863667e-01
4.605156021304585012e-01
4.456997198775555780e-01
4.075873808911227303e-01
3.360637267952641949e-01
2.421781593436482249e-01
1.629914369813998121e-01
1.136273949756629459e-01
9.170765304722608424e-02
4.388695232445377625e-02
2.849794873468439529e-02
2.338461268713480298e-02
1.894561212187679741e-02
1.472069306551873451e-02
1.108575318348882337e-02
7.984214680474294862e-03
5.552146652273746291e-03
3.684309849585972515e-03
2.343564205821739230e-03
1.408945644011728700e-03
7.961926475413443668e-04
4.162681353849414503e-04
2.128076612282942567e-04
7.309527090273880347e-05
-2.075673601314446850e-04
3.076691707903908882e-04
-2.895575310548661172e-04
-3.276000657851784598e-04
-6.523400844153822215e-07
2.501488358315839627e-04
-2.329462238958783071e-04
6.503585822659930127e-05
1.543965681403571650e-04
7.953365497372452035e-04
1.631163751408210103e-04
1.537601556865473586e-04
3.325940906313283097e-04
7.271422555840564806e-04
1.401609778614510381e-03
2.475453301396133600e-03
4.113623691389373983e-03
6.541752557673424437e-03
1.001038498452167837e-02
1.488464716945944559e-02
2.147911462900314525e-02
3.051050612034915746e-02
4.258280337258204401e-02
6.116676852841553685e-02
1.135813871979670098e-01
2.816703834072576962e-01
3.583645973810847263e-01
4.260647490087888789e-01
4.566284130296402455e-01
4.605156016946126418e-01
4.456997193976588445e-01
4.075873860381593605e-01
3.360637305321845236e-01
2.421781608600697133e-01
1.629914222035906968e-01
1.136273425943214871e-01
9.170738786760684880e-02
4.388694057778177310e-02
2.849795078486044853e-02
2.338461033891842469e-02
1.894561227093126410e-02
1.472069914584296819e-02
1.108575334690541439e-02
7.984209142619597480e-03
5.552146264785146057e-03
3.684308704875374502e-03
2.343561546213880631e-03
1.408968595464248031e-03
7.963457113489020439e-04
4.172730168784138287e-04
2.196301368482350919e-04
1.225910378107224273e-04
1.582034447996922665e-04
2.551544624769616783e-04
1.730540248419520227e-04
-8.050472119555996428e-05
4.728872764280572165e-04
2.964982582332046420e-04
2.458621673375230277e-04
3.577660792042465445e-04
-2.236002843037100099e-04
2.650548441665094546e-04
7.124353078952970183e-05
1.387452041142180276e-04
3.301950751030239303e-04
7.267896686531842912e-04
1.401567644754591344e-03
2.475444008907967067e-03
4.113616598408231448e-03
6.541745154571694705e-03
1.001038453711406220e-02
1.488465631663393567e-02
2.147912172913759785e-02
3.051050276808565248e-02
4.258278944559732576e-02
6.116675165317300017e-02
1.135813706606701168e-01
2.816704056878406859e-01
3.583645859362308284e-01
4.260647470076538434e-01
4.566284129139669412e-01
4.605156005833002109e-01
4.456997216089896297e-01
4.075873860534868776e-01
3.360637310624201013e-01
2.421781685111578097e-01
1.629914308002169687e-01
1.136273664893918678e-01
9.170765747069656304e-02
4.388696843704308070e-02
2.849796153873920823e-02
2.338461944108210372e-02
1.894561088466148457e-02
1.472069193127218886e-02
1.108575215096595061e-02
7.984214182359899645e-03
5.552153413257202540e-03
3.684305775073529795e-03
2.343553684469539596e-03
1.408981069232752466e-03
7.964400890380739359e-04
4.178190432926980318e-04
2.221633835904101076e-04
1.303376770569549979e-04
1.161092412691677397e-04
5.221247502402477517e-04
3.183316987213219971e-04
-2.752393970603845023e-04
5.516330630063148418e-04
-3.861891492530221035e-04
-2.045472645967500737e-04
-2.731774709730259228e-04
3.629766998575530298e-04
2.050313012278466511e-05
2.267460872563149940e-05
4.955713167830138721e-05
1.116304547750384557e-04
2.438449035784668825e-04
4.718648282886868319e-04
8.378342599507555572e-04
1.398043913887493748e-03
2.234020276025190307e-03
3.428803017941256786e-03
5.125777653254740863e-03
7.424243473068923085e-03
1.066169166883722957e-02
1.507215622620962543e-02
2.238096005107680433e-02
4.357247306484343663e-02
1.165537070201612263e-01
1.769214432460763375e-01
2.750580893569299912e-01
3.670191424008893422e-01
3.890278740348500630e-01
3.315493562427428431e-01
2.366702637149959709e-01
1.494517169148049107e-01
8.999252227220788658e-02
5.595667044068430157e-02
3.821959685700268561e-02
3.087044688274423465e-02
1.460993850518644416e-02
9.527655848799205726e-03
7.873617439672776774e-03
6.418592130447607451e-03
5.013330232448288785e-03
3.799666406337321584e-03
2.756028576266337377e-03
1.936338542280523992e-03
1.303940972859937318e-03
8.499015744075290486e-04
5.325803301956521249e-04
3.241559407300372876e-04
1.925415923942571143e-04
1.162870014273806541e-04
2.113284696688664003e-05
-4.610893133066923063e-04
-6.266981025234989906e-04
2.587893643179932455e-04
6.617634235972114521e-04
-2.551544398969629894e-04
-5.273259643393297274e-05
6.611612765334407734e-06
3.724788352206745575e-04
-3.257082644990664405e-04
3.930313226548400323e-04
9.143745613248456517e-05
6.116274826122123504e-05
1.135238375574158689e-04
2.441418667468662476e-04
4.719011777576390056e-04
8.378252392738670456e-04
1.398040667961526935e-03
2.234025546657329806e-03
3.428804262493407359e-03
5.125778361896788683e-03
7.424238788600194365e-03
1.066168884106759654e-02
1.507216877813122476e-02
2.238096800361154964e-02
4.357246022569361693e-02
1.165534015316518207e-01
1.769214288245692102e-01
2.750580781922918883e-01
3.670191289044323901e-01
3.890278664514144613e-01
3.315493503454193802e-01
2.366702709065421906e-01
1.494517278387736681e-01
8.999253094709915024e-02
5.595666171793702015e-02
3.821956799016339168e-02
3.087035497847837734e-02
1.460993056562839669e-02
9.527653465467370020e-03
7.873612506707683076e-03
6.418592175247971390e-03
5.013337604913017768e-03
3.799668445942910606e-03
2.756023577716307758e-03
1.936337425160742330e-03
1.303939100009364992e-03
8.498987025987787174e-04
5.326165509347991628e-04
3.244296679849513628e-04
1.943077737357593634e-04
1.269945838669556896e-04
8.587021413787959104e-05
-1.158978781203155891e-04
3.838314327910509948e-04
-1.898914317028831328e-04
7.620067243788534452e-05
-4.183589766285171203e-04
1.878695486428698911e-04
2.012654808525264757e-04
-1.734309759283434330e-05
2.773760664924984328e-04
-1.395858557166099428e-04
4.338101704756503186e-06
4.735519386314585618e-05
1.113491963555352188e-04
2.438242256788193706e-04
4.718627745835778098e-04
8.378149825792313970e-04
1.398033312638112362e-03
2.234019111022943725e-03
3.428803285325549444e-03
5.125786757708816060e-03
7.424245761067808057e-03
1.066168481132381482e-02
1.507215432491693097e-02
2.238095505310666242e-02
4.357246763533546841e-02
1.165537536391197809e-01
1.769214517487494864e-01
2.750580897934581937e-01
3.670191399342805916e-01
3.890278700553788660e-01
3.315493557687459458e-01
2.366702674036729459e-01
1.494517212078217971e-01
8.999253668604823009e-02
5.595666544815398186e-02
3.821956746564039026e-02
3.087045757580440808e-02
1.460996189278052602e-02
9.527671083093398191e-03
7.873623839575825262e-03
6.418590568128146150e-03
5.013332303843354674e-03
3.799668664114450901e-03
2.756027646897884955e-03
1.936344520894228574e-03
1.303935940284813542e-03
8.498890531212328295e-04
5.326389346411387806e-04
3.246445243857583036e-04
1.959632028707626497e-04
1.391341583611303205e-04
1.768096826299246670e-04
5.106783831566100423e-04
-4.245775587874747172e-04
-1.326212099638679096e-04
3.094704903471786088e-04
3.666289707362475978e-04
-5.504866171180398845e-05
1.546209698744910289e-04
6.618566887230375312e-05
-5.208524601462123860e-05
-1.995152953520708608e-04
-3.640362164339599018e-05
-5.247624674570320550e-05
-1.208503014501324308e-04
-2.630661763639454797e-04
-5.021227820403059141e-04
-8.803333343611179649e-04
-1.453466810973238913e-03
-2.302571277721270245e-03
-3.509219009417300326e-03
-5.216482102633717213e-03
-7.521653764259882483e-03
-1.076367233630618446e-02
-1.517480596590666669e-02
-2.248546246473553251e-02
-4.370795915526407005e-02
-1.167966324540123668e-01
-1.771596469235991733e-01
-2.752347089109875022e-01
-3.671031086862269199e-01
-3.890771120823715568e-01
-3.316260530904113768e-01
-2.367735236789184072e-01
-1.495106609891801996e-01
-8.996772480716248854e-02
-5.584801596563222087e-02
-3.804976879554609198e-02
-3.064148891601279484e-02
-1.446019439880893986e-02
-9.401822189668528063e-03
-7.743504963920864147e-03
-6.284677443920408044e-03
-4.877297217822054720e-03
-3.660543983459108031e-03
-2.614266937653942843e-03
-1.790738244325889216e-03
-1.154809195320492332e-03
-6.966912504228821258e-04
-3.763559689675499524e-04
-1.662400344268786460e-04
-3.735809428027588481e-05
3.632539314580845183e-05
9.907436725811650353e-05
1.058906523888006464e-04
3.012516666026784310e-04
7.863299132175441191e-04
2.361763924218023523e-04
8.412823186078955187e-05
-6.602237430885998055e-04
2.125369331130014304e-04
-1.921883227471120868e-04
1.045511326030193130e-04
-2.807655766639312260e-05
-7.984241846382906436e-06
-4.777895593706862746e-05
-1.200612308153627822e-04
-2.629345341312111983e-04
-5.021085383926871199e-04
-8.803440419365959327e-04
-1.453469371814779905e-03
-2.302565017571811101e-03
-3.509217357561881818e-03
-5.216483335320679267e-03
-7.521660889437209105e-03
-1.076367513670746338e-02
-1.517479198310581028e-02
-2.248544429620818672e-02
-4.370789703044901386e-02
-1.167959441763641165e-01
-1.771595498593823426e-01
-2.752346733455450223e-01
-3.671030944847161748e-01
-3.890771079738241101e-01
-3.316260461175027929e-01
-2.367735176018344601e-01
-1.495106490545007882e-01
-8.996771246333898353e-02
-5.584801528844329788e-02
-3.804976761264346891e-02
-3.064142739546293903e-02
-1.446019710022366893e-02
-9.401826673533569476e-03
-7.743510752774593851e-03
-6.284676982251664011e-03
-4.877289356116163398e-03
-3.660540995684185162e-03
-2.614272092636632256e-03
-1.790740495913013429e-03
-1.154811749053516207e-03
-6.966959959988610739e-04
-3.763195895901851724e-04
-1.659406358273865100e-04
-3.544678108415035385e-05
4.730992760116751902e-05
1.603017946634783674e-04
3.727972388914898303e-04
1.566081640858821994e-04
3.982929585867290515e-04
3.151605897288394767e-04
4.913893221627665779e-04
-2.547278413447133559e-04
-2.452885174023457129e-04
-2.961219423307383898e-04
-1.462305130971889645e-04
1.202789876716650544e-05
-1.224704355434650681e-05
-5.004445166263303877e-05
-1.206379209827156997e-04
-2.630411406899984877e-04
-5.021236809999762895e-04
-8.803534102064179386e-04
-1.453476210642551999e-03
-2.302569633931122409e-03
-3.509218199503365797e-03
-5.216475414986433169e-03
-7.521653455952962558e-03
-1.076367806750794243e-02
-1.517480384496339325e-02
-2.248546165995557802e-02
-4.370794953997823168e-02
-1.167964188675820886e-01
-1.771596090071931584e-01
-2.752346930564653071e-01
-3.671031008272905294e-01
-3.890771180767671478e-01
-3.316260573004363721e-01
-2.367735199539646729e-01
-1.495106542684644102e-01
-8.996771076586884686e-02
-5.584802058687501902e-02
-3.804978886275826172e-02
-3.064143426263839579e-02
-1.446017162273890988e-02
-9.401806195784390835e-03
-7.743498167681280887e-03
-6.284679599834795162e-03
-4.877294296449476846e-03
-3.660541353870055449e-03
-2.614270076423358229e-03
-1.790732479722153886e-03
-1.154812854425966246e-03
-6.967067867321595151e-04
-3.763162330440327679e-04
-1.659177778313014205e-04
-3.532315187030173531e-05
4.778539593340612126e-05
1.583794799010147022e-04
2.962850272891289914e-04
5.000431181689930739e-04
-1.014500845202650673e-04
-1.361442994960647922e-04
-1.884617164328631321e-04
-2.493667306157326178e-05
4.202233276405437697e-04
-4.197965847495148178e-04
-6.664513840559126482e-05
-1.722714161801716150e-04
-4.480237934949137673e-05
-1.355301187477754186e-04
-3.381749452650353047e-04
-7.452618824583327447e-04
-1.431095639200144053e-03
-2.517311743450057534e-03
-4.168675283719449134e-03
-6.610304828804321187e-03
-1.009139904530266356e-02
-1.497641451805923653e-02
-2.157810545849293132e-02
-3.061367080144494768e-02
-4.268571048241642796e-02
-6.126757631203515186e-02
-1.136999443302041807e-01
-2.818140903614499981e-01
-3.584417647289998010e-01
-4.260828222488310946e-01
-4.566238637508065468e-01
-4.605089110857745749e-01
-4.456982543451683543e-01
-4.076102223663333191e-01
-3.361213160403543343e-01
-2.422291989878201102e-01
-1.629691457390654574e-01
-1.135229390052575060e-01
-9.152708073456863880e-02
-4.375061307205522360e-02
-2.837735258643880182e-02
-2.325728159374140791e-02
-1.881334773272341429e-02
-1.458555884994739739e-02
-1.094720373312052866e-02
-7.842794462362717711e-03
-5.406844794842801012e-03
-3.535396884477294468e-03
-2.190502325526593949e-03
-1.252525461044128431e-03
-6.373900156487329006e-04
-2.594610580837235963e-04
-6.234274071387900680e-05
2.022141635853972293e-06
-5.402418522428637437e-04
3.796381416324114328e-04
-1.174736499628177165e-04
2.518978106372427202e-04
2.868866602276800670e-04
4.416579519872623126e-05
2.954340010424619381e-05
-1.437264455079881385e-04
4.356759285156184018e-05
-4.477802464694015817e-04
-8.111388695708791549e-05
-1.401081846824454510e-04
-3.387185548001369348e-04
-7.453163170662016265e-04
-1.431104579745411066e-03
-2.517322749408875890e-03
-4.168675815022084702e-03
-6.610296487466137648e-03
-1.009139534550430178e-02
-1.497641632001777030e-02
-2.157811353711207650e-02
-3.061367484459873167e-02
-4.268570229901216817e-02
-6.126756946023425437e-02
-1.136998876393436192e-01
-2.818133353482948356e-01
-3.584416999437788354e-01
-4.260828158409872835e-01
-4.566238646266315149e-01
-4.605089126803144084e-01
-4.456982530802518494e-01
-4.076102214984448358e-01
-3.361213075423731267e-01
-2.422291890746013643e-01
-1.629691473012902236e-01
-1.135229334116934913e-01
-9.152699921904187963e-02
-4.375061538522943827e-02
-2.837735860330318702e-02
-2.325728851237482755e-02
-1.881334928805917378e-02
-1.458555371393400676e-02
-1.094720103705985360e-02
-7.842798366373911895e-03
-5.406845952961568565e-03
-3.535398201903469130e-03
-2.190507104115935449e-03
-1.252492338850363582e-03
-6.371042511942093039e-04
-2.575040766545948147e-04
-4.983155283755178334e-05
8.402180399378474335e-05
-5.593484615202229973e-05
-5.465002256652356323e-04
3.896384314724768189e-04
-2.606467768052122885e-04
-4.727973307211383617e-04
-2.401392730256286074e-04
-2.352155763670774546e-04
3.426847987538267533e-04
-1.871528050410544081e-04
-2.991425818048674837e-04
-6.570102495987329306e-05
-1.388669582789588922e-04
-3.386964592058823963e-04
-7.453284979331985423e-04
-1.431107571940178199e-03
-2.517330481169864284e-03
-4.168680943342437280e-03
-6.610298906097822336e-03
-1.009139582944038049e-02
-1.497640941218816510e-02
-2.157810683593646556e-02
-3.061367654069584165e-02
-4.268570863547278132e-02
-6.126757632800250430e-02
-1.136999201358034617e-01
-2.818137709942217795e-01
-3.584417412695526384e-01
-4.260828173796322726e-01
-4.566238611222935284e-01
-4.605089124890293095e-01
-4.456982557778570442e-01
-4.076102235409047037e-01
-3.361213117652981919e-01
-2.422291858844859980e-01
-1.629691452174624466e-01
-1.135229429087838554e-01
-9.152699182039708559e-02
-4.375060531862380586e-02
-2.837734456433375560e-02
-2.325728035272872987e-02
-1.881335562401698427e-02
-1.458555809006157993e-02
-1.094719923964240609e-02
-7.842794826312029371e-03
-5.406834990962368706e-03
-3.535398104768679335e-03
-2.190520037741693505e-03
-1.252509813901067160e-03
-6.372749995654424177e-04
-2.586760245418617626e-04
-5.644901524657957372e-05
5.103730944094056953e-05
-1.447260671659933581e-04
1.747009202446867589e-04
3.973169945441064007e-04
2.841322935294714365e-05
5.397836356410012654e-04
8.020471529518691202e-04
1.898161668999287055e-04
2.120202687205462958e-04
3.700858830301089180e-04
9.700228994151974477e-05
5.992872679784925967e-05
-1.754521814729858220e-04
-5.176092699165730712e-04
-1.162157875618317904e-03
-2.239304347030628747e-03
-3.937464212664784982e-03
-6.520123158410565112e-03
-1.031821813097567007e-02
-1.575056172794284115e-02
-2.329518525866957138e-02
-3.353967634684405785e-02
-4.720081053548007277e-02
-6.542194934662060035e-02
-9.194865326057674593e-02
-1.652590323596699606e-01
-3.853046290893352155e-01
-4.326396449187567272e-01
-4.615978018154892615e-01
-4.716360621467775016e-01
-4.715734818299768816e-01
-4.652500554165701629e-01
-4.511563792622559910e-01
-4.201357491252627474e-01
-3.571025737769134567e-01
-2.702111103666899328e-01
-1.950969336493566242e-01
-1.563843197245757544e-01
-7.399541504530486591e-02
-4.745906133820536332e-02
-3.844952805495023551e-02
-3.084345737111157670e-02
-2.377337404679035968e-02
-1.774320832011835880e-02
-1.266960114365623183e-02
-8.710047054780355874e-03
-5.695574808027341340e-03
-3.536099226209886773e-03
-2.036903766068886776e-03
-1.053674144242985932e-03
-4.465203539565088518e-04
-1.132581737815884903e-04
1.161380563882376309e-04
1.731384787100824604e-04
2.505577576347970694e-04
2.260366042369565465e-04
-1.372802225598744336e-04
-3.231167153511813137e-05
-2.758529189356530363e-04
3.636260441867310202e-04
2.410300355977343563e-04
1.405384967175690963e-04
-4.451979546239599389e-06
3.946522444962068923e-05
-1.787061465153187234e-04
-5.180697651127908485e-04
-1.162210357086572443e-03
-2.239313713950657862e-03
-3.937473543774454646e-03
-6.520123174702209361e-03
-1.031821069192913505e-02
-1.575055897883968423e-02
-2.329518967403946053e-02
-3.353968430111978205e-02
-4.720081098328379049e-02
-6.542194233320368368e-02
-9.194865622383804893e-02
-1.652590392518479001e-01
-3.853046120863033441e-01
-4.326396529436516980e-01
-4.615978009871535281e-01
-4.716360624781958388e-01
-4.715734825841677580e-01
-4.652500556082351801e-01
-4.511563802176952742e-01
-4.201357461065801657e-01
-3.571025695381879750e-01
-2.702111177839683909e-01
-1.950969328333840846e-01
-1.563842835478529980e-01
-7.399541340796091105e-02
-4.745906565785727727e-02
-3.844953228954682556e-02
-3.084345647374612739e-02
-2.377336853445645784e-02
-1.774320444761466262e-02
-1.266960344575181197e-02
-8.710048357644235156e-03
-5.695577510997478117e-03
-3.536106690861048722e-03
-2.036890059393514814e-03
-1.053560344777817667e-03
-4.458497656088012437e-04
-1.097669897856522756e-04
1.339243439304464603e-04
2.342561053598913180e-04
1.254873814829214238e-04
2.539300884410285652e-04
-5.199431398854834378e-04
5.608038785808249719e-04
-5.097327129121210923e-04
6.710689130473805467e-05
-3.482511907711658967e-04
-7.311842798105830810e-05
-2.343822984773001334e-04
1.141009358095341715e-05
-1.821824401926157549e-04
-5.185324394090788267e-04
-1.162270920961255578e-03
-2.239321842847208973e-03
-3.937480521705415126e-03
-6.520126466214372883e-03
-1.031821185210592649e-02
-1.575056073620417427e-02
-2.329518561633991958e-02
-3.353967943098000448e-02
-4.720081191831551615e-02
-6.542194211093881051e-02
-9.194864973507566042e-02
-1.652590183817813085e-01
-3.853044903095095286e-01
-4.326396291489425505e-01
-4.615977986242054132e-01
-4.716360611582136597e-01
-4.715734826802540081e-01
-4.652500564243778336e-01
-4.511563816282275208e-01
-4.201357491602722982e-01
-3.571025674784528148e-01
-2.702111153624208728e-01
-1.950969512797235961e-01
-1.563843343541639896e-01
-7.399542402696307475e-02
-4.745905683178570228e-02
-3.844952504656903858e-02
-3.084346397744483839e-02
-2.377337299091580522e-02
-1.774320418645199821e-02
-1.266960206813559815e-02
-8.710036880780487600e-03
-5.695577353639707206e-03
-3.536120125436411060e-03
-2.036918163347435379e-03
-1.053872575299616941e-03
-4.483609248303416727e-04
-1.280886843163408140e-04
-3.889220409401970274e-06
-7.180500575966254108e-04
-5.046832133256553372e-04
1.358929289570586082e-04
2.952373468327424907e-04
-3.449704128409905048e-04
2.946252611468972576e-04
-4.678944442605454551e-04
2.049950066415621086e-04
-2.098563633495352380e-04
3.318717963128799153e-04
1.408881740315429847e-04
-2.047264189661355388e-04
-6.583108974222718615e-04
-1.493149654509172159e-03
-2.882521997610144968e-03
-5.061727988529510225e-03
-8.374748192782976650e-03
-1.321771455788278010e-02
-2.016533650720983561e-02
-2.972395325095507357e-02
-4.277155397933529030e-02
-5.980419733763918388e-02
-8.250375694782154101e-02
-1.140861184589197219e-01
-1.989920469688107874e-01
-4.381681362150577907e-01
-4.599564340616140168e-01
-4.717433797166410980e-01
-4.749093375286957963e-01
-4.738123729656876781e-01
-4.703579187768118230e-01
-4.637530191408308911e-01
-4.502810483517264983e-01
-4.193698361062905278e-01
-3.594375159769024886e-01
-2.811861675716439413e-01
-2.275723215869641936e-01
-1.054084408673373469e-01
-6.653417784074146246e-02
-5.309390976999525669e-02
-4.208031226037435568e-02
-3.215876832709937960e-02
-2.378842364259998662e-02
-1.688848721759847460e-02
-1.154308173614399489e-02
-7.526743731574967941e-03
-4.661722445446485341e-03
-2.685999966476719947e-03
-1.390838048592992187e-03
-5.900223918979818905e-04
-1.465243894501819645e-04
1.443154797828198675e-04
-9.045239574196630404e-05
1.817451040452370821e-04
6.136630331711215801e-05
1.957148672186347299e-04
1.431276244704289807e-04
-2.583958018739218859e-04
-1.882208532151140225e-05
4.174877916088544989e-04
-8.669161982086759182e-05
2.731918321037491251e-04
1.372308226305078065e-04
-2.043390842743382366e-04
-6.581009704372502026e-04
-1.493096948108170712e-03
-2.882518370558678940e-03
-5.061734259391751159e-03
-8.374747541843243978e-03
-1.321770735657059118e-02
-2.016533287786299519e-02
-2.972395809993205393e-02
-4.277156041313794760e-02
-5.980419656976720261e-02
-8.250375601373971524e-02
-1.140861232598565644e-01
-1.989920359191611476e-01
-4.381679939058872875e-01
-4.599563955285647654e-01
-4.717433755474932933e-01
-4.749093380188111335e-01
-4.738123734683483690e-01
-4.703579185774111049e-01
-4.637530191108275579e-01
-4.502810461509127449e-01
-4.193698335333301275e-01
-3.594375210271362753e-01
-2.811861586067664898e-01
-2.275722661580716344e-01
-1.054084286801299508e-01
-6.653417834217530136e-02
-5.309391258666350255e-02
-4.208031195923140483e-02
-3.215876610615780312e-02
-2.378842048182812016e-02
-1.688848707358858725e-02
-1.154308139457180422e-02
-7.526745654722372288e-03
-4.661728446881429830e-03
-2.685996541573837382e-03
-1.390847129879643458e-03
-5.903222882126307400e-04
-1.501052420235781944e-04
1.084741639181094244e-04
-3.974733666148014179e-04
8.417411287442851065e-05
-8.214732333384451102e-04
-1.368424315805054933e-04
-3.202909639223151610e-04
2.064292027942620129e-04
3.137276337355705179e-05
-7.881046485981647886e-05
-1.876038426261160440e-04
4.093609061340333644e-04
1.490519910115543738e-04
-2.039209419081123372e-04
-6.582299157124204712e-04
-1.493141530338366885e-03
-2.882528700562382064e-03
-5.061740323401996491e-03
-8.374748377497706273e-03
-1.321770598372113727e-02
-2.016533507535875000e-02
-2.972395668582571496e-02
-4.277155696516748984e-02
-5.980419758001191688e-02
-8.250375501849917248e-02
-1.140861205474392320e-01
-1.989920437797976782e-01
-4.381681264952410060e-01
-4.599564219254970721e-01
-4.717433756855961002e-01
-4.749093368353388134e-01
-4.738123734970735579e-01
-4.703579195494582699e-01
-4.637530212655812667e-01
-4.502810488527470567e-01
-4.193698319279388076e-01
-3.594375246465458806e-01
-2.811862189169789250e-01
-2.275724722499349595e-01
-1.054084544232510579e-01
-6.653417323776913972e-02
-5.309391026712015349e-02
-4.208032360600224425e-02
-3.215876964236274310e-02
-2.378841708925803072e-02
-1.688848268826778978e-02
-1.154306869707237733e-02
-7.526748038595397483e-03
-4.661742363248442579e-03
-2.685995399517979946e-03
-1.390853445445508658e-03
-5.902291936333740408e-04
-1.473901874346822058e-04
1.444266934561249771e-04
-1.247907283466381719e-05
-1.415098929412716543e-04
2.066295467884795146e-04
-1.082780910909476602e-04
-4.961171172810812432e-04
-2.029811291966597997e-04
1.246239086564780523e-04
-1.430844656750821550e-04
-1.626386086474927543e-04
-5.226379975905599135e-04
2.641480875583110620e-07
-2.643566905536860528e-04
-7.673953976717343356e-04
-1.734581943544682070e-03
-3.347804412319803965e-03
-5.867226666854919934e-03
-9.690464844621606358e-03
-1.524791017482261465e-02
-2.322388188492008343e-02
-3.411498257456768712e-02
-4.900191250037456286e-02
-6.814336488824643268e-02
-9.351984269314861375e-02
-1.277666166369924305e-01
-2.177194227987179487e-01
-4.618611522886059695e-01
-4.695645105144636844e-01
-4.740253756277518216e-01
-4.749103281614671657e-01
-4.736730267004977124e-01
-4.715075199951052620e-01
-4.683554697308700554e-01
-4.625999209119318056e-01
-4.486844996311334377e-01
-4.165986615247111446e-01
-3.589480424586891094e-01
-3.032756696201562852e-01
-1.379794166129477695e-01
-8.549815434757945809e-02
-6.698117674783193864e-02
-5.224918968995011237e-02
-3.949587877034612532e-02
-2.887931853297809673e-02
-2.034957367119865496e-02
-1.380217915789196462e-02
-8.961052403557621948e-03
-5.525760160503708635e-03
-3.176130603750792949e-03
-1.637420930396080382e-03
-6.855179756995825055e-04
-1.514718103934252448e-04
1.960552483759232551e-04
-2.548518214943832640e-04
1.273434505680798659e-04
-6.706971068847252925e-04
-1.608318042721222955e-04
-4.757607444858473044e-04
-3.377860015467372065e-04
-2.179099174204021693e-04
-2.635031938931917052e-04
3.863671797733023871e-05
-2.354369655349741308e-04
5.533401932178037743e-05
-2.547634034856442829e-04
-7.657646519708601615e-04
-1.734328579999023894e-03
-3.347777590834495175e-03
-5.867229266446661456e-03
-9.690464481260189014e-03
-1.524790469554462326e-02
-2.322387919472851392e-02
-3.411499055820831766e-02
-4.900192062511168900e-02
-6.814336219396484318e-02
-9.351984175845201586e-02
-1.277666204407956196e-01
-2.177194243092684389e-01
-4.618611757541227214e-01
-4.695645153890735113e-01
-4.740253755517048750e-01
-4.749103288476122509e-01
-4.736730269711136865e-01
-4.715075194876116593e-01
-4.683554688290576529e-01
-4.625999189687525770e-01
-4.486844987650926431e-01
-4.165986652594338424e-01
-3.589480349372370371e-01
-3.032756114751717358e-01
-1.379794042101222251e-01
-8.549815728156411054e-02
-6.698118121774498945e-02
-5.224918898577681631e-02
-3.949587686925900426e-02
-2.887931425319756676e-02
-2.034957144382492505e-02
-1.380217919174671522e-02
-8.961054708351300774e-03
-5.525762953681092465e-03
-3.176117137643623065e-03
-1.637341206320453400e-03
-6.849419306738994918e-04
-1.470548371780430405e-04
2.298429331111519983e-04
-1.295753864139953942e-05
-2.012367587021691333e-04
6.530334954451535653e-05
-3.820186652027097291e-04
8.731909319998881877e-05
-3.278217360333372018e-04
-4.382759332579669602e-05
-6.486326947684189093e-04
3.795138163625277590e-04
-3.303172181799969120e-04
3.109344207670534981e-05
-2.597098871516995448e-04
-7.666837350359895307e-04
-1.734487946739603215e-03
-3.347803394306069456e-03
-5.867235788946686785e-03
-9.690463516838053112e-03
-1.524790106405368370e-02
-2.322388214429969844e-02
-3.411499162722529677e-02
-4.900191708336709695e-02
-6.814336148995883691e-02
-9.351983651362727468e-02
-1.277666113216351096e-01
-2.177194066201420253e-01
-4.618610428736488194e-01
-4.695644721025559742e-01
-4.740253690119725638e-01
-4.749103279416829193e-01
-4.736730271795375757e-01
-4.715075200434273861e-01
-4.683554700584982022e-01
-4.625999200136726719e-01
-4.486844965402749796e-01
-4.165986669866225123e-01
-3.589480750530369413e-01
-3.032757339057567392e-01
-1.379794174705626375e-01
-8.549814875181598051e-02
-6.698117841322800969e-02
-5.224919973642562498e-02
-3.949587948653984770e-02
-2.887931241222373852e-02
-2.034956965943962581e-02
-1.380216953342604767e-02
-8.961058885897366794e-03
-5.525775699607605486e-03
-3.176107302919691563e-03
-1.637260111016994833e-03
-6.843700030094755984e-04
-1.432209819516876874e-04
2.545718221391797998e-04
1.094852212029450393e-04
3.048967881960927876e-04
-1.578421024447348216e-04
-1.487991804721424619e-04
3.333676142034472660e-04
-3.466987539660381420e-04
3.084890012613395507e-05
-5.145814617904606461e-04
-2.500460064078142996e-04
-5.263600293588179165e-04
-5.350350326770154610e-06
-2.914825411023387971e-04
-8.376183738585211156e-04
-1.889861084496500133e-03
-3.641253611748985347e-03
-6.364246344923477419e-03
-1.048085098073763335e-02
-1.643017064013026565e-02
-2.493813470875426777e-02
-3.646725530558173750e-02
-5.214881072033226983e-02
-7.204982745027167790e-02
-9.813549641511316868e-02
-1.326346178144749144e-01
-2.224558041324633806e-01
-4.659739738985582136e-01
-4.698688297882130382e-01
-4.730272953650078160e-01
-4.738451529827459319e-01
-4.731327711298444205e-01
-4.718971212299211682e-01
-4.703362890817694986e-01
-4.678722510703254844e-01
-4.617678837713106166e-01
-4.462027408601192957e-01
-4.129861637964280519e-01
-3.717122199302783647e-01
-1.694617257416478895e-01
-1.034933142900241188e-01
-7.963428394785447562e-02
-6.100655394144961080e-02
-4.555434964968968492e-02
-3.286923995684098987e-02
-2.296467209183432681e-02
-1.543956092543974021e-02
-9.972394092778443658e-03
-6.116016739342558690e-03
-3.502338751543398500e-03
-1.793806630349615606e-03
-7.369397302118379763e-04
-1.321376032570774556e-04
2.977335966800244578e-04
-2.159857610841076829e-04
1.855361098634217254e-04
-4.570764839108036799e-04
2.105522795542846346e-05
-4.968474114335271759e-05
4.829552809667894122e-04
1.586785129728898137e-05
-9.465894525591043811e-05
5.167770654412209667e-04
8.343292840942718709e-05
9.869418724132581128e-05
-2.745326981618275786e-04
-8.348862532169254707e-04
-1.889450966156255244e-03
-3.641207095003679874e-03
-6.364245241646737487e-03
-1.048085179668973091e-02
-1.643016774155978826e-02
-2.493813127364134449e-02
-3.646726086101504533e-02
-5.214881420023408098e-02
-7.204982108152568898e-02
-9.813549948293007197e-02
-1.326346271098666207e-01
-2.224558144788668923e-01
-4.659740598267533285e-01
-4.698688598796061933e-01
-4.730272994350608329e-01
-4.738451540513655136e-01
-4.731327712459814649e-01
-4.718971209609797990e-01
-4.703362885950812533e-01
-4.678722501708009740e-01
-4.617678843092370977e-01
-4.462027438151520697e-01
-4.129861542189123269e-01
-3.717121812065208863e-01
-1.694617152848933161e-01
-1.034933179150913929e-01
-7.963429028743003457e-02
-6.100655630344616054e-02
-4.555435024510692821e-02
-3.286923311865923986e-02
-2.296466547174921824e-02
-1.543956119188338166e-02
-9.972397263231338668e-03
-6.116017771633833720e-03
-3.502330735433002371e-03
-1.793768705455975158e-03
-7.365635755534389760e-04
-1.280001856957416011e-04
3.407427737494120876e-04
1.941192191250436878e-04
-5.705215604280407206e-04
5.026353330610436711e-04
-1.830507416476205996e-04
-4.378962662343618235e-04
6.005000551695789885e-05
-5.414541566773216396e-04
-8.148022294031762470e-04
-3.214502972511297236e-04
-5.623892442145093451e-04
5.651213611892690274e-06
-2.880493832284433567e-04
-8.368860966783548934e-04
-1.889746738647494822e-03
-3.641248058338759312e-03
-6.364250534603798845e-03
-1.048084749793634120e-02
-1.643016069080642863e-02
-2.493813513345739113e-02
-3.646726685639946341e-02
-5.214881456517696245e-02
-7.204982206622183305e-02
-9.813549429641491018e-02
-1.326346180807655151e-01
-2.224557983932333449e-01
-4.659739506091384320e-01
-4.698688208681382483e-01
-4.730272922130527857e-01
-4.738451528173043825e-01
-4.731327714031065557e-01
-4.718971213346667692e-01
-4.703362893798569977e-01
-4.678722506829767203e-01
-4.617678824806243920e-01
-4.462027418133822088e-01
-4.129861574545609093e-01
-3.717121975272703049e-01
-1.694617129411244150e-01
-1.034933071136194815e-01
-7.963429120762667568e-02
-6.100657058930937515e-02
-4.555435233891767799e-02
-3.286922784893039906e-02
-2.296466083077695550e-02
-1.543955365178580758e-02
-9.972403172696740065e-03
-6.116029516641132042e-03
-3.502321992882675462e-03
-1.793683776355491522e-03
-7.360758952924029196e-04
-1.258359869660731630e-04
3.476271350665402385e-04
1.663693565388831399e-04
-9.020222484986021661e-04
6.069931999645150058e-04
-6.849200267403871348e-04
-5.423638374233192986e-04
-4.467452009989299221e-04
-8.250462364114559107e-04
-1.162864866887936542e-04
-1.618178228277562878e-04
-2.554651536651738144e-04
5.797073292433792214e-05
-2.983711620841722218e-04
-8.749109183241150041e-04
-1.967263538114007691e-03
-3.776615669291739745e-03
-6.577892195935002712e-03
-1.078740998702344862e-02
-1.683485297363883706e-02
-2.540899213953638075e-02
-3.692878111082589787e-02
-5.239687035996351550e-02
-7.177512562021687303e-02
-9.671286548468600863e-02
-1.292873664976399717e-01
-2.149734592320911575e-01
-4.536211782085612931e-01
-4.625370155745722744e-01
-4.692202086844305953e-01
-4.718059106716713802e-01
-4.720987499022131217e-01
-4.717083745205450929e-01
-4.712695984052016618e-01
-4.705982253435960772e-01
-4.683404885020312491e-01
-4.614988199681999137e-01
-4.455035969311337829e-01
-4.230943691596890655e-01
-1.963655660205814169e-01
-1.187875404036483895e-01
-8.997614775464292391e-02
-6.772762825719025326e-02
-4.995817920211369917e-02
-3.557614408652673421e-02
-2.464346105978078641e-02
-1.642437011034732566e-02
-1.055102994821890093e-02
-6.434435549801526856e-03
-3.669429054671479676e-03
-1.867173322714783465e-03
-7.542640945819451817e-04
-1.035246225674000241e-04
4.532316730943993476e-04
6.610112810700937173e-04
2.252353707032619316e-04
-6.223968646393347346e-04
3.761697584090092960e-04
-6.021729616623476208e-04
5.690096595980587754e-05
2.369705590644347233e-04
-1.648952852903219984e-05
4.242400471922012006e-04
1.696942690697602794e-04
1.407444875620420292e-04
-2.837286265918227170e-04
-8.724242870500380437e-04
-1.966875328701505124e-03
-3.776567897042409742e-03
-6.577886227587445220e-03
-1.078740966757152364e-02
-1.683485216658646769e-02
-2.540899001802974372e-02
-3.692878871629282078e-02
-5.239687528580602022e-02
-7.177511880746545447e-02
-9.671286714558609277e-02
-1.292873715951925462e-01
-2.149734591509467330e-01
-4.536211999247691806e-01
-4.625370234652553814e-01
-4.692202102370194305e-01
-4.718059114286410893e-01
-4.720987497006188249e-01
-4.717083742282910386e-01
-4.712695982261224104e-01
-4.705982250316583793e-01
-4.683404893477365327e-01
-4.614988234526705146e-01
-4.455036006801358361e-01
-4.230943677761740962e-01
-1.963655607042354423e-01
-1.187875446829709247e-01
-8.997615252104956829e-02
-6.772762828179516859e-02
-4.995817897848220390e-02
-3.557613718415532367e-02
-2.464345620705321246e-02
-1.642437476435372121e-02
-1.055103382103080890e-02
-6.434434822547819080e-03
-3.669442670954209049e-03
-1.867360818176652931e-03
-7.560141292917008831e-04
-1.185694289407279847e-04
3.229271511831680692e-04
-3.710402327863954099e-04
-1.638972703514348218e-04
-1.983618127408436538e-04
-7.229989829613892374e-04
4.171954555823554841e-05
5.904010140981368637e-06
1.794735238295903077e-04
-1.237547728857566574e-06
1.434211945398625935e-04
2.673395148737269422e-04
1.297221054542634609e-04
-2.883616161871026436e-04
-8.734501599652947073e-04
-1.967063696402065152e-03
-3.776596133174543127e-03
-6.577888016711542357e-03
-1.078740507004868898e-02
-1.683484749625068291e-02
-2.540899797175717734e-02
-3.692879612300573045e-02
-5.239687076290401591e-02
-7.177511299597366667e-02
-9.671285933164534832e-02
-1.292873651548980818e-01
-2.149734556552212461e-01
-4.536211664101518215e-01
-4.625370074951452026e-01
-4.692202057357850453e-01
-4.718059107318601786e-01
-4.720987501846671819e-01
-4.717083746606718919e-01
-4.712695987716373214e-01
-4.705982252514789854e-01
-4.683404879921786446e-01
-4.614988216049876746e-01
-4.455036000486676251e-01
-4.230943680972212295e-01
-1.963655596609983345e-01
-1.187875366122642384e-01
-8.997615272677328413e-02
-6.772763732187751795e-02
-4.995817531098815240e-02
-3.557612974270966261e-02
-2.464345409989201346e-02
-1.642437362188743644e-02
-1.055104100434158670e-02
-6.434443297301340424e-03
-3.669427127486214139e-03
-1.867206076359749197e-03
-7.550330459498654466e-04
-1.128677262299508931e-04
3.578866829379925840e-04
-1.718395988872888742e-04
3.437304561792387967e-04
-8.738403341952585661e-04
-5.038770341296820319e-05
-1.577460784964406881e-04
-8.116896906777317639e-05
1.493603715993635235e-04
-3.601937074155719476e-04
-5.852083577264118047e-05
-5.144986603305481141e-04
-3.597411631949482610e-05
-3.309571733247590550e-04
-8.896655360354873603e-04
-1.971695516894353579e-03
-3.761434907158315178e-03
-6.523299103065696367e-03
-1.064090390279693113e-02
-1.651907899285638692e-02
-2.474270038609165806e-02
-3.568175067376104515e-02
-5.006649435237205126e-02
-6.783843282658723328e-02
-9.008248439980817701e-02
-1.188893622294000529e-01
-1.964762183357291470e-01
-4.232180447990104843e-01
-4.455767209868417567e-01
-4.615326187803958646e-01
-4.683473058128022615e-01
-4.706000946114142214e-01
-4.712679408724536056e-01
-4.717109823516011935e-01
-4.720993851068753799e-01
-4.718041104772078831e-01
-4.691996946882602826e-01
-4.624856270529354441e-01
-4.535294132598139405e-01
-2.148612875950666745e-01
-1.291829929962179935e-01
-9.660024152375763784e-02
-7.165976671355747674e-02
-5.228280471596227774e-02
-3.681977595887817034e-02
-2.530611981419837037e-02
-1.673830352528542231e-02
-1.069591137402149672e-02
-6.488741688228739750e-03
-3.685187863814197180e-03
-1.865668665133395424e-03
-7.486612494649775044e-04
-1.078804557989708089e-04
3.478506997624665844e-04
-3.366208685307489341e-04
1.604249594707759087e-04
-1.000462104611685231e-04
1.407750925751756271e-04
1.821108909403601191e-04
1.800112573559722753e-04
2.055466623203256458e-04
3.715024228088961928e-04
1.851086988358218561e-04
-5.770190428578402550e-05
3.358114760515748293e-05
-3.199696512071386408e-04
-8.878701987269199247e-04
-1.971415200473247177e-03
-3.761398675667402668e-03
-6.523290082382528048e-03
-1.064090311398136271e-02
-1.651908067735633617e-02
-2.474269934061200035e-02
-3.568175841230450396e-02
-5.006649827386235735e-02
-6.783842536069563389e-02
-9.008248685809275291e-02
-1.188893672024325249e-01
-1.964762137168264700e-01
-4.232180358552043442e-01
-4.455767187269678575e-01
-4.615326197926494789e-01
-4.683473067197008177e-01
-4.706000940952670963e-01
-4.712679402685828189e-01
-4.717109820735376213e-01
-4.720993847680657329e-01
-4.718041109516554754e-01
-4.691996946934590684e-01
-4.624856155522985013e-01
-4.535293911331316763e-01
-2.148612819448715294e-01
-1.291829980440773462e-01
-9.660024810225500969e-02
-7.165977054143468639e-02
-5.228280781288537765e-02
-3.681976818869354268e-02
-2.530611182917725729e-02
-1.673830703850350682e-02
-1.069591386755156144e-02
-6.488738357976899830e-03
-3.685176860947796638e-03
-1.865550658179020074e-03
-7.475885917954794681e-04
-9.864467638448521779e-05
4.292700374687109560e-04
3.302091244037356674e-04
1.446400944611470724e-04
4.474599100827603051e-05
1.075991513533910130e-04
-4.811638777732404329e-04
-8.403266821435388841e-04
-1.694109099413792098e-04
-3.285323845078888310e-04
-1.339569137377919351e-04
-7.417088008783422623e-04
-5.121750447872677205e-05
-3.301955284320994347e-04
-8.891187568610883904e-04
-1.971569767791231474e-03
-3.761415211445460691e-03
-6.523286936907494830e-03
-1.064089561035267036e-02
-1.651907354651870052e-02
-2.474270486815274492e-02
-3.568176655917461998e-02
-5.006649783647765251e-02
-6.783842371748576017e-02
-9.008248137925985166e-02
-1.188893625106455798e-01
-1.964762200051042851e-01
-4.232180652887807537e-01
-4.455767282160895126e-01
-4.615326184044152846e-01
-4.683473059134250494e-01
-4.706000944746982495e-01
-4.712679407154670708e-01
-4.717109823109643107e-01
-4.720993845198901973e-01
-4.718041099276866768e-01
-4.691996953369291234e-01
-4.624856246242131097e-01
-4.535294077668955426e-01
-2.148612830108940497e-01
-1.291829925715334837e-01
-9.660025089933334252e-02
-7.165977922173483172e-02
-5.228280311607052394e-02
-3.681976079803477020e-02
-2.530611160609793492e-02
-1.673830946791800278e-02
-1.069591926300276011e-02
-6.488741800084150968e-03
-3.685150380786080503e-03
-1.865319870452683722e-03
-7.462514670780052550e-04
-9.193052558662669299e-05
4.600009590788891288e-04
4.340512631521157888e-04
4.074544798496787827e-04
-2.480296536663282930e-04
1.578125948733273074e-05
6.976559475055273130e-04
5.107443162135814028e-04
3.899349056198419053e-04
4.392577445629894145e-04
-8.399536191153314296e-04
-2.343916637002701705e-04
-4.638770212775256710e-05
-3.429380888762340518e-04
-8.708012370247337564e-04
-1.899361210030180982e-03
-3.595746670300389771e-03
-6.206392113757298531e-03
-1.006310790496918635e-02
-1.553497369876063669e-02
-2.306341844652820897e-02
-3.297452904676789059e-02
-4.566115055309012682e-02
-6.111741587366375378e-02
-7.974124976550428512e-02
-1.036006727936661653e-01
-1.695859115489589952e-01
-3.718839089784956586e-01
-4.131013116452962319e-01
-4.462641728816417186e-01
-4.617857149075777490e-01
-4.678789588913742081e-01
-4.703367224164990423e-01
-4.719006913548334792e-01
-4.731342167060776926e-01
-4.738436094034063073e-01
-4.730090940056350113e-01
-4.698192429538674553e-01
-4.658863000119212172e-01
-2.223298466538810025e-01
-1.325210557408627865e-01
-9.801296184975180625e-02
-7.192810813315132779e-02
-5.202804863645473649e-02
-3.635391506853446336e-02
-2.483062201838001984e-02
-1.633052575336623596e-02
-1.038647512092603226e-02
-6.273707440505650081e-03
-3.549893501685412109e-03
-1.791620662487279506e-03
-7.205462120944437559e-04
-1.192379694460738159e-04
2.780160107648291484e-04
-2.991623135239527371e-04
-3.217336101433146607e-04
-7.962252522434531358e-04
-1.148891795075312393e-04
3.144048493203693037e-04
-6.252221993670913427e-04
-5.282191971827467124e-04
-4.115946338112085306e-04
-3.799226235539370400e-04
-6.114675514514704034e-04
-7.818719795892041687e-05
-3.439777619752792362e-04
-8.704319180321909172e-04
-1.899248544635086895e-03
-3.595728048798976003e-03
-6.206382726597074913e-03
-1.006310855702009441e-02
-1.553497910641295915e-02
-2.306341884177049925e-02
-3.297453471533511038e-02
-4.566114974894807527e-02
-6.111740521293151235e-02
-7.974125218844627105e-02
-1.036006798346032903e-01
-1.695859100745678860e-01
-3.718839080448229084e-01
-4.131013123325295577e-01
-4.462641750404773844e-01
-4.617857162966580442e-01
-4.678789583906610150e-01
-4.703367216773720050e-01
-4.719006909435681241e-01
-4.731342165337935057e-01
-4.738436100858711142e-01
-4.730090926152024089e-01
-4.698192244922609895e-01
-4.658862572773419530e-01
-2.223298410379710988e-01
-1.325210625500931327e-01
-9.801296630937333942e-02
-7.192810648041707278e-02
-5.202804784785132475e-02
-3.635390808245842625e-02
-2.483061716351961726e-02
-1.633053196583589967e-02
-1.038647806610645818e-02
-6.273703885086162613e-03
-3.549883134998384638e-03
-1.791505896641107593e-03
-7.197017508981384815e-04
-1.137773459148389059e-04
3.122494825252501282e-04
-1.265440633176288907e-04
2.217091112052135501e-04
3.776745170460007301e-04
5.918538926164049847e-04
-4.958783889892014705e-04
2.776958657563165754e-04
-2.196874203751064279e-04
6.332792940433685852e-04
1.821786095045375422e-04
-4.463118286988913654e-06
6.207913122850553484e-06
-3.324296473583282637e-04
-8.688575866366378192e-04
-1.899045119071150539e-03
-3.595703272452663302e-03
-6.206374214883743357e-03
-1.006310222584030391e-02
-1.553497640420348908e-02
-2.306342674323431929e-02
-3.297454261277252968e-02
-4.566114660424785282e-02
-6.111739915894962016e-02
-7.974124497921035448e-02
-1.036006779739066103e-01
-1.695859267012045091e-01
-3.718839954174212314e-01
-4.131013419515362495e-01
-4.462641747600131215e-01
-4.617857154676501263e-01
-4.678789589869341015e-01
-4.703367224126354107e-01
-4.719006912877887761e-01
-4.731342162685814867e-01
-4.738436095557364558e-01
-4.730090958939803802e-01
-4.698192464549743597e-01
-4.658863223587746405e-01
-2.223298459047399755e-01
-1.325210549774902824e-01
-9.801296700900427594e-02
-7.192811252198094696e-02
-5.202804366615285808e-02
-3.635390372410939736e-02
-2.483062049210081265e-02
-1.633053760932066945e-02
-1.038648195095817975e-02
-6.273703361762418898e-03
-3.549838687847719793e-03
-1.791110007902081604e-03
-7.171506704490013869e-04
-9.872781816449560373e-05
4.023534255942100898e-04
3.579566983665045856e-04
3.106766640016444853e-04
-7.187440906764454122e-05
-3.437459921348458053e-04
1.022398628254671558e-05
-5.829140525414437668e-04
-4.888345849475401013e-05
-2.633679602672037807e-04
-1.069149725183717552e-04
-8.677760910112478077e-04
-1.762975142591226274e-04
-3.504955073167909910e-04
-8.131910234853189420e-04
-1.742098088187866382e-03
-3.270914025385879796e-03
-5.618333156017711431e-03
-9.053574688114121236e-03
-1.389914761209358821e-02
-2.044871418097401333e-02
-2.898489359587201608e-02
-3.960192541708814490e-02
-5.236058744534433790e-02
-6.708930447504232730e-02
-8.561036567927299279e-02
-1.381136876198048036e-01
-3.034849785824282331e-01
-3.591161184057597433e-01
-4.167129722255810687e-01
-4.487291780686071263e-01
-4.626188138937402661e-01
-4.683609144490111231e-01
-4.715133203396136286e-01
-4.736757794146874700e-01
-4.749073497764679241e-01
-4.740028055812749996e-01
-4.694996440039220786e-01
-4.617461947577078951e-01
-2.175572976623131871e-01
-1.276340204815187007e-01
-9.338230181081837167e-02
-6.801294967375284828e-02
-4.887324509055862576e-02
-3.399645275293598085e-02
-2.311097966453920516e-02
-1.514439302973618826e-02
-9.592555878234241412e-03
-5.774841699096461452e-03
-3.256564162096481623e-03
-1.640764625917670409e-03
-6.637645744042658608e-04
-1.288594754555854054e-04
1.822662399995537519e-04
-4.807383282459115484e-04
-4.855319653205626175e-04
-6.786768713732285827e-04
-3.756009496863498600e-05
-4.413627184606793439e-04
-5.316435433463056028e-05
4.179536892272738740e-04
3.546903191156614205e-04
3.490984059394612962e-04
-4.585994473547745534e-04
-1.033470726107441843e-04
-3.382603246504942087e-04
-8.111868340233284631e-04
-1.741798567400569151e-03
-3.270876939144617794e-03
-5.618321871591329397e-03
-9.053575866919289297e-03
-1.389915320082537806e-02
-2.044871263492233082e-02
-2.898489644897785100e-02
-3.960192373371831248e-02
-5.236058064865171946e-02
-6.708931198379551597e-02
-8.561037532737626743e-02
-1.381136864458640812e-01
-3.034849789928105168e-01
-3.591161174308800663e-01
-4.167129752955770483e-01
-4.487291802316053513e-01
-4.626188134528779194e-01
-4.683609137827680624e-01
-4.715133197600596682e-01
-4.736757790854583816e-01
-4.749073503111480576e-01
-4.740028049368253393e-01
-4.694996287880952024e-01
-4.617461373788845358e-01
-2.175572895133690565e-01
-1.276340270422539613e-01
-9.338230563444176180e-02
-6.801294948550032360e-02
-4.887324887115671729e-02
-3.399645092541505459e-02
-2.311097547663452240e-02
-1.514439632881227522e-02
-9.592556425800180184e-03
-5.774837925565759131e-03
-3.256564413798404816e-03
-1.640753629475440959e-03
-6.637897939854742885e-04
-1.301830322541466974e-04
1.634400065654329241e-04
-6.735753634741336454e-04
3.803579278630603148e-04
4.085032871608889823e-04
-1.827701725048996742e-04
5.126137035758268103e-04
-2.963322307593559677e-04
6.433679571965005776e-05
1.778303336579292715e-04
5.256700141979734177e-04
2.271981544098173862e-04
-5.987696467792136177e-06
-3.246185567226729952e-04
-8.092639055329433955e-04
-1.741541407212525948e-03
-3.270846321217277600e-03
-5.618312721925948147e-03
-9.053570684474133989e-03
-1.389915114032196260e-02
-2.044871689804746498e-02
-2.898490209130585166e-02
-3.960192306928807249e-02
-5.236057718037071679e-02
-6.708930560903268725e-02
-8.561037344567720697e-02
-1.381137064073146570e-01
-3.034851047153128700e-01
-3.591161487245660977e-01
-4.167129733108202450e-01
-4.487291800769627748e-01
-4.626188145170301302e-01
-4.683609145460927436e-01
-4.715133202116028599e-01
-4.736757787514805362e-01
-4.749073500042780838e-01
-4.740028101968216667e-01
-4.694996709415322211e-01
-4.617462961619529516e-01
-2.175573069696231099e-01
-1.276340268559006952e-01
-9.338231082606601730e-02
-6.801295150406803935e-02
-4.887323968436067811e-02
-3.399644413262153247e-02
-2.311097856142395324e-02
-1.514440417194337987e-02
-9.592560783325404516e-03
-5.774835283021874897e-03
-3.256507980434895227e-03
-1.640256599657302639e-03
-6.605473412986021626e-04
-1.110265634041323794e-04
2.764815220203351866e-04
-9.835006156041169439e-05
-5.097131358933125163e-04
-2.796482187395063425e-04
-1.452167443029951730e-04
-4.380689412127718456e-04
-3.175203821251659374e-04
-4.177984668153871678e-04
-1.549832625822804397e-04
-2.015442827035532282e-04
-7.555982787252927494e-04
-1.564509054630298392e-04
-3.094587244845252460e-04
-7.044179002171587801e-04
-1.492299439899487162e-03
-2.781576446700614880e-03
-4.756420630477611010e-03
-7.621500206374027912e-03
-1.164188167080431810e-02
-1.698885888693442078e-02
-2.389473481913503491e-02
-3.226533242575537613e-02
-4.219272807885447729e-02
-5.320431801429889584e-02
-6.665085566031346553e-02
-1.055545178410419865e-01
-2.278157674563777435e-01
-2.814066301180825902e-01
-3.596351288591442263e-01
-4.194728621588538209e-01
-4.503287226607818328e-01
-4.637713154322449793e-01
-4.703683887848928435e-01
-4.738148606621064296e-01
-4.748987816403786311e-01
-4.717000889065340319e-01
-4.598391009155213816e-01
-4.379711267394992835e-01
-1.987851994387885290e-01
-1.139352654463940961e-01
-8.235558782778208686e-02
-5.966915504219026667e-02
-4.263949688006308386e-02
-2.960340952536844039e-02
-2.005011480180561231e-02
-1.311243978670845883e-02
-8.275313415250968446e-03
-4.969061078331954082e-03
-2.792922845247958630e-03
-1.404841106941140611e-03
-5.679072466104041718e-04
-1.042810119302309187e-04
1.980862583599311735e-04
-2.733769809283215679e-04
-2.133150537295218623e-04
3.004561287240884609e-04
-7.674228782038913614e-05
-1.324983237942078607e-05
-6.585896379658706754e-04
5.419313978391332724e-05
-5.823243102961981905e-04
-8.265707600017334984e-05
2.733416240477942586e-04
-8.463758819009079324e-06
-2.888736237832210778e-04
-7.015591637880547703e-04
-1.491926933687612658e-03
-2.781533844002783556e-03
-4.756407813046202235e-03
-7.621501317517729267e-03
-1.164188934936497173e-02
-1.698886019686073751e-02
-2.389473772313900277e-02
-3.226532841256966183e-02
-4.219272066474477612e-02
-5.320432663307281956e-02
-6.665086760921516695e-02
-1.055545154402121044e-01
-2.278157048486129377e-01
-2.814066127425099428e-01
-3.596351304156910622e-01
-4.194728635915738746e-01
-4.503287211620276564e-01
-4.637713145761266365e-01
-4.703683882752884293e-01
-4.738148609736043126e-01
-4.748987836657954653e-01
-4.717000912891182174e-01
-4.598390851588221584e-01
-4.379709755096818924e-01
-1.987851761270470197e-01
-1.139352663358079304e-01
-8.235558756294347749e-02
-5.966915276195700057e-02
-4.263949959721152067e-02
-2.960340855447986946e-02
-2.005010991781585108e-02
-1.311244124542990629e-02
-8.275314238409280793e-03
-4.969058611784076679e-03
-2.792926621295491445e-03
-1.404830640096712971e-03
-5.676579669790852945e-04
-1.013499360653359155e-04
2.289817028148991962e-04
1.146772646693912956e-05
2.053504812349633954e-04
-5.763925430697320945e-04
1.563134140957505203e-04
-6.586128829772955979e-05
1.867094254043592989e-04
1.800838333419934917e-04
1.318175948890686446e-04
-1.857048681236658316e-04
-3.384305862586253831e-04
-7.043898750094674242e-05
-2.941965168842334806e-04
-7.018722903880653509e-04
-1.491925334118512003e-03
-2.781530569708818689e-03
-4.756399937572783863e-03
-7.621496158806093449e-03
-1.164188834001472946e-02
-1.698886316123086881e-02
-2.389474209695579762e-02
-3.226532803616624645e-02
-4.219271731455230545e-02
-5.320432208276764524e-02
-6.665086840020775782e-02
-1.055545359734167132e-01
-2.278158340934709203e-01
-2.814066289370484308e-01
-3.596351237432908188e-01
-4.194728645583835069e-01
-4.503287220612078312e-01
-4.637713141013192208e-01
-4.703683881807676492e-01
-4.738148602319464664e-01
-4.748987824948056602e-01
-4.717000906415111383e-01
-4.598390835034273372e-01
-4.379710332622308577e-01
-1.987851793575906856e-01
-1.139352608891259361e-01
-8.235559102221917671e-02
-5.966915389534591802e-02
-4.263949403744079353e-02
-2.960340602807106855e-02
-2.005011455561081513e-02
-1.311245065389255414e-02
-8.275317489808481017e-03
-4.969051249004868311e-03
-2.792866916920024468e-03
-1.404335003116574318e-03
-5.644166921358926376e-04
-8.193228093040625813e-05
3.466983858253894256e-04
6.626462665027662777e-04
-2.732426537253274893e-04
-2.734018689491716711e-04
4.380006890652275329e-04
4.887307659066826039e-05
3.777700627635957359e-04
1.603270177601428148e-04
2.417394311935044970e-04
-6.904601869601984616e-04
2.107892412655031989e-04
1.197610969886987300e-05
-2.202606024944004618e-04
-5.439694350575679290e-04
-1.150123782372459210e-03
-2.131717151251693015e-03
-3.631296258782606024e-03
-5.790976055997625570e-03
-8.808821224362672203e-03
-1.276940632378918694e-02
-1.784799675463726726e-02
-2.387824006813192915e-02
-3.095373005249100334e-02
-3.855843011917482743e-02
-4.757404028720436245e-02
-7.414123021389165680e-02
-1.566371765292276230e-01
-1.953338708596928375e-01
-2.704742147970330413e-01
-3.573067985559085780e-01
-4.202531142546014897e-01
-4.512066214711811241e-01
-4.652730398752182306e-01
-4.715761930668108670e-01
-4.716053035197080301e-01
-4.615042887777786595e-01
-4.324139496332306543e-01
-3.849704845883246129e-01
-1.650117123689484044e-01
-9.178747152348835925e-02
-6.527201233703056049e-02
-4.706737994619902138e-02
-3.341029650499293541e-02
-2.317700719004082976e-02
-1.563737792889991970e-02
-1.021458976252589967e-02
-6.422500374331736005e-03
-3.847281713730169288e-03
-2.153853215118032172e-03
-1.080741182998681826e-03
-4.370478535158018501e-04
-7.957144092483052933e-05
1.976882788746817110e-04
2.393132324927676904e-04
-3.807776049795762586e-04
-8.443896863149142652e-04
-3.451932428086943068e-04
-3.356295199436269390e-04
8.926903540699906861e-04
-1.720791597191668782e-04
-6.106719222703236097e-04
-3.183316701735229440e-04
-1.135569655262882836e-04
-2.441539193852240104e-05
-2.242624205292015240e-04
-5.444237270131837463e-04
-1.150183634654427687e-03
-2.131722674204347256e-03
-3.631286939439358832e-03
-5.790976652194438842e-03
-8.808827822564842605e-03
-1.276940573017034015e-02
-1.784799558347802476e-02
-2.387823399031068286e-02
-3.095372563692133996e-02
-3.855844202827039824e-02
-4.757405231809377216e-02
-7.414121415192966025e-02
-1.566369079067758963e-01
-1.953338126655184970e-01
-2.704742107724409927e-01
-3.573067986327853052e-01
-4.202531123776831468e-01
-4.512066214537534536e-01
-4.652730394695415717e-01
-4.715761940077190517e-01
-4.716053053807440221e-01
-4.615042843038431597e-01
-4.324138603066194353e-01
-3.849698298232178129e-01
-1.650116347527560146e-01
-9.178746155567621412e-02
-6.527200907067122471e-02
-4.706737880104280847e-02
-3.341030119170261548e-02
-2.317700817755312739e-02
-1.563737225390754090e-02
-1.021458903276154483e-02
-6.422500589099066660e-03
-3.847279748847923231e-03
-2.153872983636629865e-03
-1.080882003982117610e-03
-4.380111216724575686e-04
-8.627472485027803365e-05
1.482909269325999356e-04
-1.166139297794877662e-04
2.332358852314446375e-05
6.084152836519134350e-04
-2.073048301540854268e-04
-5.492079658633164255e-04
-2.439443324742952542e-04
-1.815804832597029046e-04
3.301785405056828363e-04
7.644826317613288825e-05
4.604793901699521402e-04
4.003681861913446901e-05
-2.168912443233994103e-04
-5.435128592922713539e-04
-1.150073818048212224e-03
-2.131712300829226130e-03
-3.631278974115197296e-03
-5.790972211307504613e-03
-8.808826859109610344e-03
-1.276940617172512421e-02
-1.784799925970320666e-02
-2.387823654608045229e-02
-3.095372457432005869e-02
-3.855843826947893266e-02
-4.757405336909216464e-02
-7.414123976138656258e-02
-1.566371330995352529e-01
-1.953338394493603081e-01
-2.704742040509361956e-01
-3.573068032506388492e-01
-4.202531143882589637e-01
-4.512066204015175996e-01
-4.652730396196325113e-01
-4.715761933514031057e-01
-4.716053054331775796e-01
-4.615042892718566048e-01
-4.324139064958978373e-01
-3.849702100151087270e-01
-1.650116721244623275e-01
-9.178746675609217309e-02
-6.527201795665224515e-02
-4.706737762537105407e-02
-3.341029422150470357e-02
-2.317700563679187670e-02
-1.563737646849155255e-02
-1.021459976382410595e-02
-6.422502176120052642e-03
-3.847267830800293713e-03
-2.153825391620945578e-03
-1.080515287158313829e-03
-4.357189026818332304e-04
-7.354508572241681013e-05
2.164321794392296331e-04
1.848085558898632848e-04
-3.017612594254614187e-04
7.508007344287748836e-04
-5.275275352848887538e-04
1.684039781796445366e-04
-7.560326599528532855e-05
1.911238684639921198e-04
-4.325835128508328750e-04
1.989050610463322761e-04
4.584093583546390484e-04
5.644254854973614473e-05
-1.340687126801925750e-04
-3.455530887931793148e-04
-7.288761547582809979e-04
-1.345088330724722924e-03
-2.284227807429432128e-03
-3.629541049437123683e-03
-5.503472174355428237e-03
-7.940181546874418295e-03
-1.104821294263972319e-02
-1.468678957809260895e-02
-1.891867476564050576e-02
-2.336188850278460988e-02
-2.848659587276775387e-02
-4.389117601819323561e-02
-9.177670422254077809e-02
-1.137576319274781478e-01
-1.632411563646674613e-01
-2.425173663754660036e-01
-3.363774925971806939e-01
-4.077586621050960924e-01
-4.457581913798975837e-01
-4.605004781680380743e-01
-4.565210792615470581e-01
-4.258417272436196277e-01
-3.580135485827101172e-01
-2.813620019984943710e-01
-1.134547547819776125e-01
-6.111710958014860556e-02
-4.255037292814132371e-02
-3.049192961306957869e-02
-2.146024162758810097e-02
-1.486687809161923134e-02
-9.986302626721437620e-03
-6.513129249760106140e-03
-4.077442682422932965e-03
-2.433396898871055276e-03
-1.353280475640359238e-03
-6.742648576896676004e-04
-2.742507276575798327e-04
-7.289291518691235730e-05
-2.826328355157892863e-06
-4.284500449333391464e-04
-2.718012270934340728e-04
-1.801405847228537607e-04
4.435526592175995054e-04
-3.164559116793410612e-04
7.181713570393468511e-04
2.063323771400315143e-04
4.906422928907071398e-04
5.566408111386215584e-05
-2.669524715160623954e-05
-3.178963069562550309e-05
-1.487957529120625174e-04
-3.479398379741420249e-04
-7.292431113062685342e-04
-1.345132013275008665e-03
-2.284220543758037295e-03
-3.629540609820910025e-03
-5.503479381622540349e-03
-7.940182861088104088e-03
-1.104821128062101997e-02
-1.468678293360219968e-02
-1.891867092344425016e-02
-2.336189834396288148e-02
-2.848660590419218458e-02
-4.389116800485128034e-02
-9.177647485380552306e-02
-1.137575861159922513e-01
-1.632411481555665067e-01
-2.425173618966481870e-01
-3.363774865892123489e-01
-4.077586610673546996e-01
-4.457581887387655484e-01
-4.605004801049777940e-01
-4.565210841916548246e-01
-4.258417199827002064e-01
-3.580134763033044898e-01
-2.813614639258268380e-01
-1.134546883260589556e-01
-6.111709276386384504e-02
-4.255036610161429256e-02
-3.049192953250667512e-02
-2.146024828764946102e-02
-1.486688085108889626e-02
-9.986297758363547189e-03
-6.513128229121995655e-03
-4.077442375427839556e-03
-2.433393955806122458e-03
-1.353303981750702580e-03
-6.744295796459937910e-04
-2.752449012452059694e-04
-7.832122203468323959e-05
-2.807819201168628291e-05
-4.842309314480114845e-04
-2.331481569652863882e-04
9.959909879277628001e-05
2.140991236511455135e-04
7.011721321833011035e-04
8.540847583974445797e-05
-8.469833252339459674e-05
1.278933501135258888e-04
2.343695298782551024e-04
-5.289132321558907531e-04
-7.772256754021954477e-05
-1.519077399248821149e-04
-3.479429687192021415e-04
-7.291988552581907864e-04
-1.345124985104323044e-03
-2.284214020833778402e-03
-3.629538590467088280e-03
-5.503479890540506278e-03
-7.940181897729168062e-03
-1.104821371245266401e-02
-1.468678542158070519e-02
-1.891866842284805825e-02
-2.336189361185549498e-02
-2.848660657395022874e-02
-4.389118354018331503e-02
-9.177663703740088219e-02
-1.137576011821878896e-01
-1.632411459935276810e-01
-2.425173743865277343e-01
-3.363774944925641552e-01
-4.077586605313506252e-01
-4.457581896285069956e-01
-4.605004783407378177e-01
-4.565210841836085942e-01
-4.258417306299989158e-01
-3.580135565319009228e-01
-2.813621077543110305e-01
-1.134547468820756716e-01
-6.111710333464964034e-02
-4.255037307985892053e-02
-3.049192386610214203e-02
-2.146024115071953550e-02
-1.486688048417513994e-02
-9.986303940638385085e-03
-6.513141638728465153e-03
-4.077442217092089663e-03
-2.433378594348212937e-03
-1.353272531711317752e-03
-6.741848420009951669e-04
-2.735901490292658037e-04
-6.802309514501439427e-05
3.708140668480431506e-05
-1.028882740551967980e-04
-3.614205332601098898e-04
-1.372965956313252083e-04
1.404594084446899671e-04
4.571071972133379990e-04
-3.984877992676936912e-04
-4.585964760285125320e-04
6.171143729946510490e-05
5.496922282257991481e-05
7.146548872020569703e-05
1.903531923744926363e-05
-4.328910051126166555e-05
-1.191671184815022439e-04
-2.529933452473776922e-04
-4.652700671512322158e-04
-7.869937471537107997e-04
-1.245631202963994001e-03
-1.882910184619073510e-03
-2.706949114619097360e-03
-3.755082167678400109e-03
-4.972150966979662842e-03
-6.381442354709047048e-03
-7.839629720540381569e-03
-9.499076689953225155e-03
-1.458231149094956804e-02
-3.084985603305328422e-02
-3.823678627697697091e-02
-5.604295798489762614e-02
-9.018200269006332315e-02
-1.497810016987676518e-01
-2.370748996842902412e-01
-3.318337764745958318e-01
-3.890419048100356436e-01
-3.667149122834806318e-01
-2.747051960635724099e-01
-1.766737851261065417e-01
-1.164331349185060566e-01
-4.353604670347475947e-02
-2.237377153781342290e-02
-1.507070539221192287e-02
-1.066311710737099898e-02
-7.422437221709419532e-03
-5.120558785511814329e-03
-3.416884095705686672e-03
-2.215718732677317022e-03
-1.372376113463831884e-03
-8.058802442823239992e-04
-4.348031000373900378e-04
-2.048993984175033933e-04
-7.561856295890451618e-05
-1.969923158169439877e-05
5.089255351620095088e-06
1.180467265372979897e-04
6.163489527450641183e-05
-4.526685284348848631e-04
2.554128164275317001e-04
-1.989542571159830383e-04
-5.519360997604277246e-04
-3.149439041953796311e-04
-7.861421924092075811e-04
-2.699305903386178189e-04
-5.117718817814529255e-04
-9.012394633360268489e-05
-6.234999980561170964e-05
-1.223839016024830717e-04
-2.535046226797265105e-04
-4.653338766568259201e-04
-7.869889908762722763e-04
-1.245630329781790592e-03
-1.882916240175506756e-03
-2.706949018991785302e-03
-3.755077411949364272e-03
-4.972143451406394951e-03
-6.381440550623332895e-03
-7.839636897105007121e-03
-9.499075356603816842e-03
-1.458228290577789736e-02
-3.084965614276020257e-02
-3.823675723177437369e-02
-5.604295674974289071e-02
-9.018199951952965421e-02
-1.497809943166544255e-01
-2.370748994598511072e-01
-3.318337687852914164e-01
-3.890419028520023526e-01
-3.667149145012739142e-01
-2.747051722592178113e-01
-1.766736976432157491e-01
-1.164325305091165469e-01
-4.353595575969791687e-02
-2.237374117749717228e-02
-1.507069216837137252e-02
-1.066311611453714565e-02
-7.422443538489621739e-03
-5.120561411823170220e-03
-3.416879679898152805e-03
-2.215717508146790131e-03
-1.372374862997557520e-03
-8.058759330218155745e-04
-4.348238854167388767e-04
-2.050654139043987811e-04
-7.689225447736286955e-05
-2.952256423718870604e-05
-7.313880579533211493e-05
-4.654308983195700649e-04
2.679048706813586781e-04
-3.374943543278455791e-04
-5.044657452889712593e-07
-2.284333336373842128e-04
-2.155032034432122277e-04
-3.597637901619390576e-04
4.280552242201557416e-05
2.668300933536519808e-06
2.024088120810538553e-04
1.060565999720438608e-05
-4.798066847419814660e-05
-1.202882784401595849e-04
-2.532100427521572525e-04
-4.652985974219509425e-04
-7.869801708998988912e-04
-1.245628250891374659e-03
-1.882915047893443314e-03
-2.706944914431645612e-03
-3.755079868782939395e-03
-4.972149748258897911e-03
-6.381441534446880698e-03
-7.839636552268542183e-03
-9.499084347058548219e-03
-1.458230952225614621e-02
-3.084978284744202201e-02
-3.823675084550635928e-02
-5.604294817244629551e-02
-9.018201154824591337e-02
-1.497810055848870503e-01
-2.370749015278927341e-01
-3.318337689923778200e-01
-3.890418989391798976e-01
-3.667149216701877101e-01
-2.747051998370551029e-01
-1.766737575840601482e-01
-1.164327812382187494e-01
-4.353596576247841660e-02
-2.237374954147221262e-02
-1.507070071357009128e-02
-1.066310990702219567e-02
-7.422436891091599952e-03
-5.120561340527779622e-03
-3.416885244764529539e-03
-2.215729878151115675e-03
-1.372370545918521470e-03
-8.058588336820975400e-04
-4.348214574280614151e-04
-2.050529952839249929e-04
-7.672548674458636302e-05
-2.796478804817164885e-05
-5.922445597654395162e-05
-3.481138879347699740e-04
4.319429862000103196e-04
9.122046719610569024e-04
6.647137775145074657e-04
4.931280159915559652e-04
5.013591284671675089e-04
6.861295291231858618e-04
5.308108509647983911e-06
4.009206551499065106e-05
4.251207005629237755e-04
1.026264649304931963e-04
7.152520933541149000e-05
1.210576215256811174e-04
2.431604567664032612e-04
4.479634434795239442e-04
7.638210816117121027e-04
1.217281762005906036e-03
1.849540249435296848e-03
2.668946916833098322e-03
3.712671035501882537e-03
4.926021434799709303e-03
6.332107560369935363e-03
7.788226552653858964e-03
9.446008181208023075e-03
1.451350442582625098e-02
3.073167387639395148e-02
3.812222846549215977e-02
5.592515453884688154e-02
9.005874395923615938e-02
1.496655064625501963e-01
2.369916523615470949e-01
3.317986081635744822e-01
3.890334682895366658e-01
3.667092258038158192e-01
2.746953796820679750e-01
1.766763426876235554e-01
1.164672825861072236e-01
4.358198406793450247e-02
2.242588667161012073e-02
1.513377901896533796e-02
1.073591583893095634e-02
7.502153399325724517e-03
5.206319012948198988e-03
3.506729451678923092e-03
2.308906578894372869e-03
1.467263185088341039e-03
9.012110811357553018e-04
5.274559750103925432e-04
2.888926928553962772e-04
1.387394220895430059e-04
4.307597439715276402e-05
-7.001316561862643375e-05
-3.345453753498176365e-04
2.137222967199775114e-04
2.462383586310070761e-04
4.358301584689688564e-04
5.430609235019943264e-04
-1.142421578146569265e-04
1.544424550936055645e-04
-2.671972414821792473e-04
-9.940327968737570029e-05
-2.455622980094026957e-04
-1.617262604532774785e-05
5.149465393538500739e-05
1.177272920317031879e-04
2.426341260892131619e-04
4.478981832664835996e-04
7.638253924464623573e-04
1.217283655654227085e-03
1.849534924835480884e-03
2.668945986736414189e-03
3.712675525101345568e-03
4.926028207769567006e-03
6.332107794022680952e-03
7.788222612652477388e-03
9.446018119197430174e-03
1.451353479610022201e-02
3.073167632278663366e-02
3.812221855592478476e-02
5.592514077872418748e-02
9.005874110837792934e-02
1.496655138522529072e-01
2.369916556996290447e-01
3.317986064249403566e-01
3.890334738511794233e-01
3.667092223337563572e-01
2.746953772282305639e-01
1.766763718166973751e-01
1.164674328544068604e-01
4.358204741416320943e-02
2.242591694124998827e-02
1.513379398423981594e-02
1.073591624242635316e-02
7.502147376247566765e-03
5.206316280578316552e-03
3.506733038645955085e-03
2.308908554134038275e-03
1.467265576624267364e-03
9.012169995225235986e-04
5.274632620879282250e-04
2.889994794053415039e-04
1.396841082254017031e-04
5.056650375728241289e-05
-9.402681429565815536e-06
1.271695489048737312e-04
8.235939893920529459e-05
-1.319293564598986027e-04
-1.789616727549222695e-04
4.450078144443333486e-04
-2.899462485242546884e-04
4.990950049613800121e-04
-1.472889185640310753e-04
3.171829233837707585e-04
1.146352776119281450e-04
5.073302308966025337e-05
6.276780126629808018e-05
1.195604488118524292e-04
2.429087197537631673e-04
4.479317715904553650e-04
7.638324632063893567e-04
1.217284374053915130e-03
1.849535964203877138e-03
2.668951137139676487e-03
3.712673102510728306e-03
4.926020873348541627e-03
6.332107008191908103e-03
7.788221189593084841e-03
9.446000362854395371e-03
1.451349649241866907e-02
3.073171430634783277e-02
3.812224840165129996e-02
5.592515527947793802e-02
9.005873154754784338e-02
1.496655068508500330e-01
2.369916521059950432e-01
3.317986093069771325e-01
3.890334745531280891e-01
3.667092267644861958e-01
2.746953868455594416e-01
1.766764111138224291e-01
1.164677447762544060e-01
4.358208385288092623e-02
2.242591596314470748e-02
1.513378823110556742e-02
1.073592467340371559e-02
7.502153058423696556e-03
5.206313982321969167e-03
3.506725742039676699e-03
2.308896994207988024e-03
1.467272856122158126e-03
9.012326860899973896e-04
5.274298822204368355e-04
2.887129959386584713e-04
1.377787219278587692e-04
3.851688286898722257e-05
-8.799310065927178016e-05
-3.427248012460505536e-04
6.469868546008801903e-04
2.518959269733870199e-04
3.157455307680348089e-04
5.606502800019945660e-04
3.597320212788893265e-04
4.631934584062157457e-04
-1.890608549981979015e-04
3.503415616407990255e-04
3.862430192075948601e-04
1.183567158644098814e-04
1.705915302855761859e-04
3.486832359540106927e-04
7.192656878490442897e-04
1.327976724142139724e-03
2.261313078659685141e-03
3.601449825707934808e-03
5.470361161095661090e-03
7.902394387168186485e-03
1.100603767285042792e-02
1.464086934371856830e-02
1.886967665079970422e-02
2.331088733365206667e-02
2.843422857512255958e-02
4.382405543451773494e-02
9.166740350119960412e-02
1.136542431168997419e-01
1.631483659657775864e-01
2.424470026954111124e-01
3.363494214730990972e-01
4.077588358560262360e-01
4.457662420504316381e-01
4.605091056554778128e-01
4.565318612661411479e-01
4.258561817354995505e-01
3.580287923645358306e-01
2.813865305477428191e-01
1.134981955767652428e-01
6.116879433473512706e-02
4.261428784830775807e-02
3.056588127005331612e-02
2.154131725916927712e-02
1.495359676397644590e-02
1.007680467887322670e-02
6.606458440459250618e-03
4.172213805060632878e-03
2.528509652749610839e-03
1.446462184997455644e-03
7.615311978794401257e-04
3.487137009353358220e-04
1.281548737275799849e-04
1.024761590200272345e-05
1.451635505528887525e-04
2.699787073164876434e-04
2.790280430774176221e-04
2.130689020096161019e-04
-2.938288405616514172e-04
2.879309481897215933e-05
6.185621866706473822e-04
2.351440121403365439e-04
-1.500106360748086100e-04
2.532326451691276938e-06
4.523466687693102436e-05
1.571834637653279822e-04
3.462816840591391812e-04
7.188596848084494997e-04
1.327923091616255548e-03
2.261315492467595202e-03
3.601451459778345909e-03
5.470356873361200203e-03
7.902393279393434347e-03
1.100604287534812271e-02
1.464087655731070685e-02
1.886967556174780000e-02
2.331088222094826468e-02
2.843423335380387829e-02
4.382406630005151321e-02
9.166736869391524378e-02
1.136542189631354199e-01
1.631483539679626782e-01
2.424470002822712023e-01
3.363494242728272687e-01
4.077588363990042875e-01
4.457662412526794404e-01
4.605091090152216293e-01
4.565318620674126970e-01
4.258561809951814658e-01
3.580288060964970098e-01
2.813867083085032084e-01
1.134982315970117367e-01
6.116881612406034618e-02
4.261430042824079778e-02
3.056588030680545617e-02
2.154131019988883219e-02
1.495359160996904448e-02
1.007680575890199451e-02
6.606460960254603894e-03
4.172217065789769232e-03
2.528515101857271592e-03
1.446475456446046992e-03
7.616774922133333434e-04
3.498160549826315928e-04
1.354432920476221535e-04
5.724186759734831013e-05
4.033531732280127300e-04
-5.221272466256446539e-04
-3.663794383777276833e-04
-8.128712815866812220e-05
5.137090969643185229e-06
1.426401788883504521e-04
-4.869109349658356134e-04
-4.718524279524823788e-05
2.828091487424110430e-04
7.290634377561928221e-05
6.311241807663152978e-05
1.610694497243768375e-04
3.470518088308888974e-04
7.189936939909507716e-04
1.327940948098763453e-03
2.261320396508029792e-03
3.601452167112238322e-03
5.470358738936816068e-03
7.902399754386090977e-03
1.100604140501504694e-02
1.464086903506196975e-02
1.886967447598715542e-02
2.331088018997498276e-02
2.843421308506477452e-02
4.382401578250317425e-02
9.166723900412764026e-02
1.136542366050603825e-01
1.631483666135377653e-01
2.424469932852105492e-01
3.363494192156104012e-01
4.077588312037481177e-01
4.457662396128486137e-01
4.605091071148412207e-01
4.565318615745522779e-01
4.258561848121453219e-01
3.580288483510758457e-01
2.813871163272987364e-01
1.134982746734321812e-01
6.116881069603476162e-02
4.261429233766879376e-02
3.056588810878679494e-02
2.154131584546433928e-02
1.495358931758302735e-02
1.007679954106085671e-02
6.606452228471219011e-03
4.172225465443528229e-03
2.528527290652800037e-03
1.446420400269894614e-03
7.612328260091855625e-04
3.470210917706686841e-04
1.195670119561696314e-04
-2.845994276425118735e-05
3.919273624232868603e-05
5.307879700681320629e-04
8.442313268496009614e-04
7.986029799482708129e-05
-1.363795033189310651e-05
3.416919143549421623e-04
2.998703964031140421e-04
4.263489497195536017e-04
1.347878311225889460e-04
1.521539684461395035e-04
9.309808709596307315e-05
2.446685429433404836e-04
5.442183621245017845e-04
1.139946009762633165e-03
2.114828262332035021e-03
3.608858873617353316e-03
5.763373693654255149e-03
8.776183547272204885e-03
1.273201229330375196e-02
1.780623213698189281e-02
2.383270547073501611e-02
3.090530944465195301e-02
3.850817023665094319e-02
4.752292386272021635e-02
7.407761077247664028e-02
1.565442696840965431e-01
1.952554103866781521e-01
2.704277271409076255e-01
3.572978516432268603e-01
4.202667581042102141e-01
4.512211927148829238e-01
4.652838846948198492e-01
4.715852006913364702e-01
4.716160412505639998e-01
4.615211608759929307e-01
4.324371704568367170e-01
3.849959625356992321e-01
1.650553666150921805e-01
9.184057703446084353e-02
6.533858442756805551e-02
4.714431886395284432e-02
3.349428925881913627e-02
2.326581086823611977e-02
1.572923310710921604e-02
1.030832473061259885e-02
6.517155239265187694e-03
3.942073048171269856e-03
2.247790986645650541e-03
1.172695411752716632e-03
5.281497260362117297e-04
1.896248354507004544e-04
2.784731637793359270e-05
4.652529215793156105e-04
4.836575085369669525e-04
1.029706499958171648e-04
-2.765010012999072450e-04
-1.516583458094471486e-04
6.927305644303602145e-05
-3.204858033609477171e-04
2.492939805976789438e-04
5.170547417035539078e-04
1.297927601374615405e-04
6.477154035791343734e-05
2.367086210028887853e-04
5.424878162289127181e-04
1.139623587262354396e-03
2.114784487808706384e-03
3.608861110154010145e-03
5.763376388820819034e-03
8.776181083338503719e-03
1.273201119288192712e-02
1.780623751589501327e-02
2.383271225427006576e-02
3.090530688173395019e-02
3.850816411734578337e-02
4.752292328231368101e-02
7.407759810616972029e-02
1.565441046358787003e-01
1.952553733735850339e-01
2.704277215057763750e-01
3.572978529366975242e-01
4.202667621979705448e-01
4.512211957750512092e-01
4.652838852173227235e-01
4.715852021597192745e-01
4.716160404267876194e-01
4.615211579938053310e-01
4.324371700055600343e-01
3.849959445818453285e-01
1.650553627227952513e-01
9.184058579548835810e-02
6.533859397511238010e-02
4.714431912218781245e-02
3.349428399345973778e-02
2.326580533144824436e-02
1.572923395632508381e-02
1.030832959068629304e-02
6.517159661354510018e-03
3.942076394610470255e-03
2.247792000229204869e-03
1.172728504527018305e-03
5.284368809328280616e-04
1.914523927068874311e-04
3.629192988520886780e-05
4.649108641757809758e-04
2.366568905849804555e-04
2.425032068328708502e-04
6.339205197856210885e-06
3.812187002381708549e-05
2.451557927997856118e-04
-2.046688206730317555e-04
-2.969351591278456139e-05
1.936309957304027001e-04
3.750929904314302763e-05
5.706944889708374203e-05
2.367651172885988100e-04
5.426860426875442693e-04
1.139677894482873368e-03
2.114793346220558961e-03
3.608865017840728190e-03
5.763377611506692588e-03
8.776183153840617229e-03
1.273201721001397321e-02
1.780623582663730040e-02
2.383270417514797568e-02
3.090530531352405491e-02
3.850816445434448315e-02
4.752291529455261038e-02
7.407757957899233081e-02
1.565440193649046130e-01
1.952553830395782342e-01
2.704277258461375011e-01
3.572978517381043551e-01
4.202667617210453233e-01
4.512211926657361261e-01
4.652838832918337886e-01
4.715852004487265381e-01
4.716160410799528635e-01
4.615211642935503900e-01
4.324372289164388761e-01
3.849963667321235072e-01
1.650554139806986731e-01
9.184058109507947654e-02
6.533858846963673528e-02
4.714432860464966984e-02
3.349428916766371972e-02
2.326580181446990386e-02
1.572922909903108277e-02
1.030832432240398090e-02
6.517167752026668294e-03
3.942085202980670153e-03
2.247728562763208916e-03
1.172189516349456595e-03
5.247062326057818585e-04
1.670376876744422722e-04
-1.261521603244856560e-04
-5.245098809330427016e-04
-4.305023436762938369e-04
3.048886805439043370e-04
-1.989776413110829086e-04
3.229723185641482971e-04
5.659948289110176270e-04
8.742919525611831386e-05
4.968775447939808220e-04
-1.268897466850996939e-04
6.304564500668051637e-04
1.347882193193746978e-04
3.024321463772199634e-04
6.969393596978703826e-04
1.480643731600503072e-03
2.764933356920905826e-03
4.734650192828444154e-03
7.594544600045560930e-03
1.160983470262152116e-02
1.695190198779010504e-02
2.385341994033165700e-02
3.222018955007296959e-02
4.214501681318185561e-02
5.315507911565055255e-02
6.660185085138910221e-02
1.054968654731465727e-01
2.277509964641675766e-01
2.813678273495206494e-01
3.596364188456062094e-01
4.194910637886862248e-01
4.503473799379726916e-01
4.637844061889618286e-01
4.703772576300940256e-01
4.738220893011776957e-01
4.749084810979969373e-01
4.717184612524171206e-01
4.598706131894623184e-01
4.380096666990590526e-01
1.988354755722108180e-01
1.139933297349849106e-01
8.242741567797758073e-02
5.975093725422461061e-02
4.272773353185438383e-02
2.969510852389261810e-02
2.014378192677451079e-02
1.320677396581262236e-02
8.369912061618592358e-03
5.063517256413981212e-03
2.887430079669549027e-03
1.500121782218707869e-03
6.681265573769501562e-04
2.292665651134262656e-04
-2.572989316585832094e-06
2.760172743940074989e-04
1.269449561895728156e-04
8.582023234798610823e-05
1.652346220452311312e-04
-2.650430550149783212e-04
-2.936338625045572625e-04
-4.480164017400251183e-04
1.045310825422906084e-04
1.173046852600005520e-05
-5.281389856063337481e-05
2.300882104702389443e-05
2.845171304521298657e-04
6.940469195861741648e-04
1.480200280378188423e-03
2.764880394892419053e-03
4.734650712687035225e-03
7.594547156238919475e-03
1.160983296909713809e-02
1.695190060948665103e-02
2.385342534850345975e-02
3.222019572027991219e-02
4.214501365466249289e-02
5.315507398427551933e-02
6.660185151651806801e-02
1.054968634344991135e-01
2.277509662708347149e-01
2.813678193713466391e-01
3.596364182696762390e-01
4.194910626549611665e-01
4.503473807192602263e-01
4.637844076516524638e-01
4.703772576877441325e-01
4.738220898427906724e-01
4.749084804284016137e-01
4.717184590053835613e-01
4.598706069392378692e-01
4.380096067866083853e-01
1.988354636672228226e-01
1.139933346194112601e-01
8.242742370474730185e-02
5.975093790262515220e-02
4.272772834587648672e-02
2.969510119319748037e-02
2.014378119387948141e-02
1.320677952370631104e-02
8.369917178118042173e-03
5.063519677086097091e-03
2.887410966756266163e-03
1.499978327221928925e-03
6.674361580423075237e-04
2.276768206597728919e-04
1.081147653638444132e-05
5.709550857238856157e-04
4.691593100797509640e-04
5.408781364667462769e-04
-6.485775507478884646e-05
-4.087757996839887350e-04
1.657468292019227912e-04
1.849963356254624963e-04
-1.176684192893466125e-05
-1.246973505596252760e-04
8.165728597684555141e-05
4.713967954701542355e-05
2.885479018469490082e-04
6.947137741556156038e-04
1.480299778254188766e-03
2.764890299295585593e-03
4.734651852489319031e-03
7.594547250304639098e-03
1.160983505030199932e-02
1.695190676410777975e-02
2.385342464869023849e-02
3.222018872779063708e-02
4.214501261956643541e-02
5.315507618285119501e-02
6.660185311897842686e-02
1.054968750046002685e-01
2.277510581977186810e-01
2.813678555633741252e-01
3.596364244874489802e-01
4.194910650156161158e-01
4.503473815605961161e-01
4.637844058891388288e-01
4.703772565613093537e-01
4.738220891922649836e-01
4.749084815617638511e-01
4.717184670455279449e-01
4.598706674494801305e-01
4.380099078560873438e-01
1.988355035814388660e-01
1.139933273089183685e-01
8.242741646675516565e-02
5.975094459630719834e-02
4.272773080230861387e-02
2.969509729540275450e-02
2.014377928357201364e-02
1.320677691076778751e-02
8.369922672768950050e-03
5.063527585744106822e-03
2.887382890947421711e-03
1.499742865326544015e-03
6.658568476360214204e-04
2.174130178055377926e-04
-5.885882773636881115e-05
1.157131384996186967e-04
-2.770323302773298178e-04
-4.270931189624951673e-05
-2.835889791971625724e-04
5.854454510911651565e-04
-4.218622931582429142e-04
-3.230220525934605636e-05
-1.925491477745093743e-04
-5.262400723758156032e-04
3.519215022777223917e-04
6.778056325153457024e-05
3.223475972711489974e-04
8.003776407771031557e-04
1.729624358914560968e-03
3.254753807039159012e-03
5.597340850724896039e-03
9.027335578199426752e-03
1.386773589340059044e-02
2.041223247799165211e-02
2.894405073799949726e-02
3.955726065084921167e-02
5.231375116734402614e-02
6.704157787249993838e-02
8.556444280971808869e-02
1.380646092512134437e-01
3.034543421936567453e-01
3.591133395193225608e-01
4.167324314125560036e-01
4.487490166937015412e-01
4.626341517156886129e-01
4.683713367579307452e-01
4.715206190440635048e-01
4.736823613794988730e-01
4.749175758089840826e-01
4.740242627678356580e-01
4.695406106330036744e-01
4.618025260898779294e-01
2.176220666124151493e-01
1.277023064982451550e-01
9.346252467432057676e-02
6.810144106358886895e-02
4.896658060627627485e-02
3.409146918340844740e-02
2.320656515944095541e-02
1.523938936855153206e-02
9.687113976141652552e-03
5.868990042375924962e-03
3.351378479852742519e-03
1.737813841373154035e-03
7.671958787835879206e-04
2.551645079843957030e-04
2.212092273671460076e-05
8.574125695937451046e-04
-1.144636004201483382e-04
-4.843293392831988977e-04
-4.010308453651942697e-04
-1.010292584768552465e-04
-3.569749987343421097e-04
-1.276586767164591041e-04
-6.878641452311354937e-05
-1.428143823819906868e-04
-9.786413462093496109e-05
-2.167112378744674711e-05
3.066466104750456144e-04
7.977405782368765822e-04
1.729218189962227837e-03
3.254706205335972623e-03
5.597340188619400608e-03
9.027337740283409087e-03
1.386773511829109476e-02
2.041223162990544321e-02
2.894405652620113747e-02
3.955726606748041080e-02
5.231374748636975075e-02
6.704157471687276215e-02
8.556444441648887456e-02
1.380646011452643651e-01
3.034542648675171428e-01
3.591133146585217539e-01
4.167324281661016760e-01
4.487490135044561179e-01
4.626341517673926429e-01
4.683713379608916982e-01
4.715206190708902123e-01
4.736823616952919869e-01
4.749175752139772055e-01
4.740242595571644291e-01
4.695405996824000283e-01
4.618024882388440666e-01
2.176220565421324860e-01
1.277023094922115076e-01
9.346253159260850540e-02
6.810144201582889190e-02
4.896657661768465120e-02
3.409146243544999150e-02
2.320656449230161164e-02
1.523939502808880145e-02
9.687118446517931775e-03
5.868989553292952924e-03
3.351318254025990179e-03
1.737271074995538293e-03
7.632645859422323856e-04
2.283640154537152907e-04
-1.660989313080960114e-04
-3.654267661699716718e-04
3.484604249164682029e-04
-6.481254248089094502e-04
5.895845412512044307e-04
-1.809508096981844846e-04
2.226839983117996776e-04
3.911101566526955500e-04
-2.381730886118413868e-04
-3.249445023801317690e-04
1.556233806771113585e-04
2.013845014311406025e-05
3.128620114624301404e-04
7.986369253854097138e-04
1.729334503006502242e-03
3.254715955918935626e-03
5.597339832825770807e-03
9.027337755343912279e-03
1.386773812313670147e-02
2.041223806956183121e-02
2.894405578737775653e-02
3.955725899486745717e-02
5.231374582869711964e-02
6.704157576736459456e-02
8.556444536120716426e-02
1.380646153389956388e-01
3.034544085799023017e-01
3.591133620532022674e-01
4.167324366981510209e-01
4.487490166303632066e-01
4.626341522707740905e-01
4.683713364534823898e-01
4.715206179703739231e-01
4.736823612702211195e-01
4.749175765684988115e-01
4.740242700375295604e-01
4.695406702205923155e-01
4.618027210591839626e-01
2.176220830261768602e-01
1.277023024607399360e-01
9.346252990131546923e-02
6.810145170739971554e-02
4.896657770968344120e-02
3.409145732550914604e-02
2.320656372724237693e-02
1.523939278505992770e-02
9.687120571589215648e-03
5.868997891750034855e-03
3.351338422339082256e-03
1.737474533413480840e-03
7.650663600130469446e-04
2.431021117583221649e-04
-4.512195735320530037e-05
5.490431317550733582e-04
-4.952101990177300815e-04
-3.053165378506894167e-04
-3.321335257423689374e-04
3.086132807591690139e-04
-1.139545698715413273e-04
-1.397907096058394628e-04
-1.807412576612589701e-04
4.368178809095406680e-04
5.330704399564348533e-04
5.084870707043105285e-05
3.300974046918451468e-04
8.608033813953235719e-04
1.888097008688127947e-03
3.580548143980204299e-03
6.186262064533512746e-03
1.003757178756160308e-02
1.550417753754096233e-02
2.302738094115901885e-02
3.293415424961249754e-02
4.561693948975699409e-02
6.107153365419202423e-02
7.969524732926294708e-02
1.035584146819875373e-01
1.695457604528750606e-01
3.718836442508706708e-01
4.131160236415065690e-01
4.462849180328172793e-01
4.618022778272992679e-01
4.678912183398765690e-01
4.703451510078975328e-01
4.719070972093333260e-01
4.731410622201797089e-01
4.738565623091067214e-01
4.730389062373245856e-01
4.698809937005374859e-01
4.659807456537181647e-01
2.224207424185220550e-01
1.326053136432149560e-01
9.810438649380273657e-02
7.202405559835492466e-02
5.212636023300227378e-02
3.645179215467932859e-02
2.492767761611278110e-02
1.642589605013023563e-02
1.048084175059272281e-02
6.367499188967875624e-03
3.644913557050501272e-03
1.890454336328236491e-03
8.290645560639878404e-04
2.565263550192049824e-04
-5.897155255982462557e-05
5.714444430517113659e-04
-6.190446504729039652e-04
2.418071370606915155e-04
-6.302714651502623394e-04
1.413051763158565443e-04
1.763958397585102685e-04
6.047529368755725230e-04
-1.545633460826423928e-04
-1.324113388336839328e-04
8.486665540081860155e-06
-2.540948482989022433e-05
3.188471396135463963e-04
8.590791436905242202e-04
1.887841918244055790e-03
3.580519328093760383e-03
6.186261164452731137e-03
1.003757386086352732e-02
1.550417792435882652e-02
2.302738048997021378e-02
3.293415991029332440e-02
4.561694331764552107e-02
6.107152734296974333e-02
7.969524227976548802e-02
1.035584142383144807e-01
1.695457517126195135e-01
3.718835778021124527e-01
4.131159996251996258e-01
4.462849167937723016e-01
4.618022763222673910e-01
4.678912187517880739e-01
4.703451521091739918e-01
4.719070973052071905e-01
4.731410622376954755e-01
4.738565613725042036e-01
4.730389018435177118e-01
4.698809787656368919e-01
4.659806987880443785e-01
2.224207359151889052e-01
1.326053172959718307e-01
9.810439094018448547e-02
7.202405427138391936e-02
5.212635721761237073e-02
3.645178773307129749e-02
2.492767759339775679e-02
1.642590060909531607e-02
1.048084455540699775e-02
6.367498342355819990e-03
3.644861426626551902e-03
1.890016401588466045e-03
8.261739480030647542e-04
2.390120544310847289e-04
-1.646577114136290622e-04
1.069885014085737283e-05
5.256223760432397361e-04
6.466220116859508352e-04
2.270123031273984951e-04
4.133535311028438170e-04
4.148955988834716543e-04
2.328969285113115532e-04
5.874749773185793025e-04
2.966603859675807269e-04
1.810437674132901764e-04
-8.803075965805550777e-06
3.201042992901081421e-04
8.591251132805447464e-04
1.887831712584119069e-03
3.580515077436583881e-03
6.186259878168992761e-03
1.003757428025773592e-02
1.550418087266672296e-02
2.302738551447733317e-02
3.293415736061150456e-02
4.561693474395075304e-02
6.107152431319019109e-02
7.969524245123085771e-02
1.035584151019277727e-01
1.695457620249542774e-01
3.718836674189724412e-01
4.131160353219043291e-01
4.462849217487250830e-01
4.618022772120484176e-01
4.678912188303556152e-01
4.703451518137043985e-01
4.719070971887969757e-01
4.731410624611122051e-01
4.738565623846248687e-01
4.730389065531038217e-01
4.698810066061252511e-01
4.659807897352509776e-01
2.224207441702318044e-01
1.326053077290458571e-01
9.810438846270601310e-02
7.202406130162032627e-02
5.212635580872049257e-02
3.645178382985941878e-02
2.492767904203802010e-02
1.642589818708919958e-02
1.048084417757158375e-02
6.367504842314789491e-03
3.644880310164781961e-03
1.890160396003682424e-03
8.270088379816813943e-04
2.428008498301644305e-04
-1.533171600412187581e-04
-2.454130864620276381e-05
-2.494170653414000296e-04
5.916369814141043742e-04
-1.522630026091397945e-04
-1.450508339692311861e-04
-6.992256035031710359e-05
-4.269689306182039806e-04
-2.859568603837580247e-04
7.742181794391587556e-05
1.481115223954094335e-04
-2.153046854511744078e-05
3.202046249672534442e-04
8.836180232051669232e-04
1.962664995533805381e-03
3.747563162595051334e-03
6.504127954143469267e-03
1.061611606644591657e-02
1.648892287177556454e-02
2.470715858452774208e-02
3.564187696063476907e-02
5.002281248460625079e-02
6.779344588819738449e-02
9.003797080317736679e-02
1.188497032939617587e-01
1.964412000982776463e-01
4.232273672553336086e-01
4.455911715307576682e-01
4.615478837609081064e-01
4.683596702140968016e-01
4.706099515650487564e-01
4.712756330299439078e-01
4.717181287777360565e-01
4.721090283247608155e-01
4.718245106144523526e-01
4.692471263064318387e-01
4.625865217437409305e-01
4.536908153614884753e-01
2.149885151109436066e-01
1.292869036357556511e-01
9.670371974407647453e-02
7.176262851348821914e-02
5.238494784497633311e-02
3.691947878208891309e-02
2.540379650250341320e-02
1.683358351060886687e-02
1.078985357008268274e-02
6.582120321316927390e-03
3.780246576518108553e-03
1.965911506160936389e-03
8.621663812069128635e-04
2.581981279594069154e-04
-1.187814052870989794e-04
2.778221182999872623e-04
7.849163344419113168e-04
7.883631268656962664e-04
4.217217628723496652e-04
1.550552941461287582e-04
-5.771829134386615871e-05
2.625238997776031401e-04
-4.977612710562861337e-04
3.690114287439918419e-04
7.106234028953651444e-04
4.365539889165154957e-05
3.269391054447427216e-04
8.842042771944819742e-04
1.962696340957332565e-03
3.747563774038247322e-03
6.504127144613349246e-03
1.061611778739120736e-02
1.648892355187337941e-02
2.470715670468243141e-02
3.564188049258594504e-02
5.002281426751897797e-02
6.779343962646026955e-02
9.003797065432095348e-02
1.188497100837584280e-01
1.964412008552414157e-01
4.232273477638596737e-01
4.455911640702814314e-01
4.615478832934627462e-01
4.683596690002524432e-01
4.706099519200572234e-01
4.712756340523848175e-01
4.717181291772205576e-01
4.721090284106371215e-01
4.718245095947266043e-01
4.692471228424288099e-01
4.625865129347654925e-01
4.536907948810275926e-01
2.149885110458046589e-01
1.292869079751442773e-01
9.670372582338046530e-02
7.176263022165206562e-02
5.238494843955598945e-02
3.691947559781820487e-02
2.540379405967596940e-02
1.683358479654322587e-02
1.078985485649230393e-02
6.582121096568117891e-03
3.780221884061695219e-03
1.965734005713555294e-03
8.613209078122530506e-04
2.555715888850153055e-04
-1.165189586547256553e-04
4.261421369443919296e-04
3.157925904135779603e-04
-2.039394720299614913e-04
8.145935938476934709e-05
-3.602999982707933541e-04
5.644054508129548115e-04
-2.361974000624252198e-04
7.363722991798041977e-04
2.619513396686224522e-04
4.154211263224765464e-05
-5.203746633192137807e-05
3.137905531005362263e-04
8.824215920711580381e-04
1.962466525147995352e-03
3.747538071120653114e-03
6.504124686250772371e-03
1.061611813239245368e-02
1.648892519304968191e-02
2.470716041800865778e-02
3.564187991834890518e-02
5.002281076640761881e-02
6.779344047271464169e-02
9.003796965902584326e-02
1.188497055329706814e-01
1.964411983694634711e-01
4.232273587145401472e-01
4.455911689449474911e-01
4.615478858334021717e-01
4.683596705109204228e-01
4.706099523700676412e-01
4.712756339233080127e-01
4.717181287656491140e-01
4.721090284461639253e-01
4.718245102132221924e-01
4.692471232684495841e-01
4.625865186428090858e-01
4.536908182614705631e-01
2.149885038131738313e-01
1.292868955314996904e-01
9.670372528749297814e-02
7.176263784076099272e-02
5.238494676278715456e-02
3.691947293390463597e-02
2.540379623646282781e-02
1.683358216095706683e-02
1.078985355799403321e-02
6.582125566196072967e-03
3.780241880508471847e-03
1.965890685398561776e-03
8.621307268420496696e-04
2.584206465144218957e-04
-1.146837449388040422e-04
3.117234292328129454e-04
-5.571241970809665103e-05
-5.097830153402698068e-05
2.870879269873100709e-05
3.584560778927705195e-04
1.553365309669543282e-04
4.501411464964974810e-04
3.167308228500712139e-04
4.362488309063317776e-04
4.014078708940965854e-04
-6.647909484219837671e-06
3.140889752260207801e-04
8.772849309638750936e-04
1.961600266996183384e-03
3.764470419517787492e-03
6.559880577935078838e-03
1.076352149363120868e-02
1.680548174677263043e-02
2.537408362561639763e-02
3.688953973678207876e-02
5.235371189009234427e-02
7.173080179511327759e-02
9.666886785707716478e-02
1.292482888800348673e-01
2.149379482377848094e-01
4.536275753953868395e-01
4.625466271810026453e-01
4.692310551582257738e-01
4.718158467568142611e-01
4.721077795079100525e-01
4.717165528883475178e-01
4.712792233196749780e-01
4.706141180173800120e-01
4.683762981283802196e-01
4.615813715676097551e-01
4.456759837103859700e-01
4.233569990300174446e-01
1.965323283213674666e-01
1.189094184101937984e-01
9.008940763079556491e-02
6.783501040441392016e-02
5.006206434705800373e-02
3.567608413649010074e-02
2.474067151525021976e-02
1.651897417946146529e-02
1.064429203179168351e-02
6.527318297395051996e-03
3.764180338503526641e-03
1.967323272908588945e-03
8.681694051842308007e-04
2.614462655079338661e-04
-1.344580638103504285e-04
1.318163564990271707e-04
1.755002312600563625e-04
8.470166039045564580e-05
1.600486167336539025e-04
-1.980124769280947419e-04
1.492335187490084055e-05
3.230549989769176543e-04
5.710888252721373895e-04
4.010249107149333587e-04
2.745051453625156190e-04
-2.263401612189191805e-05
3.117570485307933877e-04
8.768912469174548838e-04
1.961532821040030006e-03
3.764461583590374572e-03
6.559877712758745670e-03
1.076352292798015212e-02
1.680548254583142179e-02
2.537408049804053267e-02
3.688954183598851244e-02
5.235371251023783479e-02
7.173079634872406296e-02
9.666887180532368617e-02
1.292482986087154506e-01
2.149379515007421027e-01
4.536275741432732600e-01
4.625466270447413653e-01
4.692310552518687006e-01
4.718158456920519828e-01
4.721077792679093665e-01
4.717165534163991203e-01
4.712792236767185394e-01
4.706141178116871049e-01
4.683762967872582283e-01
4.615813709822952915e-01
4.456759926169858166e-01
4.233570227197171465e-01
1.965323351944374963e-01
1.189094251685751946e-01
9.008941043144097494e-02
6.783500914880938315e-02
5.006206504752599984e-02
3.567608138373152410e-02
2.474066737956635495e-02
1.651897404223497817e-02
1.064429381648002854e-02
6.527319078017112912e-03
3.764156976018060048e-03
1.967153689608487199e-03
8.672396181656792441e-04
2.569594146467043053e-04
-1.547461282160395501e-04
6.274840507102262587e-05
-1.418123269471822049e-05
3.920958253182000588e-05
1.590110440504043012e-04
-3.202803761295022896e-05
-3.044395065212906668e-04
-2.914557371616733174e-04
3.896253129490319747e-05
-5.129553677386427570e-04
-5.038599011202157200e-05
-6.569212297483305568e-05
3.062081999235193421e-04
8.761749146361560558e-04
1.961447688030818360e-03
3.764455149050614617e-03
6.559877822852629332e-03
1.076352344440661794e-02
1.680548228592003424e-02
2.537408180472242730e-02
3.688954119598687048e-02
5.235370877420336688e-02
7.173079370541206312e-02
9.666886730486171087e-02
1.292482967160479834e-01
2.149379551519265963e-01
4.536275762114155286e-01
4.625466287084019634e-01
4.692310570684932181e-01
4.718158464662048912e-01
4.721077795334518989e-01
4.717165535260293141e-01
4.712792230317717213e-01
4.706141172788745886e-01
4.683762970581930030e-01
4.615813686586350828e-01
4.456759853628255441e-01
4.233570100222158739e-01
1.965323237244331334e-01
1.189094153718337071e-01
9.008941295500122459e-02
6.783501611868214543e-02
5.006206184711630564e-02
3.567607792849126352e-02
2.474066851224333147e-02
1.651897186428761058e-02
1.064429287221688690e-02
6.527322663916259975e-03
3.764197741738746755e-03
1.967516721925726981e-03
8.697283793240297113e-04
2.728144529458760852e-04
-5.156427063435723302e-05
6.738018598056550812e-04
-2.977883365106938853e-05
8.605134021466522747e-04
7.464745914243608831e-04
1.960723523281661428e-05
3.532637250932585296e-04
3.817884094292653234e-04
7.507739836664914035e-04
2.868249546639271516e-04
3.638645115356819613e-04
1.513567506447911059e-05
3.086548291214370374e-04
8.439437422871301931e-04
1.886969859278024662e-03
3.631026574936847568e-03
6.347716121437055499e-03
1.045820574083089309e-02
1.640188221275605193e-02
2.490415597646476742e-02
3.642882813312269680e-02
5.210625739843369880e-02
7.200575767126608795e-02
9.809079603689567495e-02
1.325932372391368796e-01
2.224139648122190893e-01
4.659672377694630829e-01
4.698697233152991926e-01
4.730328613090578060e-01
4.738526192042568086e-01
4.731416260651910011e-01
4.719078443645866039e-01
4.703523307548568844e-01
4.679020610416095849e-01
4.618363119998339927e-01
4.463540911434927261e-01
4.132719169474309284e-01
3.720850821921787843e-01
1.696573143809196882e-01
1.036259477338995760e-01
7.975196407711905577e-02
6.111507484922306527e-02
4.565746588665714478e-02
3.296784217383869064e-02
2.306034791574540846e-02
1.553294553836037650e-02
1.006472525854638922e-02
6.208325927434428515e-03
3.596466972739060294e-03
1.892365144448613463e-03
8.446690267265175240e-04
2.644695025368574287e-04
-1.114147005517615265e-04
2.534559718812513449e-04
-1.282172144322552968e-05
-6.466347270639882143e-04
4.781083256579990318e-04
-9.301113604151977265e-05
4.858625142796715738e-04
-3.323199086749603366e-04
9.522277331582629570e-05
-2.505700675319283270e-04
6.152060290890600602e-06
-4.027850371592586618e-05
3.002570663017965270e-04
8.426686380610228302e-04
1.886783807166522373e-03
3.631003878151839708e-03
6.347710965125320272e-03
1.045820678144241365e-02
1.640188346451345452e-02
2.490415274929015654e-02
3.642882995089748860e-02
5.210625765911794383e-02
7.200575348153351318e-02
9.809080258780326911e-02
1.325932456811163285e-01
2.224139641763712982e-01
4.659672331525452349e-01
4.698697234835173542e-01
4.730328606097759514e-01
4.738526183974312578e-01
4.731416257093680189e-01
4.719078445570779046e-01
4.703523310535839830e-01
4.679020607532109466e-01
4.618363112668650294e-01
4.463540918151139292e-01
4.132719154300054654e-01
3.720850865926445539e-01
1.696573168673710108e-01
1.036259508215371800e-01
7.975196617803789745e-02
6.111507774925835357e-02
4.565747168760779517e-02
3.296784130077667213e-02
2.306034248550858229e-02
1.553294489204436364e-02
1.006472781750645043e-02
6.208324652970779317e-03
3.596431472626302004e-03
1.892090871639485984e-03
8.428692159017793072e-04
2.529997536284080595e-04
-1.891032135168365172e-04
-2.740331742328073507e-04
4.475741884646903678e-04
1.224504953185253666e-04
-4.304537544782620860e-05
7.784276783928057906e-05
5.315135095197815688e-04
5.263907244121644301e-04
6.801176157753434154e-04
3.422069272566552575e-04
8.137760964678933482e-04
6.825032450055445738e-05
3.142485624421256871e-04
8.444489329255531378e-04
1.887007987574813167e-03
3.631032856503824211e-03
6.347713390658582359e-03
1.045820574371269379e-02
1.640188008332985406e-02
2.490415167824974740e-02
3.642883134043996968e-02
5.210625828771414669e-02
7.200575347169219098e-02
9.809079830110180309e-02
1.325932431478566709e-01
2.224139695666701999e-01
4.659672641316852104e-01
4.698697413251357591e-01
4.730328650947834834e-01
4.738526190628685741e-01
4.731416258080256565e-01
4.719078448140537896e-01
4.703523305041482083e-01
4.679020605894613771e-01
4.618363119697532770e-01
4.463540878928379807e-01
4.132719072562209273e-01
3.720850684826653154e-01
1.696573083650146918e-01
1.036259477748412150e-01
7.975197358687810545e-02
6.111508484273187741e-02
4.565746721360675747e-02
3.296783638926493315e-02
2.306034279972205697e-02
1.553294479988543038e-02
1.006472765006252018e-02
6.208325680187610010e-03
3.596472838873225088e-03
1.892458579006933185e-03
8.454011950687470361e-04
2.694046937043151260e-04
-7.971519690319451928e-05
4.044032968497787641e-04
-2.094484711774156785e-04
-2.582505428183190098e-04
5.028396745457885172e-04
6.455128820902554347e-04
1.863117281501069000e-04
3.816344899238285150e-05
3.109346181261564489e-04
-1.140663823995150363e-04
4.114777364455229902e-04
4.557567561180317302e-05
2.937638834795662512e-04
7.788959422943938149e-04
1.734705922472999260e-03
3.339886258074958782e-03
5.852672841424984979e-03
9.669565798258741851e-03
1.522116779259112540e-02
2.319126213397777053e-02
3.407772593806897288e-02
4.896012921240865817e-02
6.809930133377242734e-02
9.347327703132889132e-02
1.277204622998303341e-01
2.176658034368771089e-01
4.618364256344075769e-01
4.695556815473689860e-01
4.740262944418016100e-01
4.749166177711892645e-01
4.736840510439546681e-01
4.715240651394050353e-01
4.683845495555972738e-01
4.626590087570108256e-01
4.488186579550484945e-01
4.168665882032938641e-01
3.593551957237243744e-01
3.036953360094386545e-01
1.381797351474203239e-01
8.563070047373587401e-02
6.709689139935660906e-02
5.235521461131041610e-02
3.959585290127467377e-02
2.897512459453644232e-02
2.044278066491757653e-02
1.389382828130952471e-02
9.052190768021120548e-03
5.617376691862874596e-03
3.269533274570467305e-03
1.734402916126460406e-03
7.885204719697853221e-04
2.696815522460621617e-04
-5.922617884572312129e-05
9.601736269289967913e-05
2.038463482579494284e-04
-1.375250894424259265e-06
-2.632059599563672976e-04
-2.125449259008224602e-04
2.737115237782133969e-04
-6.606420005429261316e-05
-1.391061555974663140e-04
4.869534432981627021e-04
2.509801935319887602e-04
1.357962415542613468e-05
2.878287289666354911e-04
7.778390114529640156e-04
1.734534745256112063e-03
3.339864195878476313e-03
5.852666350199036728e-03
9.669565998566298851e-03
1.522116962305150416e-02
2.319125973928217940e-02
3.407772762358386720e-02
4.896012738084227350e-02
6.809929551962205785e-02
9.347328440722089959e-02
1.277204717991696770e-01
2.176658085952481447e-01
4.618364398292055251e-01
4.695556852795069180e-01
4.740262938785138047e-01
4.749166172430340227e-01
4.736840512400449232e-01
4.715240662028185037e-01
4.683845510309523341e-01
4.626590078890451263e-01
4.488186550426497279e-01
4.168665864566769019e-01
3.593551786570283735e-01
3.036952729876015722e-01
1.381797342623264369e-01
8.563070448188497830e-02
6.709689353551000213e-02
5.235521732433565112e-02
3.959585810797222605e-02
2.897512208492270327e-02
2.044277348594783841e-02
1.389382811626061788e-02
9.052194485428082665e-03
5.617374875623063271e-03
3.269497785594244286e-03
1.734135669214876803e-03
7.870372123544789244e-04
2.632433119630628857e-04
-7.628750581984555931e-05
1.983374220429071956e-04
1.452413161248069422e-04
1.420807394832959356e-04
1.246638335492100788e-05
-4.247028626496066419e-04
3.656287986723154066e-04
6.688296932672214783e-05
6.753715771267298921e-04
-2.513450319255925271e-04
3.696241559357440641e-04
3.543877380558716747e-05
2.914102728200841002e-04
7.783883185198810185e-04
1.734623952471625249e-03
3.339881248384826435e-03
5.852666599840368640e-03
9.669562711574264391e-03
1.522116418748584686e-02
2.319125907702003150e-02
3.407773256434244724e-02
4.896012993434970678e-02
6.809929307706436008e-02
9.347327739260655188e-02
1.277204706066151774e-01
2.176658184790026263e-01
4.618364609973388268e-01
4.695556926465474512e-01
4.740262969428694628e-01
4.749166177420809931e-01
4.736840511687388511e-01
4.715240665006361076e-01
4.683845502896938906e-01
4.626590080229458501e-01
4.488186574379253724e-01
4.168665868738256619e-01
3.593551950416520868e-01
3.036953220199084535e-01
1.381797331485633273e-01
8.563070113313485388e-02
6.709689790533204801e-02
5.235522019609317734e-02
3.959585173411731690e-02
2.897511738905924825e-02
2.044277555058897702e-02
1.389383179969881643e-02
9.052195096880171279e-03
5.617372816881967268e-03
3.269517397541553926e-03
1.734276019706755415e-03
7.876825912162514634e-04
2.647324165664861114e-04
-8.792165348836716626e-05
-4.811307901155778598e-05
-3.529445974665116497e-04
5.467086534822022947e-04
4.394215305429171681e-04
4.257372914158839708e-04
4.532375170373043662e-05
5.165958562382813504e-04
4.413398211671816810e-04
-3.355010403447557330e-04
4.213803924530671761e-04
5.401295285682664179e-05
2.594998283008523353e-04
6.750124212614867477e-04
1.495976600081769855e-03
2.877218029576930278e-03
5.049720746701262183e-03
8.356222463064671632e-03
1.319307238746923044e-02
2.013460599947877738e-02
2.968824508271844867e-02
4.273089611161971779e-02
5.976020268277754816e-02
8.245523004642105191e-02
1.140342604784678193e-01
1.989229744011710155e-01
4.381082874370750835e-01
4.599267729049083542e-01
4.717345428887274594e-01
4.749124140444335174e-01
4.738259581769713180e-01
4.703867185800650885e-01
4.638125417913456783e-01
4.504060952676021135e-01
4.196351948946494548e-01
3.598618451443040267e-01
2.816456946863527544e-01
2.279629794065554937e-01
1.055934678725019560e-01
6.665757473205376205e-02
5.320238568045965871e-02
4.218056898137478861e-02
3.225357590881263586e-02
2.388016392257295492e-02
1.697843981779089198e-02
1.163252917419491973e-02
7.616434393348013934e-03
4.752527741273269643e-03
2.778728066867787623e-03
1.487087274797594836e-03
6.935224668258652006e-04
2.797646414537571357e-04
1.199169391852061091e-04
8.049588552308892947e-04
-3.575622722616396279e-04
7.736073841111948586e-05
-6.515861826831023478e-05
-2.086685446435254177e-04
-9.904546000994215039e-05
-6.135945959909701384e-05
3.649258280445652003e-04
4.398668564271876512e-04
3.890116554330119887e-04
3.655021398446698728e-05
2.550484823470649197e-04
6.740794535323288341e-04
1.495813279690451488e-03
2.877195975536576359e-03
5.049712676032712920e-03
8.356221718265612400e-03
1.319307443032688605e-02
2.013460356614672070e-02
2.968824619855835178e-02
4.273089451356393981e-02
5.976019994193264989e-02
8.245524268494631992e-02
1.140342741173222818e-01
1.989230011961695688e-01
4.381084826416126177e-01
4.599268090123410091e-01
4.717345437125205487e-01
4.749124134618818993e-01
4.738259580130597670e-01
4.703867191793390523e-01
4.638125436721533545e-01
4.504060946220737605e-01
4.196351934856452637e-01
3.598618414583219516e-01
2.816456576404901546e-01
2.279628495791582443e-01
1.055934561452719078e-01
6.665757296879287752e-02
5.320238425596791193e-02
4.218057040056259754e-02
3.225358146062193981e-02
2.388016227955907719e-02
1.697843363113090906e-02
1.163253051975560864e-02
7.616438244703540965e-03
4.752524077081225241e-03
2.778676806802098543e-03
1.486636231657817876e-03
6.903868055095825108e-04
2.591904889771670423e-04
-2.148077052725484907e-05
-1.188352084799021343e-04
-1.054695310243664903e-04
-5.596189914182588472e-06
-4.981144098369120831e-05
5.048777268097714771e-04
1.523430571187380043e-04
2.196090773720741382e-04
6.123186598767037768e-04
-2.296239409437119241e-05
-8.768918793873841776e-05
-2.955046990252909204e-05
2.464035089856645615e-04
6.729678828363885304e-04
1.495690107444372884e-03
2.877189189591552575e-03
5.049709543861562872e-03
8.356216560041544034e-03
1.319306742148458264e-02
2.013460285361085012e-02
2.968825299755691385e-02
4.273089871838339077e-02
5.976019801394508169e-02
8.245523634403827129e-02
1.140342753716289265e-01
1.989230206306305815e-01
4.381085555113750640e-01
4.599268230023553228e-01
4.717345466725677561e-01
4.749124140053741505e-01
4.738259580643730540e-01
4.703867197290116375e-01
4.638125426709289734e-01
4.504060938805478642e-01
4.196351936981249642e-01
3.598618397219995879e-01
2.816456561981123263e-01
2.279628756795426814e-01
1.055934570098778641e-01
6.665757501572074084e-02
5.320239107035534820e-02
4.218057152436047175e-02
3.225357385697034951e-02
2.388015841859404687e-02
1.697843767422561184e-02
1.163253660015829867e-02
7.616437796021695815e-03
4.752520469974681229e-03
2.778694599663758275e-03
1.486765764260201484e-03
6.912734199601624097e-04
2.653665369486260853e-04
2.439495161584141853e-05
2.123017132925231903e-04
5.309981292579765829e-04
3.702300021779956151e-05
6.354415301975019402e-04
-5.969149613052931102e-04
-1.209723348348687276e-04
4.065233235017393369e-04
2.682548197523917374e-05
-6.805950651345331142e-05
3.057980680386233213e-04
3.930164113209274381e-05
2.041008061185186446e-04
5.290356810051941505e-04
1.166021179721970103e-03
2.236886091662346979e-03
3.928670772314990164e-03
6.504679823018335964e-03
1.029633848120546473e-02
1.572233772766172544e-02
2.326157990214473836e-02
3.350075247359714931e-02
4.715756635694921817e-02
6.537249293687540097e-02
9.189213895993068870e-02
1.651732167492576120e-01
3.851879370301877215e-01
4.325688741396414572e-01
4.615687600269892665e-01
4.716318900427348138e-01
4.715946290673019292e-01
4.653066052922761875e-01
4.512831377451871351e-01
4.204020986020281514e-01
3.575584232954162056e-01
2.707024291417641781e-01
1.954918632955162661e-01
1.566997632913663119e-01
7.415184017343381950e-02
4.756690067726752208e-02
3.854677684929225245e-02
3.093516271259378475e-02
2.386131710418249938e-02
1.782973487370705448e-02
1.275562532241409676e-02
8.796856337384001412e-03
5.783576355630409144e-03
3.625956586223304332e-03
2.128901271325648898e-03
1.149040319715327607e-03
5.490156986286564731e-04
2.478160139075539690e-04
1.581857475329018757e-04
5.065352134770218819e-04
1.576093764053651438e-04
1.119330354749851055e-04
-4.330636352165967407e-04
4.968205607400696423e-04
4.452894573258573443e-05
3.526620559844459804e-05
2.642553165490474148e-04
-5.761369807828818721e-04
-5.333038292404351343e-05
-2.118197530454460408e-05
1.941154809409026297e-04
5.273848074499337289e-04
1.165769149101581435e-03
2.236854316447200400e-03
3.928660833975199280e-03
6.504678862909233500e-03
1.029634190626634374e-02
1.572233673457696171e-02
2.326158126024259129e-02
3.350074956691331818e-02
4.715756204678181462e-02
6.537250451672857454e-02
9.189215441451645261e-02
1.651732711327036640e-01
3.851884096881616482e-01
4.325689314424784326e-01
4.615687597045235457e-01
4.716318891248214018e-01
4.715946292226542158e-01
4.653066055364873943e-01
4.512831402242010737e-01
4.204020983897198138e-01
3.575584236227785095e-01
2.707024239565813950e-01
1.954918253537267225e-01
1.566996048606824621e-01
7.415181647918221708e-02
4.756689389457176981e-02
3.854677262012053129e-02
3.093516271151766986e-02
2.386132311132070638e-02
1.782973480834120980e-02
1.275562047307019636e-02
8.796857995350798251e-03
5.783578451999431963e-03
3.625951565607922131e-03
2.128859306348175433e-03
1.148690323995448480e-03
5.468853881923925030e-04
2.367630521572294323e-04
1.080814245051246123e-04
3.845972433425693250e-04
-1.261916554603332861e-05
6.865391231271239557e-04
1.353464715845819873e-04
2.550471959604921359e-04
5.152525442839592717e-04
1.232308551753954204e-04
-5.179273779036756408e-04
3.687355929439017953e-04
-1.308303069006283299e-04
-3.827625636265539902e-05
1.909853330444755582e-04
5.268630675915910973e-04
1.165698938541878931e-03
2.236849186065449028e-03
3.928655573253695896e-03
6.504671646939767446e-03
1.029633327057934318e-02
1.572233545794346488e-02
2.326158898607332340e-02
3.350075472171641644e-02
4.715755987419249784e-02
6.537249918429904882e-02
9.189216275586854776e-02
1.651733157702008348e-01
3.851886370934763382e-01
4.325689633404026235e-01
4.615687633873856166e-01
4.716318890859236834e-01
4.715946288112050633e-01
4.653066062800679248e-01
4.512831384324332840e-01
4.204020964318740949e-01
3.575584252400661467e-01
2.707024267657795469e-01
1.954918328215958789e-01
1.566997139698800279e-01
7.415183037127971721e-02
4.756689998421082671e-02
3.854678080680876834e-02
3.093516285546983255e-02
2.386131558400235095e-02
1.782973240375142210e-02
1.275562554670008411e-02
8.796864794917003474e-03
5.783576498749970485e-03
3.625946279343774791e-03
2.128865396055409573e-03
1.148700987873400598e-03
5.469161857551403747e-04
2.371893803968142358e-04
1.125417226923501287e-04
4.403439045515653732e-04
2.208182459557920954e-04
1.289737899748296648e-04
-2.793237939664968729e-04
7.271681249992703079e-04
3.825776547058280645e-04
6.051039505867631909e-05
2.508247985318472228e-04
5.678613503698394949e-04
1.026274549480348165e-04
1.039754105308479703e-05
1.331592267541219254e-04
3.438745275058855788e-04
7.505184845543060078e-04
1.432105158578784359e-03
2.512333773468060274e-03
4.156925200735684701e-03
6.591737291090381257e-03
1.006619669930352776e-02
1.494534533956944078e-02
2.154159630337711476e-02
3.057215464631441934e-02
4.263774917220775063e-02
6.121028037930307392e-02
1.136063936162641508e-01
2.816349932048440863e-01
3.582765075200604610e-01
4.259804402152169711e-01
4.565849998286301004e-01
4.605383600290404722e-01
4.458300048364814416e-01
4.079157247814743092e-01
3.366121730787278721e-01
2.427456810305050894e-01
1.633549986538333498e-01
1.137992006378916315e-01
9.175859639193305328e-02
4.387254655260861697e-02
2.846559038133548644e-02
2.334011967170847995e-02
1.889410606026658765e-02
1.466510160178509208e-02
1.102747214703126560e-02
7.924274833894233427e-03
5.490631324304140123e-03
3.621526783991896054e-03
2.279332159605619319e-03
1.343701736960002452e-03
7.311212030853360324e-04
3.564118355897412794e-04
1.738169369481890958e-04
1.548494281616725197e-04
6.705268889559477634e-04
4.919151916545342522e-04
6.680169723052198534e-04
-1.154752350559591954e-04
-6.773533435642321897e-05
1.735919289386616280e-04
2.440770250506576892e-04
-2.710401746536270713e-04
-4.380402861021856172e-04
-2.015959558806218314e-04
-4.882898605045140798e-05
1.226295667611405904e-04
3.420637835318805797e-04
7.502360621181225400e-04
1.432068087533690031e-03
2.512322302947767993e-03
4.156924587637944590e-03
6.591742432865040080e-03
1.006619664401114944e-02
1.494534616322093674e-02
2.154159295728975271e-02
3.057215215237867392e-02
4.263776124680052765e-02
6.121028878952550212e-02
1.136064090653938763e-01
2.816352185335343483e-01
3.582765375808079078e-01
4.259804374473300514e-01
4.565849978339152071e-01
4.605383596318448070e-01
4.458300044350268498e-01
4.079157298696525769e-01
3.366121778913098717e-01
2.427456857239309040e-01
1.633549951459402905e-01
1.137991875754185561e-01
9.175858029970999918e-02
4.387252670774785535e-02
2.846558308975876209e-02
2.334011417447277859e-02
1.889410539710321968e-02
1.466510752462671201e-02
1.102747242737752223e-02
7.924269744654563116e-03
5.490632175575645667e-03
3.621528004370965122e-03
2.279327926748184966e-03
1.343668760454731640e-03
7.308077303021115207e-04
3.542323112716386788e-04
1.596880847716995136e-04
5.937646529291983001e-05
5.841716634757577607e-05
5.222494598761366494e-04
2.632954768939883079e-04
6.007730549536097805e-04
-4.184832342339996395e-04
-1.752677253367801414e-04
6.913912314171167465e-05
2.822643324546223777e-04
1.758635764043962250e-04
-8.114400709586825299e-05
-3.081422051558470820e-05
1.247672953964037014e-04
3.422726287296430202e-04
7.502547628348482439e-04
1.432069493109444777e-03
2.512315007829121673e-03
4.156916391444718736e-03
6.591734511823764929e-03
1.006619611061855719e-02
1.494535560871403448e-02
2.154160115580792262e-02
3.057215263173816006e-02
4.263775880958457082e-02
6.121030678825668120e-02
1.136064849312562602e-01
2.816355965031206998e-01
3.582765667344017246e-01
4.259804411450805461e-01
4.565849979421913174e-01
4.605383585459457141e-01
4.458300066761256564e-01
4.079157296649591480e-01
3.366121761512799737e-01
2.427456919028125881e-01
1.633550008296139888e-01
1.137991939089894322e-01
9.175864419581404585e-02
4.387253642713077884e-02
2.846558882764904999e-02
2.334012137766171280e-02
1.889410312504123668e-02
1.466510003448897106e-02
1.102747118010674252e-02
7.924275041440222503e-03
5.490640196996359086e-03
3.621527145403013234e-03
2.279321808790068290e-03
1.343658073899973342e-03
7.306693083187043147e-04
3.531822248079423974e-04
1.524754721706148149e-04
6.717965704780155451e-06
-3.085527293228855820e-04
-3.377915100338177434e-04
4.137133608337510769e-04
4.683052600090652998e-04
1.557300569786569287e-04
6.071489803266755855e-04
4.471276834953514796e-04
1.573106389797025338e-04
-1.443698141670860847e-04
1.224476655351997879e-04
3.764781973027255316e-05
6.178642512864347810e-05
1.319627346801868393e-04
2.727174089941379392e-04
5.075379916194401684e-04
8.797307113591604959e-04
1.445906047434521863e-03
2.287814290550064470e-03
3.487517196354646826e-03
5.188506872014943608e-03
7.488383842158902008e-03
1.072554654295106852e-02
1.513174792505780734e-02
2.243434844618667073e-02
4.362428824006549244e-02
1.166080067707046253e-01
1.769092695543932059e-01
2.749459802184398005e-01
3.668950222740266498e-01
3.891569854973408460e-01
3.320068370135733082e-01
2.372401944397008744e-01
1.498643316905690914e-01
9.020164321784573946e-02
5.600848087952465387e-02
3.818150080703380800e-02
3.077606616867618883e-02
1.454033018911960254e-02
9.466381009632715907e-03
7.809146208989912498e-03
6.352532065759206384e-03
4.947285626777857097e-03
3.733796963839073821e-03
2.690794371248509190e-03
1.871239104797702436e-03
1.238949589561915169e-03
7.844464297455365238e-04
4.667686740607043350e-04
2.586551075571956221e-04
1.312124709810446276e-04
6.964789295311607780e-05
5.502103946413215805e-05
5.506272491969777216e-05
-1.224984153610529441e-04
5.083755384028747302e-04
-2.599476389278297618e-04
3.989797254741642932e-04
1.106503965522665888e-04
-4.891495595118282823e-04
1.605125366165338933e-04
-3.067252872051343376e-04
-2.027524622829108983e-04
-2.044161329978740283e-05
5.160076045703171024e-05
1.302056957203003170e-04
2.724393519467571364e-04
5.074997882420691784e-04
8.797179342098855777e-04
1.445905260140905712e-03
2.287821030440823685e-03
3.487519026442983776e-03
5.188507733530267098e-03
7.488378920653526033e-03
1.072554275831515309e-02
1.513175674069542481e-02
2.243434609105487629e-02
4.362425974483555985e-02
1.166079577474262580e-01
1.769092901107183202e-01
2.749459925718683584e-01
3.668950240339339808e-01
3.891569860760253907e-01
3.320068351053199751e-01
2.372402039581369693e-01
1.498643459407264511e-01
9.020165425761257627e-02
5.600847550443891626e-02
3.818149518862434810e-02
3.077618472031359506e-02
1.454034798790143461e-02
9.466385397533968321e-03
7.809143289663231929e-03
6.352532858490758660e-03
4.947293268214187148e-03
3.733799246577804501e-03
2.690789840676767204e-03
1.871239177334028340e-03
1.238950064737580044e-03
7.844431672234890816e-04
4.667611726698930310e-04
2.585656809205882402e-04
1.306690695438051547e-04
6.712332473774883148e-05
4.631251942897411644e-05
6.891445776387014252e-05
-1.367673157106797537e-05
4.228780576410627796e-04
4.535446719269972302e-04
4.118358926414337410e-04
-1.915266165964119450e-04
-1.901266546894330258e-04
-6.439652040069035249e-05
7.945390764452410102e-05
2.811729331093874439e-05
6.582079680340137758e-07
5.301579786381392352e-05
1.302011112502476572e-04
2.724206167960443038e-04
5.074958452054111448e-04
8.797091412149381836e-04
1.445896962981672168e-03
2.287814152514304998e-03
3.487517997473034165e-03
5.188516484750227593e-03
7.488387322394081044e-03
1.072554346269100067e-02
1.513175748941284100e-02
2.243437788188551441e-02
4.362437746876763472e-02
1.166084017391335048e-01
1.769093220297078550e-01
2.749459948804583997e-01
3.668950271241587791e-01
3.891569858826300354e-01
3.320068388135552495e-01
2.372401999262453431e-01
1.498643381839429578e-01
9.020166368899190656e-02
5.600849171971440665e-02
3.818150192937872639e-02
3.077609794278889435e-02
1.454031296757132483e-02
9.466378424754158180e-03
7.809146750630130418e-03
6.352528814069229209e-03
4.947287285617766282e-03
3.733799375061634413e-03
2.690794269272143470e-03
1.871247431195006711e-03
1.238949444249480775e-03
7.844341868908322147e-04
4.667418750576273877e-04
2.584017007460630180e-04
1.297718382604763740e-04
6.370329104241383904e-05
4.230065007890322946e-05
1.884296340152458974e-04
4.964746722127164839e-04
8.027552165873526476e-05
2.971867522687836262e-04
3.714198998498853088e-04
8.323871403938288302e-05
-5.300560526722264930e-04
4.393218750833290863e-05
-2.643411437784284760e-05
3.834302478740543780e-04
8.028099055881938746e-05
-1.219711330868324395e-05
-9.056930182332394933e-05
-2.283413049417377559e-04
-4.614375259352183163e-04
-8.336765103052067201e-04
-1.401101709196846080e-03
-2.244705157924206749e-03
-3.446827880920707871e-03
-5.150455879857388300e-03
-7.453919289264311111e-03
-1.069510283923961851e-02
-1.510691875282058755e-02
-2.241589154089922847e-02
-4.361307828097923250e-02
-1.166117583493017223e-01
-1.769308885018825439e-01
-2.749670530764439236e-01
-3.669072522555715810e-01
-3.891699349214691739e-01
-3.320456957325265135e-01
-2.373271566337488703e-01
-1.499839857806133103e-01
-9.032236002457806612e-02
-5.611495709224045142e-02
-3.827238580040182719e-02
-3.085808415914874717e-02
-1.457963500110175982e-02
-9.490242121315070264e-03
-7.827065745984327499e-03
-6.364738717978939316e-03
-4.953436288597365053e-03
-3.733715646295207753e-03
-2.684564016642453001e-03
-1.859181990054463007e-03
-1.221782140131090792e-03
-7.631816531881267796e-04
-4.428563956492648592e-04
-2.334068652886432487e-04
-1.053117503246810984e-04
-3.786638681151084071e-05
1.436598385218005003e-06
1.305281820427214677e-05
-2.106730966188484814e-04
-1.688541593584278410e-04
-3.331948322766782209e-04
7.744527640724077925e-05
-2.281114113210795712e-04
2.533492288277306250e-06
-4.264232197078640912e-04
-5.059123392651635603e-04
2.319702565033560885e-04
4.013009357175292949e-05
-2.039976451522067076e-05
-9.209946488287374668e-05
-2.285888145709520864e-04
-4.614712185880241193e-04
-8.336881230711871028e-04
-1.401101801342209035e-03
-2.244697582146192721e-03
-3.446825707056291269e-03
-5.150456981355863197e-03
-7.453926526216942024e-03
-1.069510648763741245e-02
-1.510690797061997603e-02
-2.241588805493571757e-02
-4.361310114220805223e-02
-1.166119929114673021e-01
-1.769309063594132203e-01
-2.749670503777141839e-01
-3.669072517011265910e-01
-3.891699398949505229e-01
-3.320456912180302367e-01
-2.373271522766527974e-01
-1.499839761056706300e-01
-9.032235379061150093e-02
-5.611497232403666463e-02
-3.827241165583911836e-02
-3.085806089300321617e-02
-1.457959650742872426e-02
-9.490227799352967883e-03
-7.827065150633505039e-03
-6.364736317416646097e-03
-4.953427779046195439e-03
-3.733712343454305502e-03
-2.684568734598993204e-03
-1.859183230476216817e-03
-1.221782542915039998e-03
-7.631849925959729476e-04
-4.428438089085133078e-04
-2.333240255147625347e-04
-1.047597116367923997e-04
-3.427744273577098839e-05
2.421860053895625502e-05
1.331732776957127726e-04
4.864248729609984678e-04
1.427334804743958963e-04
2.716480466216839832e-05
7.645562998004382484e-05
6.749188047043843362e-04
2.594614302232224460e-04
-2.917411796126958483e-04
2.924855887050791404e-04
-4.815418098922344295e-04
-5.320312926661250203e-05
-3.265405381979686141e-05
-9.374867500035240372e-05
-2.288028709753599319e-04
-4.614968920069886598e-04
-8.336990662837531459e-04
-1.401109130911515994e-03
-2.244702353023116277e-03
-3.446826523445311891e-03
-5.150448699483643929e-03
-7.453917874945399126e-03
-1.069510511510535743e-02
-1.510690608454916435e-02
-2.241585886225315460e-02
-4.361298621124331393e-02
-1.166113645979933860e-01
-1.769308670249512550e-01
-2.749670425759306869e-01
-3.669072416496206301e-01
-3.891699376982684644e-01
-3.320456996038858022e-01
-2.373271534481895817e-01
-1.499839821037807774e-01
-9.032234753142916184e-02
-5.611496425424841034e-02
-3.827242188608973028e-02
-3.085820933713710745e-02
-1.457963557835803559e-02
-9.490232124553065265e-03
-7.827060539165216213e-03
-6.364741378593346925e-03
-4.953433396656324247e-03
-3.733712780881777351e-03
-2.684566385871558439e-03
-1.859174192607016170e-03
-1.221781546010998259e-03
-7.631962755801990168e-04
-4.428841236424289202e-04
-2.336775234293105886e-04
-1.071369412129859802e-04
-4.893068726507427850e-05
-6.847545543179479985e-05
-4.140399918408043094e-04
2.031108733758300974e-04
-4.814853179208566079e-04
2.660917789276052341e-04
-9.097524406047095911e-05
-1.411127974675705627e-04
2.084374335844489266e-04
2.786541851622659780e-04
2.412721590954285122e-04
9.911305159572901633e-05
5.915187198695707023e-05
-9.002938106866079939e-05
-3.025438697946947718e-04
-7.057445113120883835e-04
-1.385872405721243943e-03
-2.466298840547683988e-03
-4.112063017291540598e-03
-6.548414545063222653e-03
-1.002501933074202538e-02
-1.490658997220402696e-02
-2.150619274058285235e-02
-3.054072355608142622e-02
-4.261199004127792789e-02
-6.119112677918595727e-02
-1.135943538159550764e-01
-2.816352885783449111e-01
-3.582775379332832633e-01
-4.259760576323001757e-01
-4.565797082911995375e-01
-4.605321652344385730e-01
-4.458200368073271802e-01
-4.079085718558687623e-01
-3.366318720053276259e-01
-2.428093224059585109e-01
-1.634405586218677098e-01
-1.138838767291382170e-01
-9.183682510096814744e-02
-4.391046186447816052e-02
-2.848848017927865447e-02
-2.335714387451590102e-02
-1.890547509882569907e-02
-1.467053236741447560e-02
-1.102676266802617502e-02
-7.917537412642110251e-03
-5.478159573213318631e-03
-3.604011692658364539e-03
-2.257767658423398636e-03
-1.319561296057472719e-03
-7.058505459776984355e-04
-3.304239290819181067e-04
-1.359113371551665583e-04
-3.064016412788370624e-05
-4.941289636459044289e-05
-6.176646294225647418e-05
4.446096000614145366e-05
-2.388977800484903596e-04
-3.415234975897928722e-05
-1.013299579166756603e-04
-1.683966986113465797e-04
-2.113631188826305487e-04
1.104588838586880264e-04
-3.350525784261344808e-04
-1.207116100373845670e-05
-1.013209622569694848e-04
-3.043368335640404322e-04
-7.060071367365664376e-04
-1.385906506662134456e-03
-2.466309138253458457e-03
-4.112061522547348462e-03
-6.548405178040091548e-03
-1.002501522665963027e-02
-1.490659155438285935e-02
-2.150620075419347813e-02
-3.054072708037355519e-02
-4.261198196519347392e-02
-6.119112047735092430e-02
-1.135943479799608608e-01
-2.816352795702746215e-01
-3.582775150934788821e-01
-4.259760453341725484e-01
-4.565797069081800053e-01
-4.605321662059009835e-01
-4.458200346399682212e-01
-4.079085698804839066e-01
-3.366318616858906543e-01
-2.428093137112947442e-01
-1.634405687197267310e-01
-1.138838912920051294e-01
-9.183679105752613758e-02
-4.391043142300727481e-02
-2.848846887380902804e-02
-2.335714471245770724e-02
-1.890547455990906900e-02
-1.467052654450061097e-02
-1.102675964293866988e-02
-7.917540986362697070e-03
-5.478160033000238974e-03
-3.604011388541878639e-03
-2.257769983385436198e-03
-1.319534555580338707e-03
-7.056603098468582297e-04
-3.291951437270824901e-04
-1.284447299252265359e-04
1.356834948403760202e-05
1.691957523780814900e-04
-4.957084675347892900e-04
-3.134359341326650836e-04
-2.134531812647573587e-04
-4.459406261433723154e-05
1.152685465296247061e-04
3.324606875767990703e-04
4.209122342713560150e-04
2.276892505200561647e-04
-7.951681972834413878e-05
1.132023452771062427e-06
-1.024033508471785820e-04
-3.048486406214323454e-04
-7.061135457212521166e-04
-1.385923584058673230e-03
-2.466318669716240260e-03
-4.112066844409394996e-03
-6.548407602546057332e-03
-1.002501565901265344e-02
-1.490658446704160381e-02
-2.150619347817130794e-02
-3.054072728177619281e-02
-4.261198395944942180e-02
-6.119111588197580220e-02
-1.135943226327011391e-01
-2.816350861299241615e-01
-3.582775216880182412e-01
-4.259760481552942180e-01
-4.565797048742389896e-01
-4.605321660082418722e-01
-4.458200379135606739e-01
-4.079085724738368834e-01
-3.366318688868741305e-01
-2.428093115062439356e-01
-1.634405698834088816e-01
-1.138839131596743465e-01
-9.183690813949957343e-02
-4.391043178949083359e-02
-2.848845864910596465e-02
-2.335713814262615692e-02
-1.890548169535223935e-02
-1.467053115519587059e-02
-1.102675786947727825e-02
-7.917537236844771759e-03
-5.478148509891854825e-03
-3.604010322361271730e-03
-2.257784396208857916e-03
-1.319582033465960822e-03
-7.060697537177254178e-04
-3.319594876127914505e-04
-1.452823897097680597e-04
-8.787650858857682171e-05
-3.515799975844959425e-04
-3.780286096498768934e-04
-2.183924061810170220e-04
5.516733504558103424e-04
-1.367443826109881114e-07
-1.648239584799238784e-04
2.131071446011030145e-04
5.086155806996610677e-05
-4.414238021417694348e-04
2.090771989663396105e-04
7.924664678840601616e-05
-1.485370835565198483e-04
-4.832951257387345964e-04
-1.119698579803760693e-03
-2.190303073403566426e-03
-3.882662239246487037e-03
-6.459710121444137317e-03
-1.025257765632739924e-02
-1.568020547854008170e-02
-2.322137278265440016e-02
-3.346342422986832432e-02
-4.712390541428494034e-02
-6.534452375310960404e-02
-9.187079022981527177e-02
-1.651581384248137774e-01
-3.851799231284275260e-01
-4.325597251111148456e-01
-4.615615511825326700e-01
-4.716261226365193182e-01
-4.715877866994557799e-01
-4.652955017383591518e-01
-4.512648666951193932e-01
-4.203796781254544590e-01
-3.575534374022547590e-01
-2.707392966136224488e-01
-1.955549971357938011e-01
-1.567675410318221108e-01
-7.418594433207015282e-02
-4.758770970056262761e-02
-3.856198938027946554e-02
-3.094490180881761393e-02
-2.386533296483988112e-02
-1.782781791316316936e-02
-1.274791531956162224e-02
-8.783615645247965995e-03
-5.765432736166631149e-03
-3.603848637295554210e-03
-2.104330510299111737e-03
-1.124015487487120242e-03
-5.263135232248808892e-04
-2.262730357609111663e-04
-1.236261643118785820e-04
-4.658349789384021687e-04
-1.383431310807534836e-04
-5.409776341135138079e-05
3.683446655913849544e-04
-1.510766490534978660e-04
1.492813675068255317e-04
3.792761551979813707e-04
5.459278552649064016e-04
6.686753005019626999e-04
5.278178252397179018e-05
4.658733313547712342e-05
-1.544203611016151643e-04
-4.842941629621669492e-04
-1.119851505097703296e-03
-2.190326017504826400e-03
-3.882671164713637994e-03
-6.459708845906501733e-03
-1.025256952548440556e-02
-1.568020244494489068e-02
-2.322137699820268908e-02
-3.346343202482272849e-02
-4.712390493411913045e-02
-6.534451519675926745e-02
-9.187078628162041738e-02
-1.651581427417213033e-01
-3.851799657861198489e-01
-4.325597252121293201e-01
-4.615615456635406844e-01
-4.716261222055231905e-01
-4.715877870510843395e-01
-4.652955014431082170e-01
-4.512648673428462098e-01
-4.203796744125187224e-01
-3.575534339431948316e-01
-2.707393028792269285e-01
-1.955549686130224063e-01
-1.567673217668739127e-01
-7.418591299937585259e-02
-4.758770276932703519e-02
-3.856198985192241940e-02
-3.094489941515064443e-02
-2.386532692879506437e-02
-1.782781377590144864e-02
-1.274791745462738879e-02
-8.783616687452009547e-03
-5.765434700584472216e-03
-3.603853234342914609e-03
-2.104301544686082957e-03
-1.123796951375826900e-03
-5.248411281952062527e-04
-2.164937761534886499e-04
-5.577149047999097124e-05
-1.754663966846818239e-05
6.461886035467024844e-05
-4.894647140133531098e-04
-2.658993945146418173e-04
1.829277124725325014e-05
-1.133660224409939942e-04
-5.474880853051006030e-04
-5.283705201020904218e-04
-2.596894251756524572e-04
-4.730615856822917710e-04
-2.064779013245697777e-05
-1.631142914088276889e-04
-4.854681864994480679e-04
-1.120005715122852951e-03
-2.190344670068483657e-03
-3.882678756029885481e-03
-6.459712001358820441e-03
-1.025257061942163456e-02
-1.568020417286486098e-02
-2.322137288695258137e-02
-3.346342705504069814e-02
-4.712390599176145140e-02
-6.534451586494856301e-02
-9.187078613660941417e-02
-1.651581404022266497e-01
-3.851799274561525932e-01
-4.325597271387519038e-01
-4.615615484960406412e-01
-4.716261224127298868e-01
-4.715877875185917056e-01
-4.652955025232752284e-01
-4.512648687568622252e-01
-4.203796776648348610e-01
-3.575534301709519802e-01
-2.707393005617123038e-01
-1.955549818716202648e-01
-1.567673238831245319e-01
-7.418589537962208547e-02
-4.758768404188925411e-02
-3.856197995400038186e-02
-3.094490627652499160e-02
-2.386533125909950231e-02
-1.782781346415015719e-02
-1.274791601047317070e-02
-8.783605147960265452e-03
-5.765434821775809564e-03
-3.603868842631645537e-03
-2.104336629590189932e-03
-1.124097117336970552e-03
-5.269318556550162558e-04
-2.301624561859588096e-04
-1.491658310601616186e-04
-6.303256343378986623e-04
-6.557807254172160014e-05
3.775873757197894566e-04
-1.699001267696838333e-06
-3.115551748820266469e-04
-5.426898288053102245e-05
1.829918201054756054e-04
-8.540845814464963822e-05
-3.667266074359471894e-04
-1.942551252516859788e-04
5.716193658434635727e-05
-1.929588040802254084e-04
-6.231189367723246209e-04
-1.447371917953384343e-03
-2.830123006532539627e-03
-5.003742322830326966e-03
-8.311134937674402937e-03
-1.314878327503350881e-02
-2.009127233426463710e-02
-2.964614605077204451e-02
-4.269091087187020656e-02
-5.972330868959910277e-02
-8.242365500279427715e-02
-1.140090574664722328e-01
-1.989027550864223004e-01
-4.380942579450096130e-01
-4.599149860573197302e-01
-4.717274160163085761e-01
-4.749071994423094134e-01
-4.738204553036622912e-01
-4.703784286455687247e-01
-4.637982284378494580e-01
-4.503818516669232386e-01
-4.196014200453476728e-01
-3.598392779269999342e-01
-2.816607330995989922e-01
-2.280033481060358413e-01
-1.056201929374524229e-01
-6.667493286016179521e-02
-5.321496427181052896e-02
-4.218800300165401890e-02
-3.225564744922226196e-02
-2.387661302764123097e-02
-1.696944658848680010e-02
-1.161830047798382767e-02
-7.597508348593269914e-03
-4.729714240370265672e-03
-2.753414857156008533e-03
-1.461650589615807452e-03
-6.730893528107548740e-04
-2.724438810089269787e-04
-1.353335093662675216e-04
-6.883200843825868246e-04
3.522747178155821160e-04
-3.169231191908483138e-04
-1.716490554212342617e-04
1.195918978849618301e-04
-1.203180957084533110e-04
-4.772009473186470275e-04
1.576646295176999923e-05
2.651158133983354064e-04
-2.915058079944196981e-04
4.975112436820095760e-05
-1.934138921059822935e-04
-6.231496925089230693e-04
-1.447377396335822360e-03
-2.830128456900426245e-03
-5.003748109400199540e-03
-8.311133161796187621e-03
-1.314877546431789980e-02
-2.009126846769257457e-02
-2.964615070213834011e-02
-4.269091719624568820e-02
-5.972330720553475913e-02
-8.242365356285789868e-02
-1.140090606442398513e-01
-1.989027541876143834e-01
-4.380942360022910820e-01
-4.599149846444288703e-01
-4.717274160077469247e-01
-4.749072006904677123e-01
-4.738204556450765215e-01
-4.703784282288784313e-01
-4.637982283195434263e-01
-4.503818494916640991e-01
-4.196014194143124487e-01
-3.598392855893529085e-01
-2.816607063786444876e-01
-2.280031948775853856e-01
-1.056201775053797198e-01
-6.667493297547565090e-02
-5.321496642542606487e-02
-4.218800219133198026e-02
-3.225564492896827035e-02
-2.387660972193142092e-02
-1.696944645752311229e-02
-1.161830033982182327e-02
-7.597510623416454771e-03
-4.729719233540003592e-03
-2.753396585568737565e-03
-1.461551379006373547e-03
-6.727215851337753480e-04
-2.721887879264819031e-04
-1.493962280979144620e-04
-8.919751616418860034e-04
2.590974392625027987e-04
6.172991917718819842e-04
2.653944868480096744e-04
1.088176596628995935e-04
-3.579937758002734957e-04
1.566392373034848618e-04
-2.507934116946798891e-04
1.882961993827394185e-04
-1.658529798590014365e-05
7.753279237264835944e-05
-1.910408509193061680e-04
-6.230147720056749584e-04
-1.447379352422254514e-03
-2.830130732732347165e-03
-5.003752573428836732e-03
-8.311133732442048047e-03
-1.314877410620379598e-02
-2.009127070955666824e-02
-2.964614934895207915e-02
-4.269091380009860937e-02
-5.972330857081353112e-02
-8.242365326844874884e-02
-1.140090600923942404e-01
-1.989027606714598162e-01
-4.380943021256289427e-01
-4.599149970300219770e-01
-4.717274151425316919e-01
-4.749071995948333513e-01
-4.738204558273902967e-01
-4.703784294055396442e-01
-4.637982306686584955e-01
-4.503818524892496677e-01
-4.196014162661476643e-01
-3.598392777115593799e-01
-2.816606984293651972e-01
-2.280031447591262528e-01
-1.056201606991330616e-01
-6.667491548826386116e-02
-5.321496062207198979e-02
-4.218801286358409702e-02
-3.225564821125688486e-02
-2.387660623892984973e-02
-1.696944199883974533e-02
-1.161828758843043083e-02
-7.597513313504773540e-03
-4.729735287603758186e-03
-2.753402514209123478e-03
-1.461558656704609049e-03
-6.724354382980265435e-04
-2.675776179063770149e-04
-9.876260764718739653e-05
-4.519065256658455617e-04
2.153962798139277205e-04
-8.449266721529300698e-04
-4.760978262412452681e-04
-3.326199140759760788e-04
-4.929105663823014601e-04
4.562668763740480773e-04
2.325921749133891909e-04
5.922419749118921519e-05
-5.713886160965587916e-04
4.610691775143688724e-05
-2.159736425211873515e-04
-7.206530066295813511e-04
-1.683808988870089075e-03
-3.292299499215909329e-03
-5.806727620870725734e-03
-9.624379536893840764e-03
-1.517633431775910514e-02
-2.314669005663028481e-02
-3.403351436503759125e-02
-4.891706292252589322e-02
-6.805820629225904639e-02
-9.343658246127367617e-02
-1.276888798534265013e-01
-2.176374024032419752e-01
-4.618173996092249656e-01
-4.695414135582574033e-01
-4.740179241986370307e-01
-4.749111868791764945e-01
-4.736793296828150091e-01
-4.715181664408014672e-01
-4.683749482981606205e-01
-4.626424198415893252e-01
-4.487898353075482905e-01
-4.168263382480043577e-01
-3.593254187992303006e-01
-3.036959826572467325e-01
-1.381950818396332215e-01
-8.564305065925842397e-02
-6.710577235298083310e-02
-5.235963737004224045e-02
-3.959541121334936992e-02
-2.896957244671625673e-02
-2.043223997981647930e-02
-1.387847770726463245e-02
-9.032420663156648724e-03
-5.593772714273463620e-03
-3.242971802026558322e-03
-1.706267890376409998e-03
-7.617559034668064952e-04
-2.497851036051596430e-04
4.382739774696998904e-05
-3.530095710118864773e-04
2.626374029369740693e-04
-1.423716396537221299e-04
1.693618698160547474e-04
2.381035375694833466e-04
-4.890049742617095521e-05
-4.340356853831666036e-04
-7.933076617218477939e-05
-9.545894593756627984e-05
-6.318532764095769352e-06
1.227092431599583215e-04
-2.061973106548018820e-04
-7.194508314777155146e-04
-1.683675704611356603e-03
-3.292291421971520800e-03
-5.806730011186858262e-03
-9.624377613705747611e-03
-1.517632804841601013e-02
-2.314668709266166219e-02
-3.403352221676916173e-02
-4.891707099966036143e-02
-6.805820324573300106e-02
-9.343658109856675664e-02
-1.276888821444959743e-01
-2.176374018106939645e-01
-4.618174160610669654e-01
-4.695414291333049328e-01
-4.740179253741393928e-01
-4.749111877369802670e-01
-4.736793297980209094e-01
-4.715181658202771131e-01
-4.683749473731932955e-01
-4.626424178678363308e-01
-4.487898352162831839e-01
-4.168263457159249730e-01
-3.593254266427460819e-01
-3.036959993976613981e-01
-1.381950856728580979e-01
-8.564305860366834555e-02
-6.710577786296494096e-02
-5.235963680052224678e-02
-3.959540921046655199e-02
-2.896956814775037553e-02
-2.043223795668280482e-02
-1.387847843483132164e-02
-9.032424537387338456e-03
-5.593776819243728368e-03
-3.242945705361899647e-03
-1.706085770493918430e-03
-7.606956665428346327e-04
-2.439355115624662986e-04
7.745677134024890056e-05
-1.541654585399046670e-04
-9.846780168703064828e-05
1.094725800777792660e-04
-2.661553642614301711e-04
2.563356687826900395e-04
-2.869401145827535642e-04
8.416708436877076791e-05
2.914575217071800725e-04
-1.336140589598334332e-04
-1.919888992284631612e-05
1.181489664751301182e-04
-2.069666820080778033e-04
-7.195594914911239903e-04
-1.683686011721250266e-03
-3.292292263799974101e-03
-5.806733160837742984e-03
-9.624376519637295457e-03
-1.517632460681942082e-02
-2.314669017229958534e-02
-3.403352336632082392e-02
-4.891706750787114255e-02
-6.805820274402228642e-02
-9.343657645058238426e-02
-1.276888752181606357e-01
-2.176373928107456779e-01
-4.618173467474765981e-01
-4.695413971947994258e-01
-4.740179195760696462e-01
-4.749111866995264775e-01
-4.736793300887525704e-01
-4.715181664629586322e-01
-4.683749487353580654e-01
-4.626424192520078860e-01
-4.487898330238314637e-01
-4.168263398779555873e-01
-3.593254059350972085e-01
-3.036959123423711437e-01
-1.381950707071054885e-01
-8.564304309400191939e-02
-6.710577276178637807e-02
-5.235964687769228271e-02
-3.959541156656427863e-02
-2.896956617809238327e-02
-2.043223594781264085e-02
-1.387846824902010112e-02
-9.032427757930247200e-03
-5.593789810477493331e-03
-3.242952227343961699e-03
-1.706134343046438687e-03
-7.609342895315714637e-04
-2.447737708140798238e-04
7.507990246233014369e-05
-1.643625543612013218e-04
-2.147210968002933869e-04
9.559584193598124171e-04
2.166576545690281671e-04
6.551439161554010668e-04
-5.763372898157399912e-04
-4.275433119887252827e-04
-9.466225011877101936e-04
1.538827269436487380e-04
1.651580274458651809e-04
2.057953901853229526e-04
-2.048554637960051713e-04
-7.791313278240559513e-04
-1.834261345154980776e-03
-3.583086995042209302e-03
-6.301817090146005600e-03
-1.041299209370608048e-02
-1.635669377990324122e-02
-2.485863596152066909e-02
-3.638285495555315663e-02
-5.206028549728387161e-02
-7.196026901913304963e-02
-9.804763189662032974e-02
-1.325523891896880913e-01
-2.223710379755549638e-01
-4.659307855607146553e-01
-4.698449419051343168e-01
-4.730196382147793255e-01
-4.738455194346340993e-01
-4.731369336463615016e-01
-4.719033228586349549e-01
-4.703458171319017112e-01
-4.678909142833461710e-01
-4.618156138525791321e-01
-4.463178853509186528e-01
-4.132240271094817508e-01
-3.720478808489129374e-01
-1.696594912207205208e-01
-1.036318851778939565e-01
-7.975616856853340320e-02
-6.111582784976560268e-02
-4.565408560907350394e-02
-3.296003694584712790e-02
-2.304813055678662376e-02
-1.551640404022436304e-02
-1.004406337728823602e-02
-6.183838300463742089e-03
-3.568335587175435180e-03
-1.860246461268288401e-03
-8.062237036993505357e-04
-2.072934658148300091e-04
2.393351570443584997e-04
1.372562654586797386e-04
3.431032988707994583e-04
-2.837571389587960086e-04
-8.224368231385784415e-05
2.845941215452334519e-04
-1.015084834866662585e-05
3.979709398437450245e-04
1.104744553420631810e-04
4.062357794354029550e-04
1.774874583777650964e-04
2.012824279199521059e-04
-2.065963218444690701e-04
-7.795513027109443821e-04
-1.834348579248524331e-03
-3.583104544446010561e-03
-6.301818993414710565e-03
-1.041299081690504925e-02
-1.635668976047856618e-02
-2.485863216023501826e-02
-3.638286040800255139e-02
-5.206028896856979005e-02
-7.196026249943802966e-02
-9.804763422813475571e-02
-1.325523956318354346e-01
-2.223710321834851678e-01
-4.659307461624105917e-01
-4.698449300022241037e-01
-4.730196365833105321e-01
-4.738455200707886728e-01
-4.731369337716533341e-01
-4.719033225888564220e-01
-4.703458166404649865e-01
-4.678909132715679542e-01
-4.618156142441759426e-01
-4.463178913988612440e-01
-4.132240459216747208e-01
-3.720479268827885933e-01
-1.696594940309569810e-01
-1.036318924151471005e-01
-7.975617584984369401e-02
-6.111583034380094204e-02
-4.565408617182458578e-02
-3.296003015170310274e-02
-2.304812430599510395e-02
-1.551640549706426002e-02
-1.004406940173682358e-02
-6.183841855478688573e-03
-3.568299530109825431e-03
-1.859945153054843540e-03
-8.042882188011968954e-04
-1.961745846639089438e-04
3.014895182434638760e-04
4.119435804473925802e-04
5.823845634078413493e-04
2.252828298563123728e-04
-2.209989017985491120e-04
-3.821287102543100076e-05
3.439080183281013263e-04
3.889127126729420287e-04
7.561316813315344259e-06
8.802212884081112639e-05
-2.477517228283785257e-04
1.584325639955955504e-04
-2.101530016356303030e-04
-7.797397590720871923e-04
-1.834338119216280538e-03
-3.583100386608888219e-03
-6.301819700927147223e-03
-1.041298684451019176e-02
-1.635668316706433839e-02
-2.485863623790811328e-02
-3.638286651063903088e-02
-5.206028938066830508e-02
-7.196026364812711795e-02
-9.804762947727205247e-02
-1.325523881006976934e-01
-2.223710220011726746e-01
-4.659306721014530028e-01
-4.698448948963842575e-01
-4.730196293018728571e-01
-4.738455187750897357e-01
-4.731369339228608251e-01
-4.719033229837246712e-01
-4.703458175060952762e-01
-4.678909140071144668e-01
-4.618156130134175030e-01
-4.463178895996054441e-01
-4.132240407787978187e-01
-3.720478899485669122e-01
-1.696594845415096420e-01
-1.036318800501545706e-01
-7.975617590869199525e-02
-6.111584436907274709e-02
-4.565408807838532146e-02
-3.296002472791715460e-02
-2.304811925169464662e-02
-1.551639688749581816e-02
-1.004407303387705279e-02
-6.183852175047419367e-03
-3.568317648945768319e-03
-1.860117405896380850e-03
-8.055542009702707992e-04
-2.047626484216483135e-04
2.419438733546546523e-04
3.537723471021123793e-05
4.310572739355273005e-04
-6.642217625275742814e-04
-3.641123859400176147e-05
-6.224011138623555990e-04
3.758055433515104294e-04
-6.204684931504288008e-04
-4.771230754566510514e-04
4.858990763044017933e-04
2.159099236035094238e-04
2.179972138554118609e-04
-2.147876593468290359e-04
-8.136377781279390117e-04
-1.909017750932829206e-03
-3.716549782722887354e-03
-6.514052401000324302e-03
-1.071839234188811350e-02
-1.676021708909935376e-02
-2.532814757113895088e-02
-3.684247789916779425e-02
-5.230562789768976317e-02
-7.168146506324186984e-02
-9.661911051319112265e-02
-1.291964839678627075e-01
-2.148748317733620017e-01
-4.535551222110079661e-01
-4.625004661221014390e-01
-4.692078660701426429e-01
-4.718044841339805728e-01
-4.721014624367391166e-01
-4.717119445200976258e-01
-4.712741238653541109e-01
-4.706067945165803845e-01
-4.683632182808403766e-01
-4.615570936798014112e-01
-4.456373994819860518e-01
-4.233143321671506976e-01
-1.965253432221226448e-01
-1.189091279384156957e-01
-9.008832988860918101e-02
-6.783160826464558479e-02
-5.005540220661468948e-02
-3.566589867820633281e-02
-2.472669646357233963e-02
-1.650116770852719239e-02
-1.062260089138762111e-02
-6.501779552138852933e-03
-3.734460054582855373e-03
-1.932282145282459901e-03
-8.245674927524856328e-04
-2.016153370520002287e-04
2.027306267782503731e-04
-4.097029362456584898e-04
-3.538656404752943559e-04
-1.116749421137264164e-04
4.388573486685550364e-04
-5.816681419936078727e-04
2.340989721829535189e-04
2.592507089810815657e-04
1.098235695248258545e-04
8.173630560042605966e-05
-5.918164270001435769e-04
9.406267240389052362e-05
-2.331114701984927018e-04
-8.163275591411341559e-04
-1.909400300119697873e-03
-3.716598369305918522e-03
-6.514051897418780650e-03
-1.071838967224310150e-02
-1.676021495897956834e-02
-2.532814500739865443e-02
-3.684248537724402195e-02
-5.230563282022178406e-02
-7.168145812863510602e-02
-9.661911178599677519e-02
-1.291964875863461926e-01
-2.148748249658794518e-01
-4.535551008556100716e-01
-4.625004588871159394e-01
-4.692078652155979857e-01
-4.718044846917707758e-01
-4.721014622734703847e-01
-4.717119442724430067e-01
-4.712741237211343637e-01
-4.706067941500733931e-01
-4.683632188270160368e-01
-4.615570961928211480e-01
-4.456374011017719683e-01
-4.233143358174813464e-01
-1.965253400275340234e-01
-1.189091331338824192e-01
-9.008833494910571671e-02
-6.783160831004146629e-02
-5.005540194807837212e-02
-3.566589183784065614e-02
-2.472669201710973180e-02
-1.650117371979734765e-02
-1.062260806718612165e-02
-6.501780356871211808e-03
-3.734417856525366550e-03
-1.931895778961683664e-03
-8.218570254407446193e-04
-1.840763960073032611e-04
3.200051078345653296e-04
3.037188182794214571e-04
-1.600019354686039216e-05
-4.937704873771292524e-04
-2.232588392809663896e-04
-5.070343251083972999e-04
4.114928179306125730e-04
-4.914246042220857388e-04
6.686045132990591248e-04
5.261841236149263079e-04
3.144677337044746949e-04
2.166688185906436948e-04
-2.168677090538190862e-04
-8.141584394784555194e-04
-1.909124723345592516e-03
-3.716568821413852256e-03
-6.514049635404244899e-03
-1.071838600574008017e-02
-1.676021092574763241e-02
-2.532815320613928875e-02
-3.684249289844359482e-02
-5.230562832574474352e-02
-7.168145243213522311e-02
-9.661910410116898718e-02
-1.291964819152989774e-01
-2.148748244248859240e-01
-4.535550882663738070e-01
-4.625004492119284549e-01
-4.692078619665895345e-01
-4.718044841839628134e-01
-4.721014627709118616e-01
-4.717119446913501379e-01
-4.712741242901264394e-01
-4.706067945005352748e-01
-4.683632179032343745e-01
-4.615570954619522825e-01
-4.456374024017353275e-01
-4.233143329974481950e-01
-1.965253384931180125e-01
-1.189091249651195725e-01
-9.008833488682575774e-02
-6.783161725951612764e-02
-5.005539814761651024e-02
-3.566588420948547250e-02
-2.472668936419757102e-02
-1.650117120524901768e-02
-1.062261238539904430e-02
-6.501786915261330117e-03
-3.734433116131384133e-03
-1.932031589947755430e-03
-8.228132914361028279e-04
-1.901070676841555226e-04
2.820139424076550179e-04
1.049717597591449421e-04
5.702033271018260149e-04
-1.304322656432282674e-04
3.052641894001434874e-04
-1.668736697977585704e-04
4.700186933991772130e-04
-4.036961296234522632e-04
1.028449506314246157e-05
-3.091380607414532969e-04
1.072319896749837327e-04
1.673289479258971543e-04
-2.373520387306461590e-04
-8.243040195328297680e-04
-1.911093763034089682e-03
-3.699845268049913212e-03
-6.458417947966274206e-03
-1.057123235751329486e-02
-1.644397342795335046e-02
-2.466149537958467822e-02
-3.559477525486819116e-02
-4.997394540525785384e-02
-6.774191743820399958e-02
-8.998318464005264361e-02
-1.187883022009872391e-01
-1.963558686441323475e-01
-4.230957002312636939e-01
-4.455034852426558722e-01
-4.615036870465242247e-01
-4.683389572631000974e-01
-4.705996728218127534e-01
-4.712695396830399730e-01
-4.717131469879251582e-01
-4.721032485596731720e-01
-4.718153478506598719e-01
-4.692301472829585318e-01
-4.625579511376421427e-01
-4.536540930406787742e-01
-2.149756507799785443e-01
-1.292805727035568342e-01
-9.669733905247616945e-02
-7.175491185509422221e-02
-5.237505219501639719e-02
-3.690695787962794405e-02
-2.538812115954700369e-02
-1.681444917128327443e-02
-1.076696551071771799e-02
-6.555304343714734271e-03
-3.748945233113363303e-03
-1.928949996843085189e-03
-8.169727560204718226e-04
-1.997995712763640937e-04
1.839142826771526828e-04
-3.638915420952098427e-04
5.948953460316083850e-05
9.616234429613741697e-04
7.900968070231840709e-05
5.590089359835954778e-04
4.960954536003878276e-04
3.282518114387155891e-04
4.434610611476471416e-04
-2.351580057988757777e-05
-4.020098361709268709e-04
8.198023882329643676e-05
-2.507648718994813248e-04
-8.263731428597513020e-04
-1.911398852573981599e-03
-3.699883145201285188e-03
-6.458412861664815201e-03
-1.057122949860088076e-02
-1.644397396087271535e-02
-2.466149395800150759e-02
-3.559478289262838629e-02
-4.997394937288902189e-02
-6.774190989430461940e-02
-8.998318719942532962e-02
-1.187883073355225638e-01
-1.963558676441313489e-01
-4.230957230585928319e-01
-4.455034935884478742e-01
-4.615036895171609199e-01
-4.683389583234132125e-01
-4.705996723245660096e-01
-4.712695391177598170e-01
-4.717131467372918663e-01
-4.721032481866303532e-01
-4.718153482875081517e-01
-4.692301484106799481e-01
-4.625579473848465129e-01
-4.536540822898084135e-01
-2.149756466289935164e-01
-1.292805780940026461e-01
-9.669734565552956518e-02
-7.175491557838072076e-02
-5.237505521933989022e-02
-3.690695009759966533e-02
-2.538811339383379231e-02
-1.681445351980872388e-02
-1.076697004512751181e-02
-6.555302774132860943e-03
-3.748918332599114871e-03
-1.928712538037089886e-03
-8.155459852624528808e-04
-1.928135319613835381e-04
2.114445695920245103e-04
-3.545576404362584693e-04
1.579684644244261382e-04
-1.594681433605194313e-04
1.682275590058085349e-04
4.590816150772133552e-04
4.857946671817500099e-04
-3.864175246154857206e-04
-3.064842422304824053e-04
2.686081913894708818e-04
-3.328019984047302289e-04
1.043985124803717911e-04
-2.463102959734885748e-04
-8.256080854427818921e-04
-1.911291018776540293e-03
-3.699871755432482603e-03
-6.458408896721466730e-03
-1.057122285924201772e-02
-1.644396725613799654e-02
-2.466149963303763265e-02
-3.559479114684706985e-02
-4.997394895571286716e-02
-6.774190841491434245e-02
-8.998318143220275511e-02
-1.187883021087933616e-01
-1.963558685074846266e-01
-4.230957155154606575e-01
-4.455034893826358422e-01
-4.615036864880305290e-01
-4.683389575242331015e-01
-4.705996727684925163e-01
-4.712695395644211915e-01
-4.717131470042326691e-01
-4.721032480272781551e-01
-4.718153474403936065e-01
-4.692301485933410565e-01
-4.625579515546600629e-01
-4.536540872209474107e-01
-2.149756451979095984e-01
-1.292805719504857842e-01
-9.669734812370456289e-02
-7.175492421922348429e-02
-5.237505040907779880e-02
-3.690694249687371392e-02
-2.538811254886771604e-02
-1.681445447648410862e-02
-1.076697254724940343e-02
-6.555304927672966735e-03
-3.748923627437142966e-03
-1.928737684328028952e-03
-8.156351471802356567e-04
-1.927549073908280618e-04
2.154280546201032382e-04
-3.137742829784622854e-04
-4.174295065386881821e-05
-4.185223468430603511e-04
6.353438062339641305e-05
1.073797377653888331e-05
-7.251690684208533019e-04
-2.269328756625382229e-04
-5.887978106585913148e-04
2.750773008541165581e-04
-3.058004431860626162e-04
6.429300419315762385e-05
-2.578757778554868025e-04
-8.051935593814147241e-04
-1.837583870481050144e-03
-3.533107256600991498e-03
-6.140759392504405688e-03
-9.993150231806460435e-03
-1.545993336907707308e-02
-2.298268654670159936e-02
-3.288801874468344488e-02
-4.556885964933927308e-02
-6.101994645404402312e-02
-7.963880863394169618e-02
-1.034920734685929461e-01
-1.694452942939882745e-01
-3.716897445858859950e-01
-4.129653714662075981e-01
-4.462012955618769317e-01
-4.617627901834031046e-01
-4.678724512572373095e-01
-4.703349284941900077e-01
-4.719004624549082982e-01
-4.731357733106801300e-01
-4.738502687792161550e-01
-4.730279916615306446e-01
-4.698620200364855282e-01
-4.659535738211735278e-01
-2.224034937450364569e-01
-1.325937388875502998e-01
-9.809321132442706814e-02
-7.201258587381975662e-02
-5.211368254332894578e-02
-3.643729740484419333e-02
-2.491045112932128991e-02
-1.640539446861505324e-02
-1.045654088515066138e-02
-6.339111029466575585e-03
-3.611785556510874445e-03
-1.851263233150497517e-03
-7.799113190464986326e-04
-1.840590282217397314e-04
1.946404100176802828e-04
-4.376103760178753172e-04
-4.109931807278970712e-04
-4.775466604323439835e-04
-1.520407229692309376e-04
-4.305048372529419001e-04
-1.228742145325339931e-04
3.950347939566403407e-04
-4.377831383878340353e-04
2.090740311827396969e-04
-8.102858389870385325e-05
8.754034467249720037e-05
-2.558578121933503488e-04
-8.050794406087875138e-04
-1.837595523422963853e-03
-3.533111203834493792e-03
-6.140750760412996834e-03
-9.993149575567206525e-03
-1.545993808739793210e-02
-2.298268676516348683e-02
-3.288802441272313526e-02
-4.556885897033984001e-02
-6.101993566995366630e-02
-7.963881117461563131e-02
-1.034920805998431476e-01
-1.694452999400908044e-01
-3.716898087048082777e-01
-4.129653930581238530e-01
-4.462013008575055339e-01
-4.617627919667358638e-01
-4.678724506634843183e-01
-4.703349277509133453e-01
-4.719004620297316821e-01
-4.731357730278049067e-01
-4.738502692149860196e-01
-4.730279903148332799e-01
-4.698620045846092497e-01
-4.659535427013629105e-01
-2.224034892537953556e-01
-1.325937457650054330e-01
-9.809321580767012272e-02
-7.201258410788624609e-02
-5.211368168899613990e-02
-3.643729035078435707e-02
-2.491044633345384715e-02
-1.640540105663249038e-02
-1.045654471926254180e-02
-6.339107867490661845e-03
-3.611766619296566047e-03
-1.851083631722354010e-03
-7.786710775675443870e-04
-1.756904130695895942e-04
2.570692130850497827e-04
3.293580100843235536e-05
-1.568641606515307554e-04
-5.126605681820975771e-04
3.378751543850508723e-04
-5.793199949682904299e-05
-1.957134541324376839e-04
-1.194654665665389120e-04
-6.648842114208277027e-04
-6.603898570402998896e-04
-3.025823376830147674e-04
5.245121333711488370e-05
-2.608983785205885929e-04
-8.057860985873360618e-04
-1.837696905480109286e-03
-3.533123599426867944e-03
-6.140745707885374854e-03
-9.993143225105100697e-03
-1.545993527472929591e-02
-2.298269466834500230e-02
-3.288803245100484218e-02
-4.556885587182185615e-02
-6.101992978115648725e-02
-7.963880298295175630e-02
-1.034920758520098127e-01
-1.694452957537610216e-01
-3.716897322899702094e-01
-4.129653612792997808e-01
-4.462012923374654161e-01
-4.617627907107516028e-01
-4.678724515882295432e-01
-4.703349285704366833e-01
-4.719004624442921791e-01
-4.731357728893485493e-01
-4.738502688822813225e-01
-4.730279906010724789e-01
-4.698620001217652109e-01
-4.659535278378190148e-01
-2.224034827835598416e-01
-1.325937362106449080e-01
-9.809321592859975014e-02
-7.201259019109043646e-02
-5.211367739569546659e-02
-3.643728575617867504e-02
-2.491044895113350699e-02
-1.640540500845459257e-02
-1.045654525398602951e-02
-6.339106712844937326e-03
-3.611769781089350668e-03
-1.851075784211170597e-03
-7.784469170442039412e-04
-1.730099792923717596e-04
2.829533664341366819e-04
2.427071349182628604e-04
2.165301001167165549e-04
-2.024302827361778385e-04
7.012086403452177268e-05
3.294496294980104093e-04
-1.535293774324517814e-05
4.346303107736614480e-04
2.117694697071581219e-04
1.495881913529991520e-04
7.541719927986923096e-05
7.830624145566261198e-05
-2.494055410209880075e-04
-7.458175948351077836e-04
-1.679513157347840369e-03
-3.207483937226147941e-03
-5.552138115326371581e-03
-8.983602344346915819e-03
-1.382459895248799517e-02
-2.036912919506657718e-02
-2.889982095750869007e-02
-3.951136908964358874e-02
-5.226428340937441103e-02
-6.698721465947973797e-02
-8.549969853426274413e-02
-1.379635207538992270e-01
-3.032345775857083758e-01
-3.588953875279562999e-01
-4.165806345710863501e-01
-4.486706827220774962e-01
-4.625970950278348592e-01
-4.683525707356829271e-01
-4.715099943571673946e-01
-4.736754966707853454e-01
-4.749118748180382599e-01
-4.740156238777727959e-01
-4.695241813916021245e-01
-4.617742912957129575e-01
-2.175998501153676157e-01
-1.276862871357390683e-01
-9.344784531169868236e-02
-6.808730423978665014e-02
-4.895199292619852038e-02
-3.407548010777603636e-02
-2.318801055014211090e-02
-1.521745542335099441e-02
-9.661156481178580224e-03
-5.838679923375831790e-03
-3.316204001615465687e-03
-1.696582005271891078e-03
-7.146861515820197982e-04
-1.646638570764950675e-04
2.511360741014464983e-04
3.238907464548035310e-04
-2.683143678678796785e-04
-2.205194167090542196e-04
4.552613897039491141e-04
-3.528595736458344650e-04
-9.425953920007625086e-05
3.023989918920782388e-04
-3.370655747990456536e-04
3.564277248625972267e-04
2.278418226115312500e-04
1.098097657649569839e-04
-2.437258008263395428e-04
-7.448470028231513052e-04
-1.679370628321568510e-03
-3.207466996921245171e-03
-5.552127996014863918e-03
-8.983603023636667004e-03
-1.382460432050777212e-02
-2.036912771338521971e-02
-2.889982394223240825e-02
-3.951136758497674623e-02
-5.226427633910810111e-02
-6.698722161836981326e-02
-8.549970562926434425e-02
-1.379635200302176679e-01
-3.032346121004144690e-01
-3.588953998126885869e-01
-4.165806396192381911e-01
-4.486706852296262760e-01
-4.625970943840351790e-01
-4.683525699624020988e-01
-4.715099937011874576e-01
-4.736754961737634773e-01
-4.749118749586239141e-01
-4.740156218102498653e-01
-4.695241653010673311e-01
-4.617742458532558270e-01
-2.175998424006848064e-01
-1.276862931849965799e-01
-9.344784901555135137e-02
-6.808730378515122361e-02
-4.895199657688392020e-02
-3.407547813216955240e-02
-2.318800632645983892e-02
-1.521745887657849176e-02
-9.661157368860480432e-03
-5.838675807730426583e-03
-3.316199598340721297e-03
-1.696566100045141705e-03
-7.149413873865070662e-04
-1.694214180883221580e-04
1.948135286331325819e-04
-2.109030762602235828e-04
-1.077270543657299562e-04
3.950616302226450031e-04
-3.609754873504859548e-04
-7.605049810730635631e-05
-4.564178163565606704e-04
2.481742868705179945e-04
-2.112236583745412931e-04
1.571971192049820460e-04
-9.419387070181595601e-05
5.977159843975847606e-05
-2.513981361516753909e-04
-7.460346933148340577e-04
-1.679554078898997998e-03
-3.207491006761651817e-03
-5.552122919995373766e-03
-8.983597174646159797e-03
-1.382460187010702349e-02
-2.036913194940239563e-02
-2.889982976898870792e-02
-3.951136699750376624e-02
-5.226427300925865632e-02
-6.698721391317215279e-02
-8.549969936665328951e-02
-1.379635083395416850e-01
-3.032344629242970102e-01
-3.588953496121363718e-01
-4.165806278755030401e-01
-4.486706848500096045e-01
-4.625970960884001615e-01
-4.683525709902049416e-01
-4.715099943628208723e-01
-4.736754961777205897e-01
-4.749118752998026660e-01
-4.740156253753043392e-01
-4.695241809428718494e-01
-4.617742839345317374e-01
-2.175998459139844299e-01
-1.276862915925766617e-01
-9.344785385386744636e-02
-6.808730601520414372e-02
-4.895198727061638583e-02
-3.407547107717991131e-02
-2.318800862493489157e-02
-1.521746480357862724e-02
-9.661157932181269753e-03
-5.838674185853072809e-03
-3.316218636138001333e-03
-1.696697422486898163e-03
-7.157678462611487963e-04
-1.743690580233119144e-04
1.644689157543790094e-04
-3.792548090804556118e-04
-3.775344300744216806e-05
2.722758422635411499e-05
-4.391202232363516965e-04
-1.546682330051575983e-04
5.935284764651800273e-05
-4.091220119948802992e-05
-5.903721788868513277e-04
-6.300608798566290645e-04
-5.541288973664746167e-04
-7.381355747963322281e-05
-2.448839324387515836e-04
-6.450451744083582134e-04
-1.430873277077688091e-03
-2.717810301032044969e-03
-4.689867522736138571e-03
-7.551738360708509616e-03
-1.156817193418221805e-02
-1.691091974883840443e-02
-2.381186773557531638e-02
-3.217764410915609219e-02
-4.209945266735133640e-02
-5.310564865322176670e-02
-6.654368131769373973e-02
-1.054066336150766142e-01
-2.275500641495913634e-01
-2.811269880714203362e-01
-3.593988920054154712e-01
-4.193396123987365165e-01
-4.502715604099157831e-01
-4.637470324626363771e-01
-4.703587114940162572e-01
-4.738134221932272516e-01
-4.749042945703760288e-01
-4.717124927611019425e-01
-4.598529568961175484e-01
-4.379723229760552061e-01
-1.988080034043500088e-01
-1.139748747697312270e-01
-8.241125885330770340e-02
-5.973591591277448848e-02
-4.271240809551048873e-02
-2.967831655405013189e-02
-2.012413674354661050e-02
-1.318333338700756509e-02
-8.341997381983047924e-03
-5.030877330559446574e-03
-2.849952616752526435e-03
-1.457656393794913227e-03
-6.190108542625916794e-04
-1.656451848868561137e-04
8.511059308628333520e-05
-5.133784313251168888e-04
3.215012603119340876e-04
-4.353207536355500700e-04
-2.985097893014526183e-04
-1.966084625036507735e-04
1.009564247052672928e-04
6.026772096283841126e-05
-1.582433476266721542e-04
-1.106560622090536287e-04
-3.846139000033715373e-04
-2.778317374057662811e-05
-2.355507410251050265e-04
-6.433545756273429447e-04
-1.430608206960663330e-03
-2.717775702462775413e-03
-4.689855395607183015e-03
-7.551739815570671782e-03
-1.156817992220161677e-02
-1.691092137012411428e-02
-2.381187089019536074e-02
-3.217764029414174609e-02
-4.209944486564727584e-02
-5.310565613939358109e-02
-6.654368868835876250e-02
-1.054066298891583459e-01
-2.275500856168351793e-01
-2.811269901894928314e-01
-3.593988948677024897e-01
-4.193396131479102951e-01
-4.502715583177656078e-01
-4.637470313183338355e-01
-4.703587107423221059e-01
-4.738134222052153288e-01
-4.749042955504853003e-01
-4.717124903742674347e-01
-4.598529198176301014e-01
-4.379721570882090798e-01
-1.988079838463967797e-01
-1.139748764032489925e-01
-8.241125952041004898e-02
-5.973591374496926149e-02
-4.271241084921589826e-02
-2.967831548244532699e-02
-2.012413184855638137e-02
-1.318333502144061059e-02
-8.341998525756236932e-03
-5.030873130123813576e-03
-2.849933243349218187e-03
-1.457467132023531481e-03
-6.175692755445920216e-04
-1.550997093106265784e-04
1.661793368184677792e-04
8.641852904942925009e-05
3.936945184395608012e-04
5.837321527944273935e-04
1.634252611123133861e-04
1.975768517416798243e-04
8.726720481741535049e-05
-1.265460171273427342e-04
3.341767674946654167e-04
-2.680032542064484822e-04
-2.359702224180481775e-04
-2.940877347202691943e-05
-2.386129921077334212e-04
-6.441348703256326172e-04
-1.430762797407515805e-03
-2.717799476700892211e-03
-4.689849497779125485e-03
-7.551733973625543613e-03
-1.156817859243929568e-02
-1.691092434326200294e-02
-2.381187539193520622e-02
-3.217763987919092239e-02
-4.209944127126537261e-02
-5.310564988972017730e-02
-6.654368418440116673e-02
-1.054066163891839575e-01
-2.275499003022874445e-01
-2.811269376190470570e-01
-3.593988811958764296e-01
-4.193396147429599430e-01
-4.502715602790943739e-01
-4.637470313583280657e-01
-4.703587110121630332e-01
-4.738134219044966566e-01
-4.749042951256083889e-01
-4.717124934468293063e-01
-4.598529420304500737e-01
-4.379722929198471282e-01
-1.988079985771598057e-01
-1.139748753135717413e-01
-8.241126410087994125e-02
-5.973591541326842697e-02
-4.271240524355997964e-02
-2.967831271951581681e-02
-2.012413574833541927e-02
-1.318334259594977458e-02
-8.341998325108313309e-03
-5.030869007131138007e-03
-2.849964714778074372e-03
-1.457713212576665926e-03
-6.192065567541739802e-04
-1.655357855147508944e-04
9.883375062622272564e-05
-3.131201041302476211e-04
-9.064207958345480001e-06
-3.452076445320069117e-04
-1.033517892650655153e-04
2.850645774478924744e-04
8.695443324834117686e-04
3.053045244145434229e-04
3.308172831945757684e-04
-2.389545296852418107e-04
-3.207207259391076874e-04
-2.677365861315247238e-05
-1.790250875022923326e-04
-4.890043122276167224e-04
-1.089070656085029329e-03
-2.067595259031727254e-03
-3.564584935350513604e-03
-5.721701279049687047e-03
-8.736330167704855695e-03
-1.269358463678354164e-02
-1.776802373363084442e-02
-2.379435136476417550e-02
-3.086497438035435206e-02
-3.846541661625075409e-02
-4.747421388953607102e-02
-7.400477222475292105e-02
-1.563865644466153615e-01
-1.950550244732056904e-01
-2.701589052607296093e-01
-3.570420731477318421e-01
-4.201071538390312443e-01
-4.511422428574323740e-01
-4.652472124259776076e-01
-4.715714248170761458e-01
-4.716133693762118440e-01
-4.615157459509833249e-01
-4.324102146859443718e-01
-3.849461693722907585e-01
-1.650276073293442114e-01
-9.182303395059282503e-02
-6.532369942801269369e-02
-4.713019932031336373e-02
-3.347940779572384368e-02
-2.324875516778940679e-02
-1.570865824449367218e-02
-1.028321140673552243e-02
-6.486962637296282350e-03
-3.906678401414795734e-03
-2.207640212134101380e-03
-1.128778086134858780e-03
-4.809798984177085859e-04
-1.318168202503026704e-04
8.030862424557561844e-05
-1.207315476921393013e-04
3.438492111709522733e-04
2.218781454299178157e-04
2.086045113152775366e-04
-5.043127404381486526e-04
-4.924359252996193391e-05
2.802784190352951938e-04
-3.467506718469362645e-04
4.570126650543342704e-04
5.343151246319896748e-04
1.008882263429600814e-04
-1.604175805011733003e-04
-4.862886368079491223e-04
-1.088697033160763647e-03
-2.067550082788323102e-03
-3.564573048596747853e-03
-5.721703278737996952e-03
-8.736337686033789074e-03
-1.269358454699302981e-02
-1.776802286419424531e-02
-2.379434549869569038e-02
-3.086496992762520486e-02
-3.846542819372057026e-02
-4.747422486083749393e-02
-7.400477042911544900e-02
-1.563865628562824683e-01
-1.950550155857043444e-01
-2.701589076793792232e-01
-3.570420726975036541e-01
-4.201071511942908732e-01
-4.511422421494941659e-01
-4.652472115493009319e-01
-4.715714251180368466e-01
-4.716133704722861308e-01
-4.615157434494495114e-01
-4.324102108720782045e-01
-3.849461675367596425e-01
-1.650276018642785059e-01
-9.182303496635352280e-02
-6.532369919425808080e-02
-4.713019842700451323e-02
-3.347941250691787579e-02
-2.324875600748390475e-02
-1.570865253124316407e-02
-1.028321080449672367e-02
-6.486963099888697244e-03
-3.906674046444298665e-03
-2.207628397757784716e-03
-1.128661565684263308e-03
-4.801336384650906302e-04
-1.264527383832034181e-04
1.131320404103308165e-04
3.814348801273654860e-05
4.065575862122802601e-04
-1.354496093405251913e-04
2.206532088719534481e-05
1.324069070461538328e-05
-6.570631937835939287e-04
1.652162395129073221e-04
4.838005692598297005e-04
1.106265345887450511e-04
-3.102524478340043198e-04
-6.948735808789731530e-06
-1.739922802930451865e-04
-4.880204245958669087e-04
-1.088923637076946206e-03
-2.067578367891777409e-03
-3.564567669752950405e-03
-5.721698344479943590e-03
-8.736336477550015953e-03
-1.269358495622983397e-02
-1.776802649979172463e-02
-2.379434782266050263e-02
-3.086496807628984554e-02
-3.846542166041051758e-02
-4.747421574983830966e-02
-7.400474357147468485e-02
-1.563863059975091341e-01
-1.950549564756940968e-01
-2.701588932933383091e-01
-3.570420764436449956e-01
-4.201071544005695046e-01
-4.511422419445024756e-01
-4.652472124503108097e-01
-4.715714250804143304e-01
-4.716133713595674903e-01
-4.615157524438598946e-01
-4.324102665351780006e-01
-3.849464728017350512e-01
-1.650276410886079292e-01
-9.182304665098002527e-02
-6.532370961777046736e-02
-4.713019801198491121e-02
-3.347940551736450221e-02
-2.324875330270008769e-02
-1.570865618790813142e-02
-1.028322016696560544e-02
-6.486962336369284619e-03
-3.906666035291763046e-03
-2.207656122171147879e-03
-1.128876229261929114e-03
-4.815006654476438686e-04
-1.347435571846595159e-04
6.380756994752187050e-05
-2.195168622607922033e-04
5.061155944273412408e-04
-5.759454432785489743e-04
6.996540617353894716e-05
6.336276856936419184e-05
2.985445210513232696e-04
5.009095537090312196e-04
6.142955686498826609e-04
3.318009166026330290e-04
-3.511498450761250126e-05
4.302493755872484972e-05
-8.421471466660897676e-05
-2.883740204230352661e-04
-6.669644222546149874e-04
-1.280569002410604767e-03
-2.217604032901552332e-03
-3.561058803885431938e-03
-5.432597193568220427e-03
-7.866926308268898035e-03
-1.097178903482491814e-02
-1.460749561791970484e-02
-1.883565249744432318e-02
-2.327596679395373819e-02
-2.839601773532790530e-02
-4.376937925101116733e-02
-9.155474811053776474e-02
-1.135189163515239186e-01
-1.629438839079476176e-01
-2.421670653037381882e-01
-3.360659526308834022e-01
-4.075772882383474349e-01
-4.456853396467988504e-01
-4.604938325779975306e-01
-4.565432974549895606e-01
-4.258565234712894387e-01
-3.579927713463199046e-01
-2.813390368457893698e-01
-1.134778612980151397e-01
-6.115673760984225577e-02
-4.260374307155802287e-02
-3.055470473733677000e-02
-2.152808012942599575e-02
-1.493690158778867953e-02
-1.005547767226505282e-02
-6.579570257790323673e-03
-4.139461990043679512e-03
-2.489964119666309306e-03
-1.403117600026128993e-03
-7.154639567095677456e-04
-3.029026110023145743e-04
-8.059446273092174366e-05
6.284927746491879210e-05
2.042492532835494436e-05
4.761955586148126137e-04
2.257233845811997788e-04
7.840676758230313804e-04
4.690637882336762108e-05
5.086983640528834616e-04
-6.735085409231124712e-04
3.696686073395864715e-04
-3.632264103776052921e-04
4.447950080248965290e-05
6.376891027347789489e-05
-8.019501416270917319e-05
-2.876748357544224523e-04
-6.668592554412923652e-04
-1.280553157865704046e-03
-2.217593649399115987e-03
-3.561060136188942508e-03
-5.432605496179843813e-03
-7.866928120225859244e-03
-1.097178766945838130e-02
-1.460748928993914862e-02
-1.883564939763364421e-02
-2.327597845726156814e-02
-2.839603390990808746e-02
-4.376939983458114081e-02
-9.155479119118750675e-02
-1.135189042411258731e-01
-1.629438814913507227e-01
-2.421670631446123656e-01
-3.360659475333669932e-01
-4.075772869620976069e-01
-4.456853366316049780e-01
-4.604938343265143064e-01
-4.565433019355504274e-01
-4.258565201040550030e-01
-3.579927185561170844e-01
-2.813386044371212202e-01
-1.134778066241830391e-01
-6.115672560593540114e-02
-4.260373839389929029e-02
-3.055470544826867016e-02
-2.152808694055088207e-02
-1.493690430908602325e-02
-1.005547270858012446e-02
-6.579569126325078392e-03
-4.139461437573429409e-03
-2.489959046603613686e-03
-1.403123181582070170e-03
-7.155071247866705720e-04
-3.031931771381905045e-04
-8.264330076556169514e-05
4.782762769538255682e-05
-7.978026703530242459e-05
-3.533458827802331628e-04
5.830287172881148386e-04
5.373664204723256361e-04
2.334723545347535008e-04
1.570750085494087493e-04
8.347001956481504457e-05
-3.291688553183413435e-05
-9.971248458464252395e-05
5.797909534328205992e-04
1.280211881486256937e-04
-7.254938355821342877e-05
-2.867437950402366097e-04
-6.667569644073482625e-04
-1.280546533402306510e-03
-2.217587739445654477e-03
-3.561058077541764868e-03
-5.432605900084778484e-03
-7.866927046035547891e-03
-1.097178990684876711e-02
-1.460749140564832592e-02
-1.883564583826026831e-02
-2.327597087848367122e-02
-2.839602598413472692e-02
-4.376938450698329014e-02
-9.155471128396296121e-02
-1.135188869445881016e-01
-1.629438759401096726e-01
-2.421670732365836243e-01
-3.360659553144089706e-01
-4.075772871995447244e-01
-4.456853385583467997e-01
-4.604938336265566590e-01
-4.565433037878846578e-01
-4.258565320493352679e-01
-3.579927597623713265e-01
-2.813388515658405975e-01
-1.134778488594271745e-01
-6.115674132560953991e-02
-4.260374740686706518e-02
-3.055470068106777570e-02
-2.152807994641518091e-02
-1.493690390134723087e-02
-1.005547861494592195e-02
-6.579581912784042072e-03
-4.139460510534609568e-03
-2.489947123757055552e-03
-1.403135848939788058e-03
-7.156005809465965399e-04
-3.038033830519692720e-04
-8.683009488099883045e-05
1.900551437304535938e-05
-2.596093216738150811e-04
-2.303687595864235187e-04
6.035629013895778662e-04
-1.188034943666042609e-04
2.539620468990345069e-04
-4.297895727133380995e-04
5.030666533756018161e-04
6.553071724767073336e-04
2.127262041188184146e-04
1.698334594626807503e-04
8.639891045626395098e-05
1.751458757480124829e-05
-5.937435862508210247e-05
-1.899837690030239522e-04
-4.003702309399994816e-04
-7.206632978615578689e-04
-1.178220516094869103e-03
-1.814028490459866812e-03
-2.636692547212442835e-03
-3.682838577146620770e-03
-4.898235222396068490e-03
-6.305359709970059269e-03
-7.762328860298333202e-03
-9.419977971937637529e-03
-1.448004919316285034e-02
-3.067191023822746221e-02
-3.806567009316188382e-02
-5.585165561878527307e-02
-8.994710458109204942e-02
-1.494688305921380578e-01
-2.367189131553776305e-01
-3.315773844305872631e-01
-3.890051552912188182e-01
-3.667685950216261759e-01
-2.747377437818103729e-01
-1.766998752002977013e-01
-1.164809421860793087e-01
-4.358588980962450204e-02
-2.242566864395089538e-02
-1.513074676382476433e-02
-1.072940830179503965e-02
-7.491483947333764555e-03
-5.190380718778774861e-03
-3.484740575196541498e-03
-2.280141398959468178e-03
-1.431754361535213151e-03
-8.592261865325852115e-04
-4.804162380771545646e-04
-2.397224984480380997e-04
-9.334118769309611809e-05
-1.232318548640285405e-05
2.989683884796398087e-05
-1.191369508905383936e-04
3.476341699428780606e-04
-3.635019838775516024e-04
-2.215871753134394430e-04
1.707142000263377841e-04
3.279745367867038732e-04
9.992203551724178616e-05
3.111340909800757067e-04
-1.514091970794674915e-04
-2.046049336153791740e-04
2.613196613273626668e-05
8.467487002070672934e-06
-6.071778742758079630e-05
-1.901740863229332433e-04
-4.003890891288873943e-04
-7.206557000414186634e-04
-1.178220985917433202e-03
-1.814035408170805181e-03
-2.636692835882136019e-03
-3.682834100035111118e-03
-4.898228210598738232e-03
-6.305359288825803515e-03
-7.762340001955609671e-03
-9.419988387564812507e-03
-1.448005299434038974e-02
-3.067183074216421959e-02
-3.806565630298319736e-02
-5.585165429642115903e-02
-8.994710337309440307e-02
-1.494688244943249422e-01
-2.367189142220516851e-01
-3.315773783938684161e-01
-3.890051599961769635e-01
-3.667686077385908239e-01
-2.747377376166694196e-01
-1.766998346855285784e-01
-1.164809395518541513e-01
-4.358588422243666466e-02
-2.242566245972012554e-02
-1.513074083396040784e-02
-1.072940954640883363e-02
-7.491490765206878719e-03
-5.190383373099205847e-03
-3.484735972547834890e-03
-2.280139792246456409e-03
-1.431752408999241704e-03
-8.592206341442789209e-04
-4.804357545775867519e-04
-2.398821686149733476e-04
-9.439430435029007836e-05
-1.854726709746568330e-05
-3.817119977080319257e-06
-2.372698873109454706e-04
-2.779199545399679079e-04
-1.558468802175765457e-04
3.086388802897757199e-04
6.940755263384293817e-04
3.007981544239799127e-04
-3.321999286050352960e-04
-9.195287094745520470e-05
-3.196580235310642580e-04
-6.326123571265893487e-05
6.400367857505610749e-05
1.587619283057915641e-05
-5.941850735232665398e-05
-1.899782150391772636e-04
-4.003668177870855897e-04
-7.206484680558702689e-04
-1.178218937280309329e-03
-1.814034052568857212e-03
-2.636688546838684456e-03
-3.682836310235402134e-03
-4.898233987633650310e-03
-6.305358600581361175e-03
-7.762334460118640311e-03
-9.419982065355023831e-03
-1.448003858613429104e-02
-3.067178660797458337e-02
-3.806563696879014524e-02
-5.585165072478096709e-02
-8.994711528861110139e-02
-1.494688353431946337e-01
-2.367189159512409768e-01
-3.315773780843621066e-01
-3.890051512516725651e-01
-3.667686047427133889e-01
-2.747377415717296434e-01
-1.766998232260492963e-01
-1.164807496413694521e-01
-4.358588380892795128e-02
-2.242567513061768242e-02
-1.513075132937976262e-02
-1.072940380570046488e-02
-7.491484223607797720e-03
-5.190383269774389262e-03
-3.484741532695099370e-03
-2.280152417911531903e-03
-1.431749110944576615e-03
-8.592049641932513046e-04
-4.804244483654741631e-04
-2.397675833656759121e-04
-9.356268506603164959e-05
-1.384551437699478968e-05
1.799270306553204184e-05
-2.107203424064010453e-04
3.616532647112701850e-04
2.328467286106476318e-04
-1.523914722579207425e-04
7.825707162063041261e-05
2.328584509156450181e-05
6.633487228747378438e-04
1.260968961290519252e-04
6.360828261971056838e-04
1.580725215402916804e-04
1.149005001599437767e-04
1.271253478437479596e-04
1.815514723457211136e-04
3.070738106038746517e-04
5.131467577041254856e-04
8.296785065471584198e-04
1.283413473101938877e-03
1.916148846361309275e-03
2.735890930138524732e-03
3.780240195448336150e-03
4.993917378536375483e-03
6.400156281901112423e-03
7.855351460727274041e-03
9.510921356550551542e-03
1.459016270178565763e-02
3.084230138724664005e-02
3.819108595995129168e-02
5.592807868781850961e-02
8.995064166475398582e-02
1.493977776575461103e-01
2.366089288068587149e-01
3.314992978407176327e-01
3.889601776933401256e-01
3.666945817278278175e-01
2.745931964695572103e-01
1.765212138572734013e-01
1.163163928168517991e-01
4.349778151653273250e-02
2.235805709125827587e-02
1.506427550792233463e-02
1.066383377339566799e-02
7.429956828303533115e-03
5.135437864113344755e-03
3.439458641555383309e-03
2.246369132734614329e-03
1.410745507851895444e-03
8.515030464047988225e-04
4.862265347530605477e-04
2.597753794381950148e-04
1.313406612592403163e-04
8.477080896572408285e-05
1.438525800132146263e-04
5.104324378967984742e-04
1.582412488981234302e-04
-3.035666026725775471e-04
1.277993862709347536e-04
3.499189791325634457e-04
1.295335017965995876e-04
-2.880925028287293298e-04
-3.600945537677327718e-04
4.994429278730902174e-04
-2.357933872234126876e-04
4.308813471021642278e-05
1.149036794624280609e-04
1.795340901478558609e-04
3.067590213072917413e-04
5.131095850899246259e-04
8.296840597119427676e-04
1.283414213799346365e-03
1.916142812778901926e-03
2.735889619094423759e-03
3.780244334619936239e-03
4.993923546268053300e-03
6.400155090739571492e-03
7.855343631818226952e-03
9.510920520646604787e-03
1.459016755181803161e-02
3.084225332225371333e-02
3.819107886630358079e-02
5.592807045137977023e-02
8.995063925243138026e-02
1.493977847896626743e-01
2.366089313004694494e-01
3.314992946832697185e-01
3.889601833797913799e-01
3.666945797025374376e-01
2.745932017998075070e-01
1.765212548360684253e-01
1.163166246654179642e-01
4.349778208207983471e-02
2.235805924832747621e-02
1.506428109324237617e-02
1.066383142282607485e-02
7.429950141595594026e-03
5.135435115865239104e-03
3.439462468249071796e-03
2.246371609128312938e-03
1.410748776012900286e-03
8.515082439707148936e-04
4.862034703693856328e-04
2.595715759737549089e-04
1.297328005530527740e-04
7.261891228925663176e-05
5.076171019288268989e-05
-1.473248090106008077e-04
-5.539759063540323613e-04
6.320745194852204314e-05
1.850904926790477916e-04
1.230662778894409950e-04
6.119484113278782960e-04
3.894819466682204376e-05
3.903829268018645191e-04
5.641055804089064500e-04
9.970624064327171824e-05
1.041272967644129850e-04
1.251977290625198153e-04
1.812049714091654498e-04
3.070081014456854012e-04
5.131401326631664052e-04
8.296913275323067457e-04
1.283415316973589293e-03
1.916144076992703279e-03
2.735894881970387781e-03
3.780242052509644266e-03
4.993916772862633420e-03
6.400156463935233707e-03
7.855349567380872505e-03
9.510924856035518973e-03
1.459018035108989447e-02
3.084233968988320251e-02
3.819110351511346285e-02
5.592807411930672545e-02
8.995062842586705465e-02
1.493977775475310577e-01
2.366089276901595373e-01
3.314992969895634856e-01
3.889601770975588679e-01
3.666945733846994626e-01
2.745931903244382966e-01
1.765212467806508700e-01
1.163163121534443872e-01
4.349777787182532857e-02
2.235805470854947130e-02
1.506427536881325101e-02
1.066383989796787155e-02
7.429955930769047145e-03
5.135432830396565416e-03
3.439454984047826940e-03
2.246359136500794031e-03
1.410753862146279115e-03
8.515249127639788621e-04
4.862281635159431976e-04
2.598368939158041146e-04
1.320476337292178840e-04
9.113117679380595948e-05
2.003919736356076973e-04
9.754695574308861394e-04
2.700024940754094721e-04
3.731147818014345910e-04
6.687207559025910983e-04
3.992346540022093148e-04
1.506676165499302230e-04
5.972057791853495551e-04
7.088220952105867199e-06
2.466301054155043847e-05
2.602667568209961093e-04
1.849634291752474350e-04
2.416846888267502359e-04
4.144199839852634047e-04
7.850662465073103948e-04
1.393589228980732361e-03
2.326634211528123310e-03
3.666216141962441288e-03
5.534580857604875885e-03
7.965905761115244302e-03
1.106871718060764391e-02
1.470242004058257279e-02
1.892905450894629901e-02
2.336673361735892504e-02
2.848269425849530787e-02
4.386878869380121670e-02
9.168632135778673198e-02
1.135917068583716799e-01
1.629476213173820798e-01
2.421066394418905088e-01
3.359990929326280296e-01
4.075492999582814302e-01
4.456831700803138840e-01
4.604996228363011923e-01
4.565468821269996202e-01
4.258435953655121953e-01
3.579363210945490925e-01
2.812413202811930857e-01
1.133989624638219451e-01
6.109003222406204220e-02
4.253568557466787942e-02
3.048722048709988017e-02
2.146463962767640454e-02
1.488066945369835928e-02
1.000945251363859027e-02
6.545646441504695233e-03
4.118710808096288922e-03
2.482743341391821859e-03
1.409374654002707155e-03
7.351948298504302299e-04
3.374815066782910016e-04
1.381671143290268166e-04
5.080682033361287521e-05
1.945877816440817884e-04
-2.592763468305868358e-04
3.044590149194947100e-04
-1.238660112096212401e-04
4.322404374250910712e-04
-1.185030659936753752e-05
-4.539782592330336085e-05
-3.194772066937824010e-04
6.321733041137082626e-04
-9.561775449710699295e-05
1.198731759923916354e-04
2.302145736555379638e-04
4.124417559285051662e-04
7.847414949071974044e-04
1.393546915380695786e-03
2.326636463884944328e-03
3.666216710101170926e-03
5.534575856075134304e-03
7.965904172434685668e-03
1.106872197020015124e-02
1.470242676536013919e-02
1.892905252655553011e-02
2.336672647731968117e-02
2.848269398579831788e-02
4.386878825244834579e-02
9.168625085954112963e-02
1.135916957890935608e-01
1.629476153569865415e-01
2.421066373403656657e-01
3.359990943667667262e-01
4.075492990691671480e-01
4.456831680450752398e-01
4.604996251192458590e-01
4.565468817230866616e-01
4.258435901471326335e-01
3.579363071208065405e-01
2.812412506480570507e-01
1.133989370253083717e-01
6.109003105495509206e-02
4.253569094733672395e-02
3.048721715468999047e-02
2.146463205414398182e-02
1.488066424243411449e-02
1.000945368001903216e-02
6.545649018777513137e-03
4.118714177224028737e-03
2.482749151811181922e-03
1.409385485444780272e-03
7.352992362898950075e-04
3.382356587854174292e-04
1.433590905828507032e-04
8.864051131795305750e-05
4.657823593686953719e-04
1.286645004383499258e-04
1.801843360441906107e-04
5.463113954618822703e-04
-8.158652827679736233e-05
1.277947941242881414e-04
-1.027048710151416699e-04
-1.256893251574150064e-05
4.831119057793607937e-04
4.020173550684502922e-04
1.879458212068914054e-04
2.395659716542983492e-04
4.137467612499900658e-04
7.849208716870507063e-04
1.393569296247079052e-03
2.326642819343859980e-03
3.666218066582808445e-03
5.534577891017354243e-03
7.965910619488293654e-03
1.106872055769130003e-02
1.470241969694932593e-02
1.892905327329545695e-02
2.336672998086167241e-02
2.848269090543850343e-02
4.386878750712273900e-02
9.168637499011203507e-02
1.135917259231951082e-01
1.629476215992856358e-01
2.421066309172424380e-01
3.359990921945875120e-01
4.075492956443735881e-01
4.456831680241164495e-01
4.604996242522318983e-01
4.565468832532939558e-01
4.258435973112592032e-01
3.579363706288533065e-01
2.812416666713623559e-01
1.133990161343480380e-01
6.109004080844632201e-02
4.253568691326210793e-02
3.048722627751361894e-02
2.146463801663668972e-02
1.488066203375735565e-02
1.000944717739800024e-02
6.545639268848952447e-03
4.118720446243384452e-03
2.482761262781098092e-03
1.409364102738698381e-03
7.351178935650945056e-04
3.368412059309026972e-04
1.326008940669734211e-04
3.260599904954307377e-06
-1.698321466675352094e-04
6.175297581887321911e-04
1.568939477291295668e-04
7.802499375953939054e-04
9.871171730507594339e-05
-8.605384504713236475e-05
7.144469008777602857e-04
-1.056179347893444981e-04
3.507527623305973759e-04
6.331717861397495161e-04
2.640129116238909513e-04
3.387487051326802624e-04
6.163747545880513771e-04
1.207811925178428917e-03
2.180904442770584956e-03
3.673675121770038875e-03
5.826850587985762248e-03
8.838125768085687561e-03
1.279225437034543604e-02
1.786422518550045968e-02
2.388811137802177020e-02
3.095618226723269306e-02
3.855262086402705402e-02
4.755423139920270797e-02
7.408801651994541271e-02
1.564587552341230592e-01
1.950552952639132975e-01
2.700950623709681975e-01
3.569765557763613373e-01
4.200771696728260451e-01
4.511388415448666644e-01
4.652520509475032706e-01
4.715803064668442346e-01
4.716240213012182769e-01
4.615265744246941915e-01
4.324099601582115926e-01
3.849144564457467887e-01
1.649595244999753074e-01
9.175628492933896041e-02
6.525234640083804605e-02
4.705885153834499929e-02
3.341237536797665719e-02
2.319010728427675291e-02
1.566129897793823098e-02
1.024904736266313461e-02
6.466731324918389805e-03
3.900449671281551022e-03
2.214928423672356868e-03
1.148796210900751178e-03
5.129213340205036973e-04
1.759519488150864590e-04
-2.938942975346543193e-05
5.129286323668177835e-05
-3.917384380612390121e-04
-1.234569258578684049e-04
1.796008544446842244e-04
3.530483723177522699e-05
1.532103844179476477e-04
-1.270106762792612616e-04
-7.254964139381823768e-05
-1.238461512886026780e-04
4.541942073326489830e-04
2.187755826318474360e-04
3.294749252287876924e-04
6.146365290547117170e-04
1.207512803878277091e-03
2.180864263250273816e-03
3.673676134256067920e-03
5.826851967420200451e-03
8.838122429941504613e-03
1.279225270938926483e-02
1.786423019710033436e-02
2.388811788315660725e-02
3.095617928750791018e-02
3.855261390986538389e-02
4.755422877937844767e-02
7.408799978928068408e-02
1.564585754531622186e-01
1.950552539579292755e-01
2.700950547509098354e-01
3.569765551406917647e-01
4.200771725710907845e-01
4.511388439086981839e-01
4.652520509016886407e-01
4.715803073512452315e-01
4.716240205335551772e-01
4.615265707242512394e-01
4.324099665631083167e-01
3.849144304519124815e-01
1.649595127148838491e-01
9.175628757377589373e-02
6.525235340000144768e-02
4.705885079211927918e-02
3.341236988547895137e-02
2.319010168351554393e-02
1.566129961469986398e-02
1.024905150224566727e-02
6.466734358046797096e-03
3.900454071012188998e-03
2.214963793807975430e-03
1.149116238899066051e-03
5.151599010178218273e-04
1.904390412765638834e-04
6.476477240006074600e-05
6.089471567543111195e-04
2.808429900299636689e-04
4.923654612712383615e-04
-9.430573083595344063e-05
-5.329544200198257844e-05
-3.408364651569277472e-04
-3.229753046792239925e-04
3.710439059289461633e-04
1.439242283857824264e-04
-2.316128429287006784e-06
1.597749779941866983e-04
3.221050593099114134e-04
6.137232273361516860e-04
1.207407371756449811e-03
2.180855425294869407e-03
3.673680106812176639e-03
5.826853999588695564e-03
8.838124724032432253e-03
1.279225874127588349e-02
1.786422861273374851e-02
2.388811011807937326e-02
3.095617838030639835e-02
3.855261543356719445e-02
4.755422327164779417e-02
7.408799271511373741e-02
1.564586561573596546e-01
1.950552944359328911e-01
2.700950623492339164e-01
3.569765548081911821e-01
4.200771733273896413e-01
4.511388414891810417e-01
4.652520496048391241e-01
4.715803062813733182e-01
4.716240214564459410e-01
4.615265782979010578e-01
4.324100290194178298e-01
3.849148474269393772e-01
1.649595705108380939e-01
9.175628840729707636e-02
6.525234978386160178e-02
4.705886124356224026e-02
3.341237539490637259e-02
2.319009825080397408e-02
1.566129445431784298e-02
1.024904532222409813e-02
6.466740669016048625e-03
3.900462461915376981e-03
2.214925969284980804e-03
1.148796163509950043e-03
5.128049989286061249e-04
1.738790867340247136e-04
-5.168684439356900195e-05
-1.382321259254055067e-04
5.722063388385734270e-04
-2.137805331366544556e-04
3.495000781769592210e-05
-4.691111778724651446e-05
4.072755654967473221e-04
5.302932503066810216e-04
3.229865223910158349e-05
4.621863670757748424e-04
6.090538408416377699e-04
2.561292614787110387e-04
3.961864989270391462e-04
7.716513916620753189e-04
1.549893988673903484e-03
2.831454909465817068e-03
4.799105731398151803e-03
7.656939221860058729e-03
1.166975012007722898e-02
1.700917275130093761e-02
2.390710922547494011e-02
3.226981918875704292e-02
4.218777548923977744e-02
5.318801629481176990e-02
6.661498998633326452e-02
1.054692302851699404e-01
2.275545276373557302e-01
2.810768677474884680e-01
3.593385880140207989e-01
4.193104001729417440e-01
4.502608766397542261e-01
4.637456739510367187e-01
4.703607076421710276e-01
4.738190937857869045e-01
4.749135264046648319e-01
4.717269385037988205e-01
4.598713285775515303e-01
4.379841550217092316e-01
1.987487285770082046e-01
1.139061693689990828e-01
8.233468072959236606e-02
5.965858368182145460e-02
4.264029523033836117e-02
2.961624004068856564e-02
2.007500694843221412e-02
1.314889018166675271e-02
8.322568508137511908e-03
5.026116328910536571e-03
2.858917506416727445e-03
1.478931056576136957e-03
6.503450297435049493e-04
2.011203867933482716e-04
-9.536455037056274008e-05
8.278465403071041064e-06
-1.465509100931599164e-04
2.097647749919647061e-04
4.581685333649730186e-04
3.828268816959256443e-04
5.077831587301058144e-04
5.625755397001034556e-04
5.511787683984981914e-04
6.265884628975841673e-04
9.163714461237523323e-05
1.734839255842746087e-04
3.830090274386801987e-04
7.695348811885793479e-04
1.549563948548271291e-03
2.831412301385060303e-03
4.799104419449743385e-03
7.656939990686588947e-03
1.166974740630645491e-02
1.700917087961053425e-02
2.390711439140901298e-02
3.226982519241752834e-02
4.218777205113312390e-02
5.318801061634634286e-02
6.661498929720896522e-02
1.054692237217635664e-01
2.275544612881426898e-01
2.810768378174029469e-01
3.593385827653504117e-01
4.193103975039943476e-01
4.502608769843473024e-01
4.637456751530484311e-01
4.703607074891303363e-01
4.738190940937540008e-01
4.749135255707338521e-01
4.717269374068420729e-01
4.598713410315491967e-01
4.379841874375653976e-01
1.987487288815543707e-01
1.139061749152673608e-01
8.233468898333710928e-02
5.965858410446797655e-02
4.264029015836956482e-02
2.961623262491649630e-02
2.007500579886872111e-02
1.314889441022874805e-02
8.322570798147252771e-03
5.026118940493656470e-03
2.858951900990698916e-03
1.479233463809151612e-03
6.523816721725637577e-04
2.136473327709348814e-04
-1.836342787229757676e-05
4.275653289369879214e-04
1.085534678540300152e-04
3.319039311261028536e-04
1.861930924515979970e-05
-1.059376790127381114e-04
4.841630570511438309e-04
1.697219707748807125e-04
2.811353260999693588e-04
-6.546664135170287885e-05
-6.473860679872002455e-05
1.375471564328114909e-04
3.766563131230520165e-04
7.685228076499568944e-04
1.549420521688756351e-03
2.831395823975114707e-03
4.799105391506253322e-03
7.656941124159201591e-03
1.166974990988347768e-02
1.700917724620242683e-02
2.390711388337882215e-02
3.226981832799553918e-02
4.218777076839616558e-02
5.318801156868197683e-02
6.661498582766575693e-02
1.054692219423715716e-01
2.275545186156128497e-01
2.810768695064110312e-01
3.593385883865624075e-01
4.193104000648937846e-01
4.502608783470414267e-01
4.637456737764366066e-01
4.703607067292817634e-01
4.738190939296928472e-01
4.749135260056154828e-01
4.717269338128611822e-01
4.598712985101764961e-01
4.379840441943672613e-01
1.987487107008394649e-01
1.139061585338520116e-01
8.233467949850291345e-02
5.965859119687130785e-02
4.264029276871321439e-02
2.961622886092445117e-02
2.007500367045449499e-02
1.314889124130690784e-02
8.322575054131444577e-03
5.026126494943172936e-03
2.858944097176889781e-03
1.479183081057756444e-03
6.521223780457351127e-04
2.126664483478383203e-04
-1.707578664963961513e-05
5.099099302250002319e-04
-2.369112270799917958e-04
4.368974978894289056e-04
5.428187310540128234e-04
2.327307776538913985e-04
1.057042225277295903e-04
2.618141692853381591e-04
5.449514444526745412e-04
-5.113230035717163243e-04
8.455644795535812363e-04
2.686587095558612935e-04
4.285684137554037930e-04
8.774770792859986528e-04
1.799713533201783601e-03
3.321683542045717093e-03
5.661637408370084890e-03
9.088944634162043901e-03
1.392599371188914421e-02
2.046702392890320521e-02
2.899414795484591550e-02
3.960212368300893709e-02
5.234996851824342406e-02
6.706528004551287614e-02
8.556376249012791202e-02
1.380119462501172012e-01
3.032037265916938673e-01
3.588553708820028665e-01
4.165553121077475995e-01
4.486602272746645914e-01
4.625891276556193810e-01
4.683479298407396407e-01
4.715076911857017383e-01
4.736778036658196855e-01
4.749185700740037874e-01
4.740278479841068537e-01
4.695413582211654946e-01
4.617924285174030974e-01
2.175396960326999030e-01
1.276124008877343730e-01
9.336449394263256207e-02
6.800334449149106342e-02
4.887459811349848665e-02
3.401006005331554116e-02
2.313735823365169891e-02
1.518310871916882937e-02
9.643001782925760684e-03
5.835958342280770164e-03
3.327582912965507816e-03
1.720409757020324032e-03
7.493796100244543403e-04
2.122759324773101529e-04
-1.644646693857151139e-04
-2.662723572028946988e-05
5.498481050170631046e-04
5.045571681796098742e-04
6.401971471006698711e-04
-4.806452027745811872e-05
6.280750053767461061e-04
1.486196474821570095e-04
7.826973327967126637e-04
4.299635877383935472e-04
6.613566986026661555e-04
2.275916556304393671e-04
4.207653590366393684e-04
8.760781925507690271e-04
1.799482719020217749e-03
3.321653647316381852e-03
5.661635785644193730e-03
9.088945294082082654e-03
1.392599221000322823e-02
2.046702275298984894e-02
2.899415352637131280e-02
3.960212881730260787e-02
5.234996448318946644e-02
6.706527638878667652e-02
8.556376330966039556e-02
1.380119344837447137e-01
3.032036145484430789e-01
3.588553257820497611e-01
4.165553048247673806e-01
4.486602234348094909e-01
4.625891275608329800e-01
4.683479309553749137e-01
4.715076910989615677e-01
4.736778038228131038e-01
4.749185696389838784e-01
4.740278479278505208e-01
4.695413745516726634e-01
4.617924812197985451e-01
2.175396998393104298e-01
1.276124058468027234e-01
9.336450174241141264e-02
6.800334553061962439e-02
4.887459429461937094e-02
3.401005320561921452e-02
2.313735711133740533e-02
1.518311295438232698e-02
9.643002943448369252e-03
5.835958719775607637e-03
3.327600274251907211e-03
1.720559405361176894e-03
7.503100415464327615e-04
2.173702211615245467e-04
-1.375563278262725256e-04
8.785715238438459337e-05
-2.618837928199393376e-04
8.760489404997318444e-04
-3.577729500142684950e-04
-4.077773478595490093e-04
5.189102100617151237e-04
-1.621848598535745767e-04
-1.380088917817787501e-04
4.466774317304791453e-04
3.298953062691756277e-04
1.875829604807334613e-04
4.160239470590942987e-04
8.755189863563725980e-04
1.799420289313947508e-03
3.321647146041738219e-03
5.661635757684394324e-03
9.088946122820474802e-03
1.392599563937445273e-02
2.046702942787010510e-02
2.899415284110557628e-02
3.960212157125216764e-02
5.234996227048545336e-02
6.706527609012025160e-02
8.556376021538632248e-02
1.380119365634495665e-01
3.032036878708631589e-01
3.588553546290292329e-01
4.165553109106111540e-01
4.486602269622522177e-01
4.625891285319102542e-01
4.683479297786674600e-01
4.715076903053381230e-01
4.736778038292355220e-01
4.749185700125299614e-01
4.740278414458791167e-01
4.695413120133960505e-01
4.617922580952304457e-01
2.175396617562514179e-01
1.276123876574430660e-01
9.336449683984705816e-02
6.800335536565102479e-02
4.887459538693780109e-02
3.401004819674070812e-02
2.313735632707189169e-02
1.518311063713560435e-02
9.643004348637025658e-03
5.835966066361735274e-03
3.327623946748980033e-03
1.720761693478614282e-03
7.516614595586012821e-04
2.252136523792437389e-04
-9.465243908577295026e-05
2.683124145232473673e-04
-2.276148520494763094e-04
1.444983834244724949e-04
-2.573490668194387070e-05
4.987414479796268381e-04
-1.218615458301634206e-04
2.118952299111639221e-04
6.114220964469924569e-04
-3.779940097736446077e-04
2.091492792767132998e-04
1.047217689647316684e-04
4.073716716713302760e-04
9.319042625657538619e-04
1.957379524929605402e-03
3.647777400671380673e-03
6.250629948164187523e-03
1.009869128893356276e-02
1.556112795263315737e-02
2.308016771714924142e-02
3.298142221147105924e-02
4.565832107810603030e-02
6.110349032706606509e-02
7.971383929861260154e-02
1.035521831901232703e-01
1.694895285540219398e-01
3.716711973367336497e-01
4.129616680314612265e-01
4.461996972005208839e-01
4.617584237315879858e-01
4.678634261599041166e-01
4.703267688323137796e-01
4.718948084569650758e-01
4.731357712513370450e-01
4.738554074770827684e-01
4.730383291309223637e-01
4.698736304473287162e-01
4.659615574703978580e-01
2.223303677878520068e-01
1.325094044736442878e-01
9.800113192739126622e-02
7.192176965181699966e-02
5.203159561490833251e-02
3.636924351694317131e-02
2.485901662744136389e-02
1.637179313919203544e-02
1.044031213224817442e-02
6.339084739566707392e-03
3.626289005591998640e-03
1.878419267001793383e-03
8.178165324211890234e-04
2.290906397089029732e-04
-1.843778552428949229e-04
-1.531381645785865139e-05
1.895912723344505039e-04
-1.802601824830887378e-04
-1.603573086994248783e-04
-8.274371322083585588e-05
4.012143998024022824e-04
5.940842103058151745e-05
7.968053822945196478e-04
-4.197129834835334859e-05
5.121992007217591666e-05
7.851340028934810766e-05
4.027447445760962727e-04
9.310672439799479476e-04
1.957238729040906237e-03
3.647760373005782836e-03
6.250629115608273556e-03
1.009869284459368431e-02
1.556112807047827645e-02
2.308016700534016100e-02
3.298142749105361510e-02
4.565832439858725361e-02
6.110348357839802402e-02
7.971383382950805729e-02
1.035521822760663707e-01
1.694895167342959919e-01
3.716711027727767624e-01
4.129616323477309225e-01
4.461996932842373087e-01
4.617584216329410629e-01
4.678634264121974140e-01
4.703267699043910399e-01
4.718948084926691822e-01
4.731357710808025141e-01
4.738554063895010215e-01
4.730383265717315044e-01
4.698736343026707063e-01
4.659615793610528689e-01
2.223303718045595567e-01
1.325094099806381209e-01
9.800113716406591569e-02
7.192176844683013937e-02
5.203159273430486842e-02
3.636923898921209236e-02
2.485901628866631768e-02
1.637179672261881991e-02
1.044031242812618575e-02
6.339084150824410291e-03
3.626290060389089024e-03
1.878429643456023743e-03
8.178333173003160279e-04
2.287948169089954647e-04
-1.885146943945662662e-04
-4.441632985241637994e-05
-1.460492693201529411e-04
-2.964323113129364320e-04
1.184081520152984021e-04
2.061150927786754362e-04
-2.815519257204780854e-04
2.731607290685073348e-05
1.891283097627714254e-05
-2.623043318846279490e-04
6.098290578022776045e-04
1.544965579893517514e-04
4.129801841484723158e-04
9.324685696459154979e-04
1.957426134546945591e-03
3.647781427354438409e-03
6.250629906774154629e-03
1.009869315024038150e-02
1.556113093709274309e-02
2.308017190129577415e-02
3.298142464336918656e-02
4.565831541988750464e-02
6.110348010773234556e-02
7.971383344696517104e-02
1.035521818381877762e-01
1.694895230942518871e-01
3.716711665408864440e-01
4.129616553720373284e-01
4.461996973389562582e-01
4.617584231045366305e-01
4.678634268684305764e-01
4.703267697841639894e-01
4.718948085320882058e-01
4.731357716009815251e-01
4.738554071763990128e-01
4.730383228772824245e-01
4.698735979416657771e-01
4.659614688502242141e-01
2.223303478640605846e-01
1.325093938805123328e-01
9.800113261540703558e-02
7.192177543789501915e-02
5.203159122754257709e-02
3.636923513530431612e-02
2.485901789002641082e-02
1.637179455936982678e-02
1.044031178413451499e-02
6.339091803387019927e-03
3.626335765720187405e-03
1.878826015399990852e-03
8.206687420054751669e-04
2.472899541368176607e-04
-6.903882025638357993e-05
6.232671913584461728e-04
-4.005256802304751153e-05
9.914340025629934591e-05
-1.018565104739528712e-04
2.711224610010759604e-04
-1.828053436667213783e-04
-6.747733711429448028e-06
1.109667624840759807e-04
2.785069451372536504e-04
-6.526361710515188426e-06
1.746415887969954845e-05
3.844118540290253718e-04
9.503675200722823619e-04
2.031345324096669146e-03
3.815266285071196133e-03
6.568785674709733124e-03
1.067699916810375266e-02
1.654491065628449151e-02
2.475854240474371221e-02
3.568738258940397368e-02
5.006285408410501847e-02
6.782489628339714860e-02
9.005881711770744036e-02
1.188509959220390155e-01
1.964111780972438159e-01
4.231131531087157227e-01
4.455258962068928685e-01
4.615109352718735347e-01
4.683345779939431797e-01
4.705881084585385454e-01
4.712583873781021615e-01
4.717050158924147030e-01
4.721017527724947205e-01
4.718181625214716290e-01
4.692334621025984198e-01
4.625484349385897698e-01
4.536191329696871444e-01
2.148754316685556609e-01
1.291809794979064674e-01
9.659576844403623685e-02
7.165871336615867171e-02
5.229016264815463527e-02
3.683805475410714680e-02
2.533728601049838394e-02
1.678268805980151837e-02
1.075358265394801838e-02
6.558828462066255971e-03
3.767377914004169364e-03
1.960326416417391537e-03
8.604030463253447463e-04
2.568082957257251833e-04
-1.290324987428953247e-04
1.212226833901857483e-04
1.310389059470447467e-04
6.234494571534714234e-04
-7.408649115552832555e-05
3.466321725643862450e-06
1.796594177134718938e-04
6.525144319777676644e-04
8.601221527628551567e-04
3.364788373009119536e-04
1.517145409625955514e-04
2.513201959394511124e-05
3.835328361542200411e-04
9.499733428223213188e-04
2.031264051341629805e-03
3.815258296620506126e-03
6.568785656311356552e-03
1.067700152195331757e-02
1.654491142505494158e-02
2.475854021482596160e-02
3.568738561758790645e-02
5.006285531971044200e-02
6.782488971561170810e-02
9.005881675573118583e-02
1.188510025824961874e-01
1.964111774128561305e-01
4.231131191520772772e-01
4.455258838139468103e-01
4.615109335855872019e-01
4.683345764496313346e-01
4.705881087090285075e-01
4.712583883646280225e-01
4.717050162226769650e-01
4.721017527488683418e-01
4.718181614010334979e-01
4.692334600371847464e-01
4.625484383576632386e-01
4.536191489236004459e-01
2.148754326915498780e-01
1.291809847729517013e-01
9.659577500377103387e-02
7.165871521090962093e-02
5.229016334539515060e-02
3.683805156535938791e-02
2.533728345318382244e-02
1.678268882159054259e-02
1.075358244983023667e-02
6.558828141182361862e-03
3.767367751969087891e-03
1.960246924024447793e-03
8.598746196728162617e-04
2.534562918757578233e-04
-1.506593095140293511e-04
-9.640978992248597102e-06
6.946897630847314329e-04
1.687591344037105070e-04
-2.018527284015905949e-04
9.548407781995018944e-04
6.403664110088045335e-04
5.548627864320909318e-04
2.926828365505547403e-04
-1.869297261084123954e-04
2.813295710720109446e-04
5.857292680519962376e-05
3.900744297031955173e-04
9.511435791351419665e-04
2.031449589166594259e-03
3.815280327423180469e-03
6.568785132090653248e-03
1.067700054227637557e-02
1.654491224794833043e-02
2.475854335272417023e-02
3.568738455832982936e-02
5.006285151742716905e-02
6.782489046743486738e-02
9.005881578637313367e-02
1.188509980313854075e-01
1.964111758938552610e-01
4.231131455452813439e-01
4.455258961214034752e-01
4.615109378625559811e-01
4.683345784902874787e-01
4.705881092946637145e-01
4.712583882450807060e-01
4.717050158624127576e-01
4.721017529699579884e-01
4.718181622439032719e-01
4.692334585544981618e-01
4.625484280043794527e-01
4.536191241303242361e-01
2.148754167308881413e-01
1.291809702079330380e-01
9.659577384080568485e-02
7.165872288428205839e-02
5.229016167608639687e-02
3.683804910610976452e-02
2.533728605250939667e-02
1.678268693807855386e-02
1.075358231080234504e-02
6.558835200809716784e-03
3.767398628445653083e-03
1.960512613998841112e-03
8.619437379735093389e-04
2.691029351810593408e-04
-2.746855710357417465e-05
9.185225036266859945e-04
4.140934074109719641e-04
5.008925177596366659e-04
5.275027997675396348e-04
-2.270466878284015024e-04
8.913981068513677662e-04
1.085699480554608748e-04
5.987304178235923566e-04
5.903259064217518349e-04
6.945671271578642003e-04
9.079766380676659865e-05
3.833560086145900597e-04
9.440981289640705282e-04
2.030859580394978048e-03
3.833023876061434406e-03
6.625023179962465786e-03
1.082431989836823115e-02
1.686074783592199713e-02
2.542449729534657782e-02
3.693420284056224412e-02
5.239428357259529739e-02
7.176527397779777773e-02
9.669864191159431577e-02
1.292682117137131936e-01
2.149525133019557499e-01
4.536193984491485587e-01
4.625467350198770311e-01
4.692233396973676807e-01
4.718008788238398088e-01
4.720881884869956302e-01
4.716987396790462972e-01
4.712643413232914247e-01
4.706037572997364138e-01
4.683606232743890985e-01
4.615417233079341930e-01
4.455759501332575701e-01
4.231850638210995497e-01
1.963825991674956195e-01
1.187910585711141193e-01
8.997778400821095091e-02
6.773201991651629783e-02
4.997003382600989640e-02
3.559812720154108961e-02
2.467810562659104173e-02
1.647253849109136734e-02
1.061318505703541873e-02
6.509838717930040500e-03
3.757586638507556982e-03
1.968151270149442328e-03
8.739110023696833362e-04
2.814673485263431284e-04
-8.416860141121683885e-06
9.733803495699231735e-04
7.226148890054864176e-04
2.182059258373453628e-04
1.581818063841242377e-04
-1.386979281548600884e-04
2.960507013180161523e-04
-4.102576973907853916e-04
5.048869328424240377e-04
2.031533640626170735e-04
1.519581299229070929e-04
1.931536080204822209e-05
3.740284567609368440e-04
9.428366034661020238e-04
2.030701151590195465e-03
3.833011861812521404e-03
6.625022639031850381e-03
1.082432228251817979e-02
1.686074867997524457e-02
2.542449382281565182e-02
3.693420454843996531e-02
5.239428381199780216e-02
7.176526837608807052e-02
9.669864562667521146e-02
1.292682216828099639e-01
2.149525183802696582e-01
4.536194151682295117e-01
4.625467443952817614e-01
4.692233411892657302e-01
4.718008777632751727e-01
4.720881882258904372e-01
4.716987402283232544e-01
4.712643416957730258e-01
4.706037570507443091e-01
4.683606216189799554e-01
4.615417202898980387e-01
4.455759451711387431e-01
4.231850535026296933e-01
1.963826016495919258e-01
1.187910645758641637e-01
8.997778692922804578e-02
6.773201888201714482e-02
4.997003472051215339e-02
3.559812466403135256e-02
2.467810155034518699e-02
1.647253794366949908e-02
1.061318606105393116e-02
6.509839211955192884e-03
3.757570047408291276e-03
1.968025058683617844e-03
8.731555382652304810e-04
2.774516492195263479e-04
-2.774871668525526633e-05
9.032780659726874712e-04
-1.869876320901633091e-04
-2.680289131532871867e-05
4.791817075109446522e-04
-8.829321578248582264e-05
-1.625310423423160882e-04
2.474369193111737564e-04
-3.063764961529330511e-04
-2.638971763544902807e-04
2.547806825112268123e-04
4.700507349702975272e-05
3.796892490439981007e-04
9.439020283743887116e-04
2.030877133540252583e-03
3.833033871528819612e-03
6.625022108020147023e-03
1.082432080310209536e-02
1.686074728220567087e-02
2.542449451811426564e-02
3.693420363792145056e-02
5.239428004451004289e-02
7.176526575450052625e-02
9.669864076070941450e-02
1.292682182550059233e-01
2.149525154054802989e-01
4.536193767527551546e-01
4.625467308851069492e-01
4.692233408665443251e-01
4.718008785243085201e-01
4.720881885335341255e-01
4.716987403593891903e-01
4.712643411687559847e-01
4.706037567868423532e-01
4.683606225356386488e-01
4.615417204597973555e-01
4.455759511085546909e-01
4.231850713833004707e-01
1.963825938332683929e-01
1.187910552572244149e-01
8.997778960690057393e-02
6.773202585575306689e-02
4.997003161544626149e-02
3.559812164973168852e-02
2.467810335701111149e-02
1.647253700915593533e-02
1.061318797673915446e-02
6.509842808402606200e-03
3.757546088910755124e-03
1.967751874480046324e-03
8.707130115203298932e-04
2.571924958139650257e-04
-1.973826774576859389e-04
-3.976457951665461252e-04
6.839434649178966147e-04
4.944865935787780709e-04
-1.869140326954541386e-04
4.275543172356320977e-04
1.491873586111622295e-04
4.852923705935735304e-04
7.219370774056048986e-04
8.806911390287206528e-05
-1.227124252197591705e-04
4.045496962857983653e-06
3.634045048251856747e-04
9.101870048810210617e-04
1.957592473117818112e-03
3.700842357311339998e-03
6.413529438208206111e-03
1.051901057195723556e-02
1.645657672006850536e-02
2.495388302789305554e-02
3.647332676246050481e-02
5.214872264742656527e-02
7.204586760401407441e-02
9.813403076293175653e-02
1.326389926339439918e-01
2.224825911665134215e-01
4.660458631375329897e-01
4.699142868589227806e-01
4.730431566185821501e-01
4.738438245111647462e-01
4.731231978612625566e-01
4.718882218282137164e-01
4.703328541186262424e-01
4.678814189516793953e-01
4.617923011779606624e-01
4.462467495348265700e-01
4.130485262171548211e-01
3.717724435893457469e-01
1.694741147735600584e-01
1.034990918906685820e-01
7.964027398415643444e-02
6.101602495495326434e-02
4.557082185977336802e-02
3.289551327720811186e-02
2.300344829250437415e-02
1.549229391448031859e-02
1.003982158872333136e-02
6.197541020626468403e-03
3.596902138479057993e-03
1.899569085475501067e-03
8.519872605897749239e-04
2.610390921500728022e-04
-1.573596660277083628e-04
-1.730917029754953332e-05
-4.662126307300791419e-04
-5.047012947384455417e-04
8.446660549591260021e-04
7.224298345379328093e-04
-2.586020445029412374e-05
-4.511568016794969042e-04
-3.952537109480767550e-04
4.328264099861708328e-05
1.844246327621086416e-04
2.947144106230495102e-05
3.649618288463951817e-04
9.101707442863245972e-04
1.957575678784907215e-03
3.700844346808835131e-03
6.413528062092698975e-03
1.051901197990544150e-02
1.645657776720964652e-02
2.495387953699699027e-02
3.647332841533348913e-02
5.214872255769048559e-02
7.204586313253651120e-02
9.813403632858185011e-02
1.326390003689538466e-01
2.224825881875852340e-01
4.660458561494980056e-01
4.699142887043015193e-01
4.730431567243190694e-01
4.738438237623430749e-01
4.731231975713006133e-01
4.718882221597999749e-01
4.703328545039578423e-01
4.678814185663334180e-01
4.617922998375331156e-01
4.462467474110360932e-01
4.130485147433367032e-01
3.717724205488259215e-01
1.694741126068260439e-01
1.034990937911800940e-01
7.964027617692624739e-02
6.101602801682028121e-02
4.557082785298705030e-02
3.289551276792775786e-02
2.300344302206091401e-02
1.549229276942409861e-02
1.003982381519681263e-02
6.197541193549541833e-03
3.596879744731816889e-03
1.899382186843412510e-03
8.507074180867571890e-04
2.528253782114901543e-04
-2.117596884637190614e-04
-3.529121307555181599e-04
1.929815906678394901e-05
1.692055174674558110e-04
2.417221171938768775e-04
3.288930636686620006e-04
-3.062461936823131160e-04
-9.790127334522355485e-05
3.178303103720379777e-04
-1.660254248486818258e-04
4.657532052461298903e-04
8.010256467016847932e-05
3.733099536090580379e-04
9.115235571209055277e-04
1.957784660723301332e-03
3.700872255660619860e-03
6.413528005092239068e-03
1.051900919287223138e-02
1.645657352089129402e-02
2.495387815649873636e-02
3.647332973947786661e-02
5.214872312177125380e-02
7.204586284915621974e-02
9.813403100943841884e-02
1.326389944219744932e-01
2.224825759968106498e-01
4.660457571138032495e-01
4.699142548241437289e-01
4.730431533223575236e-01
4.738438239260061580e-01
4.731231978245411529e-01
4.718882225284283249e-01
4.703328541425904064e-01
4.678814187194529350e-01
4.617923013380479946e-01
4.462467465566508640e-01
4.130485216308609764e-01
3.717724360329668354e-01
1.694741077038385557e-01
1.034990907112977310e-01
7.964028333505253354e-02
6.101603474781860936e-02
4.557082342165493655e-02
3.289550848747083839e-02
2.300344405660013913e-02
1.549229384120748808e-02
1.003982686913630282e-02
6.197542312021251179e-03
3.596862949661264706e-03
1.899250520463664034e-03
8.499328140871086719e-04
2.494701104629209370e-04
-2.180351192630781412e-04
-2.381669213688713041e-04
4.839499840211246859e-04
5.322899013064569035e-04
4.504490181748116006e-04
-1.312969130125627814e-04
3.281459690028913374e-04
-3.104720047339113473e-04
-1.945848398772332777e-05
2.042977962042551274e-04
4.840301956768871682e-04
1.136156310191581387e-04
3.660590089532157320e-04
8.512763836936748001e-04
1.808467490344919850e-03
3.411492704368234222e-03
5.919342289399851485e-03
9.730385158751960611e-03
1.527524703597558757e-02
2.324010836684774206e-02
3.412185511743754535e-02
4.900405746903255255e-02
6.814461515086910059e-02
9.352919289883061815e-02
1.277914752197200909e-01
2.177891633691066697e-01
4.620132198613036145e-01
4.696563354857933859e-01
4.740624075229399326e-01
4.749172543836821525e-01
4.736657437687011307e-01
4.715002677348843485e-01
4.683549693937412162e-01
4.626127639797748548e-01
4.487077330910199668e-01
4.166224477581109142e-01
3.589608994352956328e-01
3.032699365815302861e-01
1.379770516934386293e-01
8.550181506591353342e-02
6.698899047277707963e-02
5.226212499299025260e-02
3.951631464656028825e-02
2.890983151251100974e-02
2.039289771595201306e-02
1.386013678534354053e-02
9.034527215964338956e-03
5.614235459897479880e-03
3.278080260480093714e-03
1.750048534004502217e-03
8.042468295915232955e-04
2.749412389951569531e-04
-9.202194885766377854e-05
-3.167907926076684710e-05
1.850131848162384974e-04
5.771477813316250186e-04
-2.548500170160227269e-05
1.407999597387802205e-04
1.585643087926625369e-04
3.015717993627432510e-04
-1.788079475661898034e-04
3.690000360074076921e-04
7.786152485683574644e-05
7.309952047796426146e-05
3.622193689126646811e-04
8.509219148868765780e-04
1.808441513227913768e-03
3.411493464511039259e-03
5.919337767958721998e-03
9.730384805172300269e-03
1.527524843453502423e-02
2.324010572608272915e-02
3.412185666141268753e-02
4.900405506330979266e-02
6.814460885883696917e-02
9.352919794727151959e-02
1.277914809615034453e-01
2.177891449109602695e-01
4.620130791352041744e-01
4.696563057388998264e-01
4.740624037276640057e-01
4.749172536557361157e-01
4.736657441091149390e-01
4.715002689112007261e-01
4.683549708122775601e-01
4.626127627481940729e-01
4.487077292090855818e-01
4.166224464446404707e-01
3.589609085291498580e-01
3.032699896200486411e-01
1.379770626128997979e-01
8.550182155698628217e-02
6.698899384378562138e-02
5.226212826436289760e-02
3.951632020952915852e-02
2.890982946094664344e-02
2.039289066733499661e-02
1.386013588053253837e-02
9.034530487804982857e-03
5.614235351086118049e-03
3.278063110407351561e-03
1.749904941523006303e-03
8.033322645264799567e-04
2.699204669071949181e-04
-1.176512471989967618e-04
-1.195850840119168905e-04
8.783773500390961884e-04
1.506479400359457684e-04
3.108158389243607369e-04
-2.992174952275243041e-04
-2.606531670249555115e-04
-3.116321821805578579e-04
3.214923302116123307e-04
3.224635985699960783e-04
4.446164536426437945e-04
1.220665622164727380e-04
3.690538952822972909e-04
8.519324998796769461e-04
1.808602032254049341e-03
3.411518853216758199e-03
5.919337153516478385e-03
9.730380329336735246e-03
1.527524243321079500e-02
2.324010483850865935e-02
3.412186136050752994e-02
4.900405723915221556e-02
6.814460581928075134e-02
9.352918999986002679e-02
1.277914766548428338e-01
2.177891420069863471e-01
4.620130093030079266e-01
4.696562794358358772e-01
4.740624012199069481e-01
4.749172537776868430e-01
4.736657441678629454e-01
4.715002692535014139e-01
4.683549701670179366e-01
4.626127631244585925e-01
4.487077320174943096e-01
4.166224463477488649e-01
3.589609078616882720e-01
3.032699721307555163e-01
1.379770514665584480e-01
8.550181482580286596e-02
6.698899733944947699e-02
5.226213062650887642e-02
3.951631387347573354e-02
2.890982538557125905e-02
2.039289324789899174e-02
1.386014030617243979e-02
9.034533810686622840e-03
5.614233549029295708e-03
3.278051714991965081e-03
1.749846704128636687e-03
8.031896113236877948e-04
2.709083119273368134e-04
-9.896322240513958724e-05
4.869513034719451174e-05
3.290004335997121529e-04
-1.862938071100331044e-04
4.433791335949243328e-04
3.103891288629643521e-04
1.051951918379669104e-04
-3.282116422256483050e-05
3.256060979584913476e-04
9.386470017162092604e-05
1.520686946231666794e-04
1.341755065549849921e-04
3.479894582987579305e-04
7.555842989794568686e-04
1.573976396007810679e-03
2.951089517480428356e-03
5.117430561467443788e-03
8.416974585533794004e-03
1.324621942427679951e-02
2.018180526968072971e-02
2.973073727443608164e-02
4.277398185479951154e-02
5.980715162379309641e-02
8.251794516787050449e-02
1.141223305158686752e-01
1.990947147887128788e-01
4.384092535893303055e-01
4.601105332801945780e-01
4.718093644584840929e-01
4.749273403664581172e-01
4.738078037241557072e-01
4.703489783565451554e-01
4.637476667645021311e-01
4.502820009598816897e-01
4.193627642628846575e-01
3.594052524219319977e-01
2.811486948192214452e-01
2.275349808998751999e-01
1.053996776142721303e-01
6.653622544176349130e-02
5.310199442734384045e-02
4.209497175609906022e-02
3.218189087959067579e-02
2.382264552026108761e-02
1.693641129435733209e-02
1.160676569615559650e-02
7.606991339545461639e-03
4.758058489126439777e-03
2.796641177228230673e-03
1.513378622034306561e-03
7.228315703083775141e-04
3.070757121819301522e-04
1.316510961911004311e-04
6.274902900921598995e-04
7.562432089303203946e-04
9.068258687942204769e-04
-4.437031009251712459e-05
2.771271556186062223e-04
6.207702523240534506e-04
7.636584894268370156e-04
1.052872058971441254e-04
6.434624590052588503e-04
8.555402879501370532e-04
2.180864173573788937e-04
3.576704699989773279e-04
7.566977317308730194e-04
1.574102067565081101e-03
2.951101608717248293e-03
5.117423832981970143e-03
8.416972625460077823e-03
1.324622073741860140e-02
2.018180233799397524e-02
2.973073803277240593e-02
4.277397943584859696e-02
5.980714822324248447e-02
8.251795344589317460e-02
1.141223342651597888e-01
1.990946816542951692e-01
4.384090379635826040e-01
4.601104959773292258e-01
4.718093589620580564e-01
4.749273390793691818e-01
4.738078036910033930e-01
4.703489789985941250e-01
4.637476686302397511e-01
4.502820002300850222e-01
4.193627628391200513e-01
3.594052530345062668e-01
2.811487102976569230e-01
2.275350883890346898e-01
1.053996980940995615e-01
6.653623348966718198e-02
5.310199653337027009e-02
4.209497471387563944e-02
3.218189696211547213e-02
2.382264407004168472e-02
1.693640486763197880e-02
1.160676592528479475e-02
7.606994365491810163e-03
4.758057404918959038e-03
2.796630480960646346e-03
1.513273888846848646e-03
7.221007618086779231e-04
3.023628870727396753e-04
9.895680233806671900e-05
3.999027778849256840e-04
4.823040014431041224e-04
4.303222673038128369e-04
-1.376663306561603497e-04
7.629148164514462259e-04
5.209607678456315864e-04
6.117039514788229302e-04
4.171781238920572944e-04
5.969527973773780874e-04
3.473944552093008648e-04
1.612353640861563487e-04
3.522103843146260661e-04
7.563028587320740938e-04
1.574112748847761268e-03
2.951113792798656151e-03
5.117421292391231488e-03
8.416966431599353163e-03
1.324621302847271524e-02
2.018180113647601373e-02
2.973074434416541137e-02
4.277398329363518020e-02
5.980714573034450615e-02
8.251794662810978120e-02
1.141223330737593661e-01
1.990946991023332946e-01
4.384091018705544296e-01
4.601105100952534999e-01
4.718093632606774057e-01
4.749273406529201380e-01
4.738078040553993509e-01
4.703489796290059588e-01
4.637476677367483036e-01
4.502819995162600786e-01
4.193627627983543271e-01
3.594052526314033269e-01
2.811487319869180324e-01
2.275351799330193603e-01
1.053996981235726244e-01
6.653623272733466543e-02
5.310200277010695968e-02
4.209497542663479669e-02
3.218188907550469102e-02
2.382264035941546176e-02
1.693640912230274381e-02
1.160677250705544235e-02
7.606996165199431809e-03
4.758052289523621685e-03
2.796606312996471715e-03
1.513078323130931466e-03
7.208422132273340855e-04
2.950300831723061184e-04
5.650834732918959470e-05
1.841026652506513124e-04
2.879766783604020396e-04
4.103761091222395672e-04
5.558602784067073364e-04
3.894597910823588936e-04
6.560088421320005520e-04
4.373545516071654219e-04
-8.538448363574213944e-05
-1.188864861543684572e-04
4.018599483523127656e-04
1.582276074481055032e-04
3.045978034023683252e-04
6.159641608066581233e-04
1.248104007740802454e-03
2.313241965417751986e-03
3.997571431109190991e-03
6.565192998195723204e-03
1.034795173219776876e-02
1.576650679594670049e-02
2.330007615611769806e-02
3.353880253817206891e-02
4.719978754373098384e-02
6.543125374515594561e-02
9.198188350673859592e-02
1.653677766384434311e-01
3.856371575426711940e-01
4.329073901061910035e-01
4.617333223777462248e-01
4.716876690375627068e-01
4.715734028091008168e-01
4.652305503764188055e-01
4.511263015471729254e-01
4.200806654507179272e-01
3.570042709629427935e-01
2.700914771854364127e-01
1.950080687602162299e-01
1.563118816988619542e-01
7.397545767202907963e-02
4.745624412410253540e-02
3.845500436546421541e-02
3.085721386456206916e-02
2.379736927056739712e-02
1.778008699991959554e-02
1.272189677364296036e-02
8.779776290034398828e-03
5.783276504610977524e-03
3.641179633442074431e-03
2.157270017524942195e-03
1.187068055389399772e-03
5.920948369836580944e-04
2.926956347066203665e-04
1.969083624875026667e-04
4.744621665010705113e-04
-4.996668161715031673e-04
-6.814308190975758644e-06
-5.434867295294250767e-04
6.961845706840708286e-04
-4.525595901294357710e-04
-5.105053148476499780e-04
2.212445325434475433e-04
-5.063532633592119020e-04
-1.773722109553127837e-04
9.733632129678987800e-05
2.983191411041976227e-04
6.152929506077545446e-04
1.248033784144377857e-03
2.313234280788476187e-03
3.997562127575201782e-03
6.565190767731030920e-03
1.034795424309405826e-02
1.576650511639777694e-02
2.330007713932523775e-02
3.353879898838485474e-02
4.719978228903538159e-02
6.543125837078060669e-02
9.198187792444298405e-02
1.653677095300585542e-01
3.856366636603984488e-01
4.329073060702445241e-01
4.617333119367361127e-01
4.716876671699278822e-01
4.715734030657896536e-01
4.652305508627311847e-01
4.511263044159192215e-01
4.200806659384521691e-01
3.570042723137633600e-01
2.700914722703326443e-01
1.950080563815432821e-01
1.563119117708990369e-01
7.397547695509680554e-02
4.745625360964261796e-02
3.845500563528427007e-02
3.085721628575449280e-02
2.379737607353292483e-02
1.778008682546769123e-02
1.272189147997301005e-02
8.779776892414329487e-03
5.783277753055551806e-03
3.641177356600969021e-03
2.157269451329275022e-03
1.187050640815567751e-03
5.920948249358784369e-04
2.940561933849279762e-04
2.166741359843095123e-04
6.869484172931452932e-04
-4.245661821788194751e-04
-1.739697281417640069e-04
-1.730381055369487945e-05
5.246532012418953601e-04
-7.100540456216006019e-05
2.112828117889474792e-04
-2.752053004324784744e-04
-8.750400283216585196e-05
1.810987107661577963e-04
1.508415662915547201e-04
3.065373882568633553e-04
6.166158847269476726e-04
1.248252437628323379e-03
2.313267128423682640e-03
3.997558869252178064e-03
6.565182116042547235e-03
1.034794447821421777e-02
1.576650315857600765e-02
2.330008452083943277e-02
3.353880396264508068e-02
4.719977909944104294e-02
6.543125068079420903e-02
9.198188131710541282e-02
1.653677640744778410e-01
3.856370660263649941e-01
4.329073884597287591e-01
4.617333225418671083e-01
4.716876692897060130e-01
4.715734031927593106e-01
4.652305518713513721e-01
4.511263029628051480e-01
4.200806643467416279e-01
3.570042744553281744e-01
2.700914810938796484e-01
1.950080951374157101e-01
1.563121102651476857e-01
7.397548795299387081e-02
4.745625642990780602e-02
3.845501306386140544e-02
3.085721623297431673e-02
2.379736805617752721e-02
1.778008431224377753e-02
1.272189704684620858e-02
8.779784210063415126e-03
5.783277000437722637e-03
3.641169419803223523e-03
2.157235822788201255e-03
1.186743349012081040e-03
5.898751015167875023e-04
2.790301638043941922e-04
1.108133720213396486e-04
-1.525442534319906729e-05
-1.064464490457286917e-04
6.111805396031079777e-04
4.029245687734258523e-05
4.716278882202112107e-04
-2.189695653621197876e-04
-1.716393351892802634e-04
-2.891403824654403538e-04
-1.494700218999263613e-04
-2.943317394432122796e-04
1.027281423455274107e-04
2.375895228937471187e-04
4.359068507272157345e-04
8.367031183169267331e-04
1.511197756211291867e-03
2.582520708304332762e-03
4.216875660244644684e-03
6.640837693867883418e-03
1.010530930367502592e-02
1.497635751372231386e-02
2.156880221431228123e-02
3.060078947800241519e-02
4.267814471576119456e-02
6.127901723104313414e-02
1.137716787268605173e-01
2.821125140142472509e-01
3.588397783704165289e-01
4.263661928853232364e-01
4.567443181405978492e-01
4.604917843308554692e-01
4.455936568570282308e-01
4.074368095016568936e-01
3.358956544905417618e-01
2.420239538974895688e-01
1.628062165093218383e-01
1.134142296406909084e-01
9.143592122544506873e-02
4.372112398957844065e-02
2.836791033676037965e-02
2.325701355753703389e-02
1.882310829579907432e-02
1.460790609719120337e-02
1.098515913284478333e-02
7.898784961622662415e-03
5.482697830655225944e-03
3.631136745621680803e-03
2.305223803382068243e-03
1.383657688524393041e-03
7.823510374771528147e-04
4.156800025782033618e-04
2.408703574903927735e-04
2.155462721873839321e-04
3.887227485751026035e-04
-3.100796033044647595e-04
3.250143431057869752e-05
3.643874131791534680e-04
-2.551849085304206430e-04
3.645047298003451885e-04
4.320365029362709802e-04
4.498918442035693610e-04
4.842791388106925169e-05
2.676125187436605201e-04
1.541414298909119581e-04
2.409236010777541495e-04
4.358564661823751286e-04
8.366395410039712465e-04
1.511184095773027147e-03
2.582510125862499343e-03
4.216874126629514830e-03
6.640842046755779902e-03
1.010530869451258668e-02
1.497635810382498024e-02
2.156879836135105685e-02
3.060078525105017905e-02
4.267814917385134854e-02
6.127900212561326887e-02
1.137715842468521449e-01
2.821118107388017049e-01
3.588397001321071977e-01
4.263661853111241906e-01
4.567443170273720043e-01
4.604917839683905778e-01
4.455936564646300613e-01
4.074368148017219471e-01
3.358956593000429480e-01
2.420239576476640730e-01
1.628062036601555518e-01
1.134141988899948911e-01
9.143589369832130775e-02
4.372114000794189576e-02
2.836791931994698743e-02
2.325701366203965226e-02
1.882311058759742958e-02
1.460791355845888172e-02
1.098515930782688506e-02
7.898779469525215452e-03
5.482697874170260402e-03
3.631136909978613814e-03
2.305220927849171812e-03
1.383653013285152805e-03
7.822767334300341968e-04
4.151012698686553856e-04
2.366481884729297830e-04
1.819814222289766403e-04
1.257159302527552369e-04
2.320915655143976776e-04
6.263155822218424706e-04
1.290227771068133461e-04
-3.522415233663703064e-04
4.842417783473139295e-05
1.206869777062552740e-04
-1.240861740047322038e-04
7.448771436975507563e-05
7.155849271857665436e-04
2.370674915277351926e-04
2.550641460446510323e-04
4.382084938740885330e-04
8.370144473451989354e-04
1.511233979405101789e-03
2.582505450052626373e-03
4.216864098204744539e-03
6.640832836980837227e-03
1.010530761836486539e-02
1.497636738626694983e-02
2.156880594844824695e-02
3.060078244984410639e-02
4.267813666963025943e-02
6.127899073932027013e-02
1.137715797171131582e-01
2.821118117816803217e-01
3.588397106521402091e-01
4.263661864684721858e-01
4.567443175004548550e-01
4.604917838255054852e-01
4.455936597156925361e-01
4.074368159099879261e-01
3.358956602183404971e-01
2.420239660380407165e-01
1.628062149196823349e-01
1.134142239778414135e-01
9.143608438182664055e-02
4.372115671217739752e-02
2.836792685571743952e-02
2.325702239751762171e-02
1.882310965300060604e-02
1.460790575887722584e-02
1.098515760321261935e-02
7.898785561289457802e-03
5.482706074302549741e-03
3.631135450111423139e-03
2.305212803152688946e-03
1.383633686267993169e-03
7.821183096696785126e-04
4.142455444921959483e-04
2.337243117237035588e-04
1.861346587368201274e-04
3.646032793205437102e-04
7.011117893334976826e-04
1.766708709447878617e-04
5.357875321942508250e-04
3.384968853263775634e-04
1.540365116172389716e-04
3.894873378561705506e-04
4.023163980149121544e-04
4.730305404159376292e-04
2.796462374933975461e-04
1.682291986584909347e-04
1.707869034066315133e-04
2.277574794080846634e-04
3.627997537202537113e-04
5.895345175422474042e-04
9.512410940775926351e-04
1.504932177923172781e-03
2.333282426099114650e-03
3.519370341998495025e-03
5.208049720091871733e-03
7.498412742039970574e-03
1.073010599960041132e-02
1.513737127856022713e-02
2.245154654254827298e-02
4.368240366480841824e-02
1.168235622330682649e-01
1.773872123592513672e-01
2.757034089952771772e-01
3.675116121074440412e-01
3.889289311455600973e-01
3.311016973582378564e-01
2.362074715481864151e-01
1.490164311570713607e-01
8.959488478064314698e-02
5.557018321801866084e-02
3.785858095722630101e-02
3.048394126193508524e-02
1.440607116733896333e-02
9.378654118244343293e-03
7.732275156306048225e-03
6.286210031156970642e-03
4.894924881089947680e-03
3.697592708237443931e-03
2.673042559409001366e-03
1.872596575705012985e-03
1.259038928817541843e-03
8.218223432097358522e-04
5.192287958482801231e-04
3.240103056570933413e-04
2.077444044514932607e-04
1.647036289875953099e-04
2.039330908367444583e-04
3.228523581220857971e-04
5.987041381113119166e-04
-3.687499848106675607e-04
-1.497401641431229350e-04
-2.811224954281681316e-04
-3.869245373580129286e-04
1.264933576042882597e-04
-3.396343974330328079e-05
-2.037482322847487221e-05
-4.986134729007087908e-04
4.457552716529533638e-05
1.516269753655163281e-04
2.247952395823615910e-04
3.623695139369039657e-04
5.894797075963314212e-04
9.512270098352433156e-04
1.504931232716045803e-03
2.333288882027201912e-03
3.519371848597615659e-03
5.208050253625417202e-03
7.498407067739867871e-03
1.073009961939058385e-02
1.513737248820544619e-02
2.245152182039190231e-02
4.368230415687413687e-02
1.168230699291956248e-01
1.773871545750276002e-01
2.757033939153191726e-01
3.675116035323911512e-01
3.889289243931253748e-01
3.311016927982188274e-01
2.362074798995628666e-01
1.490164433259853205e-01
8.959489372956408459e-02
5.557017064288327646e-02
3.785855520307788297e-02
3.048394838314283026e-02
1.440609382818259371e-02
9.378662997560575226e-03
7.732274164575426122e-03
6.286212959764876304e-03
4.894934066575450972e-03
3.697594183681891106e-03
2.673037079161352022e-03
1.872595922903838323e-03
1.259038644388444815e-03
8.218194552238167585e-04
5.192249002694724561e-04
3.239613668487430578e-04
2.075093313974363295e-04
1.642576531734215282e-04
2.100160334934843157e-04
4.347399975337664312e-04
-2.943083988596656344e-04
4.551946847277858841e-04
-1.633394629880357163e-04
2.253398173123282138e-04
-5.327183495897572392e-06
2.264756698776724186e-04
5.775786986718279984e-04
3.372896989426179778e-04
2.197616292130691417e-06
1.356380453458787088e-04
1.672637493988843522e-04
2.274209428080214198e-04
3.627925722894459947e-04
5.895361083336111670e-04
9.512218091907078538e-04
1.504921086626620800e-03
2.333280750903164377e-03
3.519370211462239176e-03
5.208058504087242219e-03
7.498413950740804440e-03
1.073009494186465476e-02
1.513735563048562022e-02
2.245149870510919701e-02
4.368225751122701422e-02
1.168229489709394081e-01
1.773871286606549247e-01
2.757033970430671221e-01
3.675116104388069238e-01
3.889289279169496627e-01
3.311016991068323478e-01
2.362074776469328952e-01
1.490164379204229339e-01
8.959490094853216069e-02
5.557017918285710872e-02
3.785855932586127542e-02
3.048400735090402158e-02
1.440610700273279796e-02
9.378674034928523653e-03
7.732283860213587379e-03
6.286211091497038994e-03
4.894926661168347466e-03
3.697592440625059422e-03
2.673042401412229017e-03
1.872604319790717496e-03
1.259036788511963675e-03
8.218098859007693605e-04
5.192064111612957949e-04
3.237898966006658901e-04
2.061142453292843114e-04
1.531022691156694857e-04
1.157402681919565712e-04
-3.429022648732769755e-04
-6.641117090439112834e-05
-2.942692059893364256e-04
2.356193860652224697e-04
5.031377930819499024e-04
4.865147230765400608e-04
5.299138736020642983e-04
-1.351728275787495337e-04
1.136083925940740990e-04
6.535057601054868786e-04
2.607268339130946349e-04
1.118287208949048745e-04
1.268580199541055886e-05
-1.331826884763302537e-04
-3.760529644870186632e-04
-7.607206748968314489e-04
-1.343235243707777181e-03
-2.203779242325838977e-03
-3.424005744884253601e-03
-5.145608057110910051e-03
-7.466064013204076408e-03
-1.072294217783603155e-02
-1.514960625347515702e-02
-2.247869305942387999e-02
-4.374014905033563744e-02
-1.169584922000468791e-01
-1.774657562684096024e-01
-2.757057072609617743e-01
-3.674766093324657867e-01
-3.888876546065542228e-01
-3.311504263791628655e-01
-2.366137188518625534e-01
-1.498028217147623908e-01
-9.047691737460576700e-02
-5.639299517103368159e-02
-3.854456488489896304e-02
-3.113054997589890724e-02
-1.470314811260382132e-02
-9.573080965932944178e-03
-7.902484895374914387e-03
-6.430448280350587430e-03
-5.004174344097307194e-03
-3.765868287134642792e-03
-2.695637642820004117e-03
-1.848748305098353367e-03
-1.190891360565881317e-03
-7.136845833964670059e-04
-3.770863227509733549e-04
-1.529509755303818752e-04
-1.042137969541854821e-05
8.259255493494135382e-05
1.835298878006330419e-04
1.061633421795646240e-04
3.194373613440187778e-04
7.233519022490943456e-04
5.364168847513235911e-04
1.761605110303589197e-04
-4.581354462210249234e-05
1.841223621192772419e-04
3.444552167217930939e-04
6.135998049582532020e-04
-4.540673517776941067e-04
9.367948190790719722e-05
8.724466396495276826e-05
9.046245103845915414e-06
-1.336936874186215598e-04
-3.761160762720056538e-04
-7.607344952244954155e-04
-1.343235206991424784e-03
-2.203771812437072680e-03
-3.424004044585411341e-03
-5.145609774494421494e-03
-7.466072171976413825e-03
-1.072294832868484274e-02
-1.514960348793848409e-02
-2.247871394788106270e-02
-4.374023037984563211e-02
-1.169587189934038624e-01
-1.774657563302430019e-01
-2.757056933261834430e-01
-3.674766089057004415e-01
-3.888876580490322477e-01
-3.311504219812980709e-01
-2.366137131694221185e-01
-1.498028101514321808e-01
-9.047690672119929056e-02
-5.639299982897249403e-02
-3.854456721408751341e-02
-3.113046135733971501e-02
-1.470312760001792930e-02
-9.573076194130178754e-03
-7.902488228352233871e-03
-6.430445443604652055e-03
-5.004164098907663491e-03
-3.765865642634696944e-03
-2.695643182676708566e-03
-1.848749849138757798e-03
-1.190891887394803818e-03
-7.136880715531095489e-04
-3.770970597788931102e-04
-1.530571578094650485e-04
-1.117593034618875852e-05
7.750045507279800742e-05
1.482236441846473366e-04
-1.339264657549381755e-04
4.056853734464148267e-04
3.245811244606398751e-04
2.478603334039942204e-04
3.234346283069957262e-04
-1.453841315815017734e-04
5.393548590667118911e-04
7.630456416432146449e-04
3.321481391503366986e-04
-3.690062449871181949e-05
1.679906325412320082e-04
1.000970137475245495e-04
1.124646924184376969e-05
-1.333313169330544411e-04
-3.760676469299222328e-04
-7.607406341192176225e-04
-1.343244331125662862e-03
-2.203778053864212123e-03
-3.424005862672300279e-03
-5.145602301805093926e-03
-7.466064835289571572e-03
-1.072295137235226674e-02
-1.514961674557286156e-02
-2.247873604832266795e-02
-4.374030160025110803e-02
-1.169592922496632131e-01
-1.774658581400170854e-01
-2.757057225760958241e-01
-3.674766100954330317e-01
-3.888876658557890997e-01
-3.311504311678426515e-01
-2.366137158487130743e-01
-1.498028158333397919e-01
-9.047690488326884384e-02
-5.639300271948148591e-02
-3.854459246149827267e-02
-3.113050305168305401e-02
-1.470312084145291957e-02
-9.573063338708085596e-03
-7.902477653711771979e-03
-6.430447900691197566e-03
-5.004171028324847642e-03
-3.765867833719462390e-03
-2.695638833263759842e-03
-1.848740865172634681e-03
-1.190893355542642579e-03
-7.136964435537142574e-04
-3.770853028135523759e-04
-1.529263706719050141e-04
-9.971700933035441194e-06
8.814732325822557501e-05
2.425685924414626134e-04
6.440813428588814922e-04
2.068947179842069612e-05
-4.570712414360857253e-04
-1.324235009993904679e-04
-2.409178544217719926e-04
9.776952958463849298e-04
6.601415301127482342e-04
4.928720888378040768e-04
-6.551808811246418894e-05
6.969137884173021071e-05
2.255843712957238221e-04
4.424399179426191436e-05
-1.919391581559365552e-04
-6.052121233860456757e-04
-1.296703275505193056e-03
-2.391599788226965364e-03
-4.055200785120037683e-03
-6.512221005289287566e-03
-1.001172194176635707e-02
-1.491721270166976830e-02
-2.154112307575040478e-02
-3.059984069913220667e-02
-4.269738563522717384e-02
-6.131276481694258179e-02
-1.138330903201914546e-01
-2.822116017894784612e-01
-3.588591849829018687e-01
-4.263311957991174905e-01
-4.567038673572744734e-01
-4.604262815504150397e-01
-4.454569162309030550e-01
-4.072715433642184468e-01
-3.359531705094870313e-01
-2.425184413245445314e-01
-1.635509947206965076e-01
-1.141404305478412873e-01
-9.212620962519151024e-02
-4.404461499094758370e-02
-2.857863521175547580e-02
-2.344017654916799934e-02
-1.897722338727599739e-02
-1.472435415323502562e-02
-1.105781250807255818e-02
-7.923489886858403261e-03
-5.459198761527106307e-03
-3.562212734710670705e-03
-2.195723959618508039e-03
-1.239938345218723507e-03
-6.097974593656784468e-04
-2.171717116966475768e-04
6.124926360473184281e-06
1.668143641824236848e-04
6.216979905674165248e-05
4.646989031740650930e-04
1.803794711895598246e-04
2.537522773265096765e-04
-2.627220092212834688e-04
1.682318977797687357e-04
-5.265105396649613721e-04
-1.430397886202876409e-04
1.873398618475041332e-04
4.812885875978964098e-04
2.552405275224872835e-04
4.434699929710351276e-05
-1.924885961894507716e-04
-6.053518919623115859e-04
-1.296728339988084157e-03
-2.391610134016495127e-03
-4.055199632738009340e-03
-6.512212131473541984e-03
-1.001171847320587137e-02
-1.491721486590763188e-02
-2.154113149328749574e-02
-3.059984580216313504e-02
-4.269738230475318697e-02
-6.131277425401452513e-02
-1.138331111997199913e-01
-2.822115526334110780e-01
-3.588591636331501245e-01
-4.263311897630623903e-01
-4.567038675236907430e-01
-4.604262827726777196e-01
-4.454569145862812274e-01
-4.072715417897850854e-01
-3.359531611214350844e-01
-2.425184322015044025e-01
-1.635509985667397137e-01
-1.141404255952473829e-01
-9.212607622414681341e-02
-4.404461374011948288e-02
-2.857864033878113053e-02
-2.344018314060263355e-02
-1.897722175425441485e-02
-1.472434465529041600e-02
-1.105780958352763250e-02
-7.923495118144427418e-03
-5.459200640624334820e-03
-3.562213344456281478e-03
-2.195726878779038528e-03
-1.239943558420377291e-03
-6.098613350380401249e-04
-2.176744430354667418e-04
2.472464364692546367e-06
1.405221152823010061e-04
-1.136519083555959141e-04
5.627646974919019033e-04
-5.593029345975765411e-04
3.823559252949385642e-04
-2.135377516916937656e-05
-2.657719736154351138e-04
-1.020602022968570362e-04
3.490607343098085379e-04
4.540548377109452217e-04
5.227686758810394562e-04
2.833877094023932899e-04
5.139674720711896684e-05
-1.910537318643887555e-04
-6.050946422310585129e-04
-1.296693507712245964e-03
-2.391616699106784236e-03
-4.055206878756829024e-03
-6.512216066821690033e-03
-1.001171980439229982e-02
-1.491720804943732527e-02
-2.154112444346998473e-02
-3.059984722087403727e-02
-4.269739092347109993e-02
-6.131278882699983668e-02
-1.138331814929100794e-01
-2.822122576137907068e-01
-3.588592377220791718e-01
-4.263311916409395774e-01
-4.567038637186875416e-01
-4.604262827970643235e-01
-4.454569176544506126e-01
-4.072715441861256003e-01
-3.359531653244102745e-01
-2.425184285785975669e-01
-1.635509972886581009e-01
-1.141404531884503692e-01
-9.212617478526531622e-02
-4.404461737245772557e-02
-2.857862887902166277e-02
-2.344017367787672515e-02
-1.897722602303482040e-02
-1.472435160548115664e-02
-1.105781157998146809e-02
-7.923490143808442632e-03
-5.459190002947640445e-03
-3.562215224674329141e-03
-2.195737468084047340e-03
-1.239939627981813484e-03
-6.098279540664347563e-04
-2.175567398257573671e-04
2.050772927124806139e-06
1.234984895374742399e-04
-3.674558556833057172e-04
-1.422647561057071707e-04
4.822857220217276111e-04
2.188225065000614289e-04
8.532729039773214634e-04
-1.859702478023771523e-04
6.335021456792484839e-04
-1.156109283692675687e-04
3.232023366307832258e-04
-1.782254908132775077e-04
1.965656495872181077e-04
-1.788834918086996763e-05
-3.681817484912582083e-04
-1.013842486128984982e-03
-2.096741946439741738e-03
-3.805537570376971244e-03
-6.403165053811054296e-03
-1.022046473811654040e-02
-1.567562736347842892e-02
-2.324618787851371465e-02
-3.351867102176254998e-02
-4.720877836453761522e-02
-6.546114425454105379e-02
-9.202470510569737971e-02
-1.654300630397190497e-01
-3.856841951219727727e-01
-4.328924376148311493e-01
-4.616989647049095646e-01
-4.716569373522151443e-01
-4.715241534972434700e-01
-4.651191492085914869e-01
-4.509226695126677398e-01
-4.198186519900281577e-01
-3.569631356745262551e-01
-2.705224770798586031e-01
-1.957074838769717884e-01
-1.570587878704933216e-01
-7.434400677659175338e-02
-4.769827138907085234e-02
-3.866368848581896306e-02
-3.103085409654567084e-02
-2.392782417847807638e-02
-1.786112190657208540e-02
-1.275047956374780744e-02
-8.756752120582680585e-03
-5.712667782265971016e-03
-3.528889499966790088e-03
-2.010375454604025440e-03
-1.011390417679627679e-03
-3.895790412175153270e-04
-3.661121992119424412e-05
2.006252817837999994e-04
-1.909227733435317086e-04
4.574015605665345094e-04
5.329828835810039231e-04
1.052313919115447711e-04
4.256272469419271213e-04
2.694360739957517054e-04
-1.498484059054829508e-04
2.580906586613529344e-04
4.225172933577764594e-04
-3.514621173634651144e-04
1.734935533654412385e-04
-2.146824895943172249e-05
-3.688027707722870839e-04
-1.013947783439600372e-03
-2.096761768133384961e-03
-3.805547422336929154e-03
-6.403164381461075652e-03
-1.022045689163819486e-02
-1.567562453704755832e-02
-2.324619230999310990e-02
-3.351867885902187066e-02
-4.720877863984661998e-02
-6.546113712950422936e-02
-9.202470545784703637e-02
-1.654300583862056140e-01
-3.856840935314305718e-01
-4.328924126257411298e-01
-4.616989586196911244e-01
-4.716569364496162597e-01
-4.715241538030446877e-01
-4.651191491412117185e-01
-4.509226699712350350e-01
-4.198186485391529055e-01
-3.569631322444418164e-01
-2.705224869730646353e-01
-1.957075101974721232e-01
-1.570589257366352132e-01
-7.434402806703756250e-02
-4.769828148095524301e-02
-3.866369538034510750e-02
-3.103085130310549028e-02
-2.392781385462903337e-02
-1.786111803178592680e-02
-1.275048431046114233e-02
-8.756754793802822359e-03
-5.712670266866397457e-03
-3.528893041213557267e-03
-2.010363627987513373e-03
-1.011307341193700814e-03
-3.890629829794118666e-04
-3.353316809851514800e-05
2.197124490137722353e-04
-8.538855259527656073e-05
4.439051704810030390e-04
2.384788960197682585e-04
4.041200471119004133e-05
2.063007670732848009e-04
9.666848583135064399e-05
3.046110494057349704e-04
2.289770236970709711e-04
-1.509751900826932891e-04
1.964780030590825130e-04
2.553434964785291305e-04
-9.519321671401764678e-06
-3.670499000008154529e-04
-1.013696120138094479e-03
-2.096732821601818720e-03
-3.805553160765792753e-03
-6.403169032921355967e-03
-1.022045864301665032e-02
-1.567562645429824292e-02
-2.324618807122010716e-02
-3.351867391813988240e-02
-4.720877962389448401e-02
-6.546114076727359288e-02
-9.202471121544059107e-02
-1.654301121809635400e-01
-3.856845942944375216e-01
-4.328924725959648612e-01
-4.616989605477327396e-01
-4.716569358637803244e-01
-4.715241541120320234e-01
-4.651191499704813714e-01
-4.509226712936901249e-01
-4.198186519221417390e-01
-3.569631312541098334e-01
-2.705224864832614373e-01
-1.957075359342907439e-01
-1.570589970266388080e-01
-7.434403815823664718e-02
-4.769827171584092862e-02
-3.866368726346307294e-02
-3.103085753321989035e-02
-2.392782173892140166e-02
-1.786112154545699271e-02
-1.275047903942964043e-02
-8.756741204072654786e-03
-5.712670985253217974e-03
-3.528904494786933022e-03
-2.010368051066446001e-03
-1.011321809196086795e-03
-3.889500400938518984e-04
-3.059826062808544580e-05
2.570232111756078660e-04
2.955806308159340335e-04
7.115461974126344917e-04
4.581720604325312837e-04
6.789142941581156974e-04
6.541209523978759556e-04
4.558124691394914072e-04
-2.010180463290114742e-04
-8.830068470454225543e-05
-1.657833542996576477e-05
1.238402881678243807e-04
2.838665478478582475e-04
-4.194395207051311331e-05
-5.006741308177118039e-04
-1.335528011023204373e-03
-2.731367458533326496e-03
-4.923228336702794965e-03
-8.253785547274078080e-03
-1.311946102337018145e-02
-2.009364006275761796e-02
-2.968265522869262263e-02
-4.276220655712115876e-02
-5.982712902604488819e-02
-8.255841223387956618e-02
-1.141724402718252707e-01
-1.991502653130635125e-01
-4.383872048011077105e-01
-4.600664637000624335e-01
-4.717723508452310588e-01
-4.749013358623128123e-01
-4.737720570748963911e-01
-4.702679138320033925e-01
-4.635874717928227806e-01
-4.500099463203359185e-01
-4.190459606249675728e-01
-3.593222856877736349e-01
-2.815376861735660596e-01
-2.281936187145643113e-01
-1.058017114749333354e-01
-6.681565669506141225e-02
-5.334584105504990709e-02
-4.229635816395461989e-02
-3.233224452909502084e-02
-2.391530050773354316e-02
-1.697003428884746520e-02
-1.158393410378880280e-02
-7.533528675244939229e-03
-4.641424029952267993e-03
-2.645059344674816851e-03
-1.333986301334179943e-03
-5.180853169250239278e-04
-4.335865810693231295e-05
3.485190039411382025e-04
3.116467233695109965e-04
-3.256509819761635514e-04
-7.182455605742273964e-04
2.517884428685397691e-04
-2.745557286583888312e-05
3.389990578879024095e-04
2.358289285590138248e-04
2.981628791930055985e-04
-1.273409449585742364e-04
5.655834304020972587e-06
2.603210401471941528e-04
-4.601608078936597526e-05
-5.013370709246375021e-04
-1.335631552040933033e-03
-2.731387328232635567e-03
-4.923236516659117504e-03
-8.253783867287740536e-03
-1.311945275847369377e-02
-2.009363606811862338e-02
-2.968266032367095075e-02
-4.276221333188971047e-02
-5.982712819602696575e-02
-8.255841084210016612e-02
-1.141724432353221907e-01
-1.991502542841838141e-01
-4.383871159366700687e-01
-4.600664341009573777e-01
-4.717723444668581734e-01
-4.749013356394561902e-01
-4.737720572584848133e-01
-4.702679135032888924e-01
-4.635874715090111953e-01
-4.500099439390138345e-01
-4.190459579878378915e-01
-3.593222903693604198e-01
-2.815376769460081197e-01
-2.281935807058080856e-01
-1.058017025895350988e-01
-6.681566071814257213e-02
-5.334584782103063416e-02
-4.229635501475739051e-02
-3.233223346518274144e-02
-2.391529468005224035e-02
-1.697003679375670357e-02
-1.158393625553802604e-02
-7.533532657011189279e-03
-4.641428018235677251e-03
-2.645029934253720957e-03
-1.333764435129697118e-03
-5.166887589172090888e-04
-3.510065513860594847e-05
3.980211838236293628e-04
5.789014394840143315e-04
-2.378028473834772275e-04
-1.665520780061650180e-04
8.216856606042844411e-04
-4.832164330462605968e-04
4.769252823252895083e-04
7.201489041663561427e-04
-9.726943265563127200e-05
4.908828009981573356e-04
1.545160147535398298e-04
2.770974496636762147e-04
-4.430790299950449721e-05
-5.011821780741662798e-04
-1.335619562695389544e-03
-2.731389252414478507e-03
-4.923242147496870169e-03
-8.253784352269318003e-03
-1.311945087487237198e-02
-2.009363837627397426e-02
-2.968265940294462571e-02
-4.276221035071749860e-02
-5.982712928358369098e-02
-8.255841082138073994e-02
-1.141724409133583057e-01
-1.991502607689359383e-01
-4.383871701104052887e-01
-4.600664463308309360e-01
-4.717723447696357542e-01
-4.749013350877209771e-01
-4.737720573604470853e-01
-4.702679143826321018e-01
-4.635874738304441300e-01
-4.500099471937462070e-01
-4.190459570654332944e-01
-3.593222932514039680e-01
-2.815377297179081917e-01
-2.281937635456776081e-01
-1.058017261806511733e-01
-6.681565324614791024e-02
-5.334584114575054159e-02
-4.229636120450394610e-02
-3.233223907501387578e-02
-2.391529687073589913e-02
-1.697003026057438552e-02
-1.158392252556115186e-02
-7.533535683961705039e-03
-4.641442727437778380e-03
-2.645065728078726912e-03
-1.334069732147270555e-03
-5.187987753632650233e-04
-4.880772937317167070e-05
3.030853399082075132e-04
-6.138378063628944776e-05
6.112095536772390756e-05
3.980908693379685065e-04
-6.555545337334231862e-05
5.744290845949192844e-04
1.466976359433925050e-04
3.780402787033043644e-04
3.394721875541822052e-04
6.230602863180784460e-04
4.779061669142917971e-04
3.683185531203156285e-04
-5.339583927681681947e-05
-5.922270734102193842e-04
-1.565265028776043326e-03
-3.187103991740544446e-03
-5.721356403308117296e-03
-9.564502938041485533e-03
-1.514767548681065015e-02
-2.315308292434160517e-02
-3.407767611006026071e-02
-4.899826932212256181e-02
-6.817244448815266977e-02
-9.357640712736411959e-02
-1.278448742871187427e-01
-2.178364901448510138e-01
-4.619544620809507562e-01
-4.696032475355506053e-01
-4.740281198791813644e-01
-4.748954509636550969e-01
-4.736389151626915761e-01
-4.714409776324017254e-01
-4.682394006477477721e-01
-4.624078103931491546e-01
-4.484087720692116474e-01
-4.163190742202112493e-01
-3.589650537845643918e-01
-3.036825336342054982e-01
-1.383904483996217794e-01
-8.581944674744715340e-02
-6.727309088016895922e-02
-5.249614647797518074e-02
-3.968936244962247006e-02
-2.901503391719371938e-02
-2.043099157222222004e-02
-1.383613611095412671e-02
-8.956436457190346256e-03
-5.491417924220897036e-03
-3.120240651793160930e-03
-1.567119997280168016e-03
-6.063245876937393671e-04
-5.836655619009470934e-05
3.355745341294392417e-04
-9.453756775484756388e-05
4.764701661827697990e-04
-2.183972650506930935e-04
2.003963368093452085e-04
-6.613253004037683363e-05
3.050557038744707928e-04
5.064691628409999672e-04
-2.968897980882413776e-04
7.708081469369938189e-04
1.976382212063428827e-04
3.357791754768450483e-04
-5.715842228742332913e-05
-5.926771029555423162e-04
-1.565323299719408772e-03
-3.187116447685753307e-03
-5.721360806017985849e-03
-9.564500634077429536e-03
-1.514766874411760562e-02
-2.315308022090971016e-02
-3.407768479918354965e-02
-4.899827790742554423e-02
-6.817244168850691843e-02
-9.357640471197131715e-02
-1.278448729530314298e-01
-2.178364637694330530e-01
-4.619542699114881357e-01
-4.696031862965509562e-01
-4.740281100867330122e-01
-4.748954503927155235e-01
-4.736389153525975559e-01
-4.714409771943151028e-01
-4.682393996912641021e-01
-4.624078083407039963e-01
-4.484087707244504006e-01
-4.163190743939000904e-01
-3.589650274991910694e-01
-3.036824495750017339e-01
-1.383904339058072974e-01
-8.581945102695801020e-02
-6.727309934289278648e-02
-5.249614374439134229e-02
-3.968935206113157615e-02
-2.901502931574703389e-02
-2.043099422805644966e-02
-1.383613809747551680e-02
-8.956440039184020152e-03
-5.491418836202080316e-03
-3.120195046613715578e-03
-1.566795016070298687e-03
-6.043292081550065984e-04
-4.729726782036257842e-05
3.933735155483567480e-04
1.442351405990291544e-04
1.970677318692072078e-04
-5.006918863438771395e-04
2.839481722894424912e-04
3.633948985077570313e-04
-2.240725481270590869e-04
1.965948478028762918e-04
-4.172221785614160577e-04
-1.218024690393118087e-04
-5.094944533997080617e-04
2.284856125124019692e-04
-7.278499967943404046e-05
-5.949213321327115160e-04
-1.565632210906842299e-03
-3.187155390684506557e-03
-5.721367082280625661e-03
-9.564498517593845658e-03
-1.514766469677621130e-02
-2.315308369935489136e-02
-3.407768641986159974e-02
-4.899827442076776229e-02
-6.817244046294740345e-02
-9.357639981366536186e-02
-1.278448657253544729e-01
-2.178364607907501971e-01
-4.619542665612613730e-01
-4.696031947993691280e-01
-4.740281105695132724e-01
-4.748954501265934547e-01
-4.736389154633497411e-01
-4.714409776633607385e-01
-4.682394009323704864e-01
-4.624078094080131818e-01
-4.484087686495676905e-01
-4.163190768140777598e-01
-3.589650661256168496e-01
-3.036825731863532218e-01
-1.383904486878147766e-01
-8.581944059482329856e-02
-6.727309384590354768e-02
-5.249615230008588401e-02
-3.968936021093035643e-02
-2.901503363685175099e-02
-2.043098639583708007e-02
-1.383612297598567180e-02
-8.956442522757401825e-03
-5.491432660125476067e-03
-3.120248844888431298e-03
-1.567236308830282808e-03
-6.070038669160467094e-04
-6.111036718679838488e-05
3.298117369136623653e-04
-2.836952296981446942e-05
1.469741757209227226e-04
1.047603476869195423e-03
-4.312656320206586396e-04
2.884830818141986136e-04
6.650480314808097189e-04
1.873075813768063438e-04
2.512198502613149768e-04
-4.646661583141783623e-04
-4.168002493183513854e-04
2.663510316956862350e-04
-7.813138717660463462e-05
-6.502417631179586597e-04
-1.708440465509346654e-03
-3.469918008473439185e-03
-6.209700010021164743e-03
-1.034829870250756657e-02
-1.632579314826834369e-02
-2.486517588469156631e-02
-3.642949735050563659e-02
-5.214439500064919214e-02
-7.207625982699421285e-02
-9.818231740168308075e-02
-1.326910218119111140e-01
-2.225184940442535564e-01
-4.659417114112856528e-01
-4.698354678085375769e-01
-4.729994091574946657e-01
-4.738197330773117333e-01
-4.731003350177381828e-01
-4.718414020381375695e-01
-4.702430848827679477e-01
-4.677221165673676184e-01
-4.615453461456479611e-01
-4.459210758224587123e-01
-4.128097283435037124e-01
-3.718328769767512698e-01
-1.698707687108718944e-01
-1.038480931063441443e-01
-7.996331551514800073e-02
-6.128241996300325123e-02
-4.576497969331431298e-02
-3.301090340023521419e-02
-2.304311934632009493e-02
-1.546431716662124457e-02
-9.954489833285749822e-03
-6.066224332044858024e-03
-3.430410952822089948e-03
-1.709373921525848610e-03
-6.507595272912725971e-04
-5.356530139080933618e-05
3.445419553753719332e-04
-3.564773906151974775e-04
6.812158808106779642e-04
2.898267434746786177e-05
6.374485153069227696e-05
3.363888531109570051e-04
-4.152759842688080022e-04
7.290302488080873918e-04
-1.854317385577474917e-04
4.802242946400183451e-04
1.557559013959109720e-04
3.347956811124383502e-04
-7.019223426801309137e-05
-6.493211263634456531e-04
-1.708342459082045446e-03
-3.469913780933054585e-03
-6.209701165588777695e-03
-1.034829808516657575e-02
-1.632578945151582153e-02
-2.486517236515239926e-02
-3.642950318002832061e-02
-5.214439876196970414e-02
-7.207625360997907404e-02
-9.818231951532645219e-02
-1.326910276813443867e-01
-2.225184874473365437e-01
-4.659416879884192286e-01
-4.698354615650731647e-01
-4.729994078052766060e-01
-4.738197334589906440e-01
-4.731003352494713710e-01
-4.718414018992129200e-01
-4.702430843636883351e-01
-4.677221157229696780e-01
-4.615453466903442492e-01
-4.459210781428384895e-01
-4.128097195435219136e-01
-3.718328430440172028e-01
-1.698707610682166358e-01
-1.038481011014439626e-01
-7.996332906724100409e-02
-6.128241941221847233e-02
-4.576496649436499059e-02
-3.301089384866579685e-02
-2.304311787683925930e-02
-1.546431933170978532e-02
-9.954497090664283024e-03
-6.066226660628412301e-03
-3.430357548307339834e-03
-1.708955142516007091e-03
-6.478413434778759359e-04
-3.442652376861435516e-05
4.716128583927935831e-04
4.103927638994420038e-04
-5.071722119746922499e-05
7.644427222107585875e-04
-1.512455309102989521e-04
2.911075625797353230e-04
-1.517846562963409717e-04
2.108846264251723431e-05
-4.557326350067308256e-04
6.268135287859548464e-04
-4.323573703557365513e-04
2.453773346610491090e-04
-8.322033041812309856e-05
-6.512076030868516182e-04
-1.708604983006673092e-03
-3.469946091305600028e-03
-6.209704695393740773e-03
-1.034829343898672344e-02
-1.632578224836908620e-02
-2.486517620069923773e-02
-3.642950926258731875e-02
-5.214439940799026063e-02
-7.207625482838594944e-02
-9.818231460661464016e-02
-1.326910194254466158e-01
-2.225184782734314082e-01
-4.659416271205045756e-01
-4.698354364190677757e-01
-4.729994030476805666e-01
-4.738197325808991556e-01
-4.731003354309256670e-01
-4.718414021193371721e-01
-4.702430850737243651e-01
-4.677221161771674685e-01
-4.615453452040700344e-01
-4.459210812594747719e-01
-4.128097600643410581e-01
-3.718329496663017597e-01
-1.698707736838836468e-01
-1.038480905879075739e-01
-7.996332371008994799e-02
-6.128242638197894249e-02
-4.576497282088660967e-02
-3.301089718867758482e-02
-2.304310963535382770e-02
-1.546430620467732775e-02
-9.954500572581449075e-03
-6.066239999663421666e-03
-3.430436388610769247e-03
-1.709638647149558854e-03
-6.524623409504960551e-04
-6.313962170978374528e-05
2.917557486116594662e-04
-5.988511974959709284e-04
6.678816624292048575e-04
4.243292670591130330e-04
2.676410465269894834e-05
-1.973533095817010872e-04
4.102230163072741404e-04
-1.438225304264302291e-04
5.387502164371090699e-04
-1.386859112576025947e-06
1.860179613567273160e-04
3.698410975478207715e-04
-6.599398182918693890e-05
-6.717334653524891690e-04
-1.771730767311852301e-03
-3.592822886535697573e-03
-6.412560726539819934e-03
-1.064573329360677008e-02
-1.672308822912778672e-02
-2.532975832727833720e-02
-3.688527162664973630e-02
-5.238512667137254497e-02
-7.179139562719752399e-02
-9.674249033824985911e-02
-1.293158938822437654e-01
-2.149753261798609816e-01
-4.534615277483189377e-01
-4.624249361514813916e-01
-4.691585064368534175e-01
-4.717676931406204477e-01
-4.720627292675457776e-01
-4.716554602312270084e-01
-4.711891112846347540e-01
-4.704808294556296344e-01
-4.681805546794339246e-01
-4.612968479882242345e-01
-4.453426636105133896e-01
-4.230986693679321120e-01
-1.967885401447448945e-01
-1.191739161575652711e-01
-9.033401463664268716e-02
-6.802285460114634863e-02
-5.017629430670230567e-02
-3.571558648179003898e-02
-2.471248255056379337e-02
-1.643521232814419350e-02
-1.051649892190185259e-02
-6.366870507081102970e-03
-3.579508326264903458e-03
-1.765589128584470029e-03
-6.526752992065433523e-04
-1.233923951512305169e-05
4.850375373021910321e-04
1.065572582077438721e-04
-4.261876466181043068e-05
-1.302659738051741532e-04
-3.974233244532430738e-04
5.493454333828081760e-04
-5.333263855098361672e-04
3.124920999201174165e-04
-4.235311087990392708e-04
1.747757844879818244e-04
-2.469036204383401128e-04
3.251691798983848613e-04
-7.021772960785214372e-05
-6.720823575520430476e-04
-1.771757456495588181e-03
-3.592828033574325345e-03
-6.412559217017219267e-03
-1.064573246361841252e-02
-1.672308641625305445e-02
-2.532975543903713891e-02
-3.688527940716371245e-02
-5.238513252326624375e-02
-7.179138947970303830e-02
-9.674249128408360376e-02
-1.293158974484596713e-01
-2.149753229293533685e-01
-4.534615397165038253e-01
-4.624249416440141536e-01
-4.691585068985903995e-01
-4.717676933891997715e-01
-4.720627291881640542e-01
-4.716554600339862291e-01
-4.711891110655012649e-01
-4.704808292126791969e-01
-4.681805555507027039e-01
-4.612968503730603964e-01
-4.453426616444499664e-01
-4.230986615353015123e-01
-1.967885357347308739e-01
-1.191739228398068090e-01
-9.033402665301766554e-02
-6.802285302310324966e-02
-5.017628149769971790e-02
-3.571557969808207555e-02
-2.471248348956252283e-02
-1.643521524491588573e-02
-1.051650466854740090e-02
-6.366871516525984820e-03
-3.579481762605843734e-03
-1.765394816312891840e-03
-6.512531973408376479e-04
-2.559471552900075792e-06
5.527234562722935750e-04
5.197350340107214414e-04
-2.344901110419561879e-04
3.714195586127005868e-04
3.670368017115430734e-04
-1.022663179726538492e-04
5.386556029332314165e-04
1.443377902256822031e-05
5.508140666438478316e-04
4.302407233620919691e-07
1.642749586468072879e-04
3.771554465561898157e-04
-6.400999031132810295e-05
-6.713892919390968038e-04
-1.771691823584318733e-03
-3.592824414259462341e-03
-6.412559374324248648e-03
-1.064572822296679447e-02
-1.672308105357536712e-02
-2.532976287938231569e-02
-3.688528738953726627e-02
-5.238512899547080603e-02
-7.179138366699520934e-02
-9.674248227010333323e-02
-1.293158901842345332e-01
-2.149753214706304205e-01
-4.534615202334623674e-01
-4.624249334789896082e-01
-4.691585040179647170e-01
-4.717676932746734386e-01
-4.720627297758562269e-01
-4.716554601261190305e-01
-4.711891114660856084e-01
-4.704808296204205376e-01
-4.681805546304509957e-01
-4.612968505933862651e-01
-4.453426751860357080e-01
-4.230986965171409930e-01
-1.967885414606279637e-01
-1.191739132878997243e-01
-9.033402225610502601e-02
-6.802285882833164488e-02
-5.017628552120399765e-02
-3.571557957866314248e-02
-2.471247371734837037e-02
-1.643520522620088228e-02
-1.051651023905627973e-02
-6.366882955091794638e-03
-3.579550936693784522e-03
-1.766001647044917111e-03
-6.555068643146034308e-04
-3.047523910505326727e-05
3.659608415806006446e-04
-6.213812035970235235e-04
3.824829317276168549e-05
-2.765552181609202617e-04
4.740962193340846086e-04
7.384258894131284518e-04
-4.988217232924821009e-04
6.008790300537806628e-04
9.689638968413709288e-05
3.657695704593704432e-04
-3.817907375043017850e-04
3.059677365636782474e-04
-6.701082402168927253e-05
-6.652764842820048157e-04
-1.759221922203989003e-03
-3.562739574347009285e-03
-6.344295821241054123e-03
-1.048665028754815383e-02
-1.639570086670567861e-02
-2.465235392541555853e-02
-3.562705129947957294e-02
-5.004209968524347268e-02
-6.784021843042183086e-02
-9.009339742669997264e-02
-1.188925724343738582e-01
-1.964193939981426218e-01
-4.228583125413962196e-01
-4.452968766049886229e-01
-4.613809090972546545e-01
-4.682699389239509680e-01
-4.705490131934901288e-01
-4.712085575868054099e-01
-4.716296447077468756e-01
-4.719897792020842919e-01
-4.716703383535075789e-01
-4.690519458346859571e-01
-4.623797315361711235e-01
-4.535265227756948292e-01
-2.153340621987286096e-01
-1.296017241752020210e-01
-9.697528691139940815e-02
-7.195794796190224663e-02
-5.249215077000921742e-02
-3.694349964494615668e-02
-2.535527442459391614e-02
-1.672777246701255202e-02
-1.063957167872054375e-02
-6.399913709910621737e-03
-3.574589944578506102e-03
-1.743538152944844929e-03
-6.231674703128023667e-04
3.152311967716976140e-05
5.933355502388185489e-04
4.026081388514115341e-04
3.008157708943333527e-04
-1.877700289947430211e-04
2.300314488441661059e-04
-9.475187336892507421e-05
-1.743098785860089391e-05
-2.707062553218706402e-04
-1.330389721027478355e-04
7.279897733151324823e-05
-6.493373082648244406e-05
3.420732284946003321e-04
-6.269443398453359206e-05
-6.647196157183990397e-04
-1.759153609569374423e-03
-3.562734416125341343e-03
-6.344290470402964670e-03
-1.048664931211908645e-02
-1.639570139456240916e-02
-2.465235216065164367e-02
-3.562705967360649262e-02
-5.004210467395373008e-02
-6.784021107714666154e-02
-9.009339882217953788e-02
-1.188925769092622070e-01
-1.964193895239602916e-01
-4.228583002722759443e-01
-4.452968708915691631e-01
-4.613809085404519950e-01
-4.682699390652912408e-01
-4.705490125969056803e-01
-4.712085569676450758e-01
-4.716296444285382750e-01
-4.719897789125822585e-01
-4.716703389943416314e-01
-4.690519478966734823e-01
-4.623797302084152738e-01
-4.535265143559402690e-01
-2.153340594110557393e-01
-1.296017327836318511e-01
-9.697530072720360328e-02
-7.195794672561749150e-02
-5.249213725889333854e-02
-3.694349146709449694e-02
-2.535527394870872378e-02
-1.672777492488240758e-02
-1.063957498764822769e-02
-6.399914121376781492e-03
-3.574610905977227467e-03
-1.743770495929581861e-03
-6.248535912672968174e-04
2.034673281248481833e-05
5.189906066835012774e-04
-2.915458542070850111e-05
-7.587744252123867952e-05
8.482352752436858340e-04
8.897422957476057469e-05
3.555401468553916178e-04
3.176334445275451985e-04
4.714052111604074007e-05
5.379068346770975086e-04
3.727556804223400039e-04
3.667862373132249197e-04
4.047113261075681225e-04
-5.425867896596850518e-05
-6.636258428577197516e-04
-1.759031537618316928e-03
-3.562726088950441631e-03
-6.344288476279521041e-03
-1.048664266957615755e-02
-1.639569350968051592e-02
-2.465235738613422503e-02
-3.562706870701093376e-02
-5.004210481264680793e-02
-6.784020842800028706e-02
-9.009339170644303785e-02
-1.188925717170279811e-01
-1.964193946503220156e-01
-4.228583188916964497e-01
-4.452968763845765454e-01
-4.613809067082114135e-01
-4.682699383228566270e-01
-4.705490127739998529e-01
-4.712085573568888797e-01
-4.716296451883162932e-01
-4.719897793404154718e-01
-4.716703382420087687e-01
-4.690519447427352606e-01
-4.623797174872873450e-01
-4.535264846791636772e-01
-2.153340537935437837e-01
-1.296017213052811645e-01
-9.697529575736590912e-02
-7.195794904047499163e-02
-5.249213989431130573e-02
-3.694349546122398936e-02
-2.535526956891710759e-02
-1.672776762937005710e-02
-1.063957935030789871e-02
-6.399920202587159636e-03
-3.574622835290759259e-03
-1.743851548415251617e-03
-6.251710825851813100e-04
2.003255131505058222e-05
5.289320946686175331e-04
1.046344057680728028e-04
7.171062164770812845e-04
2.201367643470409090e-04
1.935425151256392994e-04
7.842251788514140870e-04
4.602711238177865883e-04
7.911727874534757237e-04
2.080674289343040217e-04
2.304400280963244166e-04
7.128810684988947689e-05
3.640277032354819484e-04
-4.329486987698583442e-05
-6.233485429611215073e-04
-1.667670911577737126e-03
-3.379200465972083140e-03
-6.009903547103982377e-03
-9.891682845320831294e-03
-1.539456613966112657e-02
-2.295615788211733885e-02
-3.290279329014273585e-02
-4.561953418285489420e-02
-6.110226100583641962e-02
-7.973635187939563662e-02
-1.035879366895137987e-01
-1.694936479300233612e-01
-3.713501766072035415e-01
-4.125769391983364898e-01
-4.459426418501271083e-01
-4.616240191972744711e-01
-4.677898936953021614e-01
-4.702556033162471616e-01
-4.718068272497846771e-01
-4.730296698426081359e-01
-4.737436795005514623e-01
-4.729379890635025396e-01
-4.698418209932065936e-01
-4.660370828233889595e-01
-2.229062465796202708e-01
-1.329730868875840799e-01
-9.838534030138619546e-02
-7.220233408077872395e-02
-5.220363845594233609e-02
-3.644141539684878084e-02
-2.484463390578098979e-02
-1.628770841830146435e-02
-1.030094066754859254e-02
-6.158697005356401390e-03
-3.415232566305699633e-03
-1.645987135674929639e-03
-5.688446964413375329e-04
5.618328708463660176e-05
5.742052830619686623e-04
2.891563545317503057e-04
-2.854347121499394881e-04
1.198837182170742644e-04
1.528288128525024446e-06
-6.346413618115641321e-05
-3.255822031548044897e-04
3.500474394795896334e-04
3.569500750052196893e-05
1.143228008764557370e-04
-6.747878830384321594e-05
3.586203658607625623e-04
-4.235795579331873940e-05
-6.230048276272438920e-04
-1.667609095551407516e-03
-3.379194321733878549e-03
-6.009896878948990662e-03
-9.891683746426691362e-03
-1.539457042667858808e-02
-2.295615739947287626e-02
-3.290279946466349859e-02
-4.561953404013217861e-02
-6.110225007886964377e-02
-7.973635397869534291e-02
-1.035879428127323421e-01
-1.694936405366121446e-01
-3.713501234786949490e-01
-4.125769228278807210e-01
-4.459426412454425837e-01
-4.616240206180660111e-01
-4.677898938374451809e-01
-4.702556030597128678e-01
-4.718068266928320820e-01
-4.730296691603661507e-01
-4.737436795761860164e-01
-4.729379871845300620e-01
-4.698417959113187492e-01
-4.660370158956745334e-01
-2.229062358020079959e-01
-1.329730958934508267e-01
-9.838535236476150803e-02
-7.220232882350097192e-02
-5.220362600258537239e-02
-3.644140932000027033e-02
-2.484463340187232500e-02
-1.628771076166682721e-02
-1.030094262701807331e-02
-6.158698204264189541e-03
-3.415279704201002863e-03
-1.646439000413773592e-03
-5.721083173344155724e-04
3.433496483098394695e-05
4.258951781830753102e-04
-6.240285691234432469e-04
-4.132130273107588410e-05
7.329828650874099880e-04
-1.242722926884097589e-05
1.213447285011730239e-04
3.877481280925448599e-04
7.874556603049339689e-05
-7.050151204079853655e-05
4.443819106184889118e-04
-3.080542353148793327e-04
3.242521319082623333e-04
-4.706314519554306820e-05
-6.236337819656362965e-04
-1.667701552443259490e-03
-3.379209658037634137e-03
-6.009895387878022577e-03
-9.891677814081923162e-03
-1.539456590320883479e-02
-2.295616484883341440e-02
-3.290280816473205305e-02
-4.561953081749407085e-02
-6.110224361792872261e-02
-7.973634724803325968e-02
-1.035879407595482193e-01
-1.694936524996345784e-01
-3.713501889370669495e-01
-4.125769438847944892e-01
-4.459426394682082240e-01
-4.616240194494069526e-01
-4.677898942532738857e-01
-4.702556038817011230e-01
-4.718068273759970510e-01
-4.730296694908706079e-01
-4.737436792922860573e-01
-4.729379838529094715e-01
-4.698417748874631483e-01
-4.660369541574959085e-01
-2.229062233884489541e-01
-1.329730785877445698e-01
-9.838534592856372496e-02
-7.220233267408961153e-02
-5.220362835191275780e-02
-3.644141294242885659e-02
-2.484463158117726500e-02
-1.628770695666907631e-02
-1.030094722378613672e-02
-6.158701001667418740e-03
-3.415250335214014415e-03
-1.646162750908349666e-03
-5.699429903687138355e-04
5.021091571106759636e-05
5.437581841712663252e-04
1.812908013633325924e-04
8.745052205774508122e-05
7.799475910820599439e-04
-2.282213049410839086e-05
1.417825291430844300e-04
9.567845657565297521e-04
5.255511447106036042e-04
5.367265678349524092e-04
2.296061768375761141e-04
3.484918357116898271e-04
4.262727117677864749e-04
1.040556799908547633e-07
-5.407525275693675620e-04
-1.489222097604635427e-03
-3.033333720998373454e-03
-5.399981013160141258e-03
-8.859699217305569766e-03
-1.373562914422346050e-02
-2.031844356604995544e-02
-2.889050467296946229e-02
-3.953965174605207633e-02
-5.232782201966860308e-02
-6.707398172570520900e-02
-8.559725945191672125e-02
-1.380430743273206029e-01
-3.030089151789454038e-01
-3.583970794154089368e-01
-4.160944197055287397e-01
-4.483714639180503836e-01
-4.624336942970506126e-01
-4.682267294695445226e-01
-4.713823288711523896e-01
-4.735476314502991557e-01
-4.748269941139767747e-01
-4.740210569668140139e-01
-4.697161315585346997e-01
-4.622082976510359931e-01
-2.183022718227385361e-01
-1.281154956518565646e-01
-9.372411558968476997e-02
-6.822975929197970524e-02
-4.898416926361234131e-02
-3.402278925786874492e-02
-2.307084786300531154e-02
-1.505572809823622210e-02
-9.468565166406924666e-03
-5.627559192599235899e-03
-3.093892692170496696e-03
-1.468676406243541984e-03
-4.827812251706909016e-04
8.821528573049950404e-05
5.542374082297803423e-04
1.980845863048969217e-04
4.356462179632359841e-04
4.697025709315350776e-04
-5.963425277271495540e-05
7.459973727237960341e-04
4.351932836112201264e-04
3.354301665366561072e-04
5.523909343984199005e-04
5.734473648385128488e-04
7.358924542813427214e-04
4.820452772466332137e-04
8.009313546160419070e-06
-5.396229469668530412e-04
-1.489073140713521827e-03
-3.033318520708588352e-03
-5.399973248976978543e-03
-8.859699853839369393e-03
-1.373563340889052270e-02
-2.031844200133369957e-02
-2.889050789402978700e-02
-3.953965037192475745e-02
-5.232781517813427097e-02
-6.707398848960181847e-02
-8.559726301187517428e-02
-1.380430517327759232e-01
-3.030087719900749765e-01
-3.583970415564696754e-01
-4.160944184139388491e-01
-4.483714662478779367e-01
-4.624336947554706367e-01
-4.682267291152985011e-01
-4.713823278145354845e-01
-4.735476307301236254e-01
-4.748269939482608337e-01
-4.740210535806199665e-01
-4.697160986634759672e-01
-4.622081646440343583e-01
-2.183022564134034782e-01
-1.281155059590917689e-01
-9.372412540287695937e-02
-6.822974877676750427e-02
-4.898415687155887460e-02
-3.402278814663282913e-02
-2.307085192157558654e-02
-1.505573034108567861e-02
-9.468565018778848236e-03
-5.627560395512882195e-03
-3.093923290956140850e-03
-1.468941515449083456e-03
-4.844573824067839054e-04
7.879098449670500720e-05
5.024268962947331385e-04
-4.444595610825956625e-05
-3.443236248573052242e-04
8.323303751499720087e-04
1.179729075138169172e-04
-1.549515242710264816e-04
2.785073845454558912e-05
7.416423829113670410e-04
-1.544258391930796641e-04
7.059480933758915163e-04
1.578981656852024133e-04
4.048594505839589594e-04
-1.954094665559000325e-06
-5.408966003416701678e-04
-1.489239264111722567e-03
-3.033341757486981288e-03
-5.399970492919142599e-03
-8.859692989954259801e-03
-1.373563016882419115e-02
-2.031844707824639884e-02
-2.889051330254326436e-02
-3.953964996875970056e-02
-5.232781379360215007e-02
-6.707398260336122631e-02
-8.559726077213836160e-02
-1.380430719227978553e-01
-3.030088935434590014e-01
-3.583970694208702956e-01
-4.160944163291946940e-01
-4.483714671725355649e-01
-4.624336961188747486e-01
-4.682267300623125239e-01
-4.713823287757707980e-01
-4.735476313377626756e-01
-4.748269939473159784e-01
-4.740210493787903046e-01
-4.697160634972285531e-01
-4.622080544726905882e-01
-2.183022314742036341e-01
-1.281154884653840365e-01
-9.372411958424291256e-02
-6.822975218000787434e-02
-4.898416106786646768e-02
-3.402279164229290304e-02
-2.307084837352514281e-02
-1.505572645587090370e-02
-9.468569712811947953e-03
-5.627564304633565599e-03
-3.093897840016946160e-03
-1.468731354668021544e-03
-4.832475024648038848e-04
8.425721442446044973e-05
5.181799180442831854e-04
-1.103435747085704710e-04
3.647131152567797225e-04
6.196171852120734751e-04
5.430895017717762190e-04
5.306879904770834449e-04
7.117479275390413288e-04
8.684545221074996529e-04
1.273076703475811071e-04
5.271298021054867267e-04
-9.209332848117475641e-05
3.531050427222921632e-04
3.677818828696479482e-05
-4.172100025517285209e-04
-1.218140747727858514e-03
-2.519757042182655445e-03
-4.511406293038301880e-03
-7.399264362803175538e-03
-1.144859167087569109e-02
-1.682893577279987937e-02
-2.377209635216768341e-02
-3.217894794914392259e-02
-4.214227317800879613e-02
-5.318183042643816888e-02
-6.664699079959991723e-02
-1.055351502154682486e-01
-2.276099181945672179e-01
-2.808576925851455908e-01
-3.587945209724769935e-01
-4.187727499745055315e-01
-4.499267879950453186e-01
-4.635112658817382991e-01
-4.701645508388834216e-01
-4.736707211531845929e-01
-4.748915213411055158e-01
-4.719442623208487952e-01
-4.605236514486073518e-01
-4.391263432763075625e-01
-1.997373998293829889e-01
-1.144083934813081987e-01
-8.261924727845057492e-02
-5.978324676077841071e-02
-4.264894487770183595e-02
-2.953956801701138404e-02
-1.993448452941146490e-02
-1.296252765416408201e-02
-8.102547781824747178e-03
-4.782780442770725830e-03
-2.598215291898507175e-03
-1.204224495954540940e-03
-3.592573040489892527e-04
1.344168493414872189e-04
5.160977898973164758e-04
-1.791578892834920522e-04
1.122852144334390362e-04
-1.470560423081457117e-04
3.423766548086685266e-04
6.833841784906824002e-04
-2.864761187531763052e-05
-1.134768554741420418e-04
2.591179981169501535e-04
3.534852550990360328e-04
8.097281155281434043e-05
3.762636025234347356e-04
4.004328621646798225e-05
-4.167222540467083246e-04
-1.218076587672313601e-03
-2.519750269142208374e-03
-4.511396666648048379e-03
-7.399265107056497703e-03
-1.144859977947975706e-02
-1.682893719155811527e-02
-2.377209755330910931e-02
-3.217894464087740075e-02
-4.214226634163741048e-02
-5.318183405358263560e-02
-6.664698866724501347e-02
-1.055351062617964075e-01
-2.276095786369989604e-01
-2.808576095529392025e-01
-3.587945181697813624e-01
-4.187727539484584205e-01
-4.499267876086499585e-01
-4.635112646496649669e-01
-4.701645492928678283e-01
-4.736707200913817806e-01
-4.748915212346031534e-01
-4.719442639935463313e-01
-4.605236507110782029e-01
-4.391263138426346746e-01
-1.997373994222573779e-01
-1.144084052466933232e-01
-8.261925633530516067e-02
-5.978324305294401703e-02
-4.264893817196187265e-02
-2.953956299986230938e-02
-1.993448365761691515e-02
-1.296252737250547585e-02
-8.102547563412084222e-03
-4.782782342978107899e-03
-2.598227166049655191e-03
-1.204301919718625546e-03
-3.594710839140382490e-04
1.355556977788675767e-04
5.410628423638855992e-04
9.059209966815101372e-05
-2.178736652129854097e-04
6.209576841069439426e-04
2.554776113805492079e-04
1.881677322133090441e-04
1.341591462237786238e-04
4.260125208092262845e-04
-3.587904445722007746e-04
6.624135661125468569e-04
5.254901600868805856e-04
4.284893313448726515e-04
4.606284785572840190e-05
-4.160288618448417853e-04
-1.218005000845855156e-03
-2.519743500263488690e-03
-4.511388157266544262e-03
-7.399261118477497637e-03
-1.144859827788671618e-02
-1.682893794532793960e-02
-2.377210167746724931e-02
-3.217894623599284326e-02
-4.214226458758156546e-02
-5.318182976753493829e-02
-6.664699518306803350e-02
-1.055351468360949257e-01
-2.276098106677413024e-01
-2.808576583706992591e-01
-3.587945171802364719e-01
-4.187727544412722658e-01
-4.499267877037789742e-01
-4.635112654750615513e-01
-4.701645501689630802e-01
-4.736707206416229110e-01
-4.748915210432524403e-01
-4.719442571200026526e-01
-4.605235808552957666e-01
-4.391259933239404223e-01
-1.997373497357420868e-01
-1.144083895085858255e-01
-8.261924779217300063e-02
-5.978323815355051501e-02
-4.264894266222803848e-02
-2.953957166189042846e-02
-1.993448534539860040e-02
-1.296252557105352123e-02
-8.102548583475343777e-03
-4.782782115990980888e-03
-2.598198499377909164e-03
-1.204054637825407482e-03
-3.578200726337192020e-04
1.456899361086798914e-04
6.054319767901867374e-04
4.685372509504247642e-04
5.617701535449218502e-04
5.034899670671262654e-05
1.985913493171677716e-04
1.152720834631374737e-03
6.783683270016537762e-04
9.029561358724817830e-04
3.593604278550562091e-04
6.823082209663722210e-04
3.696241450891197926e-04
3.907106868593754789e-04
1.109755389586415241e-04
-2.430984534138401606e-04
-8.529062464275686270e-04
-1.842381159458322338e-03
-3.354980670724050547e-03
-5.534597607703617070e-03
-8.579110116640642492e-03
-1.257333825315997897e-02
-1.769177507526584897e-02
-2.376522622323848019e-02
-3.088689416368886609e-02
-3.853449191054172940e-02
-4.758957626780204592e-02
-7.419363744946576300e-02
-1.567364980923692253e-01
-1.952547031386555609e-01
-2.699238635653169460e-01
-3.563101546529215957e-01
-4.194007064443538990e-01
-4.506387596457849809e-01
-4.648818114561377723e-01
-4.713729458466290323e-01
-4.718217532561738703e-01
-4.623382435476139918e-01
-4.341685547108689591e-01
-3.873237802954078712e-01
-1.661344714562734415e-01
-9.218338411440443747e-02
-6.539176968666347844e-02
-4.702845739177393541e-02
-3.327921493664744157e-02
-2.299387046188525879e-02
-1.542506078068763345e-02
-9.988475501922137664e-03
-6.191033157921787058e-03
-3.615709472994690660e-03
-1.923505071656288375e-03
-8.490980039410106657e-04
-1.944274477166566364e-04
2.151591494707368447e-04
6.505519457263927866e-04
5.888454814697771916e-04
3.667265655280960851e-04
7.898500261607950285e-04
-1.941408623751394330e-04
7.791264633098150946e-04
-9.746452294466385045e-05
2.363677430753409188e-04
6.133965318954418553e-04
9.377505275867397024e-04
-1.625729150462850965e-04
3.307806042259710429e-04
1.046071779361206953e-04
-2.437304998576513362e-04
-8.529696059861385186e-04
-1.842384805999455625e-03
-3.354973503582371792e-03
-5.534601236850616481e-03
-8.579115612366947086e-03
-1.257333696889585337e-02
-1.769177522850639769e-02
-2.376522073437079691e-02
-3.088688812020696367e-02
-3.853449749364121213e-02
-4.758957662720168791e-02
-7.419360462937349410e-02
-1.567363207334378228e-01
-1.952546722397064394e-01
-2.699238709350603171e-01
-3.563101613655280109e-01
-4.194007060382212160e-01
-4.506387577004145051e-01
-4.648818102407147879e-01
-4.713729453775296063e-01
-4.718217548849036325e-01
-4.623382524308582431e-01
-4.341686068681037125e-01
-3.873240286261787624e-01
-1.661345048245493339e-01
-9.218340399817094577e-02
-6.539177032508226850e-02
-4.702844811335727543e-02
-3.327921472863260705e-02
-2.299386973341407264e-02
-1.542505971862519372e-02
-9.988476113623290936e-03
-6.191033596996417011e-03
-3.615709846553920651e-03
-1.923523385647217835e-03
-8.492593826480397678e-04
-1.954578087575500076e-04
2.089451367675428605e-04
6.116248932785692347e-04
3.635266146129792464e-04
8.200465605999127930e-04
-1.512163100965394265e-04
6.866410040393013245e-04
1.509406961222937754e-04
6.871980148876527181e-04
4.331762599723295399e-04
-1.528647601658236039e-04
3.146569487720986096e-05
-1.051939250316060495e-04
3.477760966958317332e-04
1.082031403698226928e-04
-2.430800264265770287e-04
-8.528645308559069200e-04
-1.842371026597799683e-03
-3.354967306321908743e-03
-5.534595926555558633e-03
-8.579110666468624247e-03
-1.257333730513448058e-02
-1.769178182111113065e-02
-2.376522483368924757e-02
-3.088688882725643126e-02
-3.853449346878820569e-02
-4.758957377063604416e-02
-7.419361767246454575e-02
-1.567363303236748717e-01
-1.952546655529979747e-01
-2.699238591701073608e-01
-3.563101631932674151e-01
-4.194007075206594992e-01
-4.506387590481987782e-01
-4.648818111400873088e-01
-4.713729454040836986e-01
-4.718217550351085365e-01
-4.623382486188903351e-01
-4.341685279388191598e-01
-3.873234519346039906e-01
-1.661344093960168689e-01
-9.218338254834328171e-02
-6.539177140707959357e-02
-4.702844580737742392e-02
-3.327921304710847877e-02
-2.299386961442500404e-02
-1.542506196865290127e-02
-9.988480402111671319e-03
-6.191035521628224236e-03
-3.615706919960013331e-03
-1.923496945809965953e-03
-8.490484107534807413e-04
-1.940779828911785951e-04
2.172351636606273438e-04
6.622798462675790095e-04
6.464444962686904548e-04
8.035685030761505632e-04
9.205186069126471441e-04
6.426346582455018342e-04
7.652386637903807421e-04
2.569781691217442292e-05
7.117353331686359242e-04
-1.056772749767703962e-04
6.516952659274733882e-04
-5.103061802254931287e-05
4.108627274260210683e-04
2.206408153725708684e-04
-2.037623687566220853e-05
-4.047536749389549779e-04
-1.024988104147193154e-03
-1.972286313975586160e-03
-3.333239998399411749e-03
-5.230280677258686978e-03
-7.700404178592878436e-03
-1.085145579645188478e-02
-1.454237937639128210e-02
-1.883449114792982992e-02
-2.333989615232470380e-02
-2.852685851831668687e-02
-4.400333442280345703e-02
-9.204906389308803449e-02
-1.140153063371088515e-01
-1.632796346675845778e-01
-2.418996154121260123e-01
-3.350503966756723795e-01
-4.063614754071852575e-01
-4.448169893402753594e-01
-4.603302513485026948e-01
-4.577422787115504876e-01
-4.287363132459892645e-01
-3.619840523025383838e-01
-2.846029071011378919e-01
-1.144751739060486800e-01
-6.130527952505296363e-02
-4.243946139626148667e-02
-3.024289981925657594e-02
-2.115024950721577923e-02
-1.453758814006045688e-02
-9.659377512072461064e-03
-6.198633550825616290e-03
-3.779713375977196942e-03
-2.152045566318388451e-03
-1.085381739526256918e-03
-4.121505207405262911e-04
-8.854514160897793307e-07
2.778425857031065530e-04
6.585747349803013247e-04
9.355158569143383600e-04
5.287575261340588797e-04
1.462181107438525259e-04
-1.135942303294892565e-04
1.154925103254937890e-04
-8.682218544588156807e-05
9.860773206101279900e-04
2.723287237818452339e-04
8.162710690526515413e-04
4.822049226945856874e-04
4.768621033521856312e-04
2.285872087820942729e-04
-1.942681556556524679e-05
-4.046449689765239748e-04
-1.024975511404149515e-03
-1.972279682914010891e-03
-3.333243800938002176e-03
-5.230287179998650664e-03
-7.700403442490414731e-03
-1.085145556161570476e-02
-1.454237368864029663e-02
-1.883448484976025031e-02
-2.333989797685019282e-02
-2.852686127209374742e-02
-4.400332529774954315e-02
-9.204897295019771886e-02
-1.140152814119265584e-01
-1.632796439913211939e-01
-2.418996212999335038e-01
-3.350503919241900053e-01
-4.063614704449235449e-01
-4.448169855808290496e-01
-4.603302520715202295e-01
-4.577422836069692247e-01
-4.287363285513376976e-01
-3.619840989183936708e-01
-2.846031739979047459e-01
-1.144751945303824070e-01
-6.130530212754393971e-02
-4.243947015725107325e-02
-3.024289714779715074e-02
-2.115025448821657161e-02
-1.453758768568228117e-02
-9.659375481244349484e-03
-6.198636205474981203e-03
-3.779712972761345609e-03
-2.152044399887367235e-03
-1.085408933321837296e-03
-4.123672801127855237e-04
-2.379869748108992627e-06
2.677271780106913585e-04
5.869830105040776567e-04
4.624334024124801242e-04
2.634864557350773931e-04
-2.031597538481202231e-04
3.871862401675239731e-04
-2.811214215776854206e-04
4.035285067939617664e-05
7.892742925151795513e-05
3.444413505153402408e-04
3.705561630579377245e-04
6.133022360442771459e-04
5.001815811342536075e-04
2.327409837187843799e-04
-1.869011579219320197e-05
-4.045281264416919422e-04
-1.024963045608183942e-03
-1.972274606344874039e-03
-3.333244275254617674e-03
-5.230286470756214182e-03
-7.700399917242252770e-03
-1.085145858951406563e-02
-1.454237674236186564e-02
-1.883448571264187063e-02
-2.333989589756805746e-02
-2.852685538989552932e-02
-4.400332825167328765e-02
-9.204900874237882669e-02
-1.140152827998222318e-01
-1.632796468028363535e-01
-2.418996319504874704e-01
-3.350503976955199192e-01
-4.063614713938301648e-01
-4.448169866043603649e-01
-4.603302516287415824e-01
-4.577422838582985709e-01
-4.287363310118573745e-01
-3.619840537019623494e-01
-2.846025751910628565e-01
-1.144751040394312580e-01
-6.130528315569658965e-02
-4.243947286440233335e-02
-3.024289305260860483e-02
-2.115025155478890070e-02
-1.453758699784376239e-02
-9.659378578498762496e-03
-6.198639891901569672e-03
-3.779711954991177552e-03
-2.152040891991944312e-03
-1.085392741840786410e-03
-4.122415037411411251e-04
-1.698572152271146807e-06
2.707692403092813943e-04
5.982883979269534207e-04
4.834667441290527515e-04
6.632734519541398340e-04
3.026496495255309575e-04
6.920249782221863733e-04
3.216842097380652184e-04
-3.475162560905764093e-05
6.236322186274154285e-05
6.760139490452684186e-04
8.522650491937274874e-04
4.985875669906913651e-04
5.488833281742634901e-04
3.613339690617745417e-04
2.349968172710172575e-04
9.984102342114875019e-05
-1.122335106918466072e-04
-4.359190653326365972e-04
-9.041663818625854734e-04
-1.559094825905973187e-03
-2.414984501462350604e-03
-3.508604406035557843e-03
-4.788583824259336902e-03
-6.275412124731311395e-03
-7.822607654963167553e-03
-9.577885384979315311e-03
-1.478765677946266253e-02
-3.133044131200649063e-02
-3.876841244613066922e-02
-5.650198223681761334e-02
-9.019818172765343978e-02
-1.487502041777434558e-01
-2.344981802636649515e-01
-3.286585929398704309e-01
-3.889298021573112663e-01
-3.729061354494342950e-01
-2.821125109982097201e-01
-1.813357148855901657e-01
-1.187714714747815509e-01
-4.395736324523775995e-02
-2.216386223661914040e-02
-1.463082645782183729e-02
-1.014470447192924313e-02
-6.900990231087385414e-03
-4.625315516884678790e-03
-2.964367435776342399e-03
-1.806537220161505983e-03
-1.005189168492364241e-03
-4.735079840458822332e-04
-1.299834373848248023e-04
8.313900233858466653e-05
2.102755128498156223e-04
3.067104245113748059e-04
4.356083282333999673e-04
1.187768568715292425e-05
9.389652875108308911e-05
3.442362361666185849e-04
9.600765603449859346e-04
1.375452461102837434e-03
8.027061588874514087e-04
1.217776914833259552e-03
6.810815499364367143e-04
5.302891922925550118e-04
5.658785349888620407e-04
5.572466215261933156e-04
3.621864175639349990e-04
2.350496374216433327e-04
9.984375985594205565e-05
-1.122327373132405782e-04
-4.359171306735597218e-04
-9.041669790796826468e-04
-1.559098961767410151e-03
-2.414984340027457807e-03
-3.508600850489742608e-03
-4.788578679797344216e-03
-6.275411711974454056e-03
-7.822609994123645716e-03
-9.577890981766676998e-03
-1.478767973924946348e-02
-3.133048104440486203e-02
-3.876840104039263463e-02
-5.650198423909316009e-02
-9.019818215028124753e-02
-1.487501972333050704e-01
-2.344981854626045636e-01
-3.286586031039152034e-01
-3.889298129633155798e-01
-3.729061595516632299e-01
-2.821125458456931190e-01
-1.813357711676002459e-01
-1.187719221075994730e-01
-4.395740758490607886e-02
-2.216389607000063960e-02
-1.463084284874061405e-02
-1.014470104863950117e-02
-6.900985258834040244e-03
-4.625309892048768377e-03
-2.964369073333549855e-03
-1.806540822652100229e-03
-1.005186155587844618e-03
-4.735105052120140538e-04
-1.300072686474844027e-04
8.303635112866756000e-05
2.098826792995554292e-04
3.063245074487737731e-04
4.488515715243351304e-04
1.936921670382343202e-04
7.431958300571270791e-04
4.452603200949656185e-04
6.626458506544956372e-04
2.344662546801474015e-04
1.794915726817843658e-04
2.944332673931315944e-04
6.420268915643353210e-05
7.891317227357454818e-04
6.442349060142560629e-04
5.781510744354552509e-04
3.665808325479487438e-04
2.359033334959999479e-04
9.998743388860167306e-05
-1.122171835577064829e-04
-4.359160762710360417e-04
-9.041653853510423769e-04
-1.559097481677727826e-03
-2.414979988148595325e-03
-3.508602351028140571e-03
-4.788589246801394639e-03
-6.275413794334067791e-03
-7.822598494154751891e-03
-9.577890805660438031e-03
-1.478771028803909163e-02
-3.133055466437567604e-02
-3.876841014440737809e-02
-5.650198636181516521e-02
-9.019818590186320928e-02
-1.487501910570511177e-01
-2.344981763647977224e-01
-3.286586003081068408e-01
-3.889298089007619530e-01
-3.729061425013937559e-01
-2.821125229089734288e-01
-1.813357154694933138e-01
-1.187713228679348615e-01
-4.395728797790914716e-02
-2.216387681375431989e-02
-1.463086134681310622e-02
-1.014470409065848511e-02
-6.900980970833033891e-03
-4.625310542685596646e-03
-2.964373139486266035e-03
-1.806540252356787736e-03
-1.005180102117684366e-03
-4.735073835548538577e-04
-1.299908123736935096e-04
8.318059162540486213e-05
2.106745035451543268e-04
3.099681634877973942e-04
4.623086197194395896e-04
2.062483938223475303e-04
