6.685948525705081181e-04
3.829309442881570751e-04
-4.392471949537790090e-04
2.424360245312912044e-04
2.296525531642871110e-04
5.378411616615909667e-06
2.974728860550554044e-04
4.595805497302626820e-04
6.817116543684358131e-05
6.992071749249759551e-04
2.475801168649128647e-03
5.464969676916369389e-03
9.401632313034211444e-03
1.479129625739066846e-02
2.209454384320429232e-02
3.187103032681587456e-02
4.436214999868509645e-02
5.999586389856761265e-02
7.855422223273478277e-02
1.005324599995114920e-01
1.262768928975472327e-01
1.586812711820696498e-01
2.082397599052941972e-01
3.119863541722511235e-01
4.876295302966617840e-01
4.795808208551241569e-01
4.706292399539347415e-01
4.554629736153204544e-01
4.232066689285064465e-01
3.553356969039082602e-01
2.378177428995125742e-01
7.470238566705565686e-02
-1.205621131530429102e-01
-2.954952277275669226e-01
-4.024194531293996957e-01
-4.514938140014941870e-01
-2.941127248553330187e-01
-2.016338073264311581e-01
-1.560735145544775437e-01
-1.231668093496450789e-01
-9.729912580282468193e-02
-7.484474746074934459e-02
-5.631520421655158981e-02
-4.095421473242599059e-02
-2.893768150898207853e-02
-1.975684732331849797e-02
-1.304881548414211709e-02
-8.249598793067209473e-03
-4.851585305092786377e-03
-2.340883626773637097e-03
-1.925354513668640769e-04
-2.152164314160963767e-04
-4.675113607466531884e-04
-1.772077520779964232e-04
-6.322225440341079031e-04
-1.573491451094580738e-05
1.220311575517767712e-04
3.343855656804132419e-04
-2.082580391175827461e-04
9.422468567566479037e-05
1.549029055415002731e-05
3.186222569307256775e-04
2.421700700984082567e-03
5.456740933040596028e-03
9.400336365892792215e-03
1.479108568327159277e-02
2.209450493291087100e-02
3.187101908122767085e-02
4.436215196435313451e-02
5.999586793488701636e-02
7.855422173951773224e-02
1.005324552351811590e-01
1.262768853762913923e-01
1.586812677996311816e-01
2.082397433797052722e-01
3.119862541443622628e-01
4.876285912648699039e-01
4.795807011233348405e-01
4.706292238905935288e-01
4.554629656266674931e-01
4.232066538555001589e-01
3.553356851041262199e-01
2.378177363922097387e-01
7.470238064700839009e-02
-1.205621165207082235e-01
-2.954952582076559864e-01
-4.024196023838184089e-01
-4.514950458298166436e-01
-2.941129206695414222e-01
-2.016338407056357251e-01
-1.560734935311372806e-01
-1.231668023888350672e-01
-9.729912749473219880e-02
-7.484475077495915396e-02
-5.631521316802546445e-02
-4.095421825730526100e-02
-2.893770022420792676e-02
-1.975695043568238135e-02
-1.304935058436866406e-02
-8.252508518593722198e-03
-4.867687013790265686e-03
-2.431319682078254916e-03
-7.095029899847782751e-04
-2.842687244747461547e-04
-2.061186087221217615e-04
1.505740489205258380e-06
-3.278627875674115138e-04
3.819673553366786576e-05
-1.156496407223737472e-04
2.939030393053621145e-04
-3.891883432443728132e-04
4.039250575478429755e-04
6.144688917667343086e-04
4.188258081404569542e-04
2.452736430468470397e-03
5.464031606005079721e-03
9.401875591986704958e-03
1.479139727442277223e-02
2.209456724682966680e-02
3.187103115840790590e-02
4.436215565002264716e-02
5.999586481250944459e-02
7.855421674286861000e-02
1.005324555182589702e-01
1.262768889958068852e-01
1.586812662111224403e-01
2.082397181531912833e-01
3.119861644584843718e-01
4.876279231382813495e-01
4.795806431251681823e-01
4.706292234661284546e-01
4.554629757553411706e-01
4.232066640508154731e-01
3.553356849068791123e-01
2.378177320556886798e-01
7.470238266602174937e-02
-1.205621189589650560e-01
-2.954952695528438311e-01
-4.024195639448387429e-01
-4.514951924039268261e-01
-2.941129243396712889e-01
-2.016338619449859204e-01
-1.560734936939453255e-01
-1.231667993249833115e-01
-9.729912181414068773e-02
-7.484475067272604309e-02
-5.631521444989273650e-02
-4.095421337532407363e-02
-2.893768202115868521e-02
-1.975683369898088501e-02
-1.304868602905351338e-02
-8.248775974642182790e-03
-4.845949357682017254e-03
-2.298534190826832281e-03
1.503657559974145869e-04
4.151034237097761407e-04
9.797482234395341126e-05
1.711006719992260252e-04
-3.640550654018485927e-05
7.212997799548343403e-04
-2.911020209910932552e-04
-2.723964965361877076e-04
-6.366109160071189163e-05
6.491670043575382834e-04
-2.770084412048674148e-05
4.918161701324048364e-05
2.285016450374809018e-03
5.203346911265426152e-03
8.968344657128007880e-03
1.411924442323050574e-02
2.111781045354975406e-02
3.050886886513185653e-02
4.256226064670580456e-02
5.770237500598310310e-02
7.578785754341163527e-02
9.730256185019141302e-02
1.226555191891732233e-01
1.547009815860962700e-01
2.035187121977799496e-01
3.047659381445079751e-01
4.691988474726973557e-01
4.588957747826598044e-01
4.373367058992884138e-01
3.915019292772913273e-01
3.100985862447719343e-01
2.115565215311299430e-01
1.216354036827753254e-01
4.210806795797803620e-02
-4.466589738378406310e-02
-1.510208242995211558e-01
-2.723167856097549744e-01
-3.636820908035400257e-01
-2.577237123418257836e-01
-1.824718634472174694e-01
-1.434329294794309539e-01
-1.143431772298876964e-01
-9.064915637469983523e-02
-6.998169407396588604e-02
-5.268947651392599102e-02
-3.837228669823705696e-02
-2.711647809045887939e-02
-1.852699665461800954e-02
-1.223648724637864046e-02
-7.735455908228633382e-03
-4.536049308619284105e-03
-2.130847411393911508e-03
1.816779601642158376e-04
3.440446231011330290e-04
1.133732165053857362e-04
-5.216967087559853120e-04
-8.220883501670129059e-04
3.595495436332269996e-04
-3.533645532320061592e-04
5.167366223919080386e-04
1.066080404109106405e-04
8.353494822290526839e-04
-1.215608856546964128e-04
2.137691640325515316e-04
2.289868567785197356e-03
5.201143537347638693e-03
8.967561587038595447e-03
1.411905237133962918e-02
2.111776709449484854e-02
3.050886172540293387e-02
4.256226291728144179e-02
5.770237741686606164e-02
7.578785899470727450e-02
9.730256221368779879e-02
1.226555245059778865e-01
1.547009900686567019e-01
2.035187042124448065e-01
3.047658842401560486e-01
4.691985482741226066e-01
4.588957393875827684e-01
4.373367012250901076e-01
3.915019273275327505e-01
3.100985806941488621e-01
2.115565242725269968e-01
1.216354116329849133e-01
4.210807457953926608e-02
-4.466588664096897421e-02
-1.510208237830251987e-01
-2.723168097692941214e-01
-3.636821971960673139e-01
-2.577237504547217339e-01
-1.824718718065387879e-01
-1.434329324364863045e-01
-1.143431798864526505e-01
-9.064915181799354515e-02
-6.998169058479629390e-02
-5.268948399879469502e-02
-3.837229238285003174e-02
-2.711649875739203033e-02
-1.852713302430170766e-02
-1.223724434372103209e-02
-7.739691241683948827e-03
-4.560082789333038192e-03
-2.269340901905979486e-03
-6.296014022765416456e-04
6.456045606887743881e-05
-1.948513461447816289e-04
3.979253689531522462e-04
-2.980502245766426632e-04
4.470720452379027435e-04
3.581511911055797865e-04
-7.821370618210765472e-05
3.490995867587737972e-04
2.098661418063125822e-05
6.561713562925165300e-04
4.447248152266691768e-04
2.338420783110064551e-03
5.211391155702837022e-03
8.969658202184852339e-03
1.411947351364803253e-02
2.111785353055295814e-02
3.050887811540995906e-02
4.256226409858594739e-02
5.770237959509610243e-02
7.578786564332450071e-02
9.730256533819901799e-02
1.226555261673313302e-01
1.547009911586117170e-01
2.035186873266879581e-01
3.047657835096476142e-01
4.691977478077488661e-01
4.588956684691513632e-01
4.373366996135076290e-01
3.915019373910028078e-01
3.100985999406986049e-01
2.115565368044803884e-01
1.216354132065922411e-01
4.210807749070085565e-02
-4.466588681705534192e-02
-1.510208392581214309e-01
-2.723167622236824514e-01
-3.636818881165574391e-01
-2.577237185214665272e-01
-1.824718750100843279e-01
-1.434329320503890393e-01
-1.143431788845638147e-01
-9.064914779479105178e-02
-6.998168650103041288e-02
-5.268948444582355339e-02
-3.837228728076111373e-02
-2.711647688473312404e-02
-1.852702184143498187e-02
-1.223666860478945552e-02
-7.736751186740282137e-03
-4.545386186663009052e-03
-2.200050700432166096e-03
-3.472115940608600675e-04
-3.543938124064835503e-04
5.215590385268490813e-05
7.039519874450087043e-05
3.960082906401259464e-04
-2.012405964119794120e-05
7.251807289037709653e-05
3.733612790326614568e-04
-4.402871364473402171e-06
-5.255498742512712497e-04
6.452742887612233089e-04
6.761180173931704207e-04
2.161727078395324526e-03
4.728326013204573429e-03
8.131369862984454133e-03
1.281237379154968187e-02
1.920788064039427590e-02
2.782965673144076335e-02
3.899264179904399913e-02
5.311723813768714358e-02
7.019653216951937669e-02
9.070570759194945820e-02
1.151517257963179663e-01
1.463382689348755039e-01
1.936396761069457406e-01
2.910353760034156689e-01
4.452154335301182209e-01
4.238813519637790184e-01
3.751873846626213038e-01
2.944910750471088079e-01
2.049766446106066897e-01
1.360564916669145530e-01
8.492439588562450403e-02
3.895283144569260114e-02
-1.410746992307271817e-02
-7.861635092819083126e-02
-1.636250667789378166e-01
-2.538014696213360399e-01
-2.006096282009985632e-01
-1.492192806034446928e-01
-1.203751223590081021e-01
-9.767197013546971562e-02
-7.804260905635254653e-02
-6.068635330952935197e-02
-4.580769460723067843e-02
-3.347301925911079501e-02
-2.368336984552388627e-02
-1.621344106179590377e-02
-1.071697891695026945e-02
-6.781314279303590764e-03
-3.976772826289646026e-03
-1.892883008744922256e-03
-1.370009555729132737e-04
-2.017948963056553598e-04
-4.894501897625031265e-05
1.689562996274571768e-04
-8.643676270957201865e-04
-2.923675218624669173e-05
-1.591626684849961908e-04
3.473076250821454823e-04
5.140571309642969036e-05
4.544304357970230593e-04
-4.616980982494173604e-04
1.763511851954683283e-04
2.089122596418923911e-03
4.716534644395085560e-03
8.129328755503453102e-03
1.281200103270353774e-02
1.920781388529321093e-02
2.782964648668057039e-02
3.899263722003904614e-02
5.311723834593996829e-02
7.019653563063270318e-02
9.070571106974212316e-02
1.151517282936499187e-01
1.463382652499457537e-01
1.936396603385016069e-01
2.910352999950727160e-01
4.452148896796198074e-01
4.238812793112400890e-01
3.751873782608128316e-01
2.944910737204050055e-01
2.049766398104353182e-01
1.360564882407813980e-01
8.492439782979309404e-02
3.895283690199826537e-02
-1.410746381583930474e-02
-7.861634153895624699e-02
-1.636250795695213534e-01
-2.538015795119987761e-01
-2.006096435278863777e-01
-1.492192917240261762e-01
-1.203751391561760781e-01
-9.767197006585108532e-02
-7.804260425534105539e-02
-6.068635453089578358e-02
-4.580769981364034293e-02
-3.347302571934732823e-02
-2.368338542431076485e-02
-1.621353642035448447e-02
-1.071748025478679207e-02
-6.783852363152998929e-03
-3.989391990220992126e-03
-1.954605614763309154e-03
-4.359515518967552530e-04
1.106565565931498713e-04
-7.013218581710269734e-06
-4.017239314249914316e-04
-3.514723211611599208e-04
1.135279848034095418e-04
-7.167506487735868757e-04
3.154391544071639074e-04
-2.359863159228488489e-04
5.252090198830727872e-05
1.455131469315890753e-04
6.872156743899047321e-04
2.173862566702999561e-03
4.731715859618874399e-03
8.132124996880122844e-03
1.281252782956923165e-02
1.920791350921878526e-02
2.782966380608360712e-02
3.899263992364192244e-02
5.311724100286923517e-02
7.019653799923694648e-02
9.070571016099013284e-02
1.151517292482465427e-01
1.463382690732541458e-01
1.936396635867068672e-01
2.910352917109463311e-01
4.452149121112974894e-01
4.238812808925307429e-01
3.751873786640477215e-01
2.944910779334219963e-01
2.049766470441719279e-01
1.360564955565506939e-01
8.492440573311137164e-02
3.895283653719360667e-02
-1.410746913322236638e-02
-7.861634116137489192e-02
-1.636250365566537246e-01
-2.538013029507783513e-01
-2.006095910035823604e-01
-1.492192741679531087e-01
-1.203751462131080890e-01
-9.767197239784282392e-02
-7.804260453333029812e-02
-6.068635375116739755e-02
-4.580769974740854511e-02
-3.347302301050816831e-02
-2.368337301348332966e-02
-1.621347135119160024e-02
-1.071712834568944346e-02
-6.781950644229619435e-03
-3.978654052043045092e-03
-1.890428455283771391e-03
-2.350738222555682233e-05
1.253579925063069812e-05
1.098527900901239183e-04
5.198613215298202809e-04
-2.503161475982398844e-04
2.904365131327443393e-04
-5.061010483745815875e-04
4.831848161410139293e-04
-9.808138609689977721e-06
8.330306845988823695e-04
5.194492329012091215e-04
1.498197522613378945e-04
1.779488245234431363e-03
4.015190413317856581e-03
6.928047518437539971e-03
1.093747399192472602e-02
1.645430331865483514e-02
2.394078868414362474e-02
3.376059585641334043e-02
4.632126920683903026e-02
6.179598556686411587e-02
8.063619284118626884e-02
1.035066011029551897e-01
1.330309877455677359e-01
1.775858880647506466e-01
2.682899320565943491e-01
4.064932078236749846e-01
3.655619150973450360e-01
2.899829259939533110e-01
2.067304589446380958e-01
1.426442024410471965e-01
1.008036401263520815e-01
6.887258919513754296e-02
4.015177709446637183e-02
7.402186734472899002e-03
-3.323720350882304608e-02
-8.894825756584126553e-02
-1.541869510768933138e-01
-1.357454912233352073e-01
-1.071304918700274472e-01
-8.968231280657984472e-02
-7.467530271864607216e-02
-6.055746904113706863e-02
-4.766579266063396270e-02
-3.621382953118382902e-02
-2.662950147383117555e-02
-1.890701924981708082e-02
-1.299141341391084337e-02
-8.604836631045937115e-03
-5.454551891847182234e-03
-3.195783472118275247e-03
-1.505828067046475647e-03
-1.074645073441355070e-04
2.714922961688730858e-04
-9.827326005326733084e-05
-3.584339244697732100e-04
3.514174891127721753e-04
3.838945501229752981e-04
4.922992180567400608e-04
-1.693635599429475433e-04
-8.414181066782236006e-05
4.113919262082642650e-04
-8.582063682595167419e-05
9.421499302614223456e-05
1.752527126311980007e-03
4.007672185802156964e-03
6.926272859132060443e-03
1.093708426241762725e-02
1.645422518728593617e-02
2.394077142606654621e-02
3.376059025750628717e-02
4.632126956876381207e-02
6.179598577398486003e-02
8.063619282213077555e-02
1.035066000087879329e-01
1.330309836276551694e-01
1.775858781077648552e-01
2.682898829716164890e-01
4.064929029136101213e-01
3.655618669878883953e-01
2.899829218320758017e-01
2.067304599170395885e-01
1.426442047220767007e-01
1.008036368688130097e-01
6.887258631759918259e-02
4.015177597814060390e-02
7.402181241606701524e-03
-3.323720577955186634e-02
-8.894827392481731432e-02
-1.541870695347626607e-01
-1.357455080283099247e-01
-1.071305005011562034e-01
-8.968232073000231841e-02
-7.467530289294486978e-02
-6.055746537830929838e-02
-4.766579148888254458e-02
-3.621382795321103493e-02
-2.662950340507674180e-02
-1.890702889177008073e-02
-1.299145291286988094e-02
-8.605013778593753604e-03
-5.455238060998525949e-03
-3.197293271897027819e-03
-1.495759980536372083e-03
1.029716077272554964e-04
1.477000151014504572e-04
3.373020208854776282e-06
-5.596125362574709593e-04
-6.690502695097714221e-07
1.533179639234651180e-04
1.113674667995948476e-04
9.070449373067033876e-05
-1.944306532072572120e-04
-1.496053618195807814e-04
-1.860541427601994455e-04
3.060809408349392767e-04
1.800805903027692060e-03
4.018370856983035158e-03
6.928547951434544175e-03
1.093755714973348829e-02
1.645432065810965502e-02
2.394078972001314337e-02
3.376059288681407949e-02
4.632127044369634822e-02
6.179598531015270679e-02
8.063619371302388483e-02
1.035066019506801771e-01
1.330309810889957201e-01
1.775858829967699171e-01
2.682899112148683374e-01
4.064931222299743019e-01
3.655619026549593586e-01
2.899829233892232683e-01
2.067304575669636768e-01
1.426442046693534860e-01
1.008036381701445661e-01
6.887259140059595608e-02
4.015177794333162076e-02
7.402175908875302697e-03
-3.323719495759294706e-02
-8.894823951089222969e-02
-1.541869687707552450e-01
-1.357454870088576349e-01
-1.071304910479453226e-01
-8.968232333096946840e-02
-7.467529951274030908e-02
-6.055746577673344622e-02
-4.766579423313366259e-02
-3.621382657737212685e-02
-2.662950400876354026e-02
-1.890703166498389209e-02
-1.299146261690997152e-02
-8.605091019167353944e-03
-5.455827074555179637e-03
-3.201748815860166238e-03
-1.530737312648420721e-03
-1.838453089991934190e-04
-3.704846141698053710e-04
4.938851139746764903e-04
-1.637313870513791689e-04
-2.839775464674765574e-04
-9.347637623989070080e-06
1.607221485648907400e-05
7.775722141364468844e-04
3.278674065109140386e-04
-2.684814203366083407e-04
-8.680753753285877072e-05
4.062456749922021713e-04
1.421477120705442803e-03
3.141730210783730010e-03
5.429241513179813329e-03
8.593811903550690676e-03
1.298959282243022754e-02
1.901091105505968784e-02
2.704826006750053052e-02
3.749090259021107402e-02
5.069018616103286579e-02
6.707858166801562716e-02
8.748990392114097681e-02
1.141869176571323752e-01
1.542041645930340432e-01
2.338784069705533153e-01
3.472837532809093242e-01
2.868588723114526839e-01
2.067652488234619224e-01
1.442715150619642284e-01
1.053435666199903920e-01
8.231120165028708857e-02
6.395412322667221039e-02
4.563052932293535507e-02
2.370460702089723093e-02
-4.073801012327347526e-04
-3.024115136858355340e-02
-6.576054246268822623e-02
-6.802169623195981896e-02
-5.972526935660570080e-02
-5.377398765894852994e-02
-4.706743763508471068e-02
-3.945720174657112861e-02
-3.183196550928604068e-02
-2.458416688837055872e-02
-1.831416787537562194e-02
-1.311716993996139488e-02
-9.077205424382006616e-03
-6.040298086070799294e-03
-3.842512997935394661e-03
-2.249111695021628610e-03
-9.973861898399942645e-04
4.776093808643507867e-04
-5.501589116413438223e-04
-3.618153693579448686e-04
-3.662629337508647260e-04
1.823524490158255434e-04
5.425396280031751693e-05
-9.756180518737304452e-05
1.460609842390734562e-04
2.040446409706135676e-04
1.927908389460876513e-04
-2.959720428543160479e-04
9.986871853378715704e-05
1.359087636396624993e-03
3.128652440494939565e-03
5.426530456762414939e-03
8.593256483975020288e-03
1.298948124212120046e-02
1.901088574143033547e-02
2.704825381290963324e-02
3.749090171602088850e-02
5.069018596293253798e-02
6.707858213984917162e-02
8.748990425637434565e-02
1.141869183280305455e-01
1.542041646116727727e-01
2.338783866394727184e-01
3.472836450802474495e-01
2.868588512691267467e-01
2.067652473549731751e-01
1.442715212996704688e-01
1.053435710022229688e-01
8.231120395401336776e-02
6.395412372706174575e-02
4.563052468062817058e-02
2.370460516684564506e-02
-4.073842012207669382e-04
-3.024117373442177653e-02
-6.576058945217216900e-02
-6.802169541941044395e-02
-5.972527004221178659e-02
-5.377399000418613129e-02
-4.706744233289121560e-02
-3.945720328259858661e-02
-3.183196267019559877e-02
-2.458416313087593424e-02
-1.831416719911242025e-02
-1.311717155494217940e-02
-9.077204750139136746e-03
-6.040337372118118227e-03
-3.843175296840556799e-03
-2.256645667360670463e-03
-1.072844734421012167e-03
-2.325788941506823370e-04
-6.419960004144202993e-05
-1.363122849112854333e-04
4.303819524137552006e-04
2.356487709137508770e-05
-4.770055473036207902e-04
-3.595795008458681501e-04
-1.069287385072813234e-06
-7.806086324795279705e-06
2.113828959435624328e-05
-9.712223261009204564e-05
3.102329885846245557e-04
1.406549359409702731e-03
3.139255467169695807e-03
5.428824706232186076e-03
8.593742286353754645e-03
1.298958342578761423e-02
1.901090760614926670e-02
2.704825785749082057e-02
3.749090373292499750e-02
5.069018435058712108e-02
6.707858067978703098e-02
8.748990697980066344e-02
1.141869156699790722e-01
1.542041642991231198e-01
2.338784047681413125e-01
3.472837493424042465e-01
2.868588719933924946e-01
2.067652492851279888e-01
1.442715157463030917e-01
1.053435685093558755e-01
8.231120610766509693e-02
6.395412649078205392e-02
4.563052856583823397e-02
2.370460087121448178e-02
-4.073824834425366780e-04
-3.024115330360929027e-02
-6.576055429546849573e-02
-6.802169463026204455e-02
-5.972526703150038418e-02
-5.377398823481745888e-02
-4.706744141910886720e-02
-3.945720420905192427e-02
-3.183196556226097762e-02
-2.458416277300950678e-02
-1.831416824181639896e-02
-1.311718228351696144e-02
-9.077268841327154961e-03
-6.040675132833032458e-03
-3.844806343700404600e-03
-2.263722723537820933e-03
-1.095022113238756879e-03
-2.027255774524572784e-04
5.420667768110437774e-04
3.040412763743597906e-05
-3.780016712445631220e-04
-4.191406113840106672e-04
5.310046059749962697e-04
-4.702829296735660841e-04
4.678813878344495209e-04
-3.818488876170706716e-04
4.268864175194744164e-04
6.535655366662250715e-04
2.262208030279279662e-04
9.332228967905600425e-04
2.127473073593820659e-03
3.705343022470098530e-03
5.891722392847705166e-03
8.965355555722117134e-03
1.323560553490233174e-02
1.907676739328303603e-02
2.684820468059026174e-02
3.703006705134555959e-02
5.004854066924155354e-02
6.687547724305520358e-02
8.926587289411634651e-02
1.227241442826679657e-01
1.871012247557508335e-01
2.699141929433270803e-01
2.065981097175091930e-01
1.436390229385852702e-01
1.045670030343025109e-01
8.366730532492802630e-02
7.187435593420017643e-02
6.153877928190669422e-02
5.113205416478723564e-02
3.986956374417424676e-02
3.034469093813198931e-02
2.281921450945916668e-02
1.654651333954689635e-02
-3.339099534978276409e-04
-1.039656477908160528e-02
-1.538579755114758384e-02
-1.699163053141077365e-02
-1.628492480993571495e-02
-1.431218633542102707e-02
-1.170032395481417943e-02
-9.068368473458264176e-03
-6.673668757065399741e-03
-4.706826190417240027e-03
-3.173070308423502940e-03
-2.041167355550060729e-03
-1.222857850018662165e-03
-6.574419553861578095e-04
-5.544907045562036743e-04
8.118863638785232318e-05
-2.826150100938900763e-05
-8.554908220640639938e-05
3.175870657838975150e-04
1.059744198613332266e-04
5.697203581603512172e-04
-6.885296984057010430e-06
-5.332096329052253905e-04
4.841958388071158155e-04
-6.619499821866008235e-04
-4.379770413668594123e-04
8.213187689823272771e-04
2.107091598688477438e-03
3.701518527605909912e-03
5.890991738440569045e-03
8.965213782458864716e-03
1.323557693746609844e-02
1.907676233840498170e-02
2.684820339857059771e-02
3.703006698742582203e-02
5.004854210292114525e-02
6.687547659136601486e-02
8.926586795752082526e-02
1.227241415448283302e-01
1.871012177429312584e-01
2.699141523856029012e-01
2.065981049141693005e-01
1.436390234333813631e-01
1.045670086203440013e-01
8.366730760493371055e-02
7.187435558041264938e-02
6.153878102945110201e-02
5.113204966481475766e-02
3.986956127170682151e-02
3.034469748590975721e-02
2.281921046682213600e-02
1.654649875024783931e-02
-3.339094719177606923e-04
-1.039656624931274698e-02
-1.538580041440955337e-02
-1.699163327579682192e-02
-1.628492671147658069e-02
-1.431218337322306272e-02
-1.170032067915908851e-02
-9.068366293927905900e-03
-6.673653283147583382e-03
-4.706735786892079360e-03
-3.172517575615456040e-03
-2.037620997121680332e-03
-1.198964433443275909e-03
-4.874593169487203984e-04
7.167657056823196126e-04
-1.274510015831139694e-06
1.125965261824118482e-05
-6.416666742216509947e-04
-4.236567967265718803e-04
4.073095096490599466e-04
4.274190161767735117e-05
-4.937171735448412204e-04
3.230039090506582459e-04
3.218102888397120871e-04
6.389508831020763828e-04
2.824858935853518822e-05
9.007293471592236382e-04
2.121976466517410884e-03
3.704413697846971765e-03
5.891566346027217287e-03
8.965332110649412711e-03
1.323560261745466808e-02
1.907676720946439169e-02
2.684820509167419253e-02
3.703006433811340675e-02
5.004853789583051105e-02
6.687547688671467705e-02
8.926586817041219646e-02
1.227241424774365014e-01
1.871012224786120781e-01
2.699141861755404714e-01
2.065981159628054731e-01
1.436390235577764685e-01
1.045670045559413397e-01
8.366730346919096228e-02
7.187435347292497889e-02
6.153877822532249214e-02
5.113204679806682140e-02
3.986956102497876686e-02
3.034470337871354034e-02
2.281921956011425182e-02
1.654650877644283508e-02
-3.339086235244153157e-04
-1.039656990513571945e-02
-1.538580002074263486e-02
-1.699163254744035303e-02
-1.628492830501798716e-02
-1.431218721194014824e-02
-1.170032346989044979e-02
-9.068367787797083565e-03
-6.673671102469542343e-03
-4.706847955931854621e-03
-3.173134925407281384e-03
-2.041202582890307843e-03
-1.221105994727238620e-03
-6.332785438540642449e-04
-3.035824426975745026e-04
-3.535000240377171295e-05
2.554214846482735866e-04
5.985306909294579652e-04
-6.734469952817125852e-04
4.660913212623298560e-04
-2.575332122740249660e-04
3.496382328023697641e-04
-2.971617615685737709e-04
-2.271464950860656870e-04
1.275223695303985257e-04
1.630272817664223852e-05
4.298160652207966108e-04
1.043362000136522022e-03
1.842522552597206575e-03
2.956186340072827507e-03
4.558552349214987226e-03
6.857769047206324457e-03
1.015249916481746582e-02
1.476322188908605823e-02
2.119504563457543303e-02
2.991666755164413757e-02
4.190752781713437403e-02
5.848656949190350618e-02
8.351094573363249118e-02
1.298364419564304040e-01
1.835579963056687969e-01
1.356578368309570015e-01
9.688498513673050871e-02
7.711891369593899814e-02
6.914317992290071324e-02
6.591068531326180202e-02
6.281427052024783630e-02
5.923813477594819937e-02
5.680300497957378042e-02
6.086197780565706650e-02
7.575893363563586391e-02
9.815436548062024535e-02
6.610231425539463135e-02
3.820476908071282485e-02
2.285670070639762158e-02
1.334753326216160489e-02
7.333360745687065620e-03
3.713724405262924192e-03
1.640729338951597751e-03
5.662442241867683603e-04
7.159692037558242539e-05
-1.095102126091521534e-04
-1.458132693453967430e-04
-1.313812637087233639e-04
-1.156502019600779801e-04
-1.236109665543648289e-04
-1.089419880188018905e-04
1.294122881594945098e-05
-4.065350628960382682e-05
4.187380195951035224e-05
1.946954301563493341e-04
1.373532278926097559e-04
-2.171576977624912542e-04
5.537158195624516293e-04
-3.513588662518413419e-05
5.697060052677969510e-04
-9.536838328658718740e-05
-3.059093572593805954e-04
3.549279242760847034e-04
1.026963499763205306e-03
1.839112959222425833e-03
2.955497728763771190e-03
4.558414891683205787e-03
6.857742406052951684e-03
1.015249462291401873e-02
1.476321989894614252e-02
2.119504176361755240e-02
2.991666360930724314e-02
4.190752442832407221e-02
5.848656531316522716e-02
8.351094586545017295e-02
1.298364444576694532e-01
1.835579896764799879e-01
1.356578391863811073e-01
9.688498931317097995e-02
7.711891680071669697e-02
6.914318012722263374e-02
6.591068110218994969e-02
6.281426821855759512e-02
5.923813680613572441e-02
5.680300554456058776e-02
6.086197814447706633e-02
7.575893317379858716e-02
9.815435898671434622e-02
6.610231504805268166e-02
3.820477125323120532e-02
2.285669982960724864e-02
1.334753251048870909e-02
7.333360759631131140e-03
3.713725311664311732e-03
1.640732227712319918e-03
5.662474822307410989e-04
7.161149508732904607e-05
-1.094279427459378959e-04
-1.454245931351117816e-04
-1.297952176857204015e-04
-1.111581507421609093e-04
-1.323374877095757451e-04
-4.315734703486647839e-04
-8.689535981970899188e-06
-2.201593331711677556e-04
9.214317686622685276e-05
-5.069360612900619602e-05
-6.146029405471940105e-05
1.050859242570625549e-04
-5.820626221076625291e-04
5.278796102016180538e-04
-2.728801260727618523e-04
1.503607340660416934e-04
-1.160462127588074861e-04
4.095724559883980021e-04
1.039997168770449626e-03
1.841940569034997751e-03
2.956084783831817477e-03
4.558537466854585898e-03
6.857768603321871825e-03
1.015249870940962765e-02
1.476321886582458547e-02
2.119503874924521733e-02
2.991666192703926891e-02
4.190752367057627020e-02
5.848656119368492168e-02
8.351094404416138650e-02
1.298364452097452437e-01
1.835579992318021325e-01
1.356578472426575033e-01
9.688498914978552201e-02
7.711891191259871714e-02
6.914317697917940486e-02
6.591067910147335729e-02
6.281426637444965932e-02
5.923813154088939520e-02
5.680300043675582528e-02
6.086198407285549339e-02
7.575894105230561448e-02
9.815436259064687363e-02
6.610231205563572854e-02
3.820476327982221670e-02
2.285669928881592719e-02
1.334753592604211343e-02
7.333358197326405974e-03
3.713722785898046757e-03
1.640732146805213166e-03
5.662437625583913430e-04
7.159332784731825333e-05
-1.095082370852070396e-04
-1.457484259873075363e-04
-1.308556378964350079e-04
-1.123522963653209538e-04
-1.064840579149460380e-04
-4.970480169611057669e-05
-6.990014596889185879e-05
3.095366269922782316e-05
9.931064701243518845e-05
-4.834647429789415722e-04
4.362968599825858200e-04
1.656882342372287243e-04
-4.124406936895335106e-05
-6.443121807574733239e-06
-1.889227044067152809e-04
3.527926515384817961e-04
1.192823436213781921e-04
-2.401172162015929564e-05
-5.641108651628845620e-05
-7.702068613071904506e-05
-8.691324435081834656e-05
-4.386127860813770552e-05
1.443960327349486539e-04
6.449741412321041180e-04
1.724537317155866835e-03
3.800022858835412198e-03
7.422049627443447900e-03
1.343608442570671732e-02
2.294887722450886930e-02
3.829950513224523317e-02
6.621771487877942119e-02
9.826171967023340781e-02
7.587135230297258059e-02
6.090478840417018480e-02
5.685621285924850887e-02
5.924020676856716489e-02
6.283481401590375326e-02
6.587988640545325292e-02
6.913007796626539914e-02
7.704740965716548595e-02
9.682528120954203565e-02
1.355288036995392631e-01
1.834867733348369279e-01
1.297597159559553126e-01
8.345052523909993192e-02
5.841577144172819397e-02
4.183330332821637298e-02
2.983364638205355732e-02
2.111124000444046869e-02
1.467872635465945416e-02
1.007345434448102435e-02
6.785377868793080434e-03
4.496280395746335076e-03
2.904610379489232317e-03
1.801895614716247712e-03
1.008824713489088519e-03
3.715524917546596533e-04
-3.512257680410930580e-04
-3.980283040132400699e-05
-1.008561517954202120e-04
-6.952571926048787838e-04
4.062445847068932498e-04
3.987511826270384151e-04
2.120268469681344404e-04
1.698888981753922191e-05
-5.686973337385884075e-05
2.105327501379860254e-04
-4.143916766610527213e-04
-4.588799976110203042e-04
-1.233930170425509532e-04
-7.464739513018564282e-05
-8.042852493977072537e-05
-8.755619557771386824e-05
-4.398303609727910549e-05
1.443728542828079929e-04
6.449684917729126433e-04
1.724534705764894449e-03
3.800019921288988207e-03
7.422047311179629132e-03
1.343608269273586543e-02
2.294887920848750693e-02
3.829951079042594186e-02
6.621771720330843491e-02
9.826172318429254871e-02
7.587134889067215227e-02
6.090478481695239116e-02
5.685621382125465723e-02
5.924021288036032673e-02
6.283481573095331396e-02
6.587988438116612611e-02
6.913007863161679811e-02
7.704741203108998737e-02
9.682528308691019936e-02
1.355288034228901428e-01
1.834867659732506984e-01
1.297597156341429858e-01
8.345052497483283760e-02
5.841576961885684705e-02
4.183329878647894240e-02
2.983364324395273992e-02
2.111124155949733322e-02
1.467873021701492607e-02
1.007345814646680091e-02
6.785399545265738928e-03
4.496395689612187052e-03
2.905186746097208460e-03
1.804829412540410018e-03
1.024225958866889887e-03
4.575463467895031738e-04
1.759275550288468416e-04
1.300679094882238411e-04
8.195289860222301781e-05
5.731161737011897499e-04
-4.040871142508165666e-04
-1.794004657390043257e-04
2.938673612001026073e-04
-6.105426855777773250e-04
9.976602974394002777e-06
-1.932821846237095398e-05
-2.272151202828567125e-04
2.812103994830767177e-04
-4.454723728100207796e-06
-5.409786393628037180e-05
-7.676779985049222749e-05
-8.688627959204342727e-05
-4.385469957047432102e-05
1.443986493570221282e-04
6.449729505019104192e-04
1.724532745662946077e-03
3.800016591852449672e-03
7.422046734545743527e-03
1.343608265853247878e-02
2.294887679370793271e-02
3.829951027891691923e-02
6.621772093797156922e-02
9.826172724466546160e-02
7.587135245996362576e-02
6.090478466495529569e-02
5.685621136020540395e-02
5.924020899251937478e-02
6.283481251721850791e-02
6.587988605517537677e-02
6.913008111294351166e-02
7.704741350695717972e-02
9.682528250118339896e-02
1.355287922610717288e-01
1.834867371945174686e-01
1.297597020410220792e-01
8.345051980979348305e-02
5.841577129074717462e-02
4.183330169853678032e-02
2.983364403745719998e-02
2.111124358392124992e-02
1.467873033680431802e-02
1.007345251110168018e-02
6.785378452411568173e-03
4.496289253545581767e-03
2.904680377323468673e-03
1.802467639789795233e-03
1.013243563165217194e-03
4.068663891949811785e-04
-5.852781929291947445e-05
-4.741694574691999520e-05
4.251267930576829008e-04
2.217418487221511155e-04
-2.096192366910034396e-06
-1.405791325906278729e-04
2.765887280819893132e-04
9.956095523153631510e-05
-2.775700797279488934e-04
-1.270571496664306872e-05
3.495228076539891576e-04
-3.444917304127523272e-05
-5.098211333760745449e-04
-1.145527406123787294e-03
-1.974991270757566267e-03
-3.107190654454632973e-03
-4.638168572670608655e-03
-6.600613015801447790e-03
-8.990883214152005018e-03
-1.161807804429161074e-02
-1.422580905614577798e-02
-1.619310567880508783e-02
-1.689311504246029938e-02
-1.527620342263027661e-02
-1.027254618125450145e-02
-1.842014227078146000e-04
1.668587373546281949e-02
2.292553759011681583e-02
3.038168875418698761e-02
3.990969026541171111e-02
5.112603036851814248e-02
6.154798886045847323e-02
7.183042480438610322e-02
8.363627222183851739e-02
1.044677797240782108e-01
1.435637466161653053e-01
2.064822682855474989e-01
2.699212945139665698e-01
1.870734467478037955e-01
1.226987832388182903e-01
8.921675892166128219e-02
6.681687285432340306e-02
4.997289938345941818e-02
3.695095703899844986e-02
2.676454250845279950e-02
1.899886643158029548e-02
1.316439435546140450e-02
8.907047588208108491e-03
5.847174808066465425e-03
3.675865126539488905e-03
2.106236318716091759e-03
8.843882236732700675e-04
-2.127982720994864069e-04
4.389613544485867743e-04
-7.561537063455077412e-05
-1.306441286521838681e-04
1.775273125790893173e-04
4.846751921155169801e-05
4.002907856503227710e-04
-2.040189651790661569e-04
-2.318580966294113833e-04
-2.725469560555787013e-04
3.635529116153949931e-04
-3.636439731285080875e-04
-5.682708879770093655e-04
-1.156239512036913832e-03
-1.976967889731427470e-03
-3.107558088155481894e-03
-4.638236690178121693e-03
-6.600626108995504525e-03
-8.990886668912199953e-03
-1.161807947070528889e-02
-1.422580906274064499e-02
-1.619310404251048802e-02
-1.689311716935392588e-02
-1.527620579190078036e-02
-1.027254600905328462e-02
-1.842047418240374331e-04
1.668587158988713015e-02
2.292553670578709873e-02
3.038168673534118180e-02
3.990968822566135638e-02
5.112603381800286118e-02
6.154799292810047423e-02
7.183042815417858828e-02
8.363627219539966628e-02
1.044677756987607703e-01
1.435637467026003866e-01
2.064822774913772363e-01
2.699213090394567138e-01
1.870734482717557046e-01
1.226987801558409724e-01
8.921675481078555903e-02
6.681687017252753436e-02
4.997290081338911366e-02
3.695096094414178356e-02
2.676454548504550446e-02
1.899887034799055061e-02
1.316442089775274327e-02
8.907180272670574273e-03
5.847832981784777465e-03
3.679144973229662736e-03
2.122415352538607573e-03
9.631592974373827734e-04
1.600645065072112724e-04
-3.383372958048813184e-04
-3.566415621834197604e-04
2.463996715919130600e-04
-3.767272587034414680e-04
-2.802771794501404164e-06
-8.700008523607862595e-05
1.341090217956051830e-04
-4.764141394751474513e-04
2.714437608749336860e-05
-7.253813878484140969e-05
-3.276770639671044001e-05
-5.102233790318067789e-04
-1.145309917339399708e-03
-1.974865147600326186e-03
-3.107144656917441503e-03
-4.638152037126916545e-03
-6.600609696808422931e-03
-8.990885670909901095e-03
-1.161808306225242324e-02
-1.422581053789686439e-02
-1.619310148509728320e-02
-1.689311634677160764e-02
-1.527620712100294202e-02
-1.027254805099159750e-02
-1.842041632203693358e-04
1.668587678833602025e-02
2.292553671404494106e-02
3.038168267977611747e-02
3.990968903098705139e-02
5.112603533580198367e-02
6.154799275766862504e-02
7.183042888114783697e-02
8.363626952022751304e-02
1.044677759387413613e-01
1.435637453071662573e-01
2.064822520582889898e-01
2.699212335633428550e-01
1.870734359149391346e-01
1.226987788568888182e-01
8.921675781232529800e-02
6.681687246361586729e-02
4.997290040722892485e-02
3.695095964102800001e-02
2.676454151581540014e-02
1.899886315557532124e-02
1.316439567021962867e-02
8.907035719770420995e-03
5.847063635486865821e-03
3.674945078455729534e-03
2.098558057387802777e-03
8.217080350934449556e-04
-7.212677649585775381e-04
-1.597844208473325419e-04
-1.576223338748066025e-04
4.743808537187441847e-04
-2.577226156735727214e-04
2.210205496821132776e-05
-2.464788456728124583e-05
4.191886112197304535e-05
-1.913864578757182029e-04
-5.253360312360980718e-04
4.534257933081383134e-05
6.941356389676560693e-05
-9.444436892388185763e-04
-2.169300355139726095e-03
-3.765741256953902133e-03
-5.967174429975772437e-03
-9.005449065322058966e-03
-1.304345709875404276e-02
-1.823827255327352057e-02
-2.450374244590930797e-02
-3.174789674866543288e-02
-3.936561077650282264e-02
-4.696615884437711774e-02
-5.365523176659513921e-02
-5.958125250566351228e-02
-6.783625681711646926e-02
-6.556014724792025294e-02
-3.011284163194228800e-02
-3.570005172183867218e-04
2.374902261176303417e-02
4.562623677220591090e-02
6.395404872991772294e-02
8.225120288967736892e-02
1.052904264259504202e-01
1.441497122731605074e-01
2.067055401244776158e-01
2.868172282199223933e-01
3.473776811678167542e-01
2.338909247869206398e-01
1.542038251275789362e-01
1.141529399250353766e-01
8.744345394731213583e-02
6.700919126994016317e-02
5.061613830913848366e-02
3.740877447916300669e-02
2.697244266753036010e-02
1.894150685180935947e-02
1.293581253877844860e-02
8.556742749213749194e-03
5.411721917494323984e-03
3.134974533514270963e-03
1.374150899939652727e-03
-2.635219335106817463e-04
-1.280954697502618815e-04
-1.681734836182389385e-04
-3.131823181974496286e-04
6.660175073454974312e-06
-2.784307888174571838e-04
-2.467359052664163012e-05
1.450654412721597843e-04
6.752538361483945628e-04
-4.820772370113289378e-04
-6.772937755717234158e-04
8.159962090958522440e-05
-9.343764262527570492e-04
-2.166918415037411439e-03
-3.765312301625428886e-03
-5.967107041500999826e-03
-9.005439613852340985e-03
-1.304345745115025393e-02
-1.823827367755022702e-02
-2.450374395466440799e-02
-3.174789822447984106e-02
-3.936561103864886363e-02
-4.696616113604124010e-02
-5.365523341890598291e-02
-5.958125300395344937e-02
-6.783626096705719366e-02
-6.556015484431705620e-02
-3.011283975733011417e-02
-3.569984134910902441e-04
2.374902204600075339e-02
4.562623424767212749e-02
6.395404281995215046e-02
8.225119898461864809e-02
1.052904272365040306e-01
1.441497109912572849e-01
2.067055419461514831e-01
2.868172459257378737e-01
3.473777335505581210e-01
2.338909348537763222e-01
1.542038272627347384e-01
1.141529407755906000e-01
8.744345404384651355e-02
6.700919099124488798e-02
5.061613761464569400e-02
3.740877368681916337e-02
2.697244567290672107e-02
1.894153278394497195e-02
1.293594359303280698e-02
8.557419188194456683e-03
5.415195262053696702e-03
3.152516900324474000e-03
1.460338173419795061e-03
1.357458433436124962e-04
1.073218517574885263e-04
3.362368645703769443e-04
2.286183128520272287e-04
-7.695254417084311863e-04
5.745581432542751689e-06
-2.796762735188192714e-04
-1.744270764865346441e-05
7.406463168223303842e-04
-1.449320477097370814e-05
7.139202801969891682e-05
-2.593562894504316966e-04
-9.688475612627352922e-04
-2.169695242524295482e-03
-3.765323380270730377e-03
-5.967030947670797641e-03
-9.005411407594329440e-03
-1.304345140989876181e-02
-1.823827499228478435e-02
-2.450374786869298840e-02
-3.174789861968070614e-02
-3.936560758969629564e-02
-4.696616114584403756e-02
-5.365523694981883668e-02
-5.958125823303829505e-02
-6.783626321381809599e-02
-6.556014416023070446e-02
-3.011283490985135203e-02
-3.569995973279407333e-04
2.374902569858736850e-02
4.562623586775545192e-02
6.395404089199331621e-02
8.225120041538536153e-02
1.052904256063560279e-01
1.441497088575144359e-01
2.067055350542678360e-01
2.868172058308866568e-01
3.473776241902814532e-01
2.338909241549705642e-01
1.542038276351789527e-01
1.141529444381827185e-01
8.744345495371559640e-02
6.700918752671708445e-02
5.061613383309909037e-02
3.740876992413019048e-02
2.697244133613348541e-02
1.894151238371763468e-02
1.293582142235885288e-02
8.556815206774337837e-03
5.412277160329188354e-03
3.139203390600317414e-03
1.408408217784971580e-03
2.624667772513563388e-05
6.381744102581401556e-05
2.423529256813137600e-04
-1.050821004301713893e-04
5.819736378074805020e-04
1.886425469572648673e-04
1.043289420802478317e-04
-2.380143143960788748e-04
-3.552714178809441431e-04
3.721307132395931626e-05
1.841513791773803367e-05
-9.402382716380527959e-04
-1.473461634808135223e-03
-3.100711927594172398e-03
-5.364438979135592069e-03
-8.523757041492564454e-03
-1.291650806401018273e-02
-1.883239675348898426e-02
-2.655553614563882503e-02
-3.613567332424767742e-02
-4.758661261903904260e-02
-6.047043643912321242e-02
-7.458050559166339022e-02
-8.956686931431005749e-02
-1.069825292416875240e-01
-1.355278637986125634e-01
-1.538829753766271236e-01
-8.874800147211828194e-02
-3.314257994995271905e-02
7.460053346082093015e-03
4.015118241744851380e-02
6.886290904383887690e-02
1.007307716645512996e-01
1.425819987826813517e-01
2.066261990992336040e-01
2.900093308596794484e-01
3.656281099581428218e-01
4.066252803585156395e-01
2.683199119009601619e-01
1.775971402874351457e-01
1.330051567718840422e-01
1.034686044450228576e-01
8.057232516825164892e-02
6.172740340673757431e-02
4.624202659070360960e-02
3.368810220031440844e-02
2.387435018748840579e-02
1.640586888417321781e-02
1.090903562558181994e-02
6.926026578686640331e-03
4.037416137495948923e-03
1.799787699193994978e-03
-3.660061487426280696e-04
5.217369418931329535e-05
-1.731982948831187956e-04
-2.021079027665473164e-04
3.449546286533791543e-04
-1.201318620293685604e-04
-1.230158263923993088e-04
-3.820882169529534237e-04
1.888072181686071594e-04
6.329163949215896214e-05
-4.459088035859554416e-05
-8.171793199939873526e-05
-1.355635464792379931e-03
-3.083458188202188067e-03
-5.361825877183092406e-03
-8.523347840576421530e-03
-1.291644287621052274e-02
-1.883238839058228378e-02
-2.655553568366340184e-02
-3.613567377799066505e-02
-4.758661282544782850e-02
-6.047043599003464748e-02
-7.458050582670273931e-02
-8.956686688830542420e-02
-1.069825264454701275e-01
-1.355278652981472820e-01
-1.538829865158224675e-01
-8.874800823560474727e-02
-3.314257755869717825e-02
7.460054331681014936e-03
4.015118300334868939e-02
6.886290576450722345e-02
1.007307657965036685e-01
1.425819954647836174e-01
2.066261958387149156e-01
2.900093330839416672e-01
3.656281492518086984e-01
4.066254407250591840e-01
2.683199347910621424e-01
1.775971436614219023e-01
1.330051564111982276e-01
1.034686019378130012e-01
8.057232209577130932e-02
6.172740158916265735e-02
4.624202704625398480e-02
3.368810691230984811e-02
2.387437164806555101e-02
1.640597210146079246e-02
1.090960548586928855e-02
6.929267872742840041e-03
4.056564712484316687e-03
1.918349751529292756e-03
4.052511167302982518e-04
-4.517697364300227885e-04
-7.849477002050816922e-05
2.539298048480452129e-04
1.441409693552456346e-04
8.977230279572895430e-05
8.386574720588196364e-05
-1.003049167124076782e-04
-7.894192914296071974e-05
-1.939769208182773959e-04
6.113173980485960833e-06
2.211392212999898873e-04
-1.323147488545156365e-03
-3.079861152221057084e-03
-5.361387579754433273e-03
-8.523277653777076857e-03
-1.291642765517290667e-02
-1.883238633783764285e-02
-2.655553742260678349e-02
-3.613567700692828233e-02
-4.758661415100214759e-02
-6.047043494656619694e-02
-7.458050531244354853e-02
-8.956686722054077454e-02
-1.069825272178050735e-01
-1.355278594130199243e-01
-1.538829318564699788e-01
-8.874799754450521383e-02
-3.314258241054703069e-02
7.460055760899513694e-03
4.015118347863838588e-02
6.886290243286732893e-02
1.007307658923095595e-01
1.425819967195302296e-01
2.066261958756352712e-01
2.900093353339418534e-01
3.656281486564327277e-01
4.066255165188001341e-01
2.683199513043656448e-01
1.775971470289187948e-01
1.330051596400153302e-01
1.034686042264458122e-01
8.057232139628835166e-02
6.172740186402117524e-02
4.624202800987629869e-02
3.368810730240482526e-02
2.387435904398618400e-02
1.640588295859699008e-02
1.090913501919657524e-02
6.926619731471701097e-03
4.040476116582420243e-03
1.812573442954057380e-03
-3.442730220192794410e-04
3.459234239971026607e-04
-9.955833109407417946e-05
-1.525805451450983298e-05
8.803878235351084603e-05
5.793323395218377301e-04
-8.322115389176525200e-05
2.130038032233902727e-04
2.946423476599012090e-04
-1.688790046996402068e-04
-2.484296022636319130e-04
3.510902601661979261e-05
-1.683359919620164031e-03
-3.835596556464420260e-03
-6.672778152093536419e-03
-1.062718060473089900e-02
-1.613527882385547632e-02
-2.360743402244863329e-02
-3.340065431913882832e-02
-4.573138454182351653e-02
-6.061300170751356131e-02
-7.796259969078306318e-02
-9.759061222571777106e-02
-1.202749525474220149e-01
-1.490882112705346763e-01
-2.003840687671000764e-01
-2.533832166766756822e-01
-1.632955378827334603e-01
-7.842983976171791216e-02
-1.399415889315865774e-02
3.897984137534751120e-02
8.491526387410559817e-02
1.359839560790066237e-01
2.049491013895977931e-01
2.944880693759602819e-01
3.753072658813777496e-01
4.239850152961621155e-01
4.453237761972851927e-01
2.910584501627788701e-01
1.936492352418044127e-01
1.463122884350037956e-01
1.151168048247329517e-01
9.064425970522850540e-02
7.013163743201995814e-02
5.304016581858642804e-02
3.892309187217153632e-02
2.776599214037228300e-02
1.916443164372747324e-02
1.279226018020904014e-02
8.145191684105285851e-03
4.782733379990269235e-03
2.257660054037341317e-03
2.551923547150194071e-04
9.876876914474661830e-05
1.227551628147180061e-04
-4.436729377724109844e-04
-1.044110378559738085e-04
3.124475730595355195e-04
-2.644648927538516465e-04
-5.029446283394031466e-04
-2.482336831280606225e-04
-6.737983185172159413e-04
2.352935834415844859e-04
-2.472867802764004480e-04
-1.703455712176371248e-03
-3.835296639832153597e-03
-6.672194227881065795e-03
-1.062700088374940802e-02
-1.613523717198239379e-02
-2.360742716296368449e-02
-3.340065285300887477e-02
-4.573138300934321415e-02
-6.061299947181633674e-02
-7.796259801616835239e-02
-9.759061254146747522e-02
-1.202749508074153206e-01
-1.490882102090855255e-01
-2.003840749152402123e-01
-2.533832635878349726e-01
-1.632955408101865458e-01
-7.842983444415541072e-02
-1.399415195586102729e-02
3.897984787685935398e-02
8.491526749697575482e-02
1.359839525600941568e-01
2.049490966523097035e-01
2.944880639237397735e-01
3.753072667309892974e-01
4.239850544483379502e-01
4.453239745754041801e-01
2.910584770539315635e-01
1.936492414619496727e-01
1.463122903050272372e-01
1.151168047411641332e-01
9.064425869590544971e-02
7.013163708872130475e-02
5.304016720087006975e-02
3.892309495888299220e-02
2.776600080822541963e-02
1.916445939580280547e-02
1.279234448710919736e-02
8.145216974330876658e-03
4.780140572289253743e-03
2.226098690738826519e-03
-3.096891253500131069e-05
1.025578958944887363e-04
-1.465324374394571876e-05
3.901989260909369489e-05
-5.406761459649009989e-04
-2.683840364419041655e-04
9.181074865250682632e-05
5.873115527036690481e-04
4.960923651338546361e-04
-4.456215642288313488e-04
-4.666174689660805769e-05
-4.890262340919845560e-04
-1.736732106724379714e-03
-3.839885043207253660e-03
-6.672783812794241473e-03
-1.062706324473022303e-02
-1.613524095340083606e-02
-2.360742882429501394e-02
-3.340065530355052631e-02
-4.573138502285586937e-02
-6.061300013539525078e-02
-7.796259719549894496e-02
-9.759061056496001751e-02
-1.202749484748122377e-01
-1.490882064033323406e-01
-2.003840499371131456e-01
-2.533830696138234528e-01
-1.632955241529972790e-01
-7.842984069114422585e-02
-1.399415382189585569e-02
3.897984421451500953e-02
8.491526107570497583e-02
1.359839512872161593e-01
2.049490993624326629e-01
2.944880630318559289e-01
3.753072725687784938e-01
4.239851123532009103e-01
4.453244504708094298e-01
2.910585505559091235e-01
1.936492536066051484e-01
1.463122937275556090e-01
1.151168054670324709e-01
9.064425660297013854e-02
7.013163687231550869e-02
5.304016756265704513e-02
3.892309517982249500e-02
2.776599799982792244e-02
1.916444594851604219e-02
1.279236689837026826e-02
8.145899279635764045e-03
4.787408965118885792e-03
2.289752010618398888e-03
4.876576774562871503e-04
-1.571772765741900261e-04
2.172261229215243286e-04
1.545947447035123481e-04
3.460508405155532439e-04
-2.680031513853286455e-04
-9.906859681159908490e-04
-3.180429885954791217e-04
-9.257844321444689433e-05
2.778127246743025019e-04
1.997839016437579819e-04
-3.798808913514467285e-04
-1.971364300059521256e-03
-4.379736242847763125e-03
-7.613851575965713964e-03
-1.213980428096298955e-02
-1.844657167031420186e-02
-2.703989888497010038e-02
-3.830183798816352847e-02
-5.261550224536615250e-02
-6.991480282275668034e-02
-9.057821561152697154e-02
-1.142794266722175628e-01
-1.433585466734275116e-01
-1.823809860850142961e-01
-2.575519037524701682e-01
-3.633041736442359504e-01
-2.718527619079135205e-01
-1.506426982394978853e-01
-4.443006450941668073e-02
4.219775932597544243e-02
1.216671043035477129e-01
2.115550747627439887e-01
3.101893910575126978e-01
3.916038907341217179e-01
4.374511328701249924e-01
4.589721071545767028e-01
4.692627862867216892e-01
3.047724766068542479e-01
2.035203015987227526e-01
1.546710593659993416e-01
1.226203450546481249e-01
9.724184932938439996e-02
7.572521279607354050e-02
5.762712504155895199e-02
4.249514049642581087e-02
3.044770751048175503e-02
2.107844113615049697e-02
1.410584479099383746e-02
8.994688645521121614e-03
5.286006089768343144e-03
2.488150706595605548e-03
2.781915688117214181e-04
3.790856931332419171e-04
-8.780689625382403791e-05
-3.729638252131383010e-04
-3.607429537516434678e-04
-1.257724883285326006e-04
7.315099730436929891e-05
1.909293284914217548e-04
-1.068428309579828064e-04
-2.420495532169279285e-05
2.121183600872292849e-04
-3.193458024738237864e-04
-1.954807214975460422e-03
-4.375295491764945137e-03
-7.612759506188236484e-03
-1.213955316242859572e-02
-1.844651869050926637e-02
-2.703988983733307885e-02
-3.830183647266274111e-02
-5.261550117750070366e-02
-6.991480089425304578e-02
-9.057821507527055727e-02
-1.142794286392682934e-01
-1.433585464830115508e-01
-1.823809868334767825e-01
-2.575519139831682347e-01
-3.633043740591032078e-01
-2.718527686666398768e-01
-1.506426921152053122e-01
-4.443005974603413816e-02
4.219776045501339584e-02
1.216671034327789086e-01
2.115550680714260445e-01
3.101893859555561184e-01
3.916038857674347673e-01
4.374511298309967655e-01
4.589721139054159793e-01
4.692628219449252458e-01
3.047724948294399105e-01
2.035203083689532122e-01
1.546710602351191177e-01
1.226203437471970609e-01
9.724184726602728979e-02
7.572521186694594619e-02
5.762712605093497226e-02
4.249514199214888405e-02
3.044771205755169782e-02
2.107845345059064165e-02
1.410583782461698188e-02
8.994168370795568163e-03
5.279997288389608884e-03
2.433354632319026552e-03
-1.828472844632645820e-04
-5.398045115585469985e-04
-1.410322174383999685e-04
-8.374991977654336805e-05
2.936563955771809243e-04
-4.386921205481671723e-04
-2.926890388487705572e-04
-1.196876700372129904e-04
-5.374107008485466030e-05
-1.934521991784568398e-04
6.461767626144115494e-05
-6.248912482204545303e-04
-1.985569673639230731e-03
-4.377801959082745255e-03
-7.612791735971965491e-03
-1.213949731255528457e-02
-1.844650033827516245e-02
-2.703988732215281687e-02
-3.830183716624279561e-02
-5.261550132917676426e-02
-6.991480079687559246e-02
-9.057821449433677008e-02
-1.142794275001784016e-01
-1.433585447160485304e-01
-1.823809848956161883e-01
-2.575519017216353901e-01
-3.633042526687815799e-01
-2.718527746112600063e-01
-1.506426996828970910e-01
-4.443005742442127093e-02
4.219775968552926665e-02
1.216670980744307268e-01
2.115550643145430176e-01
3.101893847220776879e-01
3.916038842783042817e-01
4.374511439581995620e-01
4.589722427145640493e-01
4.692639235528470731e-01
3.047726425094521296e-01
2.035203301532951536e-01
1.546710639361848771e-01
1.226203426071695857e-01
9.724184479766044553e-02
7.572521272803181547e-02
5.762712700194910775e-02
4.249514170358385801e-02
3.044771018504885407e-02
2.107844206993608402e-02
1.410582769495630218e-02
8.994457998839676741e-03
5.283686026479010936e-03
2.467009100856874543e-03
9.030641014983226849e-05
1.096897791383012126e-04
4.620792744906973890e-06
-5.659305931252784630e-04
7.788503958987246770e-05
1.229207414389998454e-04
-2.997611806419697581e-04
3.996998348577996009e-05
3.161803737274729580e-04
-3.788198195837547242e-04
-1.497152094608992536e-04
-7.572137759993140304e-04
-2.136328248293384389e-03
-4.670555687374299686e-03
-8.116667000505698934e-03
-1.294762911107076933e-02
-1.967561879665997299e-02
-2.886151220053461211e-02
-4.088576415276241188e-02
-5.624347905112846158e-02
-7.478280810311846438e-02
-9.723546825916372371e-02
-1.231169137706903671e-01
-1.560224226934981417e-01
-2.015845005448563543e-01
-2.940247279329891716e-01
-4.513359563050755030e-01
-4.021073073420112776e-01
-2.949621329956738092e-01
-1.199839659463858843e-01
7.502382133953675036e-02
2.379869648880943989e-01
3.554486099049211645e-01
4.233120350488835948e-01
4.555273301119991403e-01
4.706722056700988199e-01
4.796065038173363271e-01
4.876441071482910394e-01
3.119743644961262552e-01
2.082307559684887233e-01
1.586445964718435908e-01
1.262380979492778998e-01
1.004696243598918320e-01
7.849103733238861624e-02
5.992041712026148492e-02
4.429554251708345963e-02
3.181072193964792905e-02
2.205712115134130652e-02
1.478121305432356959e-02
9.431552534951530287e-03
5.536012987216061380e-03
2.534789112399435211e-03
-2.768565482265689798e-04
2.872958318241344410e-04
-2.104412709820121792e-04
1.588407930519938297e-04
1.560174629826290081e-04
2.817982037406586635e-04
1.001790440112940167e-04
-3.802012188498458392e-04
5.325695902932429726e-05
-7.588931194171707724e-04
-1.441115630645415963e-04
-2.950585393989942811e-04
-2.059475756353768960e-03
-4.656857919946037240e-03
-8.114156766226631595e-03
-1.294716036131937122e-02
-1.967553218218274363e-02
-2.886149695012422620e-02
-4.088576126572642661e-02
-5.624347809314220181e-02
-7.478280661293142118e-02
-9.723546892434395406e-02
-1.231169167641362472e-01
-1.560224230877580165e-01
-2.015844881002842870e-01
-2.940246107603771142e-01
-4.513348291403403989e-01
-4.021072011853927264e-01
-2.949621154137074264e-01
-1.199839645831196761e-01
7.502381858655599034e-02
2.379869677174279718e-01
3.554486068754686423e-01
4.233120346774994491e-01
4.555273303774644011e-01
4.706722069891331461e-01
4.796065371885435136e-01
4.876444102551391602e-01
3.119744300843507179e-01
2.082307702505372671e-01
1.586445970358897617e-01
1.262380961931958423e-01
1.004696228048893164e-01
7.849103749663287333e-02
5.992041954744970617e-02
4.429554546215225264e-02
3.181073342322175007e-02
2.205718303215207024e-02
1.478156825209490412e-02
9.433768480623926436e-03
5.550949896647529129e-03
2.642721419470681499e-03
5.473475409623355849e-04
-5.025110890905864846e-05
2.120082227420093195e-04
6.080147105597544102e-04
-4.340910642043831311e-04
-3.152071601296288554e-05
3.247729004469175634e-05
-2.925117118600888523e-04
-3.587484231344604548e-05
-2.141174000886153647e-04
-1.345157044933002939e-05
5.287065383609915181e-04
-1.944334291736504565e-03
-4.639375369989777800e-03
-8.111361777112909704e-03
-1.294669296045105646e-02
-1.967545308840347104e-02
-2.886148511590370253e-02
-4.088576012004339899e-02
-5.624347827029153868e-02
-7.478280756642445570e-02
-9.723546988285082515e-02
-1.231169178844979673e-01
-1.560224231768353731e-01
-2.015844921048314531e-01
-2.940246476527258457e-01
-4.513351027230049217e-01
-4.021072403765472147e-01
-2.949621266327000502e-01
-1.199839600674971890e-01
7.502381978470482049e-02
2.379869622840302124e-01
3.554486040995445961e-01
4.233120345695542963e-01
4.555273324900146470e-01
4.706722336274020702e-01
4.796067486154132475e-01
4.876462096973488980e-01
3.119746213965960413e-01
2.082307949878579589e-01
1.586446015157935985e-01
1.262380967518835773e-01
1.004696232864874111e-01
7.849104093331758791e-02
5.992042100409197131e-02
4.429554371438021443e-02
3.181072580986696319e-02
2.205712563003259588e-02
1.478120567637471704e-02
9.431488206543192296e-03
5.536074011698747209e-03
2.542169882839506734e-03
-1.586434226118092956e-04
-1.918290579710520811e-04
4.181020158477422293e-04
-9.007026268795570770e-05
-3.507027254691813555e-04
-2.965228536309090463e-05
8.330880971840103543e-05
-4.382403814250176337e-05
1.381193577955500476e-04
3.274970752528617206e-04
-6.586836642325636683e-04
-7.593808122216184507e-04
-2.168164366554967571e-03
-4.695313302498414776e-03
-8.146484348021012026e-03
-1.298797573522496480e-02
-1.972776326284552892e-02
-2.892556514041182830e-02
-4.095965395689313976e-02
-5.632406527478712316e-02
-7.486320713721074382e-02
-9.730242266749708491e-02
-1.231505728521031379e-01
-1.559590157356348095e-01
-2.013167040210591674e-01
-2.931470639000626210e-01
-4.488996626136021462e-01
-3.996146375318462840e-01
-2.944191288292197783e-01
-1.207749768914939265e-01
7.538065307825637940e-02
2.394891718820969517e-01
3.569413992118548040e-01
4.240145083251015135e-01
4.556520053717029728e-01
4.705857098394351512e-01
4.794791668888508940e-01
4.875215524253878607e-01
3.118331657029395076e-01
2.080978329798914284e-01
1.585179802046192410e-01
1.261286530315754439e-01
1.003782172641069781e-01
7.842289206512814692e-02
5.987241756395431103e-02
4.426625863598232513e-02
3.179523692591969264e-02
2.205147760173972044e-02
1.478137001357115662e-02
9.435583961103945552e-03
5.549159968005340504e-03
2.611670537139026364e-03
3.220197783479396975e-04
2.541433128003766406e-05
2.259105998399967485e-04
-4.807428085034622727e-07
-1.011095100697823474e-04
3.551330270122579256e-04
-2.409889568820224341e-04
2.338953034710588251e-04
-2.148030856490755968e-04
-4.463690671217882249e-04
3.478133643682195008e-04
-3.630590324897517147e-04
-2.095378525089348042e-03
-4.681301307375863169e-03
-8.143779583416822093e-03
-1.298745495909512868e-02
-1.972766502895365384e-02
-2.892554595442577842e-02
-4.095964859386592299e-02
-5.632406232811450197e-02
-7.486320427178716486e-02
-9.730242282093690132e-02
-1.231505742324375263e-01
-1.559590164179671112e-01
-2.013167062173255029e-01
-2.931470636816843056e-01
-4.488997377294924318e-01
-3.996146453533068188e-01
-2.944191367783195457e-01
-1.207749788851596728e-01
7.538065128121107517e-02
2.394891760940665582e-01
3.569414028835121155e-01
4.240145154990970222e-01
4.556520118421815146e-01
4.705857348852484079e-01
4.794794027499555411e-01
4.875235520515516230e-01
3.118334185698446448e-01
2.080978736503341642e-01
1.585179861000585722e-01
1.261286543877600808e-01
1.003782165825350403e-01
7.842289037781452476e-02
5.987241743508776859e-02
4.426625963492458044e-02
3.179524674492906211e-02
2.205152962431935690e-02
1.478160915712368843e-02
9.436534939754982060e-03
5.551287816048831175e-03
2.596924224750685531e-03
1.455510513082105992e-05
-3.712865887724512939e-05
-6.578621186093242370e-04
-1.890102450661635238e-04
-6.468049990108977248e-05
3.790413619464112565e-04
3.614769235319909599e-04
-5.191504991755442307e-04
-5.167780844671507941e-04
-7.609402565811430397e-04
1.989682818582219799e-04
-2.786160105489268344e-04
-2.059078641057989021e-03
-4.671925229052784935e-03
-8.141715914865364778e-03
-1.298703317031492908e-02
-1.972758424684141476e-02
-2.892553121682276199e-02
-4.095964458885698739e-02
-5.632406037892248585e-02
-7.486320392320976180e-02
-9.730242371744031449e-02
-1.231505762202392690e-01
-1.559590165451016641e-01
-2.013167128502946490e-01
-2.931471508634164724e-01
-4.489005181624337038e-01
-3.996147277399179076e-01
-2.944191472200760051e-01
-1.207749830235932964e-01
7.538064602914444634e-02
2.394891672510752190e-01
3.569413973420703101e-01
4.240145096320241391e-01
4.556520116444778834e-01
4.705857240386827067e-01
4.794792536891817059e-01
4.875220145721358977e-01
3.118332557571315555e-01
2.080978530060497156e-01
1.585179858706094458e-01
1.261286535546276011e-01
1.003782145435969247e-01
7.842289066355992433e-02
5.987241619129234776e-02
4.426625745660545119e-02
3.179524200297296349e-02
2.205148609782003888e-02
1.478135029840389747e-02
9.435128462832372345e-03
5.544220630362399309e-03
2.567159766932525147e-03
-5.088073173194834292e-05
-4.011821347610328809e-05
2.033751758579082833e-04
-5.386413233107155158e-04
-1.585624386425517015e-06
1.166579635254919956e-04
-1.403004007751351332e-04
2.236101813900354335e-04
5.546287832106529112e-05
-8.144524745832611590e-04
-2.380205578773400012e-04
-5.819233192323300559e-04
-2.028239347954471916e-03
-4.436635199658200968e-03
-7.698381303110909436e-03
-1.225908556394438541e-02
-1.860219156104457247e-02
-2.723149965019388760e-02
-3.852435518622607941e-02
-5.285984469483936271e-02
-7.016237032533761964e-02
-9.079366936254452958e-02
-1.144065560909452300e-01
-1.432453377556096308e-01
-1.817700401892111406e-01
-2.556359881855233551e-01
-3.585685163636565531e-01
-2.703872255204746167e-01
-1.522798837058177146e-01
-4.564455397842055034e-02
4.226937818329296048e-02
1.228280800309333454e-01
2.136290015713160906e-01
3.123608973593920979e-01
3.925784834608910812e-01
4.373621173858698308e-01
4.585002039900610837e-01
4.687636870040244319e-01
3.043216867611052701e-01
2.031125940291448329e-01
1.542931685622368765e-01
1.222968868382557084e-01
9.697554531547816770e-02
7.552783755985986724e-02
5.749013132441203183e-02
4.241258803334649330e-02
3.040541575223983800e-02
2.106415358039834956e-02
1.410736441731968646e-02
9.002733366131826856e-03
5.290207610176090973e-03
2.445464140928690650e-03
-1.444450376740310669e-04
3.863116739762030485e-04
-4.929619696620873718e-04
-2.447962286302612740e-05
-7.267514534822816822e-05
3.104221475262177268e-04
-1.154495519377660384e-04
-1.016645745922974912e-03
2.259646081937725459e-04
1.878722891044829000e-04
4.441149722341772364e-04
-3.884275512502226605e-04
-1.980125753661225122e-03
-4.425678150569489766e-03
-7.696035510697702385e-03
-1.225860148636262123e-02
-1.860209522319980491e-02
-2.723147949091945033e-02
-3.852434992560901245e-02
-5.285984262247932913e-02
-7.016236900843059177e-02
-9.079367107523363123e-02
-1.144065556007313050e-01
-1.432453353829947762e-01
-1.817700441641841858e-01
-2.556360236335902814e-01
-3.585689032544854826e-01
-2.703872754374078147e-01
-1.522798973149633306e-01
-4.564455864434997096e-02
4.226937522262228658e-02
1.228280792248218622e-01
2.136290033575893310e-01
3.123609069900519786e-01
3.925784892947140614e-01
4.373621264597350455e-01
4.585003749326017619e-01
4.687653938502679418e-01
3.043219202850995786e-01
2.031126316399088083e-01
1.542931734305559854e-01
1.222968888000379867e-01
9.697554488382065241e-02
7.552783539580093519e-02
5.749013138785470656e-02
4.241259035089037233e-02
3.040542609985729533e-02
2.106421156146404475e-02
1.410771704815101148e-02
9.004930058825331290e-03
5.304210980123015041e-03
2.537717183242923537e-03
4.875780512214471273e-04
3.360843260206887337e-05
2.929605290129739842e-04
4.606473439585206378e-04
-3.912951872664636478e-05
-3.789660992631515212e-04
-4.893241103372367087e-04
5.946046762467698324e-04
5.976513956541931521e-05
-4.664356985410516784e-04
-1.228932831993579842e-04
-5.690366458549740665e-05
-1.922123246310757138e-03
-4.414639071368823761e-03
-7.693893683119390307e-03
-1.225818689756487910e-02
-1.860201747832194996e-02
-2.723146414656259576e-02
-3.852434396918753834e-02
-5.285983884755753037e-02
-7.016236766899235089e-02
-9.079367198898184721e-02
-1.144065581658418179e-01
-1.432453357326131105e-01
-1.817700396097099991e-01
-2.556360233777774660e-01
-3.585688265258826779e-01
-2.703872754382907750e-01
-1.522798974471743505e-01
-4.564455797536368098e-02
4.226937485748277074e-02
1.228280806583955248e-01
2.136290034342728517e-01
3.123609019785261731e-01
3.925784900928995791e-01
4.373621202019419285e-01
4.585002714108851185e-01
4.687642972734956115e-01
3.043217789964404729e-01
2.031126128412402698e-01
1.542931744404380801e-01
1.222968890931572655e-01
9.697554375146229255e-02
7.552783620326318503e-02
5.749013078168854068e-02
4.241259053595290013e-02
3.040542824584262921e-02
2.106420265667343500e-02
1.410764419781574894e-02
9.004365165645110761e-03
5.299611850750723420e-03
2.498532001221350635e-03
1.418535063085792894e-04
-3.743204718939953228e-04
2.868959290581907955e-04
-5.241581648118776650e-05
-1.453355610412429132e-04
3.956426332030768089e-04
-9.880185489942239002e-05
-5.547541653582008410e-05
-2.219197034707433823e-04
-3.930230716636951005e-04
-5.585177616910863086e-04
-5.891336562348235741e-04
-1.792586748868698699e-03
-3.927080984855670434e-03
-6.810704851255695164e-03
-1.082309715067388337e-02
-1.639172571751955354e-02
-2.392481873978301657e-02
-3.377199480125780279e-02
-4.614602057844412880e-02
-6.104200238316199317e-02
-7.836434677535600302e-02
-9.787860211430579604e-02
-1.202916406933561971e-01
-1.485659825767119691e-01
-1.988457315259826996e-01
-2.511829446807306576e-01
-1.642909169022837013e-01
-7.994984645096993303e-02
-1.447653942603320185e-02
3.944294487027207030e-02
8.613075017084551033e-02
1.379990839749179188e-01
2.078535691778760630e-01
2.970238884562397819e-01
3.759839421444950980e-01
4.232247530829125193e-01
4.442751893731372026e-01
2.901789178530676527e-01
1.929177767716186709e-01
1.456616440108605415e-01
1.145786350626190747e-01
9.021114594079192306e-02
6.981782315979526143e-02
5.282760326450763877e-02
3.879913536331915103e-02
2.770619227726841757e-02
1.914807356246624875e-02
1.279933583072198622e-02
8.159956531563598153e-03
4.788023353852954508e-03
2.201631748484775795e-03
-2.002526436660234416e-04
-3.017103622846341597e-04
-1.220298342415385411e-04
9.485342499112724580e-05
2.390685573038754338e-04
-5.433119826540719257e-04
3.664636749490153295e-04
2.683545092786728892e-04
5.837491321004011991e-04
-6.508012328666336419e-04
-1.398594902482233821e-04
-1.081325895457542024e-04
-1.716043355275285965e-03
-3.913347471293142713e-03
-6.808092011830968460e-03
-1.082258532684583253e-02
-1.639162432597906713e-02
-2.392479657325122244e-02
-3.377198954995400126e-02
-4.614601917287749350e-02
-6.104200179007333860e-02
-7.836434837783165519e-02
-9.787859847307853189e-02
-1.202916357559271759e-01
-1.485659801243425227e-01
-1.988457140813496005e-01
-2.511827726409194272e-01
-1.642908968600681474e-01
-7.994984483181552526e-02
-1.447654081935074652e-02
3.944294227062749431e-02
8.613074815614743529e-02
1.379990823710235404e-01
2.078535752580915608e-01
2.970238929772383574e-01
3.759839464276189536e-01
4.232248855622209316e-01
4.442761782785497604e-01
2.901790624226529558e-01
1.929178000182444341e-01
1.456616463403050121e-01
1.145786370429937168e-01
9.021114570285547474e-02
6.981782077243020579e-02
5.282760356399797408e-02
3.879913785706980839e-02
2.770619576785654514e-02
1.914808658118545559e-02
1.279941841181133667e-02
8.160490055911802376e-03
4.791663450254684056e-03
2.228101936759072348e-03
2.890667990373281753e-06
5.504785517030771273e-05
-1.807748745691120911e-04
-4.848622928692156620e-04
-3.299876429562273862e-04
2.515192747124706148e-04
-5.721365263658086857e-04
-5.849846335094160228e-04
-2.285231943528370812e-04
-6.984452079815583114e-04
4.570497831580713332e-04
1.441892809545703162e-04
-1.668406520223880999e-03
-3.904115830654600328e-03
-6.806311573174433915e-03
-1.082224566773393355e-02
-1.639156190475858990e-02
-2.392478467036564596e-02
-3.377198453000090222e-02
-4.614601575859315213e-02
-6.104200204549387748e-02
-7.836435093038207622e-02
-9.787860202617879035e-02
-1.202916386645460217e-01
-1.485659785363297458e-01
-1.988457050970965367e-01
-2.511826620568587964e-01
-1.642908756465490672e-01
-7.994983725839022171e-02
-1.447653615234029308e-02
3.944294513140494257e-02
8.613075209420067990e-02
1.379990829974211686e-01
2.078535702810802577e-01
2.970238945204372594e-01
3.759839465990958418e-01
4.232248621056531324e-01
4.442760254161237654e-01
2.901790266860935219e-01
1.929177953482803243e-01
1.456616483039875065e-01
1.145786358025153856e-01
9.021114377170492971e-02
6.981782146625090113e-02
5.282760439656792456e-02
3.879914119889936452e-02
2.770620542321004798e-02
1.914812940085543549e-02
1.279970594564268718e-02
8.162457771640528950e-03
4.805545345221986023e-03
2.328808970078074213e-03
7.553811419436918910e-04
1.905763455680126270e-04
2.099212858068105487e-04
2.361584122159282595e-04
9.564999115268994301e-05
-5.039681103021239174e-04
1.542195026401582908e-04
-2.937863846096818669e-04
-2.052938081587408028e-04
-3.504047604537959232e-04
-2.800392816156414984e-04
-2.759270998480240302e-04
-1.451299430668063573e-03
-3.208165729775004985e-03
-5.552615779078069747e-03
-8.793189628011698067e-03
-1.327058053245029796e-02
-1.927295312038898936e-02
-2.707753759624154793e-02
-3.672916945602152511e-02
-4.822282882675695687e-02
-6.110867316971515389e-02
-7.513367818544672283e-02
-8.990764251056722334e-02
-1.069247300673778905e-01
-1.350215838571042770e-01
-1.540059455161800483e-01
-8.975674993089892417e-02
-3.367211899351836568e-02
7.785499740383437263e-03
4.106301903778319939e-02
7.023166180275078330e-02
1.026735349431845551e-01
1.454446082155834707e-01
2.099843975794595252e-01
2.920807948684132072e-01
3.649394449988651035e-01
4.047087352942979610e-01
2.668984714898479660e-01
1.765058911082884319e-01
1.320843397957640331e-01
1.027348428224588300e-01
8.000219995405867535e-02
6.132613360807152164e-02
4.598133519664390073e-02
3.354417488410182252e-02
2.381333557276222451e-02
1.639859205138042078e-02
1.092978720030598865e-02
6.956557987317426098e-03
4.073112284830876159e-03
1.908722172426339332e-03
4.280462327686992410e-04
5.532615575133599008e-04
-7.732509383752182117e-06
-1.139456636244861817e-04
-2.139898797395507258e-04
-1.015617214217926645e-04
1.733932030569510126e-04
-2.163287378774812091e-04
1.137261308146855695e-04
-1.469212198315042624e-04
3.740017192386557742e-04
-3.294353226149812717e-04
-1.431482357566067880e-03
-3.200475793213255430e-03
-5.550636064073834197e-03
-8.792744153926303902e-03
-1.327048465159231909e-02
-1.927292959916238752e-02
-2.707753111633205700e-02
-3.672916689701243020e-02
-4.822282765522187958e-02
-6.110867569434230706e-02
-7.513367680636788559e-02
-8.990764127312354803e-02
-1.069247326047176871e-01
-1.350215699924077195e-01
-1.540057996980693511e-01
-8.975672223141603623e-02
-3.367211271752666019e-02
7.785500307311623951e-03
4.106301928685037600e-02
7.023166168604631776e-02
1.026735335457823056e-01
1.454446112456420914e-01
2.099843980063514637e-01
2.920807847392766776e-01
3.649394475987039477e-01
4.047088254933182694e-01
2.668985054441414539e-01
1.765058989135939171e-01
1.320843398029217519e-01
1.027348430032833521e-01
8.000219826511906218e-02
6.132612964973004066e-02
4.598133410329001414e-02
3.354417526158458979e-02
2.381333074581187467e-02
1.639855759681672909e-02
1.092952922337820688e-02
6.954595968178075086e-03
4.058390778079709431e-03
1.798384531246941713e-03
-4.029768531252401966e-04
1.328054231994246819e-05
-2.023742102555561677e-04
7.447498022901353760e-05
-4.144538935961132944e-04
3.952939302479155479e-04
-1.439819238102373456e-05
-2.239676720126459347e-04
-4.454548524835233556e-04
-2.729220099856327161e-05
2.169706248365094420e-04
-1.335812309246610602e-04
-1.400863677614366115e-03
-3.194972270155132122e-03
-5.549582718882568010e-03
-8.792539549990806627e-03
-1.327044631534443110e-02
-1.927292238148268014e-02
-2.707752714034282471e-02
-3.672916321352148045e-02
-4.822282867045556837e-02
-6.110867854760070050e-02
-7.513367867245432374e-02
-8.990764213170694685e-02
-1.069247311348059670e-01
-1.350215721148922687e-01
-1.540058248121165818e-01
-8.975671895365970598e-02
-3.367210763312262350e-02
7.785502434848674130e-03
4.106301752417237938e-02
7.023165978172576929e-02
1.026735299338496776e-01
1.454446072241228904e-01
2.099844020509779585e-01
2.920807891071732776e-01
3.649394614306130102e-01
4.047088981290287157e-01
2.668985075014105313e-01
1.765058992919134595e-01
1.320843405950777594e-01
1.027348404266746895e-01
8.000219659489099522e-02
6.132613034337456442e-02
4.598133499852642692e-02
3.354417740025585765e-02
2.381333376744610916e-02
1.639857513960799387e-02
1.092962297710711218e-02
6.954975994285021029e-03
4.059136202496110672e-03
1.789147407011591143e-03
-5.805517289584434179e-04
-5.208498431103957211e-04
-1.787756614944142528e-04
-4.678909920128428504e-04
-3.815945471896286427e-04
5.448981236260844532e-04
-4.282412367791031010e-04
7.095944235629519882e-05
-3.284572999607919801e-05
-3.439730678038937063e-04
1.644132255409753269e-04
-5.450871288690987493e-04
-1.098920579498727191e-03
-2.329546195789217351e-03
-4.006295469714549369e-03
-6.306623231925570679e-03
-9.452224238310135904e-03
-1.360190194580826115e-02
-1.890799142713957617e-02
-2.527710970141196917e-02
-3.260431949496766374e-02
-4.026757303906692426e-02
-4.784564159692467067e-02
-5.440418774906660010e-02
-6.006707952031104664e-02
-6.800788966671328373e-02
-6.576404284365207353e-02
-2.995295001511032867e-02
4.084809393492315564e-04
2.493828076215607800e-02
4.700033376502785187e-02
6.546800940979198569e-02
8.407553296881602189e-02
1.078809208706587586e-01
1.475644119456718528e-01
2.099264349738131918e-01
2.872880655471071742e-01
3.451311338378115212e-01
2.320056312948041433e-01
1.527886487116928427e-01
1.129996507693050850e-01
8.655628019885606983e-02
6.634757940415510202e-02
5.016885936868471091e-02
3.713542797844471277e-02
2.683575790672779876e-02
1.889888815950050219e-02
1.295090645403167845e-02
8.600060192834477202e-03
5.462792149726893379e-03
3.182434967756556793e-03
1.411348444968578029e-03
-3.215723318533958409e-04
-8.172331694921404293e-05
-2.410377784951582607e-05
-5.108685356400760645e-05
1.915817905690408085e-04
-5.556619875814622920e-04
-1.933721270345128638e-07
-1.942382564531192719e-04
7.184524763413872720e-05
-6.267034380531492487e-04
-1.940717192204554958e-04
1.992451430513111877e-04
-9.840260718532237161e-04
-2.310424678518061339e-03
-4.003002916304710355e-03
-6.306043904099588489e-03
-9.452119123888578361e-03
-1.360187989627368969e-02
-1.890798807930534758e-02
-2.527711039216684955e-02
-3.260432021389970264e-02
-4.026757518511533962e-02
-4.784563883158365893e-02
-5.440418430085687540e-02
-6.006708102968510293e-02
-6.800788575323346574e-02
-6.576399377731523277e-02
-2.995293618839897642e-02
4.084808736025295826e-04
2.493827570855442974e-02
4.700033165368057431e-02
6.546801168230603762e-02
8.407553630632813579e-02
1.078809256670094779e-01
1.475644104509989119e-01
2.099264189243675860e-01
2.872880202827085561e-01
3.451310035061531112e-01
2.320056258048495690e-01
1.527886501929972551e-01
1.129996503082260767e-01
8.655627909585238144e-02
6.634757603267815718e-02
5.016885495987687821e-02
3.713542855177361796e-02
2.683576071360869314e-02
1.889888892155169517e-02
1.295091428698720917e-02
8.600113388364225703e-03
5.463191649946606138e-03
3.185995745782605436e-03
1.444154561249821368e-03
-2.136821472921411150e-05
-3.641097103166426288e-04
1.850502519075084148e-04
-5.735607120727907775e-05
-4.452503426333118673e-04
9.710186921450819839e-06
-3.387866400427489897e-04
-1.616900277673211355e-04
2.588725898049762863e-04
-7.437087795901932245e-04
-1.255718240857522384e-05
-6.350981090434637490e-05
-1.008030365278328021e-03
-2.311942332245344942e-03
-4.002905938526477199e-03
-6.305977267045846310e-03
-9.452101108895724982e-03
-1.360187499938727770e-02
-1.890798292453363741e-02
-2.527710375046872057e-02
-3.260431890015962064e-02
-4.026757738220356625e-02
-4.784564123296477373e-02
-5.440418565599494660e-02
-6.006708000585873897e-02
-6.800788690826786720e-02
-6.576401314318545965e-02
-2.995293913595616780e-02
4.084851820281011322e-04
2.493827870345579137e-02
4.700033044931300336e-02
6.546800974229703696e-02
8.407553320682441267e-02
1.078809249763358763e-01
1.475644164147555393e-01
2.099264260047812303e-01
2.872880386212141035e-01
3.451310802555430657e-01
2.320056353233815871e-01
1.527886538228892255e-01
1.129996515075566837e-01
8.655627667580229057e-02
6.634757423639447982e-02
5.016885457612103166e-02
3.713542901401128971e-02
2.683576070179017128e-02
1.889888351440128719e-02
1.295090692552284227e-02
8.600086126898557476e-03
5.463098599118380340e-03
3.186290419161002824e-03
1.454448391398196084e-03
1.254417993440371762e-04
3.827074506644655779e-04
7.436441282572444625e-05
-4.704061529726451799e-05
-1.979567382926041897e-04
-3.757999211879388477e-05
1.062181006185058759e-05
-2.354038169821124775e-05
-3.423241920406394916e-04
-1.960432826759634945e-04
3.400865346512959967e-05
-4.851153412490902847e-04
-6.498161277591843086e-04
-1.329305596961741134e-03
-2.260880304032300472e-03
-3.511514907600146382e-03
-5.171347264936902027e-03
-7.269192551932769294e-03
-9.799482560142985799e-03
-1.256218279623787931e-02
-1.529426599956984316e-02
-1.735440514067281698e-02
-1.809868365898337217e-02
-1.643688231373512804e-02
-1.126491717000636071e-02
-8.513908164466791901e-04
1.695539286734024445e-02
2.412346745444822471e-02
3.207835442224654665e-02
4.170695823225525900e-02
5.283758734496919740e-02
6.316923310633068556e-02
7.356063453311885436e-02
8.586817787218836706e-02
1.074435555113949226e-01
1.469291949689255083e-01
2.082332688082268735e-01
2.684904168766001908e-01
1.851888228543215609e-01
1.211534639077541109e-01
8.796478726134217274e-02
6.587009288653553063e-02
4.929915383284919767e-02
3.651821649657466251e-02
2.652523455274100744e-02
1.890242181510229727e-02
1.316270929769370115e-02
8.959068803527260941e-03
5.922467317703712132e-03
3.755490970211544134e-03
2.186136812383176770e-03
9.843283718114345313e-04
-3.238762327890383041e-05
-1.528853719430989168e-04
2.042560832378710676e-04
-2.969555903638691785e-04
-4.525950947700252414e-04
7.010469399582312138e-05
2.326346485868167771e-04
-6.706023431721459338e-04
-5.002008963152611764e-04
-4.727418159555642294e-04
-2.721837959882557596e-06
-1.201289917996674578e-04
-5.890810143000452855e-04
-1.318765693962086535e-03
-2.259034262725591324e-03
-3.511191718464749378e-03
-5.171289181071926470e-03
-7.269178996909145783e-03
-9.799481074237538503e-03
-1.256218438993474650e-02
-1.529426699868960404e-02
-1.735440625049283411e-02
-1.809868078149326834e-02
-1.643687959013418604e-02
-1.126491909015779440e-02
-8.513920097624279228e-04
1.695540055590178188e-02
2.412347325607070228e-02
3.207835534555359552e-02
4.170695547431808176e-02
5.283758625919164620e-02
6.316923442182846571e-02
7.356063667511897330e-02
8.586818044976934905e-02
1.074435521971485036e-01
1.469291836126418171e-01
2.082332532990660845e-01
2.684903841816985715e-01
1.851888205173226054e-01
1.211534642485285612e-01
8.796478787130435073e-02
6.587009411320032815e-02
4.929915352508170562e-02
3.651821552452122477e-02
2.652523719335092567e-02
1.890242475734193670e-02
1.316271212231294452e-02
8.959101136471166529e-03
5.922659103701021985e-03
3.756603682529186666e-03
2.192787493658583491e-03
1.024696444140588093e-03
2.174772597431962897e-04
5.221702996138759961e-04
-2.829970211199870538e-04
2.717791396486916324e-04
1.650428380814271021e-04
2.253465376251271907e-04
1.695499765305897482e-04
-1.242439861492560416e-04
-1.407542501757778409e-04
-5.812627159525278329e-05
-2.582464938968704574e-04
3.534358694698976977e-04
-5.317707023830133906e-04
-1.311198229254900184e-03
-2.257945598586280720e-03
-3.511020906945280275e-03
-5.171259923292364537e-03
-7.269171941524725858e-03
-9.799477252286241391e-03
-1.256218191381086244e-02
-1.529427021336971122e-02
-1.735441076579230871e-02
-1.809868237137753771e-02
-1.643687803349975357e-02
-1.126491734951625724e-02
-8.513920833439145297e-04
1.695539464598982624e-02
2.412347186850722844e-02
3.207836301292090603e-02
4.170696076122851897e-02
5.283758613189599995e-02
6.316923289317863399e-02
7.356063332227315288e-02
8.586817969365033443e-02
1.074435564412120625e-01
1.469291869517630744e-01
2.082332603326464970e-01
2.684904096597793832e-01
1.851888245827256196e-01
1.211534643080471318e-01
8.796478437809879258e-02
6.587008863542938297e-02
4.929915145369818952e-02
3.651821728360171021e-02
2.652524158073183910e-02
1.890242642737108639e-02
1.316270248380286764e-02
8.959069337434457173e-03
5.922461522258962163e-03
3.755320221372093759e-03
2.184012826384496789e-03
9.601800809721395148e-04
-2.880234825174961093e-04
-3.230460421608500709e-04
-7.642643752480349627e-06
-6.120742001520305779e-04
4.323023938118717531e-04
1.042432049158953665e-04
-3.131991387709328494e-04
3.753247892474860102e-04
2.288936927014438723e-04
-5.801728635994497655e-04
-1.801282023457238834e-04
3.488497761407491978e-04
-8.171792060265147407e-05
-2.555669360138924104e-04
-4.052304939333591875e-04
-5.510514380284214702e-04
-6.551107346945134321e-04
-6.222062453369636746e-04
-2.845147365411695604e-04
6.351661888504059588e-04
2.556930899547352198e-03
6.052046363643722934e-03
1.197380546138227322e-02
2.146236400730659397e-02
3.691167388898475982e-02
6.520349485257087574e-02
9.901779841695582118e-02
7.809062753198443840e-02
6.358403106664696491e-02
5.929109029904269801e-02
6.129314642439415151e-02
6.455581397069354299e-02
6.751587554858889950e-02
7.101430258623107894e-02
7.942480301528472009e-02
9.960541699032515739e-02
1.376473639712661456e-01
1.833394782674305223e-01
1.282576357260129252e-01
8.203183743529812721e-02
5.724624808370668005e-02
4.096161093453875440e-02
2.924615992092646777e-02
2.076584616329403207e-02
1.452381484974258827e-02
1.005176301565387578e-02
6.846666505578333055e-03
4.598898140488332474e-03
3.019016594826100068e-03
1.910656078027661532e-03
1.108853956378916088e-03
4.857339463702677073e-04
-7.932198803907612793e-05
-3.090078691577120476e-05
1.385589950040151317e-04
5.808142396630887718e-04
1.037263346973369327e-04
-8.826914624639175123e-05
-2.267321415109801227e-04
-4.163705554214384963e-04
-1.644230282775143847e-04
-5.234415424576805862e-04
-4.312149575603022316e-04
4.012486075710664738e-05
-1.261022398903424604e-04
-2.618817344056404090e-04
-4.060964027002190329e-04
-5.511680340707157504e-04
-6.551236660489780919e-04
-6.222023960425085518e-04
-2.845128224051898498e-04
6.351660036223011861e-04
2.556929637197737169e-03
6.052043514482320467e-03
1.197380394806678294e-02
2.146236210622009394e-02
3.691167116381176977e-02
6.520349372471548333e-02
9.901780210593529030e-02
7.809063127601724441e-02
6.358403102852790145e-02
5.929108908703522446e-02
6.129314746510180351e-02
6.455581548751516963e-02
6.751587598654366917e-02
7.101430260230232050e-02
7.942479898619762835e-02
9.960541007182356632e-02
1.376473605785280552e-01
1.833394722289330703e-01
1.282576364129690005e-01
8.203183803508760918e-02
5.724624873117616086e-02
4.096161190469993496e-02
2.924615890879061000e-02
2.076584425129324174e-02
1.452381517426247493e-02
1.005176391673905448e-02
6.846669530932613518e-03
4.598933401641891981e-03
3.019191860534804067e-03
1.911428612473656382e-03
1.111397755600539465e-03
4.840538852469574663e-04
-2.271926065266851886e-04
2.797241487874634904e-04
-1.502534826851665076e-04
2.796326428714233404e-04
3.670735592032738971e-04
-2.476290429160014515e-04
-5.300305260641322708e-04
-2.081531975557377573e-04
-6.701378487899059392e-05
-7.502031963814834354e-05
3.977903428717585168e-04
-3.290229342280282659e-04
-1.623439725780915902e-04
-2.650409535401769090e-04
-4.062582468654296272e-04
-5.511478936718765048e-04
-6.551137823349238677e-04
-6.221976058010267535e-04
-2.845103828273123567e-04
6.351676241188147472e-04
2.556928985644817479e-03
6.052042692629388404e-03
1.197380448102428399e-02
2.146236470426512652e-02
3.691167367587561837e-02
6.520349537914398030e-02
9.901779563239254678e-02
7.809062676439290640e-02
6.358403362999817676e-02
5.929108902582783808e-02
6.129314421897838483e-02
6.455581258243138498e-02
6.751587210175587217e-02
7.101430213541889969e-02
7.942480340812883843e-02
9.960541368769203208e-02
1.376473621890307308e-01
1.833394779233026295e-01
1.282576391056081677e-01
8.203183758696498684e-02
5.724624435713985410e-02
4.096160826172138419e-02
2.924616071754877755e-02
2.076584873823278735e-02
1.452381963814713094e-02
1.005176258900168478e-02
6.846657714709675907e-03
4.598909172042087157e-03
3.019103107913396512e-03
1.911341877976650361e-03
1.114343604055504245e-03
5.283129592790599066e-04
2.502723500128844580e-04
-3.200654310644994362e-04
-5.297386090207966596e-04
-3.817355741711460837e-04
-5.338257924992616688e-04
-2.382551420256235632e-04
4.535640702563792289e-05
-2.739665857119625994e-04
-1.939508814447126004e-04
-9.367546578889063941e-05
1.970816538193013989e-04
1.670850016161544254e-04
3.332929447511876072e-04
8.056809400491178911e-04
1.469728841435485097e-03
2.437138605108816938e-03
3.879371467493327851e-03
6.008872400225971459e-03
9.127287521262314116e-03
1.356604523131893676e-02
1.983539923271447972e-02
2.841898798415273125e-02
4.030160625107218758e-02
5.680810183886714909e-02
8.184083017274441929e-02
1.283207128153245613e-01
1.837092501472900041e-01
1.382362825556158470e-01
1.003050426792653910e-01
8.010645902970479904e-02
7.150757167557185434e-02
6.770890284742296650e-02
6.435749480167481107e-02
6.078014730889427092e-02
5.857714078827946230e-02
6.286545800181221610e-02
7.748183847158193749e-02
9.860294452462267656e-02
6.514641457543886294e-02
3.714683017737308024e-02
2.196543145086315291e-02
1.270236999173368457e-02
6.938107272515700759e-03
3.530386132460797913e-03
1.618795143634456672e-03
6.511974951907583591e-04
2.154164166375522162e-04
5.551711671025217758e-05
1.385362419981560551e-05
8.020114313584209023e-06
-1.408897871892644589e-06
-4.473309288973767027e-05
-2.764375098445906822e-04
2.923658202620358086e-04
4.852983036033378921e-04
-2.931595875991677581e-04
-2.713629761217633152e-04
-6.152548317505272596e-04
-8.574123986617500923e-05
2.867581936713414843e-05
1.817433786639256255e-04
-3.431777174484595396e-04
1.829532900276154711e-04
-3.741210810886677813e-04
2.616691396059289405e-04
7.954240677979697999e-04
1.468178005604171311e-03
2.436889905974650578e-03
3.879331902401907291e-03
6.008869658876695406e-03
9.127286089005370862e-03
1.356604217533950024e-02
1.983539605020273947e-02
2.841898746007446089e-02
4.030161000483219874e-02
5.680810535769889591e-02
8.184083179435276689e-02
1.283207137125868535e-01
1.837092602022963317e-01
1.382362843527843443e-01
1.003050393840075882e-01
8.010645755885147101e-02
7.150757470369170643e-02
6.770890636132348428e-02
6.435749638481604029e-02
6.078014858940442716e-02
5.857713787711919112e-02
6.286545331239913603e-02
7.748184109489436588e-02
9.860295093656455678e-02
6.514641623209910248e-02
3.714682910808906474e-02
2.196542916856598221e-02
1.270236925904513585e-02
6.938107191438562700e-03
3.530386172278903757e-03
1.618795298953253125e-03
6.511983058232781278e-04
2.154206361554010019e-04
5.555758008122741381e-05
1.411342978488805972e-05
9.789699387598467794e-06
1.117252138207048503e-05
4.825438134691125233e-05
4.373768069599241835e-04
4.944040955701403889e-04
3.536453022913746777e-05
4.391593064304695552e-05
2.697629103266860448e-04
5.491803007190813879e-04
-2.728489239967754826e-04
2.607532589845357911e-05
-2.426109355384580999e-04
1.267340379625792165e-04
-3.088595405907794758e-04
4.320939822687617018e-05
3.105268747463336781e-04
8.017257880762089853e-04
1.469071003039012363e-03
2.437027084323411998e-03
3.879354608169148511e-03
6.008876425410097574e-03
9.127288135405435890e-03
1.356604325952436713e-02
1.983539748153734586e-02
2.841898805235027262e-02
4.030161000667172727e-02
5.680810644201002291e-02
8.184083195612215644e-02
1.283207115789505026e-01
1.837092398227768708e-01
1.382362768189161206e-01
1.003050430969118084e-01
8.010645834295508638e-02
7.150757129917373334e-02
6.770890309670059282e-02
6.435749412786738455e-02
6.078015124877150094e-02
5.857714426859406825e-02
6.286545532583752427e-02
7.748183791922520769e-02
9.860294655923515506e-02
6.514641546597112198e-02
3.714683065236780435e-02
2.196542959671905770e-02
1.270237083005460246e-02
6.938111552083303830e-03
3.530388945430099849e-03
1.618796075860002561e-03
6.511931609590784200e-04
2.154044087270663656e-04
5.550020393111433940e-05
1.375987407295053035e-05
7.571767806447086410e-06
-3.297407344835131643e-06
-5.231047032330686313e-05
-3.098117562555616515e-04
-7.386580820393127359e-04
-2.217034574858825523e-04
3.391242602333315211e-04
-4.806431034944178417e-04
-2.630733479250876188e-04
-5.964404147588983434e-05
1.722101818859940383e-04
-2.278301829485119905e-04
-6.166107989959402583e-05
-4.567741449577874060e-05
-5.395252055008415044e-04
6.574919993689333757e-04
1.825018217768389775e-03
3.286596430798178082e-03
5.324454356795387672e-03
8.230911315787610080e-03
1.232381566924516461e-02
1.798654304631096962e-02
2.558836400436971872e-02
3.562268140999516608e-02
4.851864209363670327e-02
6.526273986963337936e-02
8.757588377377185929e-02
1.210012926096624836e-01
1.852776933791907554e-01
2.688689956746430076e-01
2.088186331568333276e-01
1.476355116427432446e-01
1.081526659588533251e-01
8.638721294942579287e-02
7.377159057686415167e-02
6.296490470932873673e-02
5.229629719810956895e-02
4.094966201990550558e-02
3.129234029989143295e-02
2.343877206978060845e-02
1.642373701428443550e-02
-9.231881229695964447e-04
-1.097728934555622891e-02
-1.585534853575053249e-02
-1.729056004022114582e-02
-1.640373193212549957e-02
-1.427543726914421579e-02
-1.155238217246515667e-02
-8.853113183234385258e-03
-6.432988779301799902e-03
-4.470843762775554044e-03
-2.963526720419976460e-03
-1.868391708210255910e-03
-1.081824805656584742e-03
-4.714965418746773582e-04
2.614620864912740612e-04
1.226112023527178700e-04
1.993019620752229629e-04
8.042201526568781270e-05
3.083590748524575316e-04
-4.565233144026456481e-04
-2.613347327988710107e-04
2.383649365679628153e-05
6.596513408654858246e-05
4.040213711677943754e-04
9.830738017073796802e-06
1.267676420212695502e-04
7.273788080747479448e-04
1.831358392883586936e-03
3.286891074025548396e-03
5.324387949789267070e-03
8.230883335869855835e-03
1.232380982413901031e-02
1.798653955498067877e-02
2.558836121483671830e-02
3.562268054474898582e-02
4.851864556946978296e-02
6.526274582115697276e-02
8.757588649635018874e-02
1.210012928645622377e-01
1.852776927308802390e-01
2.688689956761183275e-01
2.088186338084788152e-01
1.476355083280051772e-01
1.081526641231942421e-01
8.638721549214604944e-02
7.377159438681195336e-02
6.296490746751619294e-02
5.229629877413240896e-02
4.094965636639431861e-02
3.129233095668255277e-02
2.343877150556379976e-02
1.642374511605611265e-02
-9.231842392459227312e-04
-1.097728875052793839e-02
-1.585534823000744886e-02
-1.729055662707539021e-02
-1.640372675307105732e-02
-1.427543462648703590e-02
-1.155238408100865352e-02
-8.853115885518804060e-03
-6.432994373499526485e-03
-4.470865575961350744e-03
-2.963668261336359702e-03
-1.869396910848747937e-03
-1.089533654468530753e-03
-5.336994333509647052e-04
-2.542931112817288400e-04
-2.019210595215454142e-04
1.874154597954210497e-06
8.754368732377896192e-06
-6.286534106428448453e-06
-3.113727110966437806e-04
-3.053497194385521810e-06
-2.385388788073067570e-05
5.870007058123841897e-04
-1.232581964334189875e-04
-3.800196090083801789e-04
-2.013255351244960128e-04
6.987687480258549097e-04
1.829781887930961555e-03
3.287044238146127634e-03
5.324467526515924871e-03
8.230904185268254555e-03
1.232381601631094004e-02
1.798653834926736139e-02
2.558835828017793496e-02
3.562268056922764103e-02
4.851864568811598694e-02
6.526274611226000333e-02
8.757588866277660200e-02
1.210012942137485559e-01
1.852776936439591848e-01
2.688689789237034833e-01
2.088186315752356970e-01
1.476355154335068365e-01
1.081526646189158170e-01
8.638721000437921127e-02
7.377158922789839313e-02
6.296490471046821413e-02
5.229630104464431939e-02
4.094966121586591373e-02
3.129233193011016906e-02
2.343877006566189719e-02
1.642374331325582859e-02
-9.231848611944290994e-04
-1.097728912152572123e-02
-1.585535241675197285e-02
-1.729055875192894373e-02
-1.640372334305869109e-02
-1.427543150993214500e-02
-1.155238160241710450e-02
-8.853117730892546763e-03
-6.433004232878710218e-03
-4.470903200526689901e-03
-2.963877318385830031e-03
-1.870399091855045074e-03
-1.093050078476625730e-03
-5.327936064166473046e-04
-5.771939925149504496e-05
-1.995650841198951323e-08
-1.598885800658736214e-05
4.352113839578769581e-04
-1.840377926089140082e-04
-2.613540937977542776e-04
3.920439539215149266e-04
1.281063956454793604e-05
-3.087015270448138630e-04
-9.828603944467005139e-05
3.267428072164341949e-04
-8.335884211349137344e-06
1.132565732385221353e-03
2.803358823814518491e-03
4.975887742543315916e-03
7.989187864359540564e-03
1.221475131782634449e-02
1.805742538496999186e-02
2.592436186121638633e-02
3.621227509128135263e-02
4.929680774580326441e-02
6.559870539154957769e-02
8.598312504251286181e-02
1.126448403742276727e-01
1.526702066002355862e-01
2.321555318577658844e-01
3.456694398497243137e-01
2.879885007274929909e-01
2.106951685866330914e-01
1.483254171837105895e-01
1.084541693098059201e-01
8.431154075916673374e-02
6.523035316610240053e-02
4.630961569176558768e-02
2.398154066161765560e-02
-5.275619884599094768e-04
-3.079302266722097267e-02
-6.649716447721526480e-02
-6.808560846482196449e-02
-5.969902143554216278e-02
-5.372514466082531359e-02
-4.695029055628106851e-02
-3.925323763578991709e-02
-3.154488682493127027e-02
-2.424702620659470453e-02
-1.795656796737932562e-02
-1.277213565603334093e-02
-8.765866740617843725e-03
-5.778360778210594670e-03
-3.637212451496575714e-03
-2.107237096725268505e-03
-9.503931749819123209e-04
1.724053908743793996e-04
-9.570571660487016256e-05
1.198964492042282852e-06
6.258384493233502897e-05
-1.248133191099752191e-04
-1.163684264475251819e-04
-1.033406655678568737e-04
1.123914546895092174e-04
4.246901720384801699e-04
1.667545580662568850e-04
-8.516421629990878351e-05
-5.842926270113254919e-04
1.044856178853169728e-03
2.788499532680291642e-03
4.973216386670272979e-03
7.988687428779834079e-03
1.221465710154344929e-02
1.805740932796131432e-02
2.592435897356690916e-02
3.621227399885643822e-02
4.929680739341011503e-02
6.559870840014744853e-02
8.598312869947812020e-02
1.126448397021916209e-01
1.526702034046925616e-01
2.321555198704081391e-01
3.456693567110181164e-01
2.879884818907555433e-01
2.106951636726720478e-01
1.483254144839739330e-01
1.084541702170187388e-01
8.431154228497865499e-02
6.523035545083040454e-02
4.630961895765867142e-02
2.398153936930526656e-02
-5.275649197924986824e-04
-3.079301895004913497e-02
-6.649714860545297146e-02
-6.808560471306969453e-02
-5.969902131567872416e-02
-5.372514231063350854e-02
-4.695028730518693155e-02
-3.925323481630112188e-02
-3.154488784459337503e-02
-2.424703089821330856e-02
-1.795657115026163750e-02
-1.277214472481046602e-02
-8.765914568756803457e-03
-5.778591455114246225e-03
-3.638256100467106291e-03
-2.111487025138438205e-03
-9.631184258770472814e-04
1.857288338756902266e-04
2.127162729961847411e-04
1.177781960684276432e-07
-3.790426252852963670e-04
-2.307402285493222389e-04
7.055666119912845538e-05
1.478591358840095787e-04
1.974757616318278800e-04
-2.510022401266269227e-04
3.752207129155143311e-04
-3.609432246631955076e-04
-1.070791242940919959e-04
1.115539546432722014e-03
2.799602534995052593e-03
4.975002855268555700e-03
7.988980325790231291e-03
1.221470630225699773e-02
1.805741925029341263e-02
2.592435941227631824e-02
3.621227417766167272e-02
4.929681234452900490e-02
6.559871220707086392e-02
8.598313011246060122e-02
1.126448406447003031e-01
1.526702032745493320e-01
2.321555315773141948e-01
3.456694295809347728e-01
2.879885001541163669e-01
2.106951729413309993e-01
1.483254135786693795e-01
1.084541635473406096e-01
8.431153684151866667e-02
6.523035257926761143e-02
4.630962115003429275e-02
2.398154326639742942e-02
-5.275643758378550929e-04
-3.079302046673976917e-02
-6.649715012301671280e-02
-6.808560244029134012e-02
-5.969901850940639854e-02
-5.372514404555979450e-02
-4.695028788059470853e-02
-3.925323163138070420e-02
-3.154488693939939276e-02
-2.424702973620693897e-02
-1.795657176132550714e-02
-1.277214927053669548e-02
-8.765932632248150252e-03
-5.778753453352395743e-03
-3.639610900606833187e-03
-2.122304522157142381e-03
-1.049163148258257542e-03
-5.049868838715737161e-04
-6.465258034414454345e-05
1.392296955135168067e-04
6.368493150952886069e-04
3.091701262765972477e-04
2.888573082064799799e-04
2.381863111347729608e-04
-3.509578326100242689e-04
-7.735364669418286698e-05
1.232541182129281033e-04
-1.377820173487723582e-05
2.767893427765241742e-04
1.579887427867246279e-03
3.680902357257914877e-03
6.458746011085593833e-03
1.030978154471057576e-02
1.565555383028981520e-02
2.296749411534746918e-02
3.263205336104887250e-02
4.506188559320819381e-02
6.046252783536485570e-02
7.926432148981335524e-02
1.021722440281754574e-01
1.317388394182368028e-01
1.763999559540720408e-01
2.670867137282916248e-01
4.053807640069816420e-01
3.658054726417276359e-01
2.930020151997347333e-01
2.108560688168352459e-01
1.460989914456009009e-01
1.029403708046340432e-01
6.992150166182301008e-02
4.018585515193712904e-02
6.526867073478615985e-03
-3.496638527260094442e-02
-9.092785822651454353e-02
-1.549899758400576921e-01
-1.350245620111445166e-01
-1.064086673097524721e-01
-8.909847240960799830e-02
-7.414222843744368296e-02
-6.003491702198115315e-02
-4.713254069135908164e-02
-3.568954736510602382e-02
-2.613105783757367281e-02
-1.845816728180598928e-02
-1.260507836101207139e-02
-8.289517268502005071e-03
-5.210567313195795837e-03
-3.020282243869873949e-03
-1.398605524991511015e-03
-9.584132204393809964e-05
-4.056436504000901955e-04
5.063474576737604578e-05
-2.078358343932424246e-04
8.064879607678590882e-04
-7.941932013233107823e-05
-7.733828487779701930e-04
-3.193867633196837276e-04
1.596000641959334574e-04
4.198399986748877714e-04
-4.659034367961177093e-04
-4.716560027612660814e-04
1.456467972542298348e-03
3.659021591218637997e-03
6.454754634700785032e-03
1.030903821955044507e-02
1.565541454135073104e-02
2.296746843952324202e-02
3.263204874944644618e-02
4.506188354316297690e-02
6.046252683051379917e-02
7.926432500681249160e-02
1.021722479768670394e-01
1.317388390098033490e-01
1.763999522226222527e-01
2.670866911910794173e-01
4.053806069360838538e-01
3.658054405456495073e-01
2.930020094426100119e-01
2.108560691592902547e-01
1.460989944556220776e-01
1.029403705181381606e-01
6.992150079148595765e-02
4.018585541968158065e-02
6.526866061409057618e-03
-3.496638274688747966e-02
-9.092784003178856767e-02
-1.549899143629814013e-01
-1.350245531262617149e-01
-1.064086686207777466e-01
-8.909847126721540111e-02
-7.414222731591760263e-02
-6.003491556019988074e-02
-4.713254096820703593e-02
-3.568954978148258794e-02
-2.613105959096578140e-02
-1.845818133088162477e-02
-1.260516049859810618e-02
-8.289921538504491441e-03
-5.212480183286849478e-03
-3.028974376918858787e-03
-1.436152128306478074e-03
-2.470926770138624773e-04
2.667520693658451770e-05
-2.116207168226214258e-04
-3.892877171189891789e-04
1.172514543246339097e-04
1.865452476640151204e-04
5.008744753653696015e-05
-1.077809893606368474e-04
3.163889391923750964e-04
-4.991962500304139442e-05
1.819120001963934411e-04
-1.526993501812329315e-05
1.516034227846715108e-03
3.667368554249103487e-03
6.455986694276332101e-03
1.030923080219350516e-02
1.565544722721296661e-02
2.296747619764375262e-02
3.263205015809920312e-02
4.506188480398275187e-02
6.046253179708444003e-02
7.926432827844367979e-02
1.021722491417398626e-01
1.317388406133960244e-01
1.763999572507477798e-01
2.670867376222259004e-01
4.053809433503515747e-01
3.658055089077325017e-01
2.930020240130177811e-01
2.108560664585096556e-01
1.460989897983104857e-01
1.029403705865567648e-01
6.992150267095691152e-02
4.018585838132172211e-02
6.526865829325424057e-03
-3.496639008693800538e-02
-9.092785033686892615e-02
-1.549899230128150007e-01
-1.350245481595114261e-01
-1.064086629974022868e-01
-8.909847093781673999e-02
-7.414222616834857671e-02
-6.003491230579840326e-02
-4.713254223467358561e-02
-3.568955081064945772e-02
-2.613106024546259579e-02
-1.845817461066134868e-02
-1.260509455097444734e-02
-8.289535824024637373e-03
-5.210237824689603441e-03
-3.015315382997177558e-03
-1.348721838060270911e-03
3.437082393593206904e-04
2.930418525592604008e-04
-1.392034905865977012e-04
5.743363360547881075e-04
-6.353459796701443744e-05
-4.237034080260040180e-06
3.294864069169309057e-04
1.302963788180193665e-04
-1.922867431617370729e-04
-1.743928745544667076e-04
-4.387027247340818991e-04
5.384545881158320267e-04
1.971665849761541998e-03
4.403612956661646059e-03
7.658616239350914991e-03
1.217514515080005133e-02
1.840126371611812417e-02
2.685656446680465687e-02
3.788308850604064915e-02
5.190397541849481322e-02
6.894899484480755680e-02
8.946599893777057444e-02
1.140042113690416942e-01
1.453022643257177726e-01
1.927966745211239785e-01
2.903665207320817454e-01
4.449988090206479785e-01
4.242028797535422058e-01
3.771720308618476403e-01
2.982298997297728738e-01
2.087545974196517440e-01
1.383866458378277264e-01
8.571504261135924618e-02
3.798497289104282859e-02
-1.655809132803208114e-02
-8.189407957534718119e-02
-1.659500114585319708e-01
-2.522158396221019228e-01
-1.985686679100736596e-01
-1.478084248138286927e-01
-1.193217971128360255e-01
-9.679350795475422098e-02
-7.724574230858542723e-02
-5.994041476877377123e-02
-4.511556300530967373e-02
-3.284729290998544132e-02
-2.313871437987257210e-02
-1.575772527181179203e-02
-1.035147281996978870e-02
-6.499312450527580665e-03
-3.762911029556153825e-03
-1.714450582485750564e-03
1.039682110093397937e-04
3.062003743821739869e-04
2.314373913467441819e-04
-6.162091878359348979e-04
-9.974577866449609639e-05
-7.734739345064677593e-04
3.038715805343120743e-04
3.375638081284267327e-04
5.519389102317380459e-04
-2.379447529361789512e-04
2.393429994291944871e-04
4.513077605226537719e-04
1.922727258958009276e-03
4.390015477971660231e-03
7.655482887333563309e-03
1.217447753803989341e-02
1.840112720190735865e-02
2.685653662381725162e-02
3.788308317644987350e-02
5.190397328909236718e-02
6.894899433790002696e-02
8.946600275704533201e-02
1.140042133151294157e-01
1.453022618632033025e-01
1.927966704355803806e-01
2.903665044976497800e-01
4.449987201402641479e-01
4.242028656344454252e-01
3.771720250751139369e-01
2.982299005878858433e-01
2.087546013431761105e-01
1.383866439557647210e-01
8.571503941622445055e-02
3.798496948748655150e-02
-1.655809601774832496e-02
-8.189407484770168388e-02
-1.659499616879281658e-01
-2.522155201450189121e-01
-1.985686231054933359e-01
-1.478084185739296230e-01
-1.193217913804504871e-01
-9.679350373911151106e-02
-7.724574040109394302e-02
-5.994041532399922712e-02
-4.511556629417502046e-02
-3.284729823532289011e-02
-2.313873970090889534e-02
-1.575785882608457186e-02
-1.035216520348725133e-02
-6.502891502089147395e-03
-3.781330707245772645e-03
-1.809397077250971811e-03
-3.886439692617630671e-04
-1.620358672085367142e-04
-1.132488853498671332e-04
4.062924257508836504e-04
-3.616783205842892470e-04
-2.277572501305326412e-04
3.125243638280852314e-04
-3.097723524588276824e-04
1.254737489643121151e-04
4.291385927092768106e-04
-2.650762510790922988e-04
-3.353263042342731850e-04
1.825052017850519641e-03
4.377447372769950780e-03
7.653862008530322274e-03
1.217427063303980726e-02
1.840110211091615031e-02
2.685653387881535917e-02
3.788308094419144678e-02
5.190397240027758152e-02
6.894899725209933938e-02
8.946600425722919803e-02
1.140042133525049073e-01
1.453022645323575890e-01
1.927966820897499545e-01
2.903665796152428147e-01
4.449992722928818867e-01
4.242029584523495656e-01
3.771720403095591423e-01
2.982298950855077346e-01
2.087545943977379692e-01
1.383866435317867571e-01
8.571504137993564421e-02
3.798497395721212727e-02
-1.655809418703985819e-02
-8.189408322933161566e-02
-1.659499986439317842e-01
-2.522157463407822542e-01
-1.985686422523614270e-01
-1.478084199630250173e-01
-1.193217958601347217e-01
-9.679350512837996134e-02
-7.724573728820752216e-02
-5.994041483004746568e-02
-4.511556497755542933e-02
-3.284729675844314661e-02
-2.313872564716358896e-02
-1.575775232100325857e-02
-1.035156462642228617e-02
-6.499561958940125277e-03
-3.762721112220164706e-03
-1.704635136410018398e-03
2.074090795223293199e-04
-8.522081191533813042e-05
1.049488979899586364e-04
6.027335613994450969e-04
-7.857442470277098152e-05
2.518555235551488808e-04
6.275869960619753773e-04
-8.118614366448112757e-05
-4.118490150839117063e-04
-4.093065438191116102e-04
-1.848234035209798636e-05
9.036169681665107102e-04
2.255172968347202937e-03
4.912311069625413876e-03
8.503585056671094169e-03
1.348501626806044955e-02
2.031835342131784947e-02
2.955385558418110320e-02
4.149037838447185850e-02
5.655370497716320083e-02
7.463910955755845289e-02
9.620104420040222204e-02
1.216854745760163198e-01
1.538903009643395048e-01
2.029463092180135986e-01
3.044590884268432163e-01
4.694242995225499926e-01
4.593883877478173727e-01
4.385494277395869944e-01
3.940979914737782752e-01
3.137822565451385826e-01
2.142175944771251284e-01
1.219925513712869364e-01
3.962796559245626571e-02
-4.950487557942670480e-02
-1.555431194225665170e-01
-2.718480383243181420e-01
-3.582392621809379896e-01
-2.546134241978286195e-01
-1.806432317200764026e-01
-1.420869999118583027e-01
-1.132426280626199766e-01
-8.965323443787620583e-02
-6.907631819611688428e-02
-5.186285814999809507e-02
-3.764273382894740838e-02
-2.649125766267563034e-02
-1.801277270078832302e-02
-1.182874830748959633e-02
-7.423325887820573718e-03
-4.298307192358240790e-03
-1.933456568698341737e-03
3.764051683515530337e-04
-3.295900017958235204e-04
-1.136936915878123381e-04
-5.258319815367327923e-04
-1.512540905593521668e-06
-3.778881596114121383e-04
-4.136239733363708732e-04
-1.016487449140383170e-04
-1.467154853057743341e-04
-4.456092687642078517e-04
-3.900368212083801778e-04
2.165115024093770891e-05
2.119603993988047538e-03
4.889328679531054767e-03
8.499487466815442219e-03
1.348425911784198461e-02
2.031821033066291346e-02
2.955382754135025755e-02
4.149037354426820395e-02
5.655370320849831961e-02
7.463910896429540309e-02
9.620104715742185120e-02
1.216854747954322635e-01
1.538902976083485752e-01
2.029463051471016299e-01
3.044590791440012767e-01
4.694244238202054942e-01
4.593884133192642216e-01
4.385494273684189537e-01
3.940979914596983713e-01
3.137822606945437354e-01
2.142175933544588906e-01
1.219925532609664742e-01
3.962796889594021738e-02
-4.950487303978876735e-02
-1.555431097424592457e-01
-2.718479580000585094e-01
-3.582385002753742387e-01
-2.546133320597487870e-01
-1.806432213647361229e-01
-1.420869951363484263e-01
-1.132426252900451819e-01
-8.965323369468387871e-02
-6.907631833910507502e-02
-5.186286087352012103e-02
-3.764274127895445021e-02
-2.649129004190589956e-02
-1.801293832479674770e-02
-1.182962244243027788e-02
-7.427945213386169879e-03
-4.322672714295883352e-03
-2.061805775119895674e-03
-2.963049046550960070e-04
-3.012425151783834740e-04
-1.391068246414880123e-05
-3.569093876606632622e-04
3.061728753165392572e-04
-1.881563234201555173e-04
-1.876139911894609061e-04
1.952664486533337062e-04
2.257522884090079824e-04
5.037113985555429548e-04
2.582592903672163774e-04
2.736962260010572545e-04
2.141257885264379740e-03
4.890470914578292499e-03
8.499359540505048438e-03
1.348419718025198680e-02
2.031819506394991551e-02
2.955382376403437733e-02
4.149037120948563528e-02
5.655370337557114047e-02
7.463911267107901926e-02
9.620104905999457556e-02
1.216854751056087175e-01
1.538903004970304800e-01
2.029463167168003845e-01
3.044591450847136671e-01
4.694248158416264305e-01
4.593884578745326963e-01
4.385494338640575362e-01
3.940979849031050475e-01
3.137822522681525950e-01
2.142175917785179018e-01
1.219925530040640443e-01
3.962797066187928596e-02
-4.950487130401259872e-02
-1.555431071000714927e-01
-2.718479614510644904e-01
-3.582384885679392728e-01
-2.546133356903819145e-01
-1.806432223939335446e-01
-1.420869991514615849e-01
-1.132426254175493974e-01
-8.965323133891747731e-02
-6.907631870475193503e-02
-5.186286081136295967e-02
-3.764274085900316119e-02
-2.649127595207943775e-02
-1.801284119692173405e-02
-1.182912371087059544e-02
-7.425496391476178043e-03
-4.311409622991258829e-03
-2.016996672564568775e-03
-1.839941238569082235e-04
5.397719003309441087e-04
-3.876246418160410019e-04
4.254873235399245885e-05
1.424231538214073005e-04
2.081807636861798621e-04
4.564157825601977410e-04
-3.446867767541455141e-04
-3.784331621449721047e-04
4.218726433486005237e-04
-3.051203307409559775e-04
3.078086621352307773e-04
2.280314293523244204e-03
5.157311378854485470e-03
8.942686286754838662e-03
1.416900657503520483e-02
2.131473653419889425e-02
3.094797013196169330e-02
4.334017825269676633e-02
5.892006773439317779e-02
7.750413012899197429e-02
9.955766100489378545e-02
1.254574332905225575e-01
1.580456788444698224e-01
2.078586012943713368e-01
3.118984706036447285e-01
4.881064485622173543e-01
4.802571993334973643e-01
4.716506577080850637e-01
4.571707516467667931e-01
4.259725308349670003e-01
3.583958150704628087e-01
2.378281387600535979e-01
6.849378719279280991e-02
-1.290273147727364622e-01
-2.965420830539193808e-01
-3.973034752434215777e-01
-4.457761460193233050e-01
-2.910640811809889761e-01
-1.997892250463768615e-01
-1.546420415692388028e-01
-1.219562153375687713e-01
-9.618430584967745112e-02
-7.383247684135425815e-02
-5.539378485264679491e-02
-4.014858706535268801e-02
-2.825249633678015432e-02
-1.919883826613985253e-02
-1.261027693406918497e-02
-7.917786807404262814e-03
-4.602761377151566406e-03
-2.135479162227921224e-03
6.681467912921316683e-05
7.705112075187855309e-05
5.066006449896836867e-04
-2.244366690742118640e-04
-4.157893998379596703e-05
-9.282140320695107436e-05
-3.159302891374161774e-04
1.672928242747174750e-04
2.696143615007233962e-04
3.755881360180854628e-04
2.724210037672248263e-04
1.720770162072387838e-04
2.237437373948190228e-03
5.146615871969955659e-03
8.940282499412180797e-03
1.416849252469069842e-02
2.131462922997330589e-02
3.094794719572270536e-02
4.334017477751434672e-02
5.892006767042064219e-02
7.750413116601255481e-02
9.955766453895838197e-02
1.254574333140173747e-01
1.580456728301597169e-01
2.078585752745772675e-01
3.118982998011949892e-01
4.881050778862370820e-01
4.802570919227081570e-01
4.716506463719852826e-01
4.571707484281218314e-01
4.259725324908162358e-01
3.583958162670802250e-01
2.378281465555902863e-01
6.849379370867562933e-02
-1.290273089265285555e-01
-2.965420776137009384e-01
-3.973034000947136546e-01
-4.457757008991695136e-01
-2.910640267389061342e-01
-1.997892196104475715e-01
-1.546420394141493626e-01
-1.219562146094429061e-01
-9.618430618298944024e-02
-7.383247649193067086e-02
-5.539378674647184309e-02
-4.014859378414931124e-02
-2.825252549425217446e-02
-1.919899073352827543e-02
-1.261108145687072322e-02
-7.922027667647085075e-03
-4.625389280210506424e-03
-2.258728682532372412e-03
-6.240594870016334065e-04
2.841744327330442696e-04
-1.469815239020363852e-04
1.790299813499803461e-04
-2.231614146369767800e-06
-7.255757782399376672e-04
3.879239713324390479e-04
-1.665883974753780080e-04
-2.840314016303577336e-04
1.883652973794020988e-04
1.964080310172683103e-04
2.415947034318176550e-04
2.241135341870966000e-03
5.145871185565656369e-03
8.939922887975137317e-03
1.416839389480234988e-02
2.131460674485874743e-02
3.094794194513670813e-02
4.334017335172233448e-02
5.892006921016609139e-02
7.750413546555981470e-02
9.955766638382046452e-02
1.254574333966477218e-01
1.580456760767742774e-01
2.078585963854184260e-01
3.118984404776700692e-01
4.881062433847337401e-01
4.802572094742207365e-01
4.716506601666725085e-01
4.571707472250091109e-01
4.259725291998233132e-01
3.583958158368157343e-01
2.378281460075334086e-01
6.849379676619912760e-02
-1.290273100178355725e-01
-2.965420773060993831e-01
-3.973034283268206401e-01
-4.457756516592767948e-01
-2.910640309131630743e-01
-1.997892204746446188e-01
-1.546420415057709885e-01
-1.219562142473232524e-01
-9.618430510780796860e-02
-7.383247775149397174e-02
-5.539378843255082091e-02
-4.014859425099314566e-02
-2.825251114217392986e-02
-1.919890264408057393e-02
-1.261061385645981595e-02
-7.919449399766737355e-03
-4.610523359350494725e-03
-2.167527600360345461e-03
-2.194139766361869425e-05
-2.942063711212814197e-04
1.589249043716236756e-05
-3.852478843701142154e-04
5.366668644537581296e-04
-9.385761616599290892e-05
5.355178162477900643e-04
3.124115803772327241e-04
8.047329850767309870e-06
5.021369925030782496e-05
-3.949483239186977459e-04
4.833776313831963261e-04
2.291419918247121837e-03
5.165456885482745848e-03
8.958038225293634207e-03
1.418991226771475211e-02
2.133997107731663845e-02
3.097649960010387046e-02
4.337074479656548298e-02
5.895082850961292503e-02
7.753342618105538153e-02
9.958383601914061467e-02
1.254804709895968040e-01
1.580660761575444218e-01
2.078813495209826945e-01
3.119322007953990172e-01
4.881651273870465380e-01
4.803448215227608120e-01
4.717976384452610694e-01
4.574167274323073795e-01
4.263396543853666953e-01
3.587358709621700781e-01
2.379207285915836689e-01
6.843381336565629303e-02
-1.291113731093408989e-01
-2.966456321157055487e-01
-3.974076703392332988e-01
-4.458523062422655725e-01
-2.910905129936993130e-01
-1.998019127773944248e-01
-1.546542166823305642e-01
-1.219703896555071193e-01
-9.620259416197558811e-02
-7.385453591922298833e-02
-5.541884499382344204e-02
-4.017496718833809405e-02
-2.827853839346934628e-02
-1.922335836309507426e-02
-1.263328399729453204e-02
-7.941575511319440978e-03
-4.634526918986550843e-03
-2.195748397148426095e-03
-8.250347782498669645e-05
2.857904830144207911e-04
-6.483443349992563606e-05
1.037560777794683457e-04
-2.781736123405586990e-05
2.112579319149601178e-04
3.145310655435974603e-04
3.282165720550647659e-04
-3.166229359776384579e-04
-7.035691295940927530e-04
-4.061912362817741225e-04
3.403331506007780598e-04
2.258130206121246927e-03
5.157534704356776106e-03
8.956230199648928386e-03
1.418951507973266121e-02
2.133988535103851364e-02
3.097648002380261681e-02
4.337074178095631782e-02
5.895082815503129708e-02
7.753342538108688731e-02
9.958383669256469506e-02
1.254804692890643669e-01
1.580660694975163927e-01
2.078813197481632347e-01
3.119320018018971186e-01
4.881635142045770981e-01
4.803446735566376247e-01
4.717976260016015222e-01
4.574167270828681797e-01
4.263396551243663901e-01
3.587358722569656266e-01
2.379207333222280729e-01
6.843381308814541764e-02
-1.291113786242776840e-01
-2.966456360011711091e-01
-3.974076901879872725e-01
-4.458524473305679470e-01
-2.910905314844040581e-01
-1.998019159724970795e-01
-1.546542141801536263e-01
-1.219703872879249196e-01
-9.620259252833693320e-02
-7.385453427329002896e-02
-5.541884707407389310e-02
-4.017497343407711030e-02
-2.827855950686139833e-02
-1.922346170452363806e-02
-1.263377609524062029e-02
-7.943814151823812633e-03
-4.644164788993614471e-03
-2.232922862995963785e-03
-1.908224318772640097e-04
-4.990376147361223844e-04
2.548574667600811978e-05
2.174449217614110553e-04
2.188058648080327517e-04
-6.630454181196110831e-05
2.569583740666863737e-04
-3.454481503067023229e-05
4.102738644186007793e-04
5.489091950722356939e-04
1.121080229538893094e-04
-1.056591932297482956e-04
2.194895634907303474e-03
5.147746897182651007e-03
8.954625218593741109e-03
1.418923961783903273e-02
2.133983623961638321e-02
3.097646988107408475e-02
4.337073903949588416e-02
5.895082758797926675e-02
7.753342695108730864e-02
9.958383764751735368e-02
1.254804702298625285e-01
1.580660733201655621e-01
2.078813327698492419e-01
3.119320631331555793e-01
4.881638691026981558e-01
4.803447225104006124e-01
4.717976311530878708e-01
4.574167269538735314e-01
4.263396542971079617e-01
3.587358744805946298e-01
2.379207327191664445e-01
6.843381711628926389e-02
-1.291113845709724040e-01
-2.966456541567996652e-01
-3.974077857530408098e-01
-4.458533634798209078e-01
-2.910906237356319370e-01
-1.998019256084496709e-01
-1.546542159572250330e-01
-1.219703866256482971e-01
-9.620259147239398900e-02
-7.385453462782974599e-02
-5.541884837150417437e-02
-4.017497264279446673e-02
-2.827854677885464907e-02
-1.922340893799900918e-02
-1.263356341917497815e-02
-7.943078886741949951e-03
-4.642918857831799737e-03
-2.244262485743621013e-03
-3.766124593321422192e-04
1.184001878846413486e-04
-1.255416631709784013e-04
5.997153021950212990e-04
-3.073982369389611949e-04
3.015576753063616521e-04
-3.949016445782141740e-04
9.453136346291919243e-05
-2.033891435172105130e-04
-3.148961307445500082e-04
-1.673996584406561711e-06
3.670887578320933091e-04
2.178740820945948998e-03
4.929349700121710143e-03
8.550783582545211023e-03
1.354860482816904431e-02
2.039462825099676302e-02
2.964029341437228113e-02
4.158328549525166368e-02
5.664803851357883002e-02
7.472930726541039681e-02
9.628300625782373889e-02
1.217576638775199477e-01
1.539567434182202155e-01
2.030209215458005367e-01
3.045786590702473928e-01
4.696550996032640146e-01
4.597191242858466032e-01
4.390393872521634044e-01
3.946708421915294807e-01
3.141106851319046545e-01
2.141209951397465838e-01
1.217346477688825562e-01
3.947624278732712183e-02
-4.952548041266052053e-02
-1.555182140865208340e-01
-2.719200007310791922e-01
-3.583803451964521769e-01
-2.546692414081165312e-01
-1.806766999245253691e-01
-1.421233245858204430e-01
-1.132871402269224892e-01
-8.971027604222017726e-02
-6.914488305356129849e-02
-5.193992863316572450e-02
-3.772339771754124049e-02
-2.657035380721966752e-02
-1.808675338944849831e-02
-1.189729076196415630e-02
-7.492683096348692028e-03
-4.390727558930038188e-03
-2.131391109243090110e-03
-3.225003245046584744e-04
3.625809205824231051e-04
2.447400075547977887e-04
-3.118977423732297288e-04
-1.522023303133693392e-04
-1.228100817312788339e-04
-2.533538680075863789e-04
-4.247629595219402248e-04
-9.705299312219335057e-06
5.273343365505378348e-04
3.593740438373357578e-04
1.276851340627926815e-04
2.127791832375334861e-03
4.918823443873354857e-03
8.548674258235645571e-03
1.354818773823488962e-02
2.039454481050259962e-02
2.964027474668579770e-02
4.158328284210560666e-02
5.664803897841919761e-02
7.472930751847992048e-02
9.628300813182009976e-02
1.217576640607280214e-01
1.539567413002619900e-01
2.030209122290694002e-01
3.045786038820244013e-01
4.696548375774644013e-01
4.597190867233131861e-01
4.390393845156738140e-01
3.946708436897297667e-01
3.141106844440914592e-01
2.141209975450455716e-01
1.217346551981220576e-01
3.947624722643980344e-02
-4.952548198307700489e-02
-1.555182205658800221e-01
-2.719200829420892473e-01
-3.583811726056798097e-01
-2.546693390254724521e-01
-1.806767137389612421e-01
-1.421233260397455067e-01
-1.132871400063355516e-01
-8.971027413714775800e-02
-6.914488106570464143e-02
-5.193993019158426455e-02
-3.772340149625801747e-02
-2.657036592896236393e-02
-1.808682050205095981e-02
-1.189761337279653108e-02
-7.494159359380485677e-03
-4.397131455822600454e-03
-2.155312564163481062e-03
-3.718399982772249918e-04
-3.344027636597201236e-04
-1.549895000439627420e-04
-3.785045345589608780e-05
-1.144228769528316106e-04
6.481786061922449875e-05
-2.013779212806260399e-04
2.625208488471304173e-04
3.296143714366142597e-04
-6.726273619994186368e-05
2.026411842160117687e-05
1.269239253250645954e-04
2.114890670094090371e-03
4.914410630918779159e-03
8.547547236820694089e-03
1.354793311868042992e-02
2.039449096793293295e-02
2.964026348613403583e-02
4.158328147701084720e-02
5.664803936870110856e-02
7.472930916695010028e-02
9.628300976248647947e-02
1.217576650735260474e-01
1.539567429371390406e-01
2.030209219479595373e-01
3.045786655379124075e-01
4.696552684598421235e-01
4.597191474297603886e-01
4.390393904292362315e-01
3.946708466352367162e-01
3.141106868559871979e-01
2.141210032693779131e-01
1.217346566406995872e-01
3.947624454669491911e-02
-4.952549061054758311e-02
-1.555182223062846203e-01
-2.719200401263904832e-01
-3.583807275095196587e-01
-2.546693013015067231e-01
-1.806767108622977513e-01
-1.421233291547681077e-01
-1.132871415385131170e-01
-8.971027564824550493e-02
-6.914488340240904085e-02
-5.193993254153763534e-02
-3.772339864472998294e-02
-2.657034927287878212e-02
-1.808675925210280477e-02
-1.189733640628141270e-02
-7.492957192135371591e-03
-4.392546128258188569e-03
-2.142836770062754841e-03
-3.872745779574023745e-04
4.779339065257187690e-05
-4.270372737650207011e-04
-1.441681730795614990e-04
1.780699519380198308e-04
-1.081883369741223541e-04
4.163222345652792039e-04
1.146665891750600202e-05
-6.255909073861734473e-04
-1.321577254793645866e-05
-5.773504856957094745e-04
6.306862402371568675e-04
2.012992243688110396e-03
4.471308931945858385e-03
7.747815666432130745e-03
1.228408384610624876e-02
1.852976074928787409e-02
2.700229551758795421e-02
3.804086287606388284e-02
5.206544263828712105e-02
6.910533584707452548e-02
8.960973129383437152e-02
1.141337099434324570e-01
1.454251239960645814e-01
1.929419224927712284e-01
2.906114337919324386e-01
4.454906075772806506e-01
4.248627877092596150e-01
3.779135550256405573e-01
2.986143623169668082e-01
2.085876284311179996e-01
1.379920620551059185e-01
8.537523081359237043e-02
3.782405189085495667e-02
-1.656370889483187517e-02
-8.179947149608414458e-02
-1.659012377784963022e-01
-2.522757877305665253e-01
-1.986135628828129551e-01
-1.478489997981865534e-01
-1.193774496481613684e-01
-9.686894861476914864e-02
-7.734412636458593004e-02
-6.005916152591080082e-02
-4.524809511077480112e-02
-3.298513376915067352e-02
-2.327277049949371540e-02
-1.588177383395751943e-02
-1.046344582526015539e-02
-6.604570060627643242e-03
-3.876602375702682332e-03
-1.857088429435596686e-03
1.189575579760028309e-05
1.538623860156522753e-04
-1.250318115258072500e-04
-1.198154790632896522e-04
4.767098964485940869e-04
1.137134350330611159e-04
5.569740451945394194e-04
-2.955479330451168713e-04
1.769582491426095739e-04
2.942838552540738345e-04
-1.835209331953266008e-04
-1.745042800565071070e-05
1.921610406261787911e-03
4.457132461485138232e-03
7.745472932967338575e-03
1.228367539747177682e-02
1.852968549576035351e-02
2.700227930964073028e-02
3.804086056038954305e-02
5.206544285764450747e-02
6.910533573108552929e-02
8.960973205958644439e-02
1.141337087255012567e-01
1.454251222564603430e-01
1.929419172259846937e-01
2.906113970700535121e-01
4.454903461278022503e-01
4.248627635090337362e-01
3.779135561924922282e-01
2.986143620003867682e-01
2.085876217252916054e-01
1.379920598836616163e-01
8.537523750271065748e-02
3.782405787463195834e-02
-1.656370621563433426e-02
-8.179946874168987636e-02
-1.659012603050705470e-01
-2.522759508074987056e-01
-1.986135948498770343e-01
-1.478490051232003999e-01
-1.193774511052154430e-01
-9.686894900356307625e-02
-7.734412418006858525e-02
-6.005915922389373079e-02
-4.524809544310144649e-02
-3.298513478327617238e-02
-2.327277461353310928e-02
-1.588181063099905824e-02
-1.046367245120744319e-02
-6.606049965906878908e-03
-3.887037353620119168e-03
-1.934768819086273104e-03
-5.897522440251048385e-04
-2.309310809149938098e-04
5.279181379250261598e-04
4.443909684022836755e-04
5.042939272526067874e-04
2.731215780888655983e-04
-1.692778658336324237e-04
2.720625825970236821e-04
-4.280750801571434386e-04
-3.202926589723414995e-04
3.992328967882365683e-04
-5.343636391167446413e-05
1.895167388505159586e-03
4.449505910183929394e-03
7.743698330309098897e-03
1.228329989545258114e-02
1.852960993959492167e-02
2.700226367881098863e-02
3.804085776795489149e-02
5.206544172031023210e-02
6.910533527940428133e-02
8.960973227822639775e-02
1.141337087638809450e-01
1.454251219944233675e-01
1.929419259028601896e-01
2.906114700118170302e-01
4.454909273916616286e-01
4.248628363842147926e-01
3.779135607156148269e-01
2.986143639503093250e-01
2.085876221850107015e-01
1.379920623252981482e-01
8.537523426715667996e-02
3.782405024938688409e-02
-1.656371686527694301e-02
-8.179947421563983634e-02
-1.659012588370981089e-01
-2.522759817133631288e-01
-1.986135951620692508e-01
-1.478490076726267644e-01
-1.193774531548147111e-01
-9.686894957500899461e-02
-7.734412627368833504e-02
-6.005916322112198058e-02
-4.524809862780269226e-02
-3.298513068810406818e-02
-2.327275441262188424e-02
-1.588172087954815848e-02
-1.046316277462505835e-02
-6.603091788236098957e-03
-3.869306420609355812e-03
-1.823598918654256024e-03
1.430590298767035284e-04
-2.023683106397257728e-05
-2.802456309953078005e-04
1.012411639214234679e-05
-4.925406101671690393e-04
2.230753840548971658e-04
-3.396672059660584301e-04
-2.730031141513659465e-04
-1.482816226798197058e-04
1.719161164829686821e-04
1.543234275683783463e-04
2.368336249836562591e-04
1.690253093427766676e-03
3.804945165801669818e-03
6.593622509721512766e-03
1.046550226327242969e-02
1.583766794858383273e-02
2.317513427801750486e-02
3.285918213974271807e-02
4.529746077558925721e-02
6.069417160003250100e-02
7.948136054382105853e-02
1.023712586144353287e-01
1.319325791091287003e-01
1.766303407036746154e-01
2.674803070322909759e-01
4.061921881118807365e-01
3.666819560807850764e-01
2.935277780133397907e-01
2.107605193634814189e-01
1.456583050444801297e-01
1.024756744169137423e-01
6.958271355997608376e-02
4.004301973406367010e-02
6.547788622667716565e-03
-3.482206328770518639e-02
-9.077172059355792522e-02
-1.548965812283769894e-01
-1.350067430358558862e-01
-1.064348350888520700e-01
-8.916561047637716619e-02
-7.424910041212519352e-02
-6.017905364926462441e-02
-4.730753527260886382e-02
-3.588325211840250745e-02
-2.633081549645931510e-02
-1.865042895122485597e-02
-1.278075402831996103e-02
-8.444256119763543511e-03
-5.349436364165334988e-03
-3.165073841366360281e-03
-1.625021876301117104e-03
-7.303433732965045446e-04
4.445971645482848546e-04
1.288421360031848941e-04
1.194601763090219861e-04
-2.187182328004585053e-04
2.666698347356191994e-04
1.350093207516773965e-04
-1.978595928325282028e-04
4.868521805345326291e-05
-3.890601225852765568e-04
1.513349457798475440e-04
6.588952241121819910e-04
1.731798956672503690e-03
3.808012188555783342e-03
6.593553108584743888e-03
1.046539887576279464e-02
1.583763414965805999e-02
2.317512298985755642e-02
3.285917885297044705e-02
4.529745935371359833e-02
6.069417036574609181e-02
7.948135987793136792e-02
1.023712561736676852e-01
1.319325776876251466e-01
1.766303424801831112e-01
2.674803109980569138e-01
4.061922512542272545e-01
3.666819762949991568e-01
2.935277832818008470e-01
2.107605219876708125e-01
1.456583022632227664e-01
1.024756722463268516e-01
6.958271643275393270e-02
4.004302079620617599e-02
6.547787911929893803e-03
-3.482205900674947147e-02
-9.077174027309831139e-02
-1.548966683703905112e-01
-1.350067583608561828e-01
-1.064348366707881660e-01
-8.916561055694410820e-02
-7.424910048303789978e-02
-6.017905213680582732e-02
-4.730753350976533295e-02
-3.588325168516513786e-02
-2.633081481373599625e-02
-1.865042387662227755e-02
-1.278072463036439982e-02
-8.444043843106404171e-03
-5.347929006207498455e-03
-3.154110474355675299e-03
-1.542875443531892396e-03
-9.943889164929115042e-05
-3.789137513508064234e-04
1.070621573757225196e-04
9.473949774309427729e-04
-3.671355872639350056e-04
-1.935717959844390811e-04
2.400398888563317419e-04
1.709518352649282917e-04
7.087551666634000266e-04
6.410893624758755825e-05
-6.724105409200310107e-04
-2.803270701288969671e-04
1.593937925344839296e-03
3.786300462634172113e-03
6.590018735522739507e-03
1.046480895522356944e-02
1.583753362709953288e-02
2.317510423180637463e-02
3.285917549618747047e-02
4.529745859458214619e-02
6.069417038080599652e-02
7.948136065065292133e-02
1.023712570542889000e-01
1.319325772371087446e-01
1.766303423392225624e-01
2.674803220051036323e-01
4.061922881502895710e-01
3.666819637488875072e-01
2.935277771361537447e-01
2.107605204426804268e-01
1.456583009948029250e-01
1.024756758699178760e-01
6.958271751327776977e-02
4.004301830223543773e-02
6.547784748984521175e-03
-3.482206222025452380e-02
-9.077174436072284192e-02
-1.548967370120555020e-01
-1.350067645602399113e-01
-1.064348407447842509e-01
-8.916561170573686357e-02
-7.424909871679699624e-02
-6.017905250535054290e-02
-4.730753636149517133e-02
-3.588325332995685735e-02
-2.633081036828863533e-02
-1.865040919486348620e-02
-1.278066183548593610e-02
-8.443705542942518336e-03
-5.346225325780799495e-03
-3.146261170226644002e-03
-1.513271698093379388e-03
-5.618128502772282178e-05
2.027026447029718807e-05
7.172843049548760746e-05
-3.931914971550013946e-04
-7.416880863172955465e-05
5.625761840746101167e-04
-6.636024860843035931e-05
4.368333008769629080e-04
-1.219279319757476606e-04
-2.807237478107714522e-04
-8.760638714743240987e-06
3.361585463824164456e-04
1.355208630318915876e-03
2.980763556765123144e-03
5.152800729722495886e-03
8.190393894005987968e-03
1.245119528734218821e-02
1.832957414477209140e-02
2.622596098493584424e-02
3.652964082737698848e-02
4.961467848635200267e-02
6.590144752943255524e-02
8.626541294243009195e-02
1.129196816510675688e-01
1.529889412750565225e-01
2.326715712319991913e-01
3.466452794211879462e-01
2.887028992972428543e-01
2.108016816287447970e-01
1.479738058260955114e-01
1.079449012646610806e-01
8.385856450283056540e-02
6.492701089588290286e-02
4.619478565296417788e-02
2.402405710609824968e-02
-3.581094823922192243e-04
-3.057053439126751135e-02
-6.627265596842545070e-02
-6.798820843026338878e-02
-5.969382042943844474e-02
-5.379575832328996332e-02
-4.708790622367243356e-02
-3.944730266973393851e-02
-3.178199562628226255e-02
-2.450786908929028507e-02
-1.822316358231152247e-02
-1.302612702185543953e-02
-8.994869788653872197e-03
-5.974829451172026899e-03
-3.802869116322946889e-03
-2.257735919746299384e-03
-1.144636248931181965e-03
-3.158984907850005339e-04
3.295044340614184763e-04
-2.847846126679317983e-04
-2.418072615998920552e-04
2.537046440598467374e-04
-7.202082050490924651e-04
2.929597913159695359e-04
-4.488517922572677135e-04
1.945879296291157647e-04
5.731965815861368669e-05
-4.400881462978391777e-04
1.594728297259198548e-04
1.326766933443966059e-03
2.975440273053115477e-03
5.151730884977388444e-03
8.190173015690980010e-03
1.245114881152202015e-02
1.832956297871774290e-02
2.622595950299495826e-02
3.652964191420446372e-02
4.961468003871044585e-02
6.590144912944229105e-02
8.626541212091254351e-02
1.129196804438249296e-01
1.529889430131482486e-01
2.326715794264729575e-01
3.466453499350706791e-01
2.887029211344952495e-01
2.108016877159102631e-01
1.479738103356596224e-01
1.079449007158150842e-01
8.385856288048025575e-02
6.492701483539302376e-02
4.619478751215019829e-02
2.402405777130694337e-02
-3.581062833715899360e-04
-3.057054431856089799e-02
-6.627269431365497010e-02
-6.798821586611999979e-02
-5.969381985285806408e-02
-5.379575814827596003e-02
-4.708790834367768824e-02
-3.944730443376409657e-02
-3.178199509511428489e-02
-2.450786714406314945e-02
-1.822316094187802563e-02
-1.302611975363726117e-02
-8.994835154798947602e-03
-5.974641184890449458e-03
-3.801897639056433902e-03
-2.252939178345304914e-03
-1.123289442488365581e-03
-2.461723959479804173e-04
-1.362027563533166558e-04
1.883565408452392645e-04
4.853420205387589965e-04
-4.456749349671337189e-05
-9.483414494671221914e-05
-1.294401635615607330e-04
6.138837684123959592e-04
1.098289378531951078e-04
-6.862364438427850423e-05
-2.926624976383587003e-04
7.683961249900197110e-05
1.301048014019375683e-03
2.969517918103449679e-03
5.150511666819256908e-03
8.189934857518408121e-03
1.245110404351004556e-02
1.832955467694348181e-02
2.622595939281163399e-02
3.652964273345902374e-02
4.961468005595024572e-02
6.590144821685059440e-02
8.626541049128806649e-02
1.129196772464170495e-01
1.529889383780229650e-01
2.326715689923266606e-01
3.466452581886166340e-01
2.887028910653537950e-01
2.108016812166644272e-01
1.479738078355010422e-01
1.079448999604027543e-01
8.385856691352532033e-02
6.492701773195183601e-02
4.619478596740838466e-02
2.402405560972601523e-02
-3.581093396064317989e-04
-3.057054693004710236e-02
-6.627269812588452991e-02
-6.798821434049898138e-02
-5.969382233555306505e-02
-5.379575785392528425e-02
-4.708790520861690782e-02
-3.944730423662017038e-02
-3.178199661825903410e-02
-2.450786683548872302e-02
-1.822315754429170570e-02
-1.302611409203085872e-02
-8.994810918842811517e-03
-5.974478292572108981e-03
-3.800839057244845883e-03
-2.245899725179630307e-03
-1.074563246505893122e-03
1.074532606042859022e-04
-2.908562953681709837e-04
-1.970146118440742604e-04
-1.222602238289038554e-04
-2.407488116117533015e-04
9.452546196279940148e-05
-3.948112983095272656e-04
-2.663715202402434641e-04
-8.216791033212113597e-04
1.584505234680624918e-04
8.309749936845445902e-05
5.179918073339691894e-04
9.714205912910576406e-04
2.031032583182830475e-03
3.494734050830884849e-03
5.567593873661772289e-03
8.521705669646733108e-03
1.266305831088696855e-02
1.836787341007983798e-02
2.599595846921408382e-02
3.603821708975728927e-02
4.892028088710748124e-02
6.563934900331019895e-02
8.793313319760957814e-02
1.213824427468274958e-01
1.858158050153895513e-01
2.697022856080880104e-01
2.091652903091952842e-01
1.474496208334824532e-01
1.076837546422781816e-01
8.586211338756925826e-02
7.333560349837515979e-02
6.268654530809499026e-02
5.220501551000406720e-02
4.101723925559704748e-02
3.149776823370736140e-02
2.374300027505176977e-02
1.680194069174991214e-02
-7.186579111548160263e-04
-1.092424668535790441e-02
-1.592170905101236017e-02
-1.745782662247427966e-02
-1.665099579654396103e-02
-1.457971676382151770e-02
-1.188575458814521840e-02
-9.191178679285209180e-03
-6.752218949570312073e-03
-4.755163632528256086e-03
-3.201823977949679045e-03
-2.057889749998236505e-03
-1.229197834849543678e-03
-6.106831457430866470e-04
-1.882869757291463710e-05
-1.632567182414865464e-04
3.347353041778349512e-04
-5.189817221222561535e-04
5.543540251435792338e-04
6.875579754870425869e-04
-4.168398152052371478e-04
-3.027760127438562524e-04
1.160875225904361638e-04
-4.114001015386378746e-04
6.081421600209102114e-05
7.346097002325175046e-05
9.029394186946436895e-04
2.019630436244054458e-03
3.492758692299632005e-03
5.567241265606411547e-03
8.521640883660180216e-03
1.266304557641805516e-02
1.836787265769032618e-02
2.599595998184374424e-02
3.603821755196365967e-02
4.892028013533036845e-02
6.563934560431820830e-02
8.793313011760924003e-02
1.213824437127057759e-01
1.858158094485365397e-01
2.697023022743509357e-01
2.091652968236876742e-01
1.474496226267817400e-01
1.076837590326054223e-01
8.586211248629721515e-02
7.333559908701621499e-02
6.268654627010861180e-02
5.220501772208996361e-02
4.101724296830520922e-02
3.149777504168206621e-02
2.374299874225539383e-02
1.680192844853528253e-02
-7.186624031221505813e-04
-1.092424793375423690e-02
-1.592171082047070391e-02
-1.745782949932063802e-02
-1.665099692190629213e-02
-1.457971432447833192e-02
-1.188575117737811736e-02
-9.191176812845184077e-03
-6.752214487621818230e-03
-4.755140316305174475e-03
-3.201721305054369172e-03
-2.057515175918852614e-03
-1.228366657135233214e-03
-6.152302720427891506e-04
-1.183005035952230472e-04
3.362810778998182840e-04
-1.911636425681636890e-04
4.437807449079324393e-04
3.771906576707668301e-05
-2.444469200274259854e-04
3.201042985515644757e-04
2.547775522643856748e-04
-7.063875438492910118e-05
-1.467857452471798294e-04
7.689505142219798996e-05
2.693368834628058527e-04
9.404197961835826687e-04
2.025979463897486198e-03
3.493719978900193274e-03
5.567371805111828546e-03
8.521656138889097121e-03
1.266304656932848265e-02
1.836787258483523963e-02
2.599595777902181937e-02
3.603821424398797463e-02
4.892027830905380098e-02
6.563934662749286442e-02
8.793313142533713822e-02
1.213824427256266214e-01
1.858158021102966351e-01
2.697022380121600338e-01
2.091652716704327508e-01
1.474496181866341848e-01
1.076837578541734036e-01
8.586211135692138618e-02
7.333559878357348571e-02
6.268654533494012748e-02
5.220501277890961245e-02
4.101724048816415835e-02
3.149777476235769008e-02
2.374299988944402265e-02
1.680193120800881068e-02
-7.186599372704847132e-04
-1.092424962229909119e-02
-1.592171087732601256e-02
-1.745782872724803078e-02
-1.665099959098696389e-02
-1.457971684576956674e-02
-1.188575140805689205e-02
-9.191177313362042939e-03
-6.752222825358572718e-03
-4.755187691481745256e-03
-3.201969730686371907e-03
-2.058848399677704836e-03
-1.235767975350545366e-03
-6.582532503349874681e-04
-3.844419302154380037e-04
-7.614840614357289161e-05
5.470785299233898872e-04
5.133333016988392370e-04
-3.570512360514085026e-04
3.215565099667344997e-04
7.273105019862710738e-05
9.465925760827557510e-05
4.290104564550515048e-04
-2.813053992502826395e-05
5.333633520444975261e-04
-2.394207788433737273e-04
4.224991106732499781e-04
9.817206347799416633e-04
1.694679087127112967e-03
2.717967830970069616e-03
4.223788265226946330e-03
6.416740994336389038e-03
9.592192703310336438e-03
1.407043838232485515e-02
2.035781190118357564e-02
2.892969645289970165e-02
4.077977451926392827e-02
5.724265204069137886e-02
8.225501106350371905e-02
1.287991765978164505e-01
1.842561586694287656e-01
1.383115266535347998e-01
9.998708564234237706e-02
7.960736817711973334e-02
7.098431185594510084e-02
6.728317084855266195e-02
6.410301085045265468e-02
6.071088128538230239e-02
5.867285561549448469e-02
6.310889467471617054e-02
7.787112573331854415e-02
9.913321343340383840e-02
6.545773406743450595e-02
3.724940524600143382e-02
2.190316364538610200e-02
1.250386134409709436e-02
6.634678011273195675e-03
3.155430928822965022e-03
1.209026239036300500e-03
2.382886220039383111e-04
-1.718192641703744617e-04
-2.858729971955492827e-04
-2.669492064187693335e-04
-2.036585507276761440e-04
-1.343501927361751230e-04
-6.812856150310854476e-05
-6.779007627438937862e-05
1.426307007735340719e-04
-5.019663752410874545e-05
-7.380078896931810493e-05
-5.532395079238223252e-04
-5.014156742089134798e-04
-1.025173332865359914e-04
1.476456993773403968e-04
-2.827432149386570554e-04
-1.764766783186521248e-04
-4.167221511352802474e-04
-2.498108350614200728e-04
4.039035421232511826e-04
9.761801148014191253e-04
1.693394670226861616e-03
2.717698032808316989e-03
4.223733758379292873e-03
6.416729416243430704e-03
9.592191328382246654e-03
1.407043818799643374e-02
2.035780960296998052e-02
2.892969254785677374e-02
4.077976881902182354e-02
5.724264963252045924e-02
8.225501589779743439e-02
1.287991863996750530e-01
1.842561755944713831e-01
1.383115344703066962e-01
9.998708705325155821e-02
7.960736964798205417e-02
7.098430950705895970e-02
6.728316455744155766e-02
6.410300887139591675e-02
6.071088161828876867e-02
5.867285834081855528e-02
6.310889995405601083e-02
7.787112687351248341e-02
9.913320849118728573e-02
6.545773204609341145e-02
3.724940638369571982e-02
2.190316343849123271e-02
1.250385951155591480e-02
6.634677787590664844e-03
3.155433598747007726e-03
1.209028443998065539e-03
2.382879260928555637e-04
-1.718170539235230345e-04
-2.858526699668755022e-04
-2.668424444848282746e-04
-2.029954196799260420e-04
-1.292395641325300376e-04
-2.323551708041882036e-05
3.458304884543675979e-04
-2.509664493596243623e-04
-5.213903797034612122e-04
1.441190767631775273e-04
3.655034968567701776e-04
-1.251634840197412733e-04
2.048369968010569676e-04
2.730067483481167187e-04
4.313603956243980864e-04
-3.749035125133702833e-04
-1.181069875842358631e-04
5.320057473067992329e-04
5.026795656031373674e-04
9.890789879318025602e-04
1.695066223451583039e-03
2.717909536579062989e-03
4.223759951212852949e-03
6.416733218866460531e-03
9.592192266986364693e-03
1.407043545148809090e-02
2.035780602383280291e-02
2.892969217523366082e-02
4.077977112774146262e-02
5.724265004722455669e-02
8.225501373605557942e-02
1.287991840412234523e-01
1.842561614042867446e-01
1.383115250164374255e-01
9.998708112447540763e-02
7.960736538706628118e-02
7.098430731896222812e-02
6.728316484685241405e-02
6.410301136763556229e-02
6.071087982655351545e-02
5.867285757454689804e-02
6.310890178231715053e-02
7.787112685422521718e-02
9.913320518061158326e-02
6.545772817102689378e-02
3.724940118226067326e-02
2.190316284810507261e-02
1.250386116608997317e-02
6.634677217830519530e-03
3.155433183074022544e-03
1.209027667541000229e-03
2.382837984837290557e-04
-1.718358919814806315e-04
-2.859572423931076878e-04
-2.674000513282422694e-04
-2.059326480827094118e-04
-1.447489553205018678e-04
-1.049717372408039091e-04
-8.186800565507465770e-05
1.279309290872919845e-05
-1.312093236409373430e-04
-1.632300099743230651e-04
2.518045121160280815e-04
3.858635065542733556e-05
-7.909005477708881985e-05
-3.308569899777039579e-04
-5.446298265048306935e-06
1.244967382916901551e-05
2.405333671295431248e-04
6.212267228332252460e-04
6.709774204005136461e-05
-7.143079799095338497e-05
-1.603665342746172530e-04
-2.339484674656833673e-04
-2.585133555342281259e-04
-1.461093750933950444e-04
2.648004950204465484e-04
1.239315991562781917e-03
3.190723084262022183e-03
6.678045877735314627e-03
1.255679840428358153e-02
2.196974236116896323e-02
3.733394394123901172e-02
6.557189332333841769e-02
9.926528740631522518e-02
7.797487769900122989e-02
6.316506244090802635e-02
5.871799316418102599e-02
6.072526074015810460e-02
6.411424217038820539e-02
6.726910860401071057e-02
7.096723867124270224e-02
7.956068308204393424e-02
9.992452376097198108e-02
1.382010954442655926e-01
1.841161714083233425e-01
1.286926041405400400e-01
8.217851150688534889e-02
5.718124368545008523e-02
4.072774429602736557e-02
2.888428732469842247e-02
2.031869041367440065e-02
1.403590388534320041e-02
9.562361240592480091e-03
6.389801681954695479e-03
4.199053968005343751e-03
2.693663762945964438e-03
1.671322531671433917e-03
9.720440310365239698e-04
5.305055712759331518e-04
7.075117526072631545e-04
4.016231438690490933e-04
1.932695247768796752e-04
2.930228030969113883e-04
4.712531925624233491e-06
2.052917466560145467e-04
-1.032443828047014062e-04
5.058055472207496298e-04
3.786027745625257361e-05
2.118262711072673062e-04
5.314743697800398411e-05
2.584047495630350144e-04
1.495804404690726512e-05
-7.970616658525586954e-05
-1.617706908314746990e-04
-2.341986997233897947e-04
-2.585594360912854810e-04
-1.461188684159581076e-04
2.647992211282783098e-04
1.239315807166833754e-03
3.190721894215283946e-03
6.678044013072932661e-03
1.255679560192913581e-02
2.196974327877292826e-02
3.733394884567134420e-02
6.557189629198369174e-02
9.926528903394309100e-02
7.797487671728303704e-02
6.316506101290320085e-02
5.871799542111134917e-02
6.072526249418378624e-02
6.411423854544004430e-02
6.726910690246298841e-02
7.096724010575171382e-02
7.956068635223192964e-02
9.992452758841117999e-02
1.382010984735643211e-01
1.841161674727667397e-01
1.286926025046429833e-01
8.217851217785077100e-02
5.718124106418032843e-02
4.072774018629695542e-02
2.888428617460619963e-02
2.031869257919261332e-02
1.403590576215260448e-02
9.562360923687316522e-03
6.389804335557105336e-03
4.199057617589201964e-03
2.693590466475125067e-03
1.670305041087362212e-03
9.617490608884155358e-04
4.361868668078581579e-04
-1.243012766142492483e-04
-2.892659305377210722e-04
-1.243730324652254102e-04
-3.700340961780010439e-04
4.158495208256043061e-04
-6.766535045494816636e-04
-3.143297660807137500e-04
-3.476845533950388462e-04
-8.677034577836953064e-05
2.492779088650007278e-05
-2.476198022385558885e-04
-5.596502430350879008e-04
-9.189577680970617340e-05
-9.443535365872548701e-05
-1.638604913243294945e-04
-2.345026204894471887e-04
-2.586028770176596416e-04
-1.461235002395135324e-04
2.647993959196839973e-04
1.239312537154245789e-03
3.190717825666490072e-03
6.678043458684257937e-03
1.255679665803873142e-02
2.196974196105428920e-02
3.733394645900193348e-02
6.557189745372923873e-02
9.926529190681381010e-02
7.797487407927812531e-02
6.316505702924306298e-02
5.871799336130303915e-02
6.072526095496526277e-02
6.411423749848710330e-02
6.726911080769069906e-02
7.096724302716415911e-02
7.956068853558009857e-02
9.992452858200606691e-02
1.382010904614107694e-01
1.841161528792397417e-01
1.286925920720435879e-01
8.217850696070183592e-02
5.718124364783049030e-02
4.072774477595080683e-02
2.888428844467153672e-02
2.031869393988380845e-02
1.403590443904769759e-02
9.562355592717515507e-03
6.389781665606966872e-03
4.198925386457341875e-03
2.692894844703823745e-03
1.666712385033377241e-03
9.431491639534753677e-04
3.400511394943335789e-04
-6.183634069938483743e-04
-3.508970988572675155e-06
-2.649299883774689640e-04
-1.185946771406311474e-04
-7.166694826988317165e-04
-2.715516381963899162e-04
-2.579634733434644101e-04
6.087926836006501616e-05
2.453072191755855053e-04
2.562982042477122404e-04
3.504469435108078655e-04
5.529685841070089989e-05
-4.620574456911889089e-04
-1.132784302180437535e-03
-1.995617046715780860e-03
-3.160225482544908558e-03
-4.725716357942128659e-03
-6.728070127492592062e-03
-9.168926199720707840e-03
-1.186042733047138788e-02
-1.455032857263348703e-02
-1.661168078219618302e-02
-1.740778400436304718e-02
-1.585272249291898305e-02
-1.083413746907730020e-02
-5.928804142741747000e-04
1.694158266726761286e-02
2.385655123848183512e-02
3.155592924074664130e-02
4.106227060086237168e-02
5.221691703626097497e-02
6.269219122203527339e-02
7.331627631587241123e-02
8.583730074478226890e-02
1.076284678864084798e-01
1.473700960396963078e-01
2.090392774840321710e-01
2.695571260954239823e-01
1.857201909796506178e-01
1.213180970879506049e-01
8.788011114518258504e-02
6.559211149108153116e-02
4.887568449596334935e-02
3.599822048735299568e-02
2.595906032480761044e-02
1.833653614959056266e-02
1.263598419740393115e-02
8.500415047213705916e-03
5.551132717034915239e-03
3.482509874701375952e-03
2.012747457504157015e-03
8.687583510416267219e-04
-5.000746654838911752e-04
-1.224544623768097223e-04
2.190111545896688866e-04
4.418608724629311392e-04
1.281629915653382845e-05
-1.096086715124952523e-05
2.795507391839402857e-04
3.705044700537530710e-05
3.755486228006034237e-04
-2.264744771628424960e-04
-3.300780625512655247e-04
1.216189326435446552e-04
-4.552391250729419898e-04
-1.132662563163957517e-03
-1.995816872725954521e-03
-3.160301333048436394e-03
-4.725736638976183943e-03
-6.728076107173398129e-03
-9.168927673806982759e-03
-1.186042737495046455e-02
-1.455032819512280459e-02
-1.661168106434191341e-02
-1.740778632346121763e-02
-1.585272271681027051e-02
-1.083413585302077202e-02
-5.928817537311154625e-04
1.694157792848845906e-02
2.385654868161470737e-02
3.155592870924840698e-02
4.106227229702194559e-02
5.221692012335842764e-02
6.269219037408810258e-02
7.331627606287934029e-02
8.583730319595560265e-02
1.076284693727228708e-01
1.473700941103567030e-01
2.090392679870829995e-01
2.695570865919474923e-01
1.857201804660066069e-01
1.213180938113666285e-01
8.788010743195780183e-02
6.559210908232233905e-02
4.887568573612698086e-02
3.599822360954851863e-02
2.595906232411135731e-02
1.833653759212058865e-02
1.263599590654630560e-02
8.500475082432620150e-03
5.551490750411907163e-03
3.484871540570443939e-03
2.029403974189517186e-03
9.939664153416035482e-04
4.900168762692475033e-04
-2.857067081946293961e-04
2.290088114694748469e-05
-3.678724488043262132e-05
5.624419813136371247e-04
7.034668511791405477e-05
-3.414260884288956421e-04
1.858893310154815810e-04
3.333607839800389210e-04
-4.275521781212294516e-04
1.041561002609863048e-04
-1.617229300480536207e-04
-5.058880091944387408e-04
-1.141721693691154053e-03
-1.997408950418998273e-03
-3.160576972380391494e-03
-4.725782913795676700e-03
-6.728084177042068133e-03
-9.168931100883214932e-03
-1.186043305056365925e-02
-1.455033228987533990e-02
-1.661167986126945578e-02
-1.740778306304689715e-02
-1.585272154364367886e-02
-1.083413609048047149e-02
-5.928795091601857335e-04
1.694158623909058220e-02
2.385654983067325360e-02
3.155592476752470260e-02
4.106227138637932872e-02
5.221691925279397378e-02
6.269218789572178485e-02
7.331627748050738302e-02
8.583730247095650023e-02
1.076284666140331359e-01
1.473700943107261185e-01
2.090392667092949019e-01
2.695570792935645388e-01
1.857201773921155485e-01
1.213180936233746454e-01
8.788011091171829547e-02
6.559211124879527066e-02
4.887568481737717546e-02
3.599822191014879352e-02
2.595905870444683780e-02
1.833653191522461451e-02
1.263597318971834693e-02
8.500340523897240153e-03
5.550807974627361939e-03
3.481443001745816463e-03
2.011985724374397693e-03
9.034001059665999192e-04
-5.056339865302891636e-06
3.167839486739717418e-04
-5.128534898384643501e-04
6.165271965993159974e-04
7.193377055477293317e-05
-4.280534436858103847e-04
-3.610910792115395790e-04
-5.008598020596103338e-04
6.698463822707323044e-04
-2.978001837758022761e-04
-3.214461225176927939e-04
-4.179651711359168124e-04
-9.523114279911670940e-04
-2.128897527937630499e-03
-3.723163050613728740e-03
-5.925228554016516956e-03
-8.963579526566060884e-03
-1.300311151772658332e-02
-1.820507346537575746e-02
-2.448700024540701944e-02
-3.175938300161000594e-02
-3.941321143554522843e-02
-4.704444095933275199e-02
-5.372809563536754679e-02
-5.960122573026379461e-02
-6.784181953699432166e-02
-6.609145009543840321e-02
-3.041963151839111382e-02
-2.818001763471406854e-04
2.408180968583861423e-02
4.621193859257678727e-02
6.492947103514803975e-02
8.383529855524737839e-02
1.079084341885186149e-01
1.479036597883089943e-01
2.106969827526386230e-01
2.885630253211943774e-01
3.465145099503751380e-01
2.325925834964000793e-01
1.529377988788825915e-01
1.128749889080918889e-01
8.622418631600209382e-02
6.585894938006812971e-02
4.957581472816150608e-02
3.649192706306430417e-02
2.619474100755146695e-02
1.830349031547813532e-02
1.243443910358312844e-02
8.183309376501439122e-03
5.158488244591506906e-03
2.999411295831259233e-03
1.388238851959023917e-03
1.859821854739023863e-04
4.205093912437215110e-04
2.480725334226066559e-04
4.493826446062115223e-04
-2.482630752463202742e-04
3.461344471305304667e-04
3.985538681600837570e-04
4.960771018966917957e-05
2.910731569927494378e-05
4.499953401343740798e-04
2.350650470684539114e-04
-4.673602699459120162e-05
-9.165403670171105811e-04
-2.126351415914774258e-03
-3.723236305049246273e-03
-5.925315537103736062e-03
-8.963605968480437697e-03
-1.300311989271108609e-02
-1.820507673179997538e-02
-2.448700171152866020e-02
-3.175938403131335630e-02
-3.941321335645387586e-02
-4.704444408917738546e-02
-5.372809545973700196e-02
-5.960122282737241595e-02
-6.784181882127493513e-02
-6.609145993965874488e-02
-3.041963242464352721e-02
-2.817985687971522155e-04
2.408180997929770459e-02
4.621193729350078078e-02
6.492946524861531454e-02
8.383529301192223226e-02
1.079084358605294086e-01
1.479036628880484316e-01
2.106969816387842809e-01
2.885630057032397833e-01
3.465143888031407271e-01
2.325925597885165896e-01
1.529377962596224771e-01
1.128749888756783865e-01
8.622418583056266905e-02
6.585894912747178309e-02
4.957581450697680359e-02
3.649192641799274550e-02
2.619474177839684753e-02
1.830350116154741066e-02
1.243448754902671746e-02
8.183533691688296696e-03
5.159363954941150604e-03
3.000983432038144012e-03
1.368015427716347569e-03
-1.853396932562946238e-04
-1.818655277323408942e-04
1.937640719041913652e-04
3.954735073151628466e-05
3.222388211425317108e-04
-1.695052125003066552e-04
-2.864471440091899391e-04
-4.012054808053596832e-04
-3.057108213293373853e-04
3.210004799401420953e-04
-1.561767196791865014e-04
2.128650701671334043e-04
-8.892487033578690527e-04
-2.124124855732888867e-03
-3.723234150116952034e-03
-5.925373746917362433e-03
-8.963624827918285909e-03
-1.300312583069579246e-02
-1.820508092488837618e-02
-2.448700679498134331e-02
-3.175938647432217932e-02
-3.941321180531900253e-02
-4.704444254122423091e-02
-5.372809713260286862e-02
-5.960122603410419884e-02
-6.784181766067327868e-02
-6.609144309976108800e-02
-3.041962446765526448e-02
-2.817998263116912750e-04
2.408181180199960372e-02
4.621193706436100418e-02
6.492946158977079552e-02
8.383529296211338078e-02
1.079084347742657185e-01
1.479036583052708853e-01
2.106969739278881371e-01
2.885629773498266659e-01
3.465143013102552905e-01
2.325925510724977385e-01
1.529377967823867257e-01
1.128749923381504594e-01
8.622418656501876222e-02
6.585894600308976610e-02
4.957581132211430486e-02
3.649192320321300448e-02
2.619473779502611357e-02
1.830347951219597064e-02
1.243435913573230633e-02
8.182920004382180160e-03
5.156561617469694776e-03
2.989353032365902208e-03
1.331279942395229661e-03
-1.803474548463750279e-04
-1.175476801757434375e-04
-4.106190373843848063e-05
-3.952204982507975003e-04
-3.174348873573419670e-04
-3.440996360652236576e-04
-6.163182398478868080e-04
-3.960224638290742128e-04
3.438909875965206922e-04
2.724049522006194760e-04
1.404403757482639687e-04
4.771565747691570297e-04
-1.221581663277060675e-03
-2.988590763491211829e-03
-5.252808473172317603e-03
-8.387524079026483642e-03
-1.274791544633108176e-02
-1.862808528165888627e-02
-2.631650684154204431e-02
-3.586624329153569046e-02
-4.729222687396125030e-02
-6.015171396763610567e-02
-7.421665646002209571e-02
-8.910622188307489033e-02
-1.063492649419984643e-01
-1.348442405994315918e-01
-1.546530619088362368e-01
-9.055209530673329066e-02
-3.470527422804860901e-02
6.625736295818581562e-03
4.006619021992766788e-02
6.957804936715918098e-02
1.024429080899450922e-01
1.456009148407427511e-01
2.106669642735768677e-01
2.934037104796048401e-01
3.665615234228855046e-01
4.061029131731826447e-01
2.674242026117549798e-01
1.765935292599586370e-01
1.318971664337757754e-01
1.023374823873609424e-01
7.944322936972705862e-02
6.065890113307814691e-02
4.526143209539676415e-02
3.283017216579559722e-02
2.315172530246918658e-02
1.582660586435228472e-02
1.046874606106290399e-02
6.618208468727617907e-03
3.855369655413427073e-03
1.758780781383679267e-03
-1.550154815178260924e-04
1.917357353564529081e-05
2.318282502307864533e-04
3.610503971017081453e-04
2.583014886014971582e-04
-1.741197686234257887e-04
5.776151385512659920e-05
-1.168106000366000931e-04
1.163447931400610300e-04
1.724245101870761402e-04
1.067809683496397394e-05
-3.793110570625023072e-04
-1.339397509703712597e-03
-3.006402215243012249e-03
-5.255673671859930306e-03
-8.388008387515214978e-03
-1.274800096321618455e-02
-1.862810270494510284e-02
-2.631651121958992687e-02
-3.586624411371806126e-02
-4.729222692571179859e-02
-6.015171465642230042e-02
-7.421665785288027173e-02
-8.910622082329373861e-02
-1.063492641997715454e-01
-1.348442474860035156e-01
-1.546531186188695450e-01
-9.055210438909289117e-02
-3.470527150568059049e-02
6.625739628335819420e-03
4.006619198331719950e-02
6.957804603736332527e-02
1.024429015412000460e-01
1.456009148461132607e-01
2.106669651550079347e-01
2.934037052677243018e-01
3.665614622320127469e-01
4.061025679547602407e-01
2.674241478952830708e-01
1.765935209546527773e-01
1.318971643970610064e-01
1.023374795497150463e-01
7.944322664412993562e-02
6.065889976655443327e-02
4.526143263410274675e-02
3.283017540969825065e-02
2.315173795652741146e-02
1.582666381510939441e-02
1.046908619743346612e-02
6.620311748107873644e-03
3.869334507827871649e-03
1.859192375336672729e-03
6.188823069925973195e-04
-4.238569099418908952e-04
-2.111020437587024306e-04
-1.193389482631668837e-04
-4.175448056407756619e-04
3.237322328845267366e-04
4.795797177554015516e-04
2.272228376710825237e-04
5.291379398571372384e-05
-6.681407790708366072e-04
3.083265846661639958e-04
-4.381603426830845381e-04
-1.350107486223003830e-03
-3.008604010359944032e-03
-5.256156020271714538e-03
-8.388115812146022116e-03
-1.274802456377209514e-02
-1.862810884837230382e-02
-2.631651478490348167e-02
-3.586624812737528728e-02
-4.729222955994825256e-02
-6.015171498063963396e-02
-7.421665771701629888e-02
-8.910622232443303481e-02
-1.063492654613187177e-01
-1.348442360439205401e-01
-1.546530322078208397e-01
-9.055208810203745073e-02
-3.470527391255279898e-02
6.625740012165346610e-03
4.006619172842037363e-02
6.957804343631297794e-02
1.024429030309188110e-01
1.456009169042423168e-01
2.106669634029967042e-01
2.934037006930308444e-01
3.665614415154486161e-01
4.061024820680896319e-01
2.674241428602349147e-01
1.765935208636990328e-01
1.318971673820250323e-01
1.023374818293605465e-01
7.944322612537144113e-02
6.065890032566247092e-02
4.526143363241525580e-02
3.283017443221993015e-02
2.315171618591143135e-02
1.582652250425460594e-02
1.046831826552128281e-02
6.615955827112929115e-03
3.843325296048006722e-03
1.694587926105165865e-03
-4.899747972208116182e-04
3.188095371837677675e-04
-5.981479907475815814e-05
6.309875687883609828e-04
2.292356948136869965e-04
-6.445226946652613149e-04
3.707270657385076853e-04
2.816729986620645663e-04
2.205633549655175191e-04
-2.726908754394425293e-04
3.865242872468312618e-04
-1.226759224768641154e-04
-1.595368203392716518e-03
-3.705072286190632183e-03
-6.500778914189386110e-03
-1.040182416033314482e-02
-1.584753897847314061e-02
-2.325017816937100662e-02
-3.297320880810630100e-02
-4.523319076664470556e-02
-6.004978588498138120e-02
-7.732305456305663127e-02
-9.684937704054495666e-02
-1.193321972753336457e-01
-1.477822416156601981e-01
-1.984519516185403454e-01
-2.519669077478340347e-01
-1.655717244041753355e-01
-8.160228604303319810e-02
-1.642879316177808802e-02
3.787028649369047345e-02
8.536199106577363471e-02
1.379428448587107781e-01
2.084955352865443257e-01
2.984974146993459310e-01
3.778029423458404978e-01
4.247823759830264279e-01
4.454367945822035324e-01
2.905727855109423441e-01
1.929151833124204962e-01
1.453959227734422377e-01
1.141057955710906013e-01
8.957539276783660354e-02
6.907385989519378156e-02
5.203166092307339591e-02
3.801467371699031317e-02
2.698198512511487332e-02
1.852434462301972423e-02
1.229693907236543808e-02
7.789663706586491196e-03
4.552788382047465165e-03
2.142152829021025471e-03
3.213762318166448807e-04
4.450459021524795672e-06
3.690147259732849878e-04
-2.317486050117132995e-04
-2.418716819920589114e-04
-3.926796589882653224e-04
-4.905776580605924163e-04
-1.478476109512978694e-05
-3.898887952345336241e-04
2.804566840260649561e-04
4.565747441855425720e-04
-8.895857517805958392e-05
-1.622593259659865957e-03
-3.714147366090009977e-03
-6.502952174472079357e-03
-1.040229024135332601e-02
-1.584763525648975532e-02
-2.325019947292943784e-02
-3.297321353346992917e-02
-4.523319039300233158e-02
-6.004978432180898412e-02
-7.732305393847686836e-02
-9.684937748549062031e-02
-1.193321964935719764e-01
-1.477822424504842413e-01
-1.984519550840532220e-01
-2.519669469672505824e-01
-1.655717249547976055e-01
-8.160227798049660142e-02
-1.642878516803568043e-02
3.787029388300081068e-02
8.536199346078013339e-02
1.379428402205773729e-01
2.084955338182468976e-01
2.984974133982578604e-01
3.778029343030601672e-01
4.247822791349440408e-01
4.454361330183452261e-01
2.905726863281063443e-01
1.929151686456520021e-01
1.453959212727670980e-01
1.141057945566746751e-01
8.957539171196675365e-02
6.907385988206588001e-02
5.203166253752366383e-02
3.801467623515963207e-02
2.698199104394514297e-02
1.852436233926781431e-02
1.229698063494697076e-02
7.789439466090900682e-03
4.548135631678441350e-03
2.090265989664353077e-03
-1.726899356348360597e-04
2.248722640983050582e-04
-3.882415744168232958e-04
-1.035545078461835546e-04
-2.929037964690719672e-04
4.610346620856219275e-04
3.795324931478003981e-04
8.541945872881844340e-05
-2.519586710187783456e-04
-6.338655903777287498e-04
-4.229938035596515788e-04
-4.305376831863239615e-04
-1.667541045997379548e-03
-3.720491915873784181e-03
-6.503895483841522392e-03
-1.040243937145006806e-02
-1.584766145878486673e-02
-2.325020668418679645e-02
-3.297321740025199732e-02
-4.523319354032936251e-02
-6.004978661281864388e-02
-7.732305370634569297e-02
-9.684937525605866182e-02
-1.193321943370248828e-01
-1.477822340260900869e-01
-1.984519067543007165e-01
-2.519665680225517401e-01
-1.655716773519842755e-01
-8.160227742904573034e-02
-1.642878543289289991e-02
3.787029009112805739e-02
8.536198848627847557e-02
1.379428410586072129e-01
2.084955369489604471e-01
2.984974102845813770e-01
3.778029307110379875e-01
4.247823060541817131e-01
4.454363669136967574e-01
2.905727297598071357e-01
1.929151769369561731e-01
1.453959242865319190e-01
1.141057951722538183e-01
8.957538986096826028e-02
6.907386012365614170e-02
5.203166276517100231e-02
3.801467408713890550e-02
2.698197561583327159e-02
1.852427958741148517e-02
1.229661240351075970e-02
7.787931703271951632e-03
4.543279354045266089e-03
2.088536558387247243e-03
1.133804632967449439e-05
-9.709548111107933863e-05
-2.574903277990919911e-04
3.257925321395479623e-05
-2.443152975460842285e-04
2.239200748686353095e-04
-4.444941149212522868e-04
6.392155538277153758e-05
3.253683873874591665e-04
1.889355304082819382e-05
2.301522707913047591e-04
8.697666962044207808e-05
-1.787027977886167067e-03
-4.199286379899105220e-03
-7.381177403466416577e-03
-1.183211141167126584e-02
-1.805163342190627476e-02
-2.654741422950725183e-02
-3.771305826557463936e-02
-5.192639809001681900e-02
-6.914022680653718333e-02
-8.969534677963952873e-02
-1.132808433429299544e-01
-1.420977596213294780e-01
-1.806432100317521272e-01
-2.545565686727574994e-01
-3.581315697851297775e-01
-2.715223675485718413e-01
-1.551835720235781035e-01
-4.928695265020269223e-02
3.955830393966359299e-02
1.217052224675415489e-01
2.140399371481953028e-01
3.139924238213193664e-01
3.945758704059044719e-01
4.389758678739251740e-01
4.596764544193323032e-01
4.696252312482054325e-01
3.045522053795260975e-01
2.030015898328746404e-01
1.539327323886825472e-01
1.217349941437768784e-01
9.625280307492169174e-02
7.470195770471979579e-02
5.661733698735695736e-02
4.156036778839524576e-02
2.962339991898974706e-02
2.039424174749494834e-02
1.356891266095210970e-02
8.603639176749442938e-03
5.025028570356009777e-03
2.324445183081925992e-03
7.304739702030944425e-05
2.292639781418744397e-04
4.976904996469096350e-04
5.865415980363782250e-04
-4.354050242544342726e-04
-3.771706868237587507e-04
3.023866281871604128e-04
-5.058321435919017200e-04
8.203180715635126591e-05
-7.956287168255997660e-05
6.034575597459703377e-04
-6.558455846956515482e-04
-1.893996014501735971e-03
-4.216846618367562673e-03
-7.384305907377352804e-03
-1.183270132812401683e-02
-1.805174999974263478e-02
-2.654743992654675158e-02
-3.771306440239972912e-02
-5.192639821527653132e-02
-6.914022539851018279e-02
-8.969534671783634117e-02
-1.132808439630597491e-01
-1.420977582233412806e-01
-1.806432047119042594e-01
-2.545565217231877675e-01
-3.581311297340321609e-01
-2.715223214163660637e-01
-1.551835583277382524e-01
-4.928694607581073084e-02
3.955830485062122870e-02
1.217052189988331451e-01
2.140399277068381623e-01
3.139924200998746029e-01
3.945758677097333522e-01
4.389758547811379308e-01
4.596763093178612980e-01
4.696239821286237737e-01
3.045520482283624597e-01
2.030015668871625878e-01
1.539327281825931537e-01
1.217349918082977905e-01
9.625280122443653774e-02
7.470195720261063599e-02
5.661733806161838717e-02
4.156036891995056742e-02
2.962340557131682914e-02
2.039427391998793054e-02
1.356908666707819233e-02
8.604562128317828212e-03
5.030025370156270687e-03
2.352826638492125626e-03
2.476510464197600081e-04
-4.291122640729035120e-04
-2.560889849443780293e-04
1.008946572796921804e-04
1.681036713844540943e-04
-1.967535193019035128e-04
6.345581621232042032e-04
-5.500425844574745944e-05
-3.284062147724166477e-04
2.702423901556040781e-04
-2.216625174370373834e-04
-3.850664224757456740e-04
-1.865766525269115135e-03
-4.213734615850574759e-03
-7.383923411042123651e-03
-1.183264417503418833e-02
-1.805174073768388635e-02
-2.654744070688673171e-02
-3.771306573792014560e-02
-5.192639871831110365e-02
-6.914022655840440512e-02
-8.969534604693321644e-02
-1.132808415427210835e-01
-1.420977549232258497e-01
-1.806431964206220986e-01
-2.545565034030656260e-01
-3.581311253726738864e-01
-2.715223161083585857e-01
-1.551835616574124832e-01
-4.928694203041197874e-02
3.955830518327610457e-02
1.217052150450727982e-01
2.140399262349705067e-01
3.139924188636842861e-01
3.945758627950230468e-01
4.389758551856352553e-01
4.596763854192572607e-01
4.696248520061102050e-01
3.045521742662053999e-01
2.030015869484076418e-01
1.539327321952216887e-01
1.217349913503244091e-01
9.625279935495441308e-02
7.470195836193711802e-02
5.661733852176762533e-02
4.156036664119426571e-02
2.962339561570007454e-02
2.039422078914273836e-02
1.356884101035707099e-02
8.603446908720053035e-03
5.024779436672122124e-03
2.325933880884675179e-03
8.464802397135416461e-05
1.189958974385081186e-04
1.675980845999986140e-04
1.234230995519534327e-04
1.370252983724452780e-04
1.406319613153018868e-04
1.788855967032736713e-04
-1.336791309275721883e-04
-3.014345519639628521e-05
-1.955334482022217150e-04
7.205993455845361025e-05
-5.716531345559957639e-05
-1.880707733951489770e-03
-4.443397896344819520e-03
-7.829041221722394042e-03
-1.256740928715263834e-02
-1.918811038275547096e-02
-2.825525467476245126e-02
-4.016500129856018231e-02
-5.540535832305262115e-02
-7.385166644421399529e-02
-9.619065264268640558e-02
-1.219718483275091803e-01
-1.546433895405833203e-01
-1.997983854337669340e-01
-2.910440932768399436e-01
-4.457852365860338062e-01
-3.972007668243577871e-01
-2.962644709779743146e-01
-1.286236974650633857e-01
6.864437180183503850e-02
2.378843257661517052e-01
3.586542798191370007e-01
4.262676591677560523e-01
4.573685980088760261e-01
4.717615675432988431e-01
4.803147933844618134e-01
4.881375599431179158e-01
3.119106648362569567e-01
2.078660264055272044e-01
1.580449964227391979e-01
1.254611238929091988e-01
9.955627244748711802e-02
7.750883409873669805e-02
5.892221526677249299e-02
4.335006663320888076e-02
3.096196471179324394e-02
2.134295084671861131e-02
1.421464294253941413e-02
9.014569523236705753e-03
5.250912901796932208e-03
2.336649957051132893e-03
-5.206329084348852981e-04
2.059635892605121905e-04
2.196611754738244117e-05
4.197589540840057577e-04
-8.731189106479610488e-05
-2.875944122456757044e-04
-2.483682064375550432e-04
-1.376933930565458185e-04
3.051468488374660913e-04
-3.935817172339618904e-04
-1.696077064461130109e-04
2.041750642746881000e-04
-1.879667473864246466e-03
-4.449389376357459729e-03
-7.830999827455444387e-03
-1.256789673179450374e-02
-1.918822121199067685e-02
-2.825527988686224456e-02
-4.016500707814029542e-02
-5.540535824663014169e-02
-7.385166503211251787e-02
-9.619065380120939146e-02
-1.219718510869435696e-01
-1.546433919879369734e-01
-1.997983859190406719e-01
-2.910440649854030282e-01
-4.457848701027092297e-01
-3.972007368883612166e-01
-2.962644643294026214e-01
-1.286236959921952805e-01
6.864436959375706804e-02
2.378843268577588155e-01
3.586542749134110641e-01
4.262676578095277447e-01
4.573685950533363798e-01
4.717615498245509298e-01
4.803146763601642832e-01
4.881368038519075525e-01
3.119105676607416555e-01
2.078660105874715058e-01
1.580449919292251093e-01
1.254611214956986853e-01
9.955627098227930183e-02
7.750883429593545537e-02
5.892221745470276051e-02
4.335006879734806806e-02
3.096197318670214360e-02
2.134299938576992781e-02
1.421492938959466150e-02
9.016333887053138915e-03
5.262161051746466062e-03
2.411311363625725200e-03
-3.603933481488878333e-06
-1.012558544473074284e-04
-2.759343027705908028e-04
-6.289376275874688496e-04
1.348856279480883100e-04
-2.555527091624100380e-04
2.852071683832782360e-05
7.390025633848107509e-05
-6.777099462676756795e-05
-6.921292750414347094e-04
2.086234662052541277e-04
-8.316438644527671738e-05
-1.901025571580786371e-03
-4.449477650125766882e-03
-7.830505866844059831e-03
-1.256773414483514095e-02
-1.918818190779414054e-02
-2.825527347023232966e-02
-4.016500597235599102e-02
-5.540535720726168928e-02
-7.385166603641657446e-02
-9.619065429241983878e-02
-1.219718512148933176e-01
-1.546433895275834969e-01
-1.997983731316175515e-01
-2.910440175915536276e-01
-4.457846906622491834e-01
-3.972006766052236792e-01
-2.962644554887228776e-01
-1.286236901826493806e-01
6.864437104965365188e-02
2.378843222690743830e-01
3.586542735549704264e-01
4.262676578053087306e-01
4.573685961771534747e-01
4.717615680292536195e-01
4.803148630653101825e-01
4.881387438709131055e-01
3.119107972652204741e-01
2.078660436077282847e-01
1.580449984984335088e-01
1.254611227386351335e-01
9.955627152605947550e-02
7.750883748261269690e-02
5.892221857289080961e-02
4.335006677127892921e-02
3.096196719447231668e-02
2.134296291518838345e-02
1.421474928625198267e-02
9.015465565534003592e-03
5.257824702653539871e-03
2.389525887914298059e-03
-1.098757035363249015e-04
3.642403328115594350e-05
-5.526620294086903422e-05
-3.030046850522844317e-04
2.853258078635102020e-04
-4.115305667118341563e-04
-5.661374191570079891e-05
-5.152585769249103977e-04
-8.097802586306411477e-07
1.511028211763737982e-04
-2.280126925395527346e-04
4.086280283777149914e-05
-1.877782496523830880e-03
-4.434319356592268668e-03
-7.813612906797086366e-03
-1.254759678851411278e-02
-1.916477753457712999e-02
-2.822951541106134485e-02
-4.013832300355336946e-02
-5.537959476945689824e-02
-7.382840970863292773e-02
-9.617098908270234336e-02
-1.219559692846516885e-01
-1.546298336328582601e-01
-1.997843262636815054e-01
-2.910175414909072500e-01
-4.457087861210198287e-01
-3.970975974461666835e-01
-2.961700068360013649e-01
-1.285595999296171021e-01
6.867987942361004905e-02
2.377869439605428126e-01
3.583402009176672176e-01
4.259279787845927645e-01
4.571405283143387122e-01
4.716249307917836919e-01
4.802335934397637396e-01
4.880811423412790284e-01
3.118791288454583754e-01
2.078456348342990478e-01
1.580264011629025356e-01
1.254399430357518441e-01
9.953154655305553045e-02
7.748085044477034944e-02
5.889243807265495678e-02
4.332043578634145464e-02
3.093453729961224974e-02
2.131950750597927033e-02
1.419693959042046989e-02
9.006156387142177228e-03
5.267862698242962473e-03
2.476040020883132995e-03
3.970624529832656987e-04
-1.128738061501166302e-05
2.969967591746115222e-04
2.717570540425780505e-04
-6.625767371601525881e-04
2.838379196444729331e-04
-2.871086780586733938e-04
-2.165115244205094265e-05
1.846276076603978091e-04
-1.491916775016362967e-04
2.027696956597925440e-04
-8.508814151314832803e-04
-2.018517185995218413e-03
-4.458516142520829381e-03
-7.817953559602743366e-03
-1.254840488192864728e-02
-1.916493334691470388e-02
-2.822954610348731366e-02
-4.013832861688859666e-02
-5.537959369180241870e-02
-7.382840711291498159e-02
-9.617098969805060182e-02
-1.219559703449265703e-01
-1.546298367207444013e-01
-1.997843431727976127e-01
-2.910176356429270972e-01
-4.457095904196997083e-01
-3.970977212840558490e-01
-2.961700403078507127e-01
-1.285596047047344870e-01
6.867987901064302736e-02
2.377869485391411741e-01
3.583402039209977463e-01
4.259279833315045560e-01
4.571405294959676735e-01
4.716249310049507315e-01
4.802336154214340569e-01
4.880812228558126797e-01
3.118791335127270581e-01
2.078456349728725894e-01
1.580264008994100022e-01
1.254399432158821992e-01
9.953154551767362523e-02
7.748084873790285487e-02
5.889243807256665242e-02
4.332043632415648327e-02
3.093454255354842475e-02
2.131953287601368041e-02
1.419703787859144528e-02
9.006406681723777910e-03
5.266886673093880249e-03
2.451794872590803195e-03
1.113605029540265892e-04
-2.985966446028840760e-04
-2.515322624335634364e-04
1.899752418197617752e-04
2.931958636547286803e-04
3.177065921890897138e-04
4.264941670744808503e-04
-2.283636711333200697e-04
6.945674651352232989e-04
2.511116752177602190e-04
2.362311878682805792e-05
-1.645599355843983867e-04
-1.916396022655461606e-03
-4.441628725685132194e-03
-7.814992450774285726e-03
-1.254786549461747551e-02
-1.916483463310694052e-02
-2.822952955413616030e-02
-4.013832494100067622e-02
-5.537959094479436017e-02
-7.382840638375492981e-02
-9.617098927814278497e-02
-1.219559697236538426e-01
-1.546298308907668173e-01
-1.997843109255425242e-01
-2.910174501820174120e-01
-4.457080535353947215e-01
-3.970975122881870156e-01
-2.961700014993960961e-01
-1.285596019586572325e-01
6.867987441556608341e-02
2.377869397227853621e-01
3.583401999467967225e-01
4.259279803508391749e-01
4.571405325131848163e-01
4.716249324808081678e-01
4.802336292395854023e-01
4.880816561066063652e-01
3.118791970257885349e-01
2.078456464706120721e-01
1.580264047779957048e-01
1.254399425772525223e-01
9.953154316644405308e-02
7.748084894454634886e-02
5.889243698338492150e-02
4.332043427011907782e-02
3.093453985891403760e-02
2.131951001476324950e-02
1.419692792300926258e-02
9.005867536329537071e-03
5.263918229039514160e-03
2.433930388686936317e-03
-3.689214408235067248e-06
2.324946690228247160e-04
-5.903774666417813572e-05
-4.782758357130255942e-04
1.160607811228579072e-04
3.340513786148094572e-04
2.875474306171326940e-04
-2.556967696069753428e-04
-1.769405663916275788e-04
3.035604291905775283e-04
6.008496941184630988e-04
3.261142581977738864e-04
-1.718431863672446793e-03
-4.152339262982578105e-03
-7.330234779149647287e-03
-1.177148092500813863e-02
-1.798088417987483284e-02
-2.646924272488107924e-02
-3.763158625707416216e-02
-5.184725814866918137e-02
-6.906801540611630374e-02
-8.963384006376443058e-02
-1.132305589845841731e-01
-1.420557773188734774e-01
-1.806029984493790208e-01
-2.544942942948256737e-01
-3.579864152273506961e-01
-2.714402866978100071e-01
-1.552045124268665033e-01
-4.927728634335171859e-02
3.968639918616543444e-02
1.219380641485067335e-01
2.141287191830610059e-01
3.136900602016914896e-01
3.940410608107587365e-01
4.385157265108775015e-01
4.593640194754896600e-01
4.694036294139143917e-01
3.044412325314774792e-01
2.029348117645734806e-01
1.538721579948864882e-01
1.216685713700589172e-01
9.617530833383848565e-02
7.461566911595038376e-02
5.652590403404720437e-02
4.147014977074692244e-02
2.954013912733831695e-02
2.032304342929865115e-02
1.351343879250570257e-02
8.566529685099308691e-03
5.005970549690762737e-03
2.298770813176009061e-03
-1.711446968925482530e-04
1.170100342773102005e-05
7.535477571248477618e-05
-2.114662666762141764e-04
7.079161978405399064e-04
-3.439185153302553796e-04
2.725390049054483084e-04
-5.870093273558308006e-04
-8.549680500662658073e-05
3.897380604910533975e-04
4.871186037802070724e-04
-3.980232437460515076e-04
-1.838577065294877237e-03
-4.173952196470783957e-03
-7.334260745832189843e-03
-1.177225416081290402e-02
-1.798103693446890736e-02
-2.646927256412356932e-02
-3.763159213880417492e-02
-5.184725821704477128e-02
-6.906801438693870032e-02
-8.963384228473258997e-02
-1.132305585508734808e-01
-1.420557770231282435e-01
-1.806030119540666390e-01
-2.544943820366908360e-01
-3.579870944135276067e-01
-2.714403807015097758e-01
-1.552045311277903683e-01
-4.927729185354488839e-02
3.968639673583002764e-02
1.219380633274621539e-01
2.141287206961543788e-01
3.136900681045032280e-01
3.940410649905072282e-01
4.385157232214079159e-01
4.593640477719208026e-01
4.694040816031379015e-01
3.044412854127952484e-01
2.029348180943248703e-01
1.538721574195500152e-01
1.216685719586053788e-01
9.617530772017204854e-02
7.461566731168430000e-02
5.652590457069121138e-02
4.147015181569789488e-02
2.954014458278691330e-02
2.032306769686359482e-02
1.351358046564910854e-02
8.567417663740724623e-03
5.011738283866631546e-03
2.337891577777652038e-03
1.055914719124271850e-04
2.979340548271469159e-04
-1.090030505555799858e-04
-3.603762328963249265e-04
4.569315220244860769e-04
3.229533477780070858e-04
-3.220751414417587048e-04
-1.772748482441862869e-04
1.952782402766526694e-04
-6.003264446296541516e-04
-5.546166791899716968e-04
-1.239232886898681933e-04
-1.769371561262892767e-03
-4.158585376722749583e-03
-7.331101843755381126e-03
-1.177163185079877460e-02
-1.798091826422367617e-02
-2.646925008613843638e-02
-3.763158560315188472e-02
-5.184725383659870984e-02
-6.906801306104014271e-02
-8.963384317384708033e-02
-1.132305600161847420e-01
-1.420557747214162558e-01
-1.806029894826493565e-01
-2.544942698138111803e-01
-3.579863697048500937e-01
-2.714402785389307682e-01
-1.552045151535146883e-01
-4.927728847624019554e-02
3.968639667276707000e-02
1.219380643307675788e-01
2.141287205685741823e-01
3.136900637231742062e-01
3.940410671449677826e-01
4.385157198738255380e-01
4.593639804053732956e-01
4.694033805215930277e-01
3.044412106032817755e-01
2.029348105493704868e-01
1.538721598202667240e-01
1.216685723043294670e-01
9.617530674430040116e-02
7.461566855163873080e-02
5.652590401763148836e-02
4.147015088182095383e-02
2.954014305855035341e-02
2.032305324259374088e-02
1.351355277223811706e-02
8.567507898080950132e-03
5.013271587940958639e-03
2.350296109085011839e-03
1.831401464106999276e-04
-1.628376427706917473e-04
9.398851967573631735e-05
-1.711305949685046899e-04
1.294964097242819222e-04
3.274417043889499843e-04
-1.304219086967431198e-05
2.667298232142448731e-04
7.970720270087057523e-05
-1.065805918344546802e-04
4.014098565934553792e-04
-5.466366918798303129e-04
-1.600230736109188590e-03
-3.645378338055678836e-03
-6.419025852431065916e-03
-1.030090843197989728e-02
-1.572856529839142259e-02
-2.311796986622616928e-02
-3.283458444153850714e-02
-4.509774602862798298e-02
-5.992534964138174214e-02
-7.721706247514839583e-02
-9.676345074179681927e-02
-1.192648301915519016e-01
-1.477265223764100688e-01
-1.983891696220254075e-01
-2.518830393934573531e-01
-1.656047897727421780e-01
-8.169492951146470339e-02
-1.643891939214633599e-02
3.800227279319730311e-02
8.566929177912743776e-02
1.383058132072928215e-01
2.086587974637563736e-01
2.981429644168139825e-01
3.771177194109672226e-01
4.241680596664121339e-01
4.449778450596536539e-01
2.903464004701205581e-01
1.927843146311784550e-01
1.452834294844664309e-01
1.139860334352335858e-01
8.943904659319885930e-02
6.892376389801974090e-02
5.187466899758266109e-02
3.786097920480904072e-02
2.684119953315517934e-02
1.840431826765658030e-02
1.220308085264825912e-02
7.724964737689103342e-03
4.515618948625905148e-03
2.099164538099983560e-03
-2.742720435052922837e-05
3.133888092084864078e-04
-9.922642670932465528e-05
4.502518415529709007e-04
-2.760107606602485290e-04
-4.906276802348144708e-05
-4.926454565680493149e-04
-1.599465717596073005e-04
8.373760590525590941e-04
-2.030210399428976559e-04
-3.492680804702291849e-04
-2.746734570017338368e-04
-1.597196876896270169e-03
-3.651163439260175780e-03
-6.421000874447455042e-03
-1.030141435293630871e-02
-1.572868210359968516e-02
-2.311799341071501049e-02
-3.283458917516657305e-02
-4.509774632428523167e-02
-5.992534915598810019e-02
-7.721706485734172731e-02
-9.676344824335642025e-02
-1.192648274434639499e-01
-1.477265290118848495e-01
-1.983891972475509136e-01
-2.518831689936302243e-01
-1.656048146507101415e-01
-8.169493477441500118e-02
-1.643892266259139312e-02
3.800227065094503170e-02
8.566928944841388505e-02
1.383058118113258683e-01
2.086588028094948366e-01
2.981429683324721136e-01
3.771177083774497341e-01
4.241680569116211830e-01
4.449780705006872172e-01
2.903464286464317312e-01
1.927843177597335644e-01
1.452834281566924290e-01
1.139860347420103698e-01
8.943904660834225973e-02
6.892376178481823823e-02
5.187466931613508858e-02
3.786098101252233228e-02
2.684119889928902533e-02
1.840430930546227764e-02
1.220305963061012015e-02
7.725049671235121630e-03
4.517512583974443892e-03
2.119844157042682312e-03
1.614599335166142977e-04
-3.895901223890400802e-04
3.262038927166514109e-06
2.628699807352375350e-04
-1.481867100943469776e-04
-6.089460193520676579e-04
-5.238517379690076081e-04
-2.449642480923507211e-04
6.232068649603252162e-04
2.737638422113237947e-04
2.444680745373924440e-04
4.388898333841263354e-04
-1.479901741693627568e-03
-3.630705013495836089e-03
-6.417368814193629735e-03
-1.030076443708463803e-02
-1.572856643776120514e-02
-2.311797251228260228e-02
-3.283458298470142561e-02
-4.509774189452459003e-02
-5.992534873516704857e-02
-7.721706751191179108e-02
-9.676345126345466119e-02
-1.192648286257752682e-01
-1.477265170948240391e-01
-1.983891336621956270e-01
-2.518827595253083640e-01
-1.656047394487390745e-01
-8.169491640756286477e-02
-1.643891609962748468e-02
3.800227266297531714e-02
8.566929245153191708e-02
1.383058116319819120e-01
2.086587983046721273e-01
2.981429702840994178e-01
3.771177066736139949e-01
4.241679777261261330e-01
4.449774505368826460e-01
2.903463518308936342e-01
1.927843097970542430e-01
1.452834306021916211e-01
1.139860341302628838e-01
8.943904505814723183e-02
6.892376245497476572e-02
5.187466922208594511e-02
3.786098086349885122e-02
2.684119256471172513e-02
1.840427195410758443e-02
1.220293544612014759e-02
7.724825876907195563e-03
4.519130017414592013e-03
2.147088514156869979e-03
4.353302649712463275e-04
1.934367284810576514e-07
-1.872722736538117339e-04
-4.125612758861744024e-04
7.060803530340488150e-04
-7.037938857420323474e-05
5.293077671276436681e-05
4.046474685029368074e-04
1.582011876260474420e-04
2.425646811431098418e-04
2.579569572365756984e-04
3.685885119400513746e-04
-1.169769080245006577e-03
-2.901756355768861546e-03
-5.139540913879019936e-03
-8.245830013575893014e-03
-1.257905967238873851e-02
-1.843901215224348980e-02
-2.611667417449971967e-02
-3.566945926987674653e-02
-4.711002094612871255e-02
-5.999670160609298780e-02
-7.409363660632177495e-02
-8.901885646412495412e-02
-1.062956347822415770e-01
-1.348255023021946719e-01
-1.546979061072578654e-01
-9.068184427905669198e-02
-3.484404318979766879e-02
6.592623785171276667e-03
4.018315872469704203e-02
6.988795499019315183e-02
1.028752841197067974e-01
1.460268393493059924e-01
2.107690744710405129e-01
2.929333482936039013e-01
3.657498915455989486e-01
4.053497087886281380e-01
2.670627518050119886e-01
1.763858909026093380e-01
1.317193782848766481e-01
1.021525391469663424e-01
7.923652458246500940e-02
6.043549033738054160e-02
4.503145417767192432e-02
3.260795479091156690e-02
2.295026629104242669e-02
1.565596320654656995e-02
1.033560065140508820e-02
6.526643489591030418e-03
3.813268721176213231e-03
1.818565735622211651e-03
4.237146358234156218e-04
1.113758570729745661e-05
3.928883983900750896e-04
-4.598909863947650315e-06
2.192104293290452529e-04
-2.323811827839729718e-04
1.729225191578871940e-04
2.965718709821725378e-04
1.031688138482883072e-04
-2.446911581899243273e-04
-4.865505668795360784e-04
-4.753715097669101476e-04
-1.293497448397718918e-03
-2.922236814330402520e-03
-5.143201752413751118e-03
-8.246524560495155365e-03
-1.257919536217530845e-02
-1.843903585632961084e-02
-2.611667794718921382e-02
-3.566945852753276164e-02
-4.711001937799304956e-02
-5.999670368955397487e-02
-7.409363505702774855e-02
-8.901885536556640444e-02
-1.062956413181644910e-01
-1.348255188865072896e-01
-1.546980071874901885e-01
-9.068186617004000971e-02
-3.484404748251716810e-02
6.592623427522114644e-03
4.018316021653697140e-02
6.988795605620101714e-02
1.028752839659235752e-01
1.460268427836119709e-01
2.107690756049062364e-01
2.929333284455347686e-01
3.657498010943910360e-01
4.053493417344671279e-01
2.670627163261568571e-01
1.763858883159836188e-01
1.317193769646790580e-01
1.021525393870165860e-01
7.923652308799061794e-02
6.043548616396174356e-02
4.503145248884132118e-02
3.260795323432135601e-02
2.295025285676602703e-02
1.565589163906041734e-02
1.033520943992297450e-02
6.524409404638685517e-03
3.800041080025863636e-03
1.736095596550267951e-03
-1.223457616579974366e-04
5.541341417920699107e-04
-3.036934401690892819e-04
1.825767199210955516e-04
-1.654388679663610945e-04
-5.539927044401916217e-04
5.611970484481075463e-05
-3.597106768025205045e-04
1.186877484412833793e-04
-1.662447804871501047e-04
3.036921979599164090e-04
-7.775034510727259912e-05
-1.234491619069959245e-03
-2.912499366418806138e-03
-5.141496259752752034e-03
-8.246216911331670507e-03
-1.257914037098587130e-02
-1.843902636670078157e-02
-2.611667424080509406e-02
-3.566945426055984775e-02
-4.711001920577602420e-02
-5.999670591024226091e-02
-7.409363647747094217e-02
-8.901885552647541278e-02
-1.062956352140452254e-01
-1.348254929458672646e-01
-1.546978725264916421e-01
-9.068183062343868062e-02
-3.484403566312043593e-02
6.592624794564529676e-03
4.018315710694972398e-02
6.988795297116967564e-02
1.028752794933175535e-01
1.460268383189409214e-01
2.107690782281488595e-01
2.929333342437998033e-01
3.657498108876098275e-01
4.053493815808587586e-01
2.670627124947306252e-01
1.763858891199993062e-01
1.317193787037986286e-01
1.021525372150192679e-01
7.923652138700923442e-02
6.043548636516477002e-02
4.503145214112738715e-02
3.260795070770976245e-02
2.295023217499052651e-02
1.565578354495078539e-02
1.033464054206783764e-02
6.521339510316394306e-03
3.783272311292405765e-03
1.642446789156414575e-03
-6.609750411291998246e-04
-4.155580780597957231e-04
1.515544568326146577e-04
-2.838376659643662811e-04
4.118690064057363843e-04
-4.916876815048306336e-04
1.183969696992161300e-04
2.669172708581281145e-04
3.150144003230619886e-04
-4.160043490846111898e-04
-1.095138814848247284e-04
4.274872882264354980e-04
-7.580838445261165728e-04
-2.005922756647249890e-03
-3.578237365442671954e-03
-5.742213730812878447e-03
-8.743109523869195196e-03
-1.275423681495308284e-02
-1.794011115038291609e-02
-2.422402982356485976e-02
-3.151473465449243505e-02
-3.920576158205194700e-02
-4.688532342330363478e-02
-5.362805651712047872e-02
-5.956613086442563015e-02
-6.788661394541717353e-02
-6.625627742513683083e-02
-3.061302595124474127e-02
-4.476383286293189471e-04
2.402780936488963306e-02
4.630243286557877286e-02
6.520889350345003554e-02
8.425924190239851563e-02
1.084015585742709592e-01
1.482481054210648130e-01
2.106265208499838726e-01
2.879117518442244061e-01
3.456220631201767923e-01
2.321223105676197551e-01
1.526509096721802294e-01
1.126223947854447377e-01
8.596042297622540074e-02
6.556925537124752568e-02
4.926756687249998073e-02
3.618058267126702393e-02
2.589812281789791171e-02
1.803794200285721572e-02
1.221135228626168620e-02
8.010240039409588508e-03
5.039845551152314154e-03
2.944579138790656171e-03
1.436176864211641431e-03
4.305754487578776902e-04
2.713294060850346347e-04
-2.850575039496774173e-04
7.785491491485778631e-05
-1.359425728280064445e-04
7.695936905275456820e-04
2.706771125263899907e-04
-3.290153905623121396e-04
4.903246844404260917e-04
1.892707918321206062e-04
-2.057557602288256221e-05
3.243307123946170454e-04
-8.058685283538529137e-04
-2.018605046158352886e-03
-3.581102834470988473e-03
-5.742823052851916618e-03
-8.743234206974669076e-03
-1.275425918984647924e-02
-1.794011686428433061e-02
-2.422403238558856059e-02
-3.151473561772313164e-02
-3.920576389799480116e-02
-4.688532073003438133e-02
-5.362805256785571628e-02
-5.956613102427926049e-02
-6.788661318026538438e-02
-6.625628201105676629e-02
-3.061303345459084196e-02
-4.476448368871103643e-04
2.402780433647412270e-02
4.630243231938400983e-02
6.520889707042258621e-02
8.425924616928008593e-02
1.084015636681319866e-01
1.482481048554957770e-01
2.106265039028226427e-01
2.879116882748511408e-01
3.456218265635656595e-01
2.321222836321592542e-01
1.526509090181977502e-01
1.126223943881270312e-01
8.596042213272607480e-02
6.556925207218645968e-02
4.926756219016723698e-02
3.618058258909521291e-02
2.589812225626467526e-02
1.803792428657339728e-02
1.221126245651442226e-02
8.009776780812072686e-03
5.037485702505653876e-03
2.933200084503606326e-03
1.386941685384925722e-03
2.758562010461104198e-04
-6.149451395174443521e-04
1.406325125896833368e-04
-1.688256457065467409e-04
4.616470803123258341e-04
4.327596291976823538e-04
-1.887537399227954247e-04
4.743986405066262057e-04
5.743432440900254812e-04
-4.502722048824871572e-04
-1.246186787471175166e-04
-4.042999984901956894e-04
-8.969392941922254029e-04
-2.030326660417603249e-03
-3.582598741430374333e-03
-5.743011477862589899e-03
-8.743257564751623009e-03
-1.275426104462516752e-02
-1.794011322992742491e-02
-2.422402593194601314e-02
-3.151473412925120954e-02
-3.920576623066664157e-02
-4.688532371044133729e-02
-5.362805484617099577e-02
-5.956613053417095238e-02
-6.788660750621554330e-02
-6.625626441994664217e-02
-3.061302202300081668e-02
-4.476371035709784778e-04
2.402780678605615644e-02
4.630242981065614549e-02
6.520889403351672053e-02
8.425924228738985999e-02
1.084015625477420391e-01
1.482481104403834959e-01
2.106265126317356795e-01
2.879117214785150702e-01
3.456219637370384068e-01
2.321222973063696571e-01
1.526509125948868895e-01
1.126223955894043449e-01
8.596041962334950715e-02
6.556925014760098258e-02
4.926756162883933615e-02
3.618058231375965300e-02
2.589811773628029890e-02
1.803789348966835723e-02
1.221111567869210233e-02
8.008977543949049455e-03
5.033060138722640804e-03
2.908553881809406664e-03
1.247547844705848346e-03
-5.310590857908867226e-04
2.670109709499823413e-04
1.181570471405311574e-04
4.861044550631090548e-04
3.834732116538067375e-04
-4.336520516554495859e-04
6.139265889931235778e-04
1.173138294124200312e-04
-3.543911217263444606e-04
-4.094409295015102217e-04
3.076713950578024190e-04
3.998712531648795161e-04
-3.525863695406093777e-04
-1.012843420731050076e-03
-1.825893964069786116e-03
-2.936137322902295736e-03
-4.451903140072152772e-03
-6.416470247483954843e-03
-8.835167872978576253e-03
-1.152704313891632880e-02
-1.423963226542282121e-02
-1.634982610500243516e-02
-1.721499192421369756e-02
-1.574826364147105529e-02
-1.083404979613920502e-02
-7.247800045287700011e-04
1.664415909665790255e-02
2.359616848854049695e-02
3.135900001549396521e-02
4.098859585617179585e-02
5.228785483333433376e-02
6.295287792218040579e-02
7.373028917372942415e-02
8.635377884308720331e-02
1.080942134958460116e-01
1.475862476797788203e-01
2.087466852032040521e-01
2.688176600001315752e-01
1.852406981436394151e-01
1.209781935332765873e-01
8.755184613830568896e-02
6.523825866525194417e-02
4.848925700516199672e-02
3.559278646086190545e-02
2.555701367162077978e-02
1.795932007255646168e-02
1.230272914076594760e-02
8.223045653022726179e-03
5.337159036126946227e-03
3.335249726303414746e-03
1.944295458002484210e-03
9.776342545088408803e-04
5.492935379585156931e-04
1.054142348502385985e-04
6.372328680045371977e-05
-1.325654161351506866e-04
1.190058766003095033e-06
-3.417406004462726632e-04
4.638245717221556167e-04
4.653438606878469003e-04
-3.197879556038072182e-04
1.466620909368537905e-04
4.163937322634979755e-04
-3.027702577772437269e-04
-4.640541685219494190e-04
-1.032240372196450333e-03
-1.829412100526121810e-03
-2.936795546931060194e-03
-4.452027161998277534e-03
-6.416490329399528875e-03
-8.835172589368660290e-03
-1.152704578664716026e-02
-1.423963336112362560e-02
-1.634982745688398284e-02
-1.721498912387387295e-02
-1.574826032801441428e-02
-1.083404999532358581e-02
-7.247797104482275312e-04
1.664415578409857502e-02
2.359616586339675567e-02
3.135899766821929890e-02
4.098859311405086969e-02
5.228785464758674978e-02
6.295288000463532263e-02
7.373029194852422086e-02
8.635378207469905643e-02
1.080942117204299474e-01
1.475862358698125654e-01
2.087466573843113626e-01
2.688175824150299542e-01
1.852406873226709050e-01
1.209781933928159026e-01
8.755184682284367081e-02
6.523826014610543955e-02
4.848925694887179505e-02
3.559278568762242606e-02
2.555701614633881791e-02
1.795931969891470872e-02
1.230271166306822622e-02
8.222964375810697807e-03
5.336704244826512636e-03
3.332589959878420188e-03
1.928216695036294968e-03
8.753293382196183220e-04
-1.401798157607658368e-04
1.563608825821212109e-04
-2.845113176846122190e-04
5.609983746586873730e-04
3.520232607073102058e-04
-2.942236640500610107e-04
3.149312912185016626e-05
-5.464627544958195002e-04
-5.437992610540453263e-04
2.271267955596032958e-04
1.747662544225894146e-04
-8.615883159248103110e-05
-4.517077295820919286e-04
-1.033013314535128138e-03
-1.829887638010975308e-03
-2.936919471545834572e-03
-4.452052940403489201e-03
-6.416493044018005930e-03
-8.835170291280312199e-03
-1.152704299118307088e-02
-1.423963623454903987e-02
-1.634983200515235935e-02
-1.721499092626075159e-02
-1.574825903392153628e-02
-1.083404822787256173e-02
-7.247773105767064050e-04
1.664416137514350760e-02
2.359617057684426297e-02
3.135900723941439233e-02
4.098859759694032517e-02
5.228785317765521218e-02
6.295287729717577441e-02
7.373028803407341569e-02
8.635378135611541939e-02
1.080942163670102207e-01
1.475862406439940600e-01
2.087466655645175695e-01
2.688176163763707494e-01
1.852406906601851699e-01
1.209781928665061013e-01
8.755184300300425382e-02
6.523825461099885814e-02
4.848925494920441198e-02
3.559278756110129116e-02
2.555702021841960506e-02
1.795931809082424238e-02
1.230268387998668944e-02
8.222840933841032637e-03
5.336062670822211071e-03
3.329351856078297586e-03
1.912698510676777560e-03
8.071319830508195611e-04
-3.833886090889457527e-04
-1.111605997716888429e-04
3.349617833323284663e-04
3.902985864007250385e-04
1.613741421134974466e-04
5.732084462029186532e-04
-1.690106489278742552e-04
-2.132596639840228330e-04
2.081688498542163548e-04
2.195985727064412381e-04
3.603384472850912129e-04
1.523698348876411355e-04
5.769347461258557907e-05
4.285980827107219437e-05
3.485511611836792956e-05
3.248202063253039797e-05
7.029016524443146643e-05
2.304660962005533544e-04
6.697681908089033473e-04
1.645676745693846511e-03
3.569046055501967803e-03
6.994900292671314343e-03
1.278153520348084514e-02
2.207503614233612479e-02
3.729274368861921346e-02
6.534888171949009006e-02
9.883705708355558506e-02
7.764944036888084267e-02
6.293796050233789463e-02
5.862390725679535175e-02
6.077892185430208705e-02
6.435851264112842085e-02
6.768015157928621017e-02
7.148933868260025359e-02
8.006217226658131347e-02
1.002705561406373458e-01
1.381727145875372431e-01
1.836596147455028527e-01
1.282808642607190242e-01
8.181370106299112877e-02
5.678198610542800617e-02
4.027556546411564103e-02
2.838987057013153681e-02
1.980556682463733079e-02
1.353548409234499837e-02
9.099654669906422425e-03
5.986249403497337883e-03
3.866413253125078591e-03
2.438497294474345489e-03
1.492030894522413048e-03
8.532945986457274919e-04
3.837383039725025553e-04
-8.824446486558292142e-05
4.573030289311673532e-04
-3.605619718870914955e-04
8.548569058355953373e-05
-1.999790243489421647e-04
-5.318648147325533702e-05
-6.648137067052775897e-06
-1.599935374746732318e-04
7.320983996539567754e-04
8.098689423670626312e-05
4.310563930948620279e-04
-4.983297729248647285e-05
8.897690434127205060e-06
3.210814873473336289e-05
3.262694452566955303e-05
3.203234621555889474e-05
7.020329866638608870e-05
2.304546977272856696e-04
6.697671271291019907e-04
1.645676119079791814e-03
3.569045166029851616e-03
6.994897857017630394e-03
1.278153416252727874e-02
2.207503502161112935e-02
3.729274220315954153e-02
6.534888273758066024e-02
9.883705683339037706e-02
7.764943963022259699e-02
6.293795798172606426e-02
5.862390559505379489e-02
6.077892332983581697e-02
6.435851483675157636e-02
6.768015285943117243e-02
7.148933987444805460e-02
8.006216996976038558e-02
1.002705498874281453e-01
1.381727099081086763e-01
1.836596037414562343e-01
1.282808635438205946e-01
8.181370217830913338e-02
5.678198713648201224e-02
4.027556697496188082e-02
2.838986995218988410e-02
1.980556513488895137e-02
1.353548441861901486e-02
9.099653808567113519e-03
5.986242029842480175e-03
3.866397255082759752e-03
2.438441342205797079e-03
1.491973027783543865e-03
8.550363129593200164e-04
4.095449885256809835e-04
1.856470375340608676e-04
-3.315487458264085308e-04
4.308114157085265273e-05
3.027390883115387487e-04
5.955394298603730233e-05
4.197128091539813221e-04
-2.130938795147882569e-04
-3.804198892616240588e-05
2.592484789957350661e-04
-2.264689198745058456e-04
-2.903319679298418639e-04
-2.804616685896453143e-04
-2.520369316406211797e-05
2.632817954800029700e-05
3.157414488539349751e-05
3.183079044972856502e-05
7.016426338873573603e-05
2.304495470780119903e-04
6.697675726555544183e-04
1.645677737417850645e-03
3.569044750930694745e-03
6.994897072635877268e-03
1.278153479487690279e-02
2.207503752411281092e-02
3.729274474811782730e-02
6.534888449156435464e-02
9.883705781896373610e-02
7.764944028101046503e-02
6.293796284004189723e-02
5.862390569860276290e-02
6.077891959252410686e-02
6.435851160859513975e-02
6.768014917841463918e-02
7.148934002875947935e-02
8.006217523123744517e-02
1.002705551020736663e-01
1.381727136560121361e-01
1.836596121555538752e-01
1.282808650327681987e-01
8.181370112427502339e-02
5.678198256501063024e-02
4.027556343622033797e-02
2.838987187681194652e-02
1.980556964677765083e-02
1.353548864825737663e-02
9.099650522951500606e-03
5.986219271991922129e-03
3.866311323211425819e-03
2.437973649065725609e-03
1.489386698452767072e-03
8.403288230956965218e-04
3.217189496157770974e-04
-3.690665553773321019e-04
-2.039215893446460570e-04
-2.036434840150411424e-04
1.520106003264077015e-04
3.541467953604440170e-04
1.130691593578755667e-04
-3.740906471054049505e-04
4.202960467467185997e-04
8.830620256329055437e-05
-1.216492402968329692e-04
-2.070288068997493797e-04
2.874437765169881535e-04
5.474586343661153173e-04
1.131376670052249272e-03
1.923450564686093401e-03
3.029133992107143659e-03
4.608902176637980075e-03
6.859607184574888564e-03
1.006935402965225025e-02
1.455050097011637879e-02
2.080353432379692183e-02
2.930125758025998658e-02
4.103645897102047718e-02
5.735016499974406740e-02
8.217134898415628941e-02
1.284652541842333795e-01
1.836151028995515189e-01
1.378641718710022779e-01
9.970774510337686303e-02
7.948994750818161314e-02
7.102392419559977466e-02
6.752805054249054473e-02
6.453822121723759575e-02
6.128886902792251429e-02
5.926185247524146105e-02
6.356628662315244593e-02
7.804563946506110073e-02
9.898540470626225607e-02
6.516853322931562276e-02
3.688431139822295757e-02
2.143631181642978098e-02
1.194817121626137041e-02
6.024346133380600703e-03
2.528444881171665500e-03
6.060070800617513775e-04
-3.118420905413217818e-04
-6.461598725620183985e-04
-6.729510309088938000e-04
-5.606419558363467731e-04
-4.049049196175755422e-04
-2.503411129368829434e-04
-1.160630081322554789e-04
8.484141488846157485e-06
7.585594372049637329e-05
-1.505250590262897556e-04
-9.413861581638003912e-05
-6.241115792186565736e-05
1.309072174010207006e-04
2.858135321360162910e-04
-2.626128358025085958e-04
2.228923786600546530e-04
-1.196308157598552872e-04
3.174117117683100090e-04
8.725142182284533897e-05
5.135621284376473044e-04
1.125150926810331280e-03
1.922275068445829715e-03
3.028907020655274753e-03
4.608859986749033050e-03
6.859603109131359039e-03
1.006935211386556818e-02
1.455049748504739539e-02
2.080353092351969885e-02
2.930125676464353374e-02
4.103646239813742852e-02
5.735016855137377301e-02
8.217135075943651779e-02
1.284652565749579145e-01
1.836151081985308020e-01
1.378641705425326380e-01
9.970773988455791659e-02
7.948994548781418423e-02
7.102392762418359429e-02
6.752805470023980072e-02
6.453822362514168021e-02
6.128887139750063134e-02
5.926185087650028688e-02
6.356628167649347461e-02
7.804563928164866271e-02
9.898540829160577814e-02
6.516853518544028778e-02
3.688431117372607815e-02
2.143631007977873579e-02
1.194817091956705893e-02
6.024346183512504539e-03
2.528444869798870866e-03
6.060072807740497216e-04
-3.118416010905937334e-04
-6.461589668160969916e-04
-6.729337331757773762e-04
-5.605490769583206054e-04
-4.043953289990835577e-04
-2.477539393869506302e-04
-1.055315983764590489e-04
2.418397327477658042e-05
-2.015985130418362990e-04
2.483185067873170575e-04
-7.223231011504723052e-05
2.613340968537233942e-04
-3.261110167239568230e-04
5.778823732965681845e-04
-1.223338487592230293e-04
-2.891981748012915020e-04
4.202023579409567677e-04
6.858791531771437364e-04
-5.027942861130185016e-05
4.872068011222422312e-04
1.119742709001153753e-03
1.921165154743807247e-03
3.028679871210403999e-03
4.608814651714356232e-03
6.859597354872703535e-03
1.006935163186987135e-02
1.455049794335862290e-02
2.080353202356187772e-02
2.930125691751287939e-02
4.103646214843290757e-02
5.735016925149056394e-02
8.217135101246526852e-02
1.284652538784634979e-01
1.836150972244896262e-01
1.378641681505594907e-01
9.970774626805954666e-02
7.948994730423826482e-02
7.102392438208897374e-02
6.752805136992387491e-02
6.453822149070687075e-02
6.128887424691231711e-02
5.926185778652141162e-02
6.356628565599342640e-02
7.804564025003392358e-02
9.898540702480264353e-02
6.516853250941682940e-02
3.688431157846343289e-02
2.143631015581032653e-02
1.194817249128101583e-02
6.024350506350286717e-03
2.528447469313781486e-03
6.060080485912018112e-04
-3.118460371155573271e-04
-6.461691229906030938e-04
-6.729449109822264758e-04
-5.605788118021547400e-04
-4.043712277416801099e-04
-2.465487350011172861e-04
-9.364358513870324908e-05
1.110984572032479436e-04
2.764078726026269269e-04
2.859836717270366948e-04
1.972750307686726957e-04
4.920759310698549164e-04
6.418682691716202156e-05
-1.514651582672005747e-04
-8.537772670908019303e-06
-3.030346558879600319e-04
1.608633886883466127e-04
3.783488362856546891e-04
2.668213526475879827e-04
1.002967746306258120e-03
2.186233662316293055e-03
3.753889365146591620e-03
5.923581687306916921e-03
8.963283301490328203e-03
1.317230895643530485e-02
1.891685719990254463e-02
2.654914019590034341e-02
3.655058105919960221e-02
4.934728939743538573e-02
6.593256775347736132e-02
8.805325272863412378e-02
1.212724795277148188e-01
1.853816752680397528e-01
2.687854312295835379e-01
2.085139920238775202e-01
1.470885145174855579e-01
1.075482325670501643e-01
8.590096430080580714e-02
7.359226796225988576e-02
6.316893861610944905e-02
5.284674254844225899e-02
4.168953419267285021e-02
3.206856476902315151e-02
2.408535427057940589e-02
1.692881820742269186e-02
-8.852859317968637129e-04
-1.129230863021325228e-02
-1.646288291534423603e-02
-1.812316772621973271e-02
-1.738098025957164269e-02
-1.532119258232891683e-02
-1.259046854604111559e-02
-9.826539426451218542e-03
-7.294855177113996475e-03
-5.193937168709639174e-03
-3.531197542204848536e-03
-2.277372990204173595e-03
-1.341484646640602385e-03
-6.459956283762650952e-04
-2.600474302204507484e-04
-1.299577110277101146e-04
3.994832406058112861e-05
-4.417515989650044861e-04
-7.608814127251248098e-05
-4.452017075646321517e-04
4.846956994761365649e-04
2.482803445251012390e-04
1.335720102917609207e-04
-4.443090005608823318e-04
6.175075725315865884e-04
2.918632984474083415e-04
1.009266548991534073e-03
2.187671865211211677e-03
3.754183516301341870e-03
5.923635924288290014e-03
8.963293568885883494e-03
1.317231245132956079e-02
1.891685581453677115e-02
2.654913758076799316e-02
3.655057995910830637e-02
4.934729252586354808e-02
6.593257338315360039e-02
8.805325540390941674e-02
1.212724797969171875e-01
1.853816786949262774e-01
2.687854369767004870e-01
2.085139903740285405e-01
1.470885100860128969e-01
1.075482301965393073e-01
8.590096706771194190e-02
7.359227209329467778e-02
6.316894191686286963e-02
5.284674515954537050e-02
4.168952976980748459e-02
3.206855532578378049e-02
2.408535105613739472e-02
1.692882081645389822e-02
-8.852828001767160506e-04
-1.129230753030053061e-02
-1.646288236670365168e-02
-1.812316424221271233e-02
-1.738097503372234426e-02
-1.532118983172160200e-02
-1.259047004123600710e-02
-9.826540464683227588e-03
-7.294851953511583692e-03
-5.193906889675770425e-03
-3.531022360604398752e-03
-2.276374410911304828e-03
-1.335895668658950612e-03
-6.150693946485510238e-04
-8.869450441443479667e-05
6.675659789980092700e-05
-2.971238579986952523e-04
3.099494491547195038e-04
-1.957855509541704664e-04
5.800872557338630862e-04
-1.010273559483522210e-04
-6.522099101209707234e-04
8.073307570848409285e-05
1.436172235653695767e-04
-7.462570139919343006e-05
3.063251957290012901e-04
9.927707975134520031e-04
2.182354623983466958e-03
3.752944552453524145e-03
5.923378149698712604e-03
8.963243801515353298e-03
1.317230550991662329e-02
1.891685255915915784e-02
2.654913439962988675e-02
3.655057991548061463e-02
4.934729256595833669e-02
6.593257381311914966e-02
8.805325767957193628e-02
1.212724815283469232e-01
1.853816767226402207e-01
2.687854190089670747e-01
2.085139914359219748e-01
1.470885192670783048e-01
1.075482316510936870e-01
8.590096160434906869e-02
7.359226671259026797e-02
6.316893898955139308e-02
5.284674736778911114e-02
4.168953498217377318e-02
3.206855841216810221e-02
2.408535408982840145e-02
1.692882269454151767e-02
-8.852850357148361231e-04
-1.129230911074099661e-02
-1.646288723653936692e-02
-1.812316694790586102e-02
-1.738097215137001522e-02
-1.532118702252035537e-02
-1.259046732816245483e-02
-9.826540392556606940e-03
-7.294849655903861557e-03
-5.193868597086628326e-03
-3.530777931499642312e-03
-2.274736653741539927e-03
-1.324391875240963105e-03
-5.306619011552876327e-04
5.580298415253355602e-04
-1.690522033131463346e-05
-4.428339390749644713e-05
-3.296914121492941431e-04
4.309967452619172337e-04
-2.052045625240149539e-04
-3.651470545549124732e-04
-3.455232422188067847e-04
4.209473006174581930e-04
4.947103323985498589e-04
2.732306540090793126e-05
7.766507791263884731e-05
1.367826703209159460e-03
3.150573546350826388e-03
5.444156920674709556e-03
8.591303989905697130e-03
1.294849823686999510e-02
1.890419830578175808e-02
2.684544414269100440e-02
3.715480397393899903e-02
5.019323074543640545e-02
6.638598450399314788e-02
8.660248299316189446e-02
1.130679567818903553e-01
1.528787502724616443e-01
2.321648476521345761e-01
3.453982367144982635e-01
2.876205443913365523e-01
2.101760476980881198e-01
1.477440182549621117e-01
1.079571398955873202e-01
8.413242247507141114e-02
6.548688210301117918e-02
4.702538477457855748e-02
2.493307573840470789e-02
4.026730241784920385e-04
-2.999354972643927114e-02
-6.579880597444698331e-02
-6.804665428643184855e-02
-6.009515967303124401e-02
-5.443079039263250957e-02
-4.786900873620396346e-02
-4.029423874981959836e-02
-3.263039111343746246e-02
-2.530592856780160618e-02
-1.893550833389680277e-02
-1.363016291938568686e-02
-9.479807323782885736e-03
-6.336552673323092230e-03
-4.040248288134597535e-03
-2.364839597343564893e-03
-1.086124247818709291e-03
1.322463392548471769e-04
1.120075560179853972e-04
-1.752475367159239672e-04
3.996274206927098900e-04
-3.349097684869167227e-04
8.070284348339213645e-04
2.280442543105232428e-04
-7.081772945392234616e-04
3.247991396849398489e-04
6.307147866190980848e-04
2.658801981957419048e-04
3.758408146619889164e-04
1.421510222400373903e-03
3.160426415427908253e-03
5.445935888304433321e-03
8.591621204505926757e-03
1.294855567164289109e-02
1.890421046550377557e-02
2.684544667128065110e-02
3.715480397277570734e-02
5.019323062742390290e-02
6.638598759910975533e-02
8.660248687083806074e-02
1.130679567722838730e-01
1.528787497417247176e-01
2.321648587073185110e-01
3.453982997450258385e-01
2.876205609314635425e-01
2.101760461217151710e-01
1.477440155692269774e-01
1.079571412401212488e-01
8.413242427766712273e-02
6.548688487120281343e-02
4.702538902906124724e-02
2.493307543320980035e-02
4.026689560055361967e-04
-2.999355244563092077e-02
-6.579881415150400092e-02
-6.804665650468240401e-02
-6.009516032028877630e-02
-5.443078809544886487e-02
-4.786900544794315399e-02
-4.029423568352572677e-02
-3.263039181052940219e-02
-2.530593275153695393e-02
-1.893550904324129217e-02
-1.363015831280857924e-02
-9.479781306219840775e-03
-6.336396370848857915e-03
-4.039318123987042063e-03
-2.359348668578781574e-03
-1.053255063900727928e-03
3.353361538441529009e-04
2.484231895161208444e-04
1.112605144981001994e-04
5.195888809142908127e-04
1.700746484799148792e-04
-1.079447381881844297e-04
5.271456297283441455e-04
1.694056473694718532e-04
-2.381461137622511450e-04
6.644167367762785804e-04
2.878915973044180831e-04
-4.031899637656414896e-04
1.317566033281923057e-03
3.145649576169918995e-03
5.443766960375679212e-03
8.591293343844305305e-03
1.294850542061647646e-02
1.890420453373858542e-02
2.684544489791625826e-02
3.715480394237086897e-02
5.019323560703797121e-02
6.638599169792457066e-02
8.660248875163140125e-02
1.130679577202994140e-01
1.528787475230302395e-01
2.321648499657761877e-01
3.453982376936613474e-01
2.876205506082290531e-01
2.101760534289410509e-01
1.477440146938464871e-01
1.079571341825435044e-01
8.413241850689745505e-02
6.548688201219672600e-02
4.702539134508244845e-02
2.493308050994011080e-02
4.026728839757249450e-04
-2.999354192268509356e-02
-6.579878394572380440e-02
-6.804665243632217198e-02
-6.009515844819785652e-02
-5.443079063893595249e-02
-4.786900635957248157e-02
-4.029423270819106062e-02
-3.263039099846496566e-02
-2.530593148816302415e-02
-1.893550859239514009e-02
-1.363015544103131360e-02
-9.479755293529871715e-03
-6.336315835571257500e-03
-4.039434455098004154e-03
-2.364628400443041269e-03
-1.121972491459941696e-03
-3.834781783690094804e-04
-2.091704789330599908e-04
5.119795497515681196e-05
-2.147557951304097424e-04
2.839902047023476527e-04
-2.894563433307070733e-04
-2.387973551811209080e-04
3.954226420417190891e-04
4.331530039141481174e-04
4.745094492929382689e-04
2.541555415840862208e-04
-2.122516007985750317e-04
1.716298663846581220e-03
4.006497792573029265e-03
6.921629440524828744e-03
1.091111382713711928e-02
1.638892024090840560e-02
2.381310128069765233e-02
3.354743379068340220e-02
4.599397367379731705e-02
6.134016648759761658e-02
8.002822372783878480e-02
1.027623978597627247e-01
1.321293499834673701e-01
1.765618235546488335e-01
2.670067312869602860e-01
4.048914708475708779e-01
3.652263021303496227e-01
2.923992378330948494e-01
2.102769368456673116e-01
1.456049716421404516e-01
1.027883377353646654e-01
7.029019369589031840e-02
4.110743796534830491e-02
7.789532274390120921e-03
-3.368299861480873736e-02
-8.981283208667441287e-02
-1.540637904821114956e-01
-1.350692541814671466e-01
-1.069527691160841870e-01
-8.993437560488921900e-02
-7.515562395601842194e-02
-6.113614083799979310e-02
-4.824863531641396253e-02
-3.675960443063885225e-02
-2.710611948596748991e-02
-1.930441756380578411e-02
-1.330310890546139435e-02
-8.833294307163145828e-03
-5.606301525332148608e-03
-3.288724359482491331e-03
-1.593308446564698291e-03
-4.097941027734128814e-04
1.920730882827663129e-04
-1.488857041944729380e-04
1.425446326084832123e-04
-3.802701137148165240e-04
-3.101488312631451769e-04
-7.339674532272636093e-05
-1.361336049194525344e-04
-3.459691755450865582e-05
-2.223035061136106319e-04
5.756179941073177875e-04
2.908254628309560504e-04
1.796353014165597397e-03
4.019951085407804867e-03
6.923919712208375342e-03
1.091150817436838984e-02
1.638898935023786960e-02
2.381311378813648350e-02
3.354743608046303893e-02
4.599397282286214056e-02
6.134016556373185491e-02
8.002822716130851555e-02
1.027624021404515975e-01
1.321293511218250560e-01
1.765618274515237118e-01
2.670067578833759669e-01
4.048916504602496080e-01
3.652263327627290890e-01
2.923992376282828487e-01
2.102769371782018115e-01
1.456049753806358260e-01
1.027883379041479722e-01
7.029019355353874343e-02
4.110743948919791391e-02
7.789531677694244184e-03
-3.368299994910832484e-02
-8.981283495920633353e-02
-1.540638010171768990e-01
-1.350692607499549003e-01
-1.069527727380664983e-01
-8.993437458296413278e-02
-7.515562279114229582e-02
-6.113613905907550744e-02
-4.824863520158733515e-02
-3.675960631198110784e-02
-2.710611834503859341e-02
-1.930441517013595232e-02
-1.330310469390398771e-02
-8.833268544026023905e-03
-5.606196743704019297e-03
-3.288713168709010270e-03
-1.598582477852145741e-03
-4.823224749864354183e-04
-3.245941196175445914e-04
1.378822736839726529e-04
-2.312183918856915892e-04
-2.660692829744152926e-04
-3.779756854812679179e-06
2.009303703689223553e-05
4.880495351893797678e-05
2.044289767230999838e-04
2.534106449789356856e-04
-1.432383036788791486e-04
6.762471488804462118e-04
1.843039312569054065e-03
4.026012559941424644e-03
6.924763894840940508e-03
1.091163799993430036e-02
1.638901230128414835e-02
2.381312003890734275e-02
3.354743727891336402e-02
4.599397393439422915e-02
6.134017029718313863e-02
8.002823038717463144e-02
1.027624032537405724e-01
1.321293518892893148e-01
1.765618270506254806e-01
2.670067744210177230e-01
4.048918054125056343e-01
3.652263745570190623e-01
2.923992513295842199e-01
2.102769352060361030e-01
1.456049705781859716e-01
1.027883381253286155e-01
7.029019578766704246e-02
4.110744327357354622e-02
7.789533483408773475e-03
-3.368300007629380921e-02
-8.981282151049335694e-02
-1.540637315458588952e-01
-1.350692510061036744e-01
-1.069527685121754029e-01
-8.993437511883120572e-02
-7.515562159509572848e-02
-6.113613551153079806e-02
-4.824863622500696891e-02
-3.675960742036191164e-02
-2.710611965941989859e-02
-1.930441079561977941e-02
-1.330304681414255785e-02
-8.832881682539324431e-03
-5.603529782867276536e-03
-3.269132714753138300e-03
-1.448592847583166044e-03
7.019013627598836560e-04
5.092895481106134918e-05
3.633156970174007878e-04
4.312104893566713008e-04
-3.633576897423853561e-04
-2.852209258024979068e-04
-6.457394938682027271e-04
5.029733262180626375e-04
1.627683368081869557e-04
1.578174080804104298e-04
-2.389813417218666046e-04
2.964854652706604100e-04
2.099676397152556041e-03
4.711763053814168288e-03
8.111872646931165762e-03
1.277170065732083706e-02
1.913166273781691934e-02
2.770062527487778328e-02
3.879607614648249853e-02
5.283367996220459523e-02
6.982208119758805120e-02
9.022601984046504930e-02
1.145898832562699116e-01
1.456871862195627532e-01
1.929450644884195820e-01
2.902438898769796882e-01
4.443780324005916493e-01
4.234040555878575418e-01
3.762654251525209270e-01
2.974176577844325764e-01
2.081570814630756550e-01
1.382147999574926400e-01
8.625581272833403312e-02
3.952842378967799664e-02
-1.445981875235627205e-02
-7.997744588119784503e-02
-1.643801590586775052e-01
-2.512714112269437416e-01
-1.989006907019394421e-01
-1.485922673101692792e-01
-1.203183609321769737e-01
-9.789982508008808482e-02
-7.839400573030315400e-02
-6.106892410039253816e-02
-4.617951833496164449e-02
-3.380268541282738931e-02
-2.396011306677789734e-02
-1.642887022606195901e-02
-1.087139169764205979e-02
-6.878051309220046747e-03
-4.028223106319887836e-03
-1.925106946169534211e-03
-1.449821800925794012e-04
-6.014021502691966757e-05
-2.107589930656864768e-04
-1.023014368775275508e-05
-1.472629163184258137e-04
2.554932713367135972e-04
6.274600330340673838e-04
-5.516571629312114851e-04
1.061140446779733647e-04
5.068423098915436024e-04
-4.515534449988784220e-05
3.764035613351658302e-04
2.117753319071228636e-03
4.715653796707938543e-03
8.112667634801907710e-03
1.277185953428142812e-02
1.913169409466460719e-02
2.770063071121559028e-02
3.879607713955889048e-02
5.283367890251652182e-02
6.982208071072201760e-02
9.022602358226741726e-02
1.145898857932064197e-01
1.456871862435883680e-01
1.929450717942193805e-01
2.902439348053157953e-01
4.443783360831357609e-01
4.234040993491550720e-01
3.762654223147089971e-01
2.974176580624697253e-01
2.081570859239389726e-01
1.382147983267134617e-01
8.625581014749152120e-02
3.952842086531129645e-02
-1.445982530972235100e-02
-7.997745028707914372e-02
-1.643801526776539901e-01
-2.512713102957984113e-01
-1.989006813749981117e-01
-1.485922664288715223e-01
-1.203183551828984343e-01
-9.789982077881256850e-02
-7.839400337068656854e-02
-6.106892435643844486e-02
-4.617952114117344908e-02
-3.380268734239103012e-02
-2.396011749803126853e-02
-1.642888682221635074e-02
-1.087144511577880189e-02
-6.878191877358323658e-03
-4.028319375224408659e-03
-1.923044755600151947e-03
-1.271056593334382936e-04
1.353267134239110507e-04
-2.622265195201270655e-04
1.678460966391186150e-04
-1.781213712827161308e-04
1.921849402496493000e-04
6.106052707255559182e-05
-2.344720001846181635e-04
7.757564467735071374e-04
2.660178907277446661e-04
4.461336029993303513e-04
6.858807216135845734e-04
2.173300933362163571e-03
4.726101816332249975e-03
8.114652812513294469e-03
1.277224215118750832e-02
1.913176914404477943e-02
2.770064557070755357e-02
3.879607806393083058e-02
5.283367844746984787e-02
6.982208348003182685e-02
9.022602497477183459e-02
1.145898856373545743e-01
1.456871877911669610e-01
1.929450766939109496e-01
2.902439708880367730e-01
4.443786938791373653e-01
4.234041657746490106e-01
3.762654399090027968e-01
2.974176539261905172e-01
2.081570794980154848e-01
1.382147981062137321e-01
8.625581265291279442e-02
3.952842616324372949e-02
-1.445982053716260429e-02
-7.997744755262689575e-02
-1.643801288733045540e-01
-2.512711441842726545e-01
-1.989006660472505406e-01
-1.485922630621939744e-01
-1.203183592619341824e-01
-9.789982190643176097e-02
-7.839400008400045083e-02
-6.106892372850013240e-02
-4.617952011448629712e-02
-3.380268859438991663e-02
-2.396012141099391687e-02
-1.642889262495104280e-02
-1.087153313568317743e-02
-6.879092850388282207e-03
-4.036178766827708611e-03
-1.989096926129676948e-03
-6.787987438142992040e-04
7.743806622883441437e-05
4.493766547997068354e-04
-2.333225773291111127e-04
-7.806513280799752866e-05
-5.212610444323128320e-04
8.135720749268095578e-05
5.622278665949544292e-04
5.511618114538451886e-04
1.187704513262393915e-04
-4.573013204074491802e-04
4.326178788288193911e-04
2.322646674808575597e-03
5.196490061915308607e-03
8.943697878086086933e-03
1.407269455571530034e-02
2.104222432287332009e-02
3.039500895616358694e-02
4.240376575667392095e-02
5.748992323050760439e-02
7.552335736231388652e-02
9.698040632731454169e-02
1.222943380722836398e-01
1.543024994923610782e-01
2.031169558990300328e-01
3.043531900419804703e-01
4.688102887165179755e-01
4.585793143969307262e-01
4.375077385750558157e-01
3.928769880750334620e-01
3.127640854873626197e-01
2.140343973597931271e-01
1.231069159388415574e-01
4.243757316995237783e-02
-4.560157899308631135e-02
-1.523240442133713957e-01
-2.704947655666706252e-01
-3.586488491430849246e-01
-2.556837464094599555e-01
-1.817907207278325887e-01
-1.432704601752417262e-01
-1.144270519674776831e-01
-9.082528705743155018e-02
-7.019062487722388388e-02
-5.289628671700072338e-02
-3.855712664764747444e-02
-2.727007439153239163e-02
-1.864251312460415283e-02
-1.231153607829775336e-02
-7.768463736334366501e-03
-4.530436345198489249e-03
-2.115327532893324265e-03
-1.563851682549116795e-05
-1.532838374136834432e-04
-1.827953105900945239e-04
-2.987734427781138773e-04
-4.582417325529522371e-04
-6.357686198272337981e-04
3.932442006954813972e-04
-3.903659927351519981e-04
2.756029577695922684e-04
9.808736388191900636e-05
-8.308142366038792276e-06
2.183271255315744595e-04
2.291662413792577326e-03
5.191790402910849596e-03
8.942984928017061810e-03
1.407258931840434449e-02
2.104220973432257072e-02
3.039500663505686345e-02
4.240376606535579962e-02
5.748992252295232613e-02
7.552335701646369082e-02
9.698040947050245997e-02
1.222943392531922469e-01
1.543024997282611277e-01
2.031169687317868622e-01
3.043532628155105613e-01
4.688108521749979052e-01
4.585793649709505315e-01
4.375077372494174943e-01
3.928769874572233256e-01
3.127640894268556848e-01
2.140343955688413791e-01
1.231069171322059230e-01
4.243757506921274486e-02
-4.560157980523964205e-02
-1.523240479131065805e-01
-2.704947653923912010e-01
-3.586487479680702806e-01
-2.556837520713597933e-01
-1.817907246777797914e-01
-1.432704575735751218e-01
-1.144270495084906275e-01
-9.082528621466734453e-02
-7.019062479493751172e-02
-5.289628883833687178e-02
-3.855713065042774140e-02
-2.727008655338396606e-02
-1.864256347375749592e-02
-1.231175180923974564e-02
-7.769299875663269669e-03
-4.532782720704372874e-03
-2.113117281865526005e-03
1.037246728024592918e-04
-4.570553372804865198e-05
-2.150035484144617256e-04
1.722650675988069010e-04
6.989260962747782932e-04
7.431379606378736341e-05
-3.974655337895605166e-04
-1.264408352793060784e-04
3.362137776723123713e-04
7.086891007898732777e-04
-1.762186466404988094e-04
3.295733126736830033e-04
2.333362476281493261e-03
5.202677249666288681e-03
8.945455259064996612e-03
1.407311642978942810e-02
2.104231866676639293e-02
3.039502819302222075e-02
4.240376885443278288e-02
5.748992372260438438e-02
7.552336096123592191e-02
9.698041148210831408e-02
1.222943395195661420e-01
1.543025005819956830e-01
2.031169634513525224e-01
3.043532153735403201e-01
4.688103622645879431e-01
4.585793262006425675e-01
4.375077403757060557e-01
3.928769820859453477e-01
3.127640830358433544e-01
2.140343957298180833e-01
1.231069189685206622e-01
4.243757887382691718e-02
-4.560157664503281666e-02
-1.523240472326006789e-01
-2.704947817601738302e-01
-3.586490236218862759e-01
-2.556837856443513468e-01
-1.817907279593476144e-01
-1.432704607848871714e-01
-1.144270496101591206e-01
-9.082528367372720568e-02
-7.019062524029703876e-02
-5.289628915692310557e-02
-3.855713324686470267e-02
-2.727009201577853398e-02
-1.864258253492417569e-02
-1.231191759094058327e-02
-7.770560234319184856e-03
-4.541728201235883944e-03
-2.174462674510367535e-03
-3.046639340838023244e-04
1.157350316794035147e-04
-2.230634636154588644e-04
2.840931485317603694e-04
-5.043241188788734385e-04
-3.145281387527209096e-04
2.236457603482355631e-04
-1.758801255580452196e-04
2.335963706792468502e-04
-1.283841263474085277e-05
3.354314617173900369e-04
1.534880115389149430e-04
2.403874583555922189e-03
5.444031707431028905e-03
9.372541882045880637e-03
1.474371373591915925e-02
2.202667133114796436e-02
3.178203840231862837e-02
4.425388627159983906e-02
5.986831862530467285e-02
7.841286195523845814e-02
1.003767485396015180e-01
1.261171698253651108e-01
1.585169878651322417e-01
2.080875538267935587e-01
3.118450546118478606e-01
4.875346000067483643e-01
4.794982986930048652e-01
4.706228634868622751e-01
4.557422737095021548e-01
4.242150032674542048e-01
3.573438780172868978e-01
2.400178426112128949e-01
7.582269482622344681e-02
-1.206213137823313464e-01
-2.944404078464030183e-01
-3.996723009177766683e-01
-4.489302594640997013e-01
-2.931807051394213492e-01
-2.013332844009818046e-01
-1.559840231876176431e-01
-1.231720964162928977e-01
-9.733635958970754398e-02
-7.489343108829733808e-02
-5.636313496002873236e-02
-4.099445260220656306e-02
-2.896651127693332731e-02
-1.976990965436156364e-02
-1.304166496112306971e-02
-8.214723587157213638e-03
-4.776858335968550869e-03
-2.204207535153818089e-03
7.854558022488040438e-05
2.282718194861879711e-04
-2.424949797721033193e-04
-2.775883839497552893e-04
2.659900934810602606e-04
2.075548608280856379e-04
-4.889066895560759737e-04
5.624733749511278379e-04
-2.791896527230415233e-04
4.919636264113445541e-04
2.046583176695277047e-04
5.563792800112027354e-05
2.376976427738560545e-03
5.438172390722804603e-03
9.371396784076436309e-03
1.474350265009835917e-02
2.202663339085064037e-02
3.178203089041208712e-02
4.425388611398532041e-02
5.986831926774303925e-02
7.841286317144513518e-02
1.003767523464382805e-01
1.261171710609273466e-01
1.585169874525603761e-01
2.080875623281794873e-01
3.118450949974642672e-01
4.875348423249853957e-01
4.794983244630523500e-01
4.706228618189531310e-01
4.557422713393839975e-01
4.242150046899875737e-01
3.573438781103348005e-01
2.400178494009711505e-01
7.582270062966209312e-02
-1.206213117655379752e-01
-2.944404308568281392e-01
-3.996723809785908132e-01
-4.489310784328298665e-01
-2.931808070451127346e-01
-2.013333017201688890e-01
-1.559840242749510608e-01
-1.231720961844505191e-01
-9.733636010567309205e-02
-7.489343055791575221e-02
-5.636313630100016348e-02
-4.099445721989663366e-02
-2.896653091040560235e-02
-1.977001613418364473e-02
-1.304224602762213935e-02
-8.217905728636501136e-03
-4.794694539562495764e-03
-2.307522362630170035e-03
-5.438207921326359412e-04
-7.350488213909082524e-05
3.552780109224905011e-04
5.267200573545398985e-04
-2.578591985718810373e-04
5.938761780311098372e-04
-3.841747225936417807e-05
6.564013875528645756e-06
-9.257575659449118044e-06
-1.606380563605894158e-05
1.521264186783419280e-04
8.382791958559819741e-04
2.505887827108204888e-03
5.461063504781304805e-03
9.375573003176431233e-03
1.474428135396145534e-02
2.202678063011578521e-02
3.178205844218812831e-02
4.425389098515587066e-02
5.986832200325618858e-02
7.841286776409438219e-02
1.003767543170972359e-01
1.261171708465347874e-01
1.585169882254998108e-01
2.080875654099948457e-01
3.118451160250141907e-01
4.875349620240818083e-01
4.794983384327766718e-01
4.706228675217628554e-01
4.557422703314705226e-01
4.242150033283915711e-01
3.573438803798383856e-01
2.400178511206711440e-01
7.582270425599117736e-02
-1.206213131821507051e-01
-2.944404304669517858e-01
-3.996724371897146799e-01
-4.489317263203882469e-01
-2.931808776526842464e-01
-2.013333099782386448e-01
-1.559840267977878892e-01
-1.231720958898907536e-01
-9.733635889403920161e-02
-7.489343188185970668e-02
-5.636313829662673025e-02
-4.099445966051488977e-02
-2.896652776031278381e-02
-1.976998801620427279e-02
-1.304208915089556317e-02
-8.216923129663399050e-03
-4.788136160265266464e-03
-2.261563537874401123e-03
-2.099670317859518587e-04
-5.390577997049212210e-07
3.864196790822736912e-04
-3.161531819095047055e-05
4.554362769232519429e-05
2.582314888876215223e-05
-3.773513099345690569e-04
-2.982099899534700733e-04
-1.001205413045660141e-04
-3.456643021488952890e-04
1.247484883343693939e-05
6.444442788618383365e-04
2.472166209758320122e-03
5.455236471082078320e-03
9.373955214458787322e-03
1.474495180999336151e-02
2.203240740784482773e-02
3.179710535939342386e-02
4.428228012196824825e-02
5.991515824783139738e-02
7.847911075986091500e-02
1.004656999729886951e-01
1.262227722890050252e-01
1.586387517000147351e-01
2.082132038995616885e-01
3.119767183464052240e-01
4.876397832084604644e-01
4.796007267077917469e-01
4.706718800107645428e-01
4.555651998927151558e-01
4.234463530088092287e-01
3.558109656809739230e-01
2.385254682675946036e-01
7.551285590179394880e-02
-1.198031741563647945e-01
-2.950064629641035441e-01
-4.022024824621824313e-01
-4.514028110255633996e-01
-2.940694794531291678e-01
-2.016073363809090524e-01
-1.560514025178412756e-01
-1.231415308454145985e-01
-9.727155076002794165e-02
-7.481490527440248783e-02
-5.628396009190141797e-02
-4.092181122742311050e-02
-2.890327899971593603e-02
-1.971795512812785436e-02
-1.300006061651965035e-02
-8.180353683897306424e-03
-4.739142587979994561e-03
-2.127234286727713169e-03
3.407372568546883709e-04
3.261118901458898004e-04
-1.561331280721144413e-04
-1.092285459709975431e-04
-1.615382109559644727e-04
-1.537379596313285927e-04
4.392315491619277340e-04
8.291935780645816496e-05
-2.056286166149040378e-04
-3.154639449677548550e-04
2.276273353594264210e-04
1.617258017899196555e-04
2.409068585623241627e-03
5.446278167117031728e-03
9.372600299493345083e-03
1.474473430023318793e-02
2.203236961699314711e-02
3.179709698589957417e-02
4.428227950621258652e-02
5.991515836728056321e-02
7.847911004111993161e-02
1.004657008282424380e-01
1.262227714557011826e-01
1.586387501508902398e-01
2.082132084019242546e-01
3.119767363337655475e-01
4.876398457427234545e-01
4.796007486053523450e-01
4.706718827585527620e-01
4.555652013470282147e-01
4.234463534068156343e-01
3.558109664136910322e-01
2.385254724944644023e-01
7.551285567454525671e-02
-1.198031795437423247e-01
-2.950064737956565875e-01
-4.022025283310610155e-01
-4.514038143354953125e-01
-2.940695934986016224e-01
-2.016073507875944804e-01
-1.560514008917019690e-01
-1.231415283647167708e-01
-9.727154898121068149e-02
-7.481490347193289758e-02
-5.628396198922216292e-02
-4.092181744283390765e-02
-2.890330253780065695e-02
-1.971808202687275538e-02
-1.300073265166924383e-02
-8.183874490823698361e-03
-4.757695028804269019e-03
-2.226008756471596975e-03
-1.944768539505905376e-04
-1.320806052209580082e-04
-1.682609691788328015e-04
-2.326012122791367104e-04
-6.191251907849281040e-04
-3.742171591854979930e-04
-8.723712742890613666e-05
3.560736792191005503e-04
6.712728697814898801e-04
5.263430800139612484e-04
-1.795178554540618045e-04
7.056353435038581999e-04
2.509759020690993919e-03
5.465475898232189170e-03
9.376248712241845584e-03
1.474543119342121983e-02
2.203250275161959537e-02
3.179712123997879836e-02
4.428228320838051291e-02
5.991515897158070092e-02
7.847911180758340710e-02
1.004657017700273658e-01
1.262227721226272248e-01
1.586387536636060525e-01
2.082132271713646732e-01
3.119768706838242367e-01
4.876410691039929080e-01
4.796008407009383356e-01
4.706718889702007913e-01
4.555652015244574526e-01
4.234463543718819944e-01
3.558109702482136205e-01
2.385254729296716059e-01
7.551285890126399614e-02
-1.198031840052795338e-01
-2.950064794962281023e-01
-4.022025471571052391e-01
-4.514036973985541268e-01
-2.940695896523673469e-01
-2.016073514035241765e-01
-1.560514026246326846e-01
-1.231415277087469090e-01
-9.727154801964837949e-02
-7.481490387095909855e-02
-5.628396351470038583e-02
-4.092181739291383957e-02
-2.890329142202652593e-02
-1.971802616455516771e-02
-1.300043073940926677e-02
-8.182209756916752549e-03
-4.748626572746068170e-03
-2.177330304224281508e-03
5.846269526447994404e-05
-2.796625408824001953e-04
2.646128635458478459e-04
2.507142701467278826e-05
-3.093414600355185004e-04
-1.019219039846198282e-04
5.368371741342229273e-06
2.871912374053211593e-04
2.004767629860072971e-04
3.713617249251732863e-04
1.356678536120342073e-04
-1.962906064365363699e-07
2.286660719012719410e-03
5.195274851265073782e-03
8.941339261524267057e-03
1.407354321073003671e-02
2.105648970668893422e-02
3.043604321230576615e-02
4.248375215667290344e-02
5.762358072513110163e-02
7.571529754529902900e-02
9.723969102657754882e-02
1.226068273080567761e-01
1.546664068363239330e-01
2.035033370333303449e-01
3.047740793150836569e-01
4.692464992752615749e-01
4.589753605031602346e-01
4.375022179935904032e-01
3.918325087307028554e-01
3.105899783593521479e-01
2.120393092933047230e-01
1.220316256453500003e-01
4.244493687905764173e-02
-4.432149308169808233e-02
-1.506428729840783298e-01
-2.719555362078055483e-01
-3.634296539289714190e-01
-2.576159028587486910e-01
-1.824152551240586784e-01
-1.433934436550679814e-01
-1.143084968902698534e-01
-9.061590527859916810e-02
-6.994861308743363648e-02
-5.265609740229910962e-02
-3.833835361623513793e-02
-2.708092418452284419e-02
-1.848768393926952455e-02
-1.218924696223390274e-02
-7.673134968549174748e-03
-4.448945444378077894e-03
-2.031795502329099626e-03
8.878645802139136938e-06
-8.617380969718461568e-05
-5.316961587466428787e-05
1.145068725332395662e-04
2.297095835556921641e-04
4.725413283366997758e-04
-4.394009904670535360e-04
-1.141236587690898070e-04
-3.497452377776081971e-04
4.225402509722042986e-05
7.960932563339561053e-06
4.466045660600699877e-04
2.341263432849534105e-03
5.201766603537995651e-03
8.942022277450690018e-03
1.407359568890020722e-02
2.105648744129954772e-02
3.043603898934411564e-02
4.248375209591918888e-02
5.762358164090828488e-02
7.571529792092791811e-02
9.723969302201096454e-02
1.226068280588410858e-01
1.546664073711371823e-01
2.035033442826606476e-01
3.047741229137224672e-01
4.692468932691988281e-01
4.589753925246085609e-01
4.375022162634905065e-01
3.918325082191050912e-01
3.105899757485042767e-01
2.120393103479785435e-01
1.220316324466633601e-01
4.244494094896390096e-02
-4.432148991361457152e-02
-1.506428524316865969e-01
-2.719554390430062307e-01
-3.634289814138680907e-01
-2.576158486351539101e-01
-1.824152507179983840e-01
-1.433934433958767296e-01
-1.143084959351702706e-01
-9.061590303655064904e-02
-6.994861087119208509e-02
-5.265609915588850137e-02
-3.833835900776241812e-02
-2.708094582117466509e-02
-1.848780318691307240e-02
-1.218983956494871720e-02
-7.675928423572862813e-03
-4.461284136511653800e-03
-2.079087972016248169e-03
-1.071133181016790335e-04
9.057965099468124508e-05
-3.215246013743060997e-04
3.854232557063326942e-05
-1.046637141120128198e-04
7.132763955819789500e-05
2.058250976895218656e-04
1.804932579325339956e-04
-1.147295816356582755e-04
-2.149295240714795333e-04
4.489569195049119654e-04
7.096491558413208812e-04
2.389644371670792029e-03
5.211602666922708973e-03
8.944066612910481565e-03
1.407402375552624200e-02
2.105657631171972688e-02
3.043605684393699620e-02
4.248375653146269082e-02
5.762358320461942462e-02
7.571529988807851330e-02
9.723969470233019552e-02
1.226068287777868360e-01
1.546664074375750930e-01
2.035033441596930670e-01
3.047741193747932065e-01
4.692467241391464761e-01
4.589753647868233255e-01
4.375022135976700532e-01
3.918325112481365058e-01
3.105899798079906349e-01
2.120393174541232717e-01
1.220316351037137176e-01
4.244493823556211298e-02
-4.432150173500937207e-02
-1.506428661299054339e-01
-2.719554678192587782e-01
-3.634291828968012616e-01
-2.576158679162509624e-01
-1.824152560172991044e-01
-1.433934471308351555e-01
-1.143084978877130647e-01
-9.061590471243091693e-02
-6.994861344135255843e-02
-5.265610190960159920e-02
-3.833835705791889537e-02
-2.708093123213136527e-02
-1.848774481235241490e-02
-1.218953810408486722e-02
-7.674373849707640145e-03
-4.453448637152700000e-03
-2.039913309660000302e-03
9.024132282927162143e-05
1.514671412240763701e-04
-4.097629464352889567e-04
1.909308039547989364e-05
-4.348942162486793642e-05
-4.327209979625167599e-04
-5.306556386568937484e-04
-4.488502345365792180e-04
3.223871116958048830e-04
3.615097918636388805e-04
-4.429860326430386393e-04
4.027128587375744333e-04
2.130261673110083343e-03
4.715243413364815506e-03
8.104193581980815089e-03
1.276753226255655967e-02
1.914782779737726065e-02
2.775855367133877455e-02
3.891625144800883729e-02
5.304134238420847580e-02
7.012781950438325140e-02
9.064871517102060516e-02
1.151115120235337436e-01
1.463165116871701088e-01
1.936430564859998316e-01
2.910744691014822139e-01
4.453242132406832199e-01
4.240592485387074118e-01
3.755110736781784864e-01
2.949260889297220523e-01
2.053610215429154118e-01
1.363238445370009155e-01
8.513248356694795571e-02
3.914644041814520359e-02
-1.390689505320329665e-02
-7.839051339338555524e-02
-1.633290160442699701e-01
-2.534683149463733964e-01
-2.004419328807031664e-01
-1.491271868581968973e-01
-1.203130373651960794e-01
-9.762362677220395857e-02
-7.800114509017073983e-02
-6.064847032079932060e-02
-4.577149592865814576e-02
-3.343732043226853301e-02
-2.364682240445832237e-02
-1.617425269644173769e-02
-1.067259716003935745e-02
-6.727810151605125889e-03
-3.905420668009721916e-03
-1.764136034147533675e-03
3.166361984514137447e-04
3.340735109891775642e-04
4.839913338793788104e-04
2.630898259053758158e-04
1.528275136625636206e-04
-1.637264102338780608e-04
5.304507267359316516e-04
2.957830945011028357e-04
-1.988565654406894098e-04
-5.309400058818286973e-04
5.137636519982290411e-04
5.424419613264432061e-04
2.141521073030300520e-03
4.715289748920311295e-03
8.103914325309781105e-03
1.276744309642679348e-02
1.914780598828232788e-02
2.775854719228977585e-02
3.891625103788724782e-02
5.304134304553957679e-02
7.012781964583063299e-02
9.064871613379683890e-02
1.151115112836936655e-01
1.463165108279909643e-01
1.936430543102055091e-01
2.910744404933393037e-01
4.453239056808894758e-01
4.240592005936304476e-01
3.755110662607151206e-01
2.949260857618107856e-01
2.053610141294404667e-01
1.363238414775096996e-01
8.513248896064344595e-02
3.914644572856722238e-02
-1.390689050237998124e-02
-7.839049792638021208e-02
-1.633289887664727547e-01
-2.534682254596786755e-01
-2.004419223237372261e-01
-1.491271885245625539e-01
-1.203130397368134680e-01
-9.762362748545540259e-02
-7.800114298731077034e-02
-6.064846805387152234e-02
-4.577149688849286441e-02
-3.343732480199004126e-02
-2.364684406121276075e-02
-1.617437903702410515e-02
-1.067326700052956788e-02
-6.731382072328015269e-03
-3.924930395516887556e-03
-1.874225608299030267e-03
-3.325023513657369978e-04
-1.065269804814431904e-04
-2.918838313649082907e-06
2.827000812442288268e-05
-7.763082966190445881e-05
-3.482891189311593532e-04
-3.969258746754492149e-04
1.309380073628970816e-05
2.633372872916395777e-04
2.485133872213731408e-04
-3.379825943123661021e-04
3.035103309990104265e-04
2.123662407977730711e-03
4.715894138303423390e-03
8.104638859561651837e-03
1.276767685450617279e-02
1.914786524103953905e-02
2.775855980618155763e-02
3.891625400662591244e-02
5.304134321144420017e-02
7.012781966186346083e-02
9.064871658655676567e-02
1.151115113490737418e-01
1.463165096064188708e-01
1.936430532820578865e-01
2.910744431894174422e-01
4.453239215327858824e-01
4.240592027534613728e-01
3.755110664364494366e-01
2.949260888127214764e-01
2.053610158555881637e-01
1.363238447420844768e-01
8.513248669236134214e-02
3.914643890471732057e-02
-1.390690109639005148e-02
-7.839050710804838784e-02
-1.633289979017096272e-01
-2.534682940351218883e-01
-2.004419313616878640e-01
-1.491271920409455443e-01
-1.203130413136044435e-01
-9.762362793609752343e-02
-7.800114513574049613e-02
-6.064847232580018732e-02
-4.577150072241574497e-02
-3.343732250248435123e-02
-2.364683173902576430e-02
-1.617433238439612911e-02
-1.067301678451281800e-02
-6.730112358039865017e-03
-3.918924082688536419e-03
-1.848760228113459836e-03
-2.509431613971048274e-04
-3.164724546840840457e-04
5.628407637166319257e-04
2.029483168193497964e-05
-3.118553384474088671e-04
-1.868350076014934052e-04
-1.564396573115643338e-04
-3.650976847004849400e-04
-1.814318932157264991e-04
6.292182098898103579e-04
-2.525065307203107410e-04
6.946553372309226260e-04
1.862006987679251787e-03
4.020851991575356311e-03
6.905066615040341207e-03
1.089452567351070246e-02
1.639603166321036351e-02
2.387194051810535150e-02
3.368697221425760724e-02
4.624903865736249703e-02
6.173206911576971379e-02
8.058640071565793817e-02
1.034768964829161364e-01
1.330254276469886310e-01
1.776134552306430636e-01
2.683696075026208994e-01
4.066805646274146424e-01
3.658433399601243030e-01
2.903560526595733715e-01
2.070563092124830529e-01
1.428704607799358428e-01
1.009603840397302332e-01
6.900330625417323838e-02
4.027087854210148476e-02
7.530388113164037875e-03
-3.308269474128996274e-02
-8.872881578286527515e-02
-1.538863130682962266e-01
-1.355545129635389867e-01
-1.070142800343011624e-01
-8.960191455781442438e-02
-7.461444868481684201e-02
-6.050821481477074160e-02
-4.762312144842349715e-02
-3.617486094968177385e-02
-2.659211524572432581e-02
-1.886961744221839210e-02
-1.295245691239873057e-02
-8.563314979701230553e-03
-5.410771404798318113e-03
-3.152971548640401845e-03
-1.462956532176475262e-03
3.701085119394658502e-05
-8.528585339651440585e-05
-4.377785683294729423e-04
-2.746813863271762158e-06
2.472590160983221099e-04
2.446777873717308053e-04
-1.783549103742508178e-04
-3.182083983352966593e-04
1.720909057805469625e-04
4.273997662726752140e-04
-3.515088294164570070e-05
-6.462672676639364907e-05
1.750390165049305058e-03
4.003672288500948612e-03
6.902401902804357163e-03
1.089411317840461441e-02
1.639596756871079461e-02
2.387192811482348118e-02
3.368696953409400924e-02
4.624903756737801935e-02
6.173206811492399498e-02
8.058640020359686407e-02
1.034768942843598549e-01
1.330254264707462497e-01
1.776134564830475771e-01
2.683696052324835435e-01
4.066805460576780051e-01
3.658433374377344505e-01
2.903560509504078957e-01
2.070563091255662735e-01
1.428704571418163705e-01
1.009603807990022278e-01
6.900330804288958009e-02
4.027087740556451606e-02
7.530388014281868929e-03
-3.308268583074646524e-02
-8.872880551747217015e-02
-1.538863031638807999e-01
-1.355545107819219053e-01
-1.070142796121725387e-01
-8.960191507212289519e-02
-7.461444904833999803e-02
-6.050821352144133969e-02
-4.762311991472206740e-02
-3.617486149929073636e-02
-2.659211963840605111e-02
-1.886963870893756251e-02
-1.295256646763608133e-02
-8.563853298327981853e-03
-5.413455563529646734e-03
-3.166476384661680212e-03
-1.531803763095194873e-03
-3.226595109429779653e-04
1.458317260901263583e-04
-2.344067478034488484e-04
1.649426895147668235e-04
3.704444859276661531e-04
3.429436174973150126e-04
-8.306646974331433563e-05
-3.964456073604197869e-05
-8.458228891372486437e-05
-6.400501304114729882e-05
-1.649317633596255144e-05
2.493548658874030909e-04
1.809064672231215556e-03
4.015157299945833029e-03
6.904649549763997897e-03
1.089455406935718566e-02
1.639605351266261446e-02
2.387194334910874502e-02
3.368697244189678558e-02
4.624903811537136450e-02
6.173206852602146355e-02
8.058640117976033357e-02
1.034768952075059700e-01
1.330254259594359501e-01
1.776134539028865755e-01
2.683695993512356104e-01
4.066804973852733984e-01
3.658433238881187433e-01
2.903560468221202950e-01
2.070563077009560105e-01
1.428704562647842014e-01
1.009603847957261380e-01
6.900330977592335213e-02
4.027087582618910783e-02
7.530385309211244833e-03
-3.308268698295381560e-02
-8.872880326046192478e-02
-1.538863205152931346e-01
-1.355545167386950078e-01
-1.070142847997329894e-01
-8.960191646209260397e-02
-7.461444736777067543e-02
-6.050821396541355285e-02
-4.762312300232966755e-02
-3.617486371510694743e-02
-2.659211683713456897e-02
-1.886963094108542321e-02
-1.295253452780047339e-02
-8.563639423596522068e-03
-5.412109888088423998e-03
-3.158003397488834754e-03
-1.477005134492902477e-03
4.674699389781712509e-05
9.764945047758749673e-05
5.744702099993093851e-04
3.627283995193178977e-04
4.066544321154250390e-04
-3.689396044967839950e-04
-4.503712116937178683e-04
-8.722499788705732180e-06
3.227029436856860872e-04
7.252910549409567103e-04
-5.444127275292396295e-04
2.545113301416342079e-04
1.419751305941738002e-03
3.139875961781631204e-03
5.406940168374201570e-03
8.552298480933806513e-03
1.293321819893223333e-02
1.894466418256109813e-02
2.697787017363524262e-02
3.742281963172439108e-02
5.063157801866188107e-02
6.703654671815942323e-02
8.747156956562118779e-02
1.141990683054155964e-01
1.542584576179098776e-01
2.340029739999675840e-01
3.475508308725421269e-01
2.871788836383113996e-01
2.070572163330063054e-01
1.444695094892439191e-01
1.054724467192239973e-01
8.240295626900311088e-02
6.404123859011959241e-02
4.572030906312957860e-02
2.380400051613146273e-02
-2.940134791929516276e-04
-3.007612242566354288e-02
-6.551270771471517929e-02
-6.783442626913842310e-02
-5.960095470028478615e-02
-5.368461136063084477e-02
-4.699935714084491761e-02
-3.940299671960830613e-02
-3.178599948432470068e-02
-2.454319742597412327e-02
-1.827551525925575140e-02
-1.307908224771029033e-02
-9.038087439871295842e-03
-5.999556826150719523e-03
-3.802233892795282497e-03
-2.223660170818296707e-03
-1.068505014479636866e-03
-2.440283831898393176e-04
-1.598985973267073358e-04
-5.145182627229644189e-04
7.116794389957427667e-06
5.617213547591385671e-04
-2.415113697294976136e-04
2.015361478898072963e-04
-6.063953003208616280e-04
1.812711216668039032e-04
-1.691777726666639236e-04
-9.145315330281923743e-06
-1.058654254634702719e-04
1.364737423611699953e-03
3.131323648336123162e-03
5.405644096303756883e-03
8.552111296615386160e-03
1.293319284658689741e-02
1.894465979660673802e-02
2.697787049684028521e-02
3.742282120744211404e-02
5.063157977373686225e-02
6.703654842561170002e-02
8.747156883234707969e-02
1.141990670485067416e-01
1.542584583020953082e-01
2.340029797353584962e-01
3.475508834212849840e-01
2.871788961984270694e-01
2.070572177076073217e-01
1.444695115713099942e-01
1.054724452397608619e-01
8.240295388036641966e-02
6.404124164391515606e-02
4.572030931884416699e-02
2.380399960061579598e-02
-2.940083879748489788e-04
-3.007612224613936958e-02
-6.551270856275495658e-02
-6.783442417492002718e-02
-5.960095258211649261e-02
-5.368461098095002326e-02
-4.699935937392445834e-02
-3.940299869418865258e-02
-3.178599920979255367e-02
-2.454319655373901621e-02
-1.827551811595109002e-02
-1.307910145179005425e-02
-9.038178381530153835e-03
-5.999951233005926948e-03
-3.803842624235846594e-03
-2.229078608865440493e-03
-1.075891450991691518e-03
-1.296916245060231502e-04
5.477469646911796105e-05
1.871551269690709108e-05
4.838944340406017581e-04
-4.568736073395348934e-04
-3.204124461248544060e-04
3.153506930534038318e-04
-2.169898704357901018e-04
1.494975664328726745e-04
-1.416049126825574952e-04
-2.971104920959438071e-04
6.795741034874895831e-04
1.488300955344179759e-03
3.151761210906457982e-03
5.409079241456784051e-03
8.552700293133775819e-03
1.293329625660277239e-02
1.894467824097875730e-02
2.697787530951173407e-02
3.742282307429123378e-02
5.063158013568263421e-02
6.703654771565872861e-02
8.747156731204748514e-02
1.141990638372272771e-01
1.542584531047623553e-01
2.340029704925519483e-01
3.475508319293953430e-01
2.871788791013116793e-01
2.070572138454095934e-01
1.444695101683566296e-01
1.054724451346769204e-01
8.240295853066810505e-02
6.404124530801352799e-02
4.572030887274627919e-02
2.380399852136699107e-02
-2.940094003541958911e-04
-3.007612369818428444e-02
-6.551272181543424389e-02
-6.783442911282355769e-02
-5.960095786525740347e-02
-5.368461164941741581e-02
-4.699935654511411265e-02
-3.940299859277663491e-02
-3.178600088500982412e-02
-2.454319660778945394e-02
-1.827551597866938077e-02
-1.307910237435069845e-02
-9.038190411075487651e-03
-5.999995494533716216e-03
-3.804055811374963941e-03
-2.230521980770210338e-03
-1.088709298045077104e-03
-2.562896914203990559e-04
1.293291245379538135e-05
2.339272159237308114e-04
-6.817153036019066911e-05
5.395196115032693628e-05
-6.600082238890179077e-04
1.030680607753516531e-04
-2.195764824328852254e-04
-3.920920445218647370e-04
1.071491592549567970e-04
-1.581083578977406911e-05
-1.774457255241893982e-04
9.056428512495593537e-04
2.123079782040712942e-03
3.682844147645040079e-03
5.850977877025163691e-03
8.910767325315517573e-03
1.317215028716802946e-02
1.900992686102360996e-02
2.678446838048003861e-02
3.697670828968168538e-02
5.001358740664387653e-02
6.686719990861514362e-02
8.929310471898994905e-02
1.228002180465557619e-01
1.872580987169752964e-01
2.702151025663795392e-01
2.068679150171782166e-01
1.438313504397557285e-01
1.046852215556562243e-01
8.374924296234986798e-02
7.194071430578317938e-02
6.160706028830398306e-02
5.120089047757213352e-02
3.994893111074331732e-02
3.044187470647742588e-02
2.296420764973949175e-02
1.676165961072767149e-02
-1.625251837939555119e-04
-1.027926507143207477e-02
-1.529876304896468815e-02
-1.692392641065476253e-02
-1.623019067773956783e-02
-1.426547055397180651e-02
-1.165864662184762889e-02
-9.029138643093364072e-03
-6.635092523295168035e-03
-4.666913229679891389e-03
-3.129643909146887209e-03
-1.989569995441961558e-03
-1.144536526219087002e-03
-4.430702994682661012e-04
5.138827439732796942e-04
1.700835825812612183e-04
5.117696043954625911e-05
5.397397189033994878e-05
-4.997882868064709673e-04
-3.020061109923237929e-04
-3.891458960824450909e-04
8.784958899371702592e-04
6.004718681026533921e-05
-2.020678568458769675e-04
-2.758642087832513350e-04
3.292346007568742322e-04
9.820572109539515114e-04
2.135416679711613173e-03
3.684903827624691659e-03
5.851333258824936538e-03
8.910829960783064538e-03
1.317216085664281097e-02
1.900993041699114428e-02
2.678447076008973193e-02
3.697670903510927309e-02
5.001358683303015057e-02
6.686719663379699086e-02
8.929310156989202218e-02
1.228002183197717395e-01
1.872581025267289756e-01
2.702151227881738893e-01
2.068679200204285862e-01
1.438313501085056456e-01
1.046852244210556698e-01
8.374924143946907429e-02
7.194070915326815363e-02
6.160706066393933922e-02
5.120089134569275752e-02
3.994893379444486997e-02
3.044188217631403279e-02
2.296421091811422233e-02
1.676165634899024967e-02
-1.625283825740382040e-04
-1.027926651072717280e-02
-1.529876479524676890e-02
-1.692392934799100135e-02
-1.623019197825955467e-02
-1.426546838189226944e-02
-1.165864436604610241e-02
-9.029142519903849556e-03
-6.635115594143751148e-03
-4.667022895586167563e-03
-3.130193684866959883e-03
-1.992467311843878347e-03
-1.160485585782343801e-03
-5.357701782596590700e-04
-5.839277537543116468e-05
3.188834649756689597e-05
-3.929721747837930748e-04
-7.772408536488230758e-05
-4.864187125074782739e-04
1.082892227849727406e-04
-4.463261609753200917e-05
-2.841003487185139926e-04
4.838398620217730954e-04
6.633699188004097487e-05
3.456968685126687575e-05
6.084693498369769240e-04
1.025211975472055392e-03
2.142874979406482472e-03
3.686258453104841824e-03
5.851587666637349597e-03
8.910878993674873835e-03
1.317217026810607247e-02
1.900993239121787082e-02
2.678446912429839274e-02
3.697670593774637915e-02
5.001358513025045555e-02
6.686719773938500089e-02
8.929310284894759198e-02
1.228002179138400762e-01
1.872581011577172105e-01
2.702151167912699714e-01
2.068679161803574640e-01
1.438313502514259601e-01
1.046852244771528523e-01
8.374924095932284596e-02
7.194070929369243694e-02
6.160705996067548235e-02
5.120088688281158873e-02
3.994893226880439491e-02
3.044188312636607677e-02
2.296421269230649459e-02
1.676165828761318546e-02
-1.625270312622176521e-04
-1.027926902636505831e-02
-1.529876524096015177e-02
-1.692392865938257066e-02
-1.623019472332646110e-02
-1.426547101088975616e-02
-1.165864472680825173e-02
-9.029143220532708305e-03
-6.635125215336433110e-03
-4.667076445510336125e-03
-3.130460043696083484e-03
-1.993739681753533850e-03
-1.166003462080873656e-03
-5.538640536595831193e-04
-5.360772736061829953e-05
-4.030902812808183713e-05
-6.378737865390918423e-04
2.383444328729109984e-04
-3.613855546049877317e-04
-2.378889798387274652e-05
2.957966307949320473e-04
3.767118710309380288e-04
3.827752713310147515e-04
4.204117344090224032e-04
-5.180468407393162529e-04
-2.308474735249660176e-04
3.789200976404505589e-04
1.023283065598767786e-03
1.814209075678767727e-03
2.914336797537472271e-03
4.505236814715539093e-03
6.797026462197581706e-03
1.008922834030126676e-02
1.470363473096357974e-02
2.114622386767182893e-02
2.988687491716826919e-02
4.190563633847618069e-02
5.852206318014092218e-02
8.359688973980479443e-02
1.300003163809752560e-01
1.838298607987555733e-01
1.358542456994590308e-01
9.700855069155309152e-02
7.719456197384480522e-02
6.920118513619921696e-02
6.596132841890881005e-02
6.287119012554476249e-02
5.930105390074774663e-02
5.688183207668854463e-02
6.096157143357293362e-02
7.590351367486648793e-02
9.834958810155064457e-02
6.624711660601204088e-02
3.830230105649356370e-02
2.293095579107880255e-02
1.340745740882167553e-02
7.384001602189883308e-03
3.758434486453022128e-03
1.681654461015007944e-03
6.052805576393491174e-04
1.103370550446333454e-04
-6.885887476273762548e-05
-9.992043025483479028e-05
-7.275163773865354791e-05
-2.260047108458760243e-05
8.258241741876082796e-05
5.119601438440695741e-04
-2.387733390844478157e-04
2.195179143623931389e-04
-2.162514202492640315e-05
3.967709379105203104e-04
1.831548596390496567e-04
1.599667023817421976e-04
-2.342996420501359720e-04
2.398164734466608184e-04
-3.043591306076825240e-04
-2.451536743423334539e-04
3.060125821127229707e-04
4.761268823396213440e-04
1.041359987354385699e-03
1.817536830426678181e-03
2.914944552758316158e-03
4.505346406338460626e-03
6.797045036564099661e-03
1.008923240874128914e-02
1.470363556818151708e-02
2.114622186568419077e-02
2.988687118027005818e-02
4.190563067081289755e-02
5.852206062862659597e-02
8.359689424517523226e-02
1.300003251459943832e-01
1.838298744156064424e-01
1.358542511921080886e-01
9.700855089248493213e-02
7.719456270315447344e-02
6.920118243241049627e-02
6.596132159175323306e-02
6.287118766820980198e-02
5.930105350447825718e-02
5.688183384302418488e-02
6.096157709395996771e-02
7.590351849874303614e-02
9.834958821647570015e-02
6.624711475534088290e-02
3.830230197754555532e-02
2.293095558488625341e-02
1.340745553104246736e-02
7.384001251508481856e-03
3.758436906884697528e-03
1.681655575892505340e-03
6.052746770645976845e-04
1.103147675558893589e-04
-6.895624752660952869e-05
-1.003990246192261985e-04
-7.516760395859402701e-05
-3.498769425686781739e-05
1.779421604112485931e-05
1.636701001701268692e-04
2.759147655522598648e-04
5.029855497245567381e-04
-1.084555831175548432e-04
4.726206775292903601e-05
-3.788384286240544289e-04
-6.730439011339610844e-04
-1.282484891790440019e-04
-4.122645997765026285e-04
-3.964271848187283056e-05
2.854552628785736153e-04
-4.552550645378399745e-04
3.828108777207071258e-04
1.029584492264248733e-03
1.816065033161272727e-03
2.914768100429222970e-03
4.505328558235922182e-03
6.797044977668190678e-03
1.008923337423455087e-02
1.470363299746573968e-02
2.114621837166631713e-02
2.988687089693740917e-02
4.190563298028095185e-02
5.852206082566591833e-02
8.359689163770198106e-02
1.300003241904002793e-01
1.838298726320812260e-01
1.358542473856733102e-01
9.700854661856642136e-02
7.719455898207770728e-02
6.920118032011668419e-02
6.596132211754736352e-02
6.287119024276333068e-02
5.930105194746508601e-02
5.688183412617261320e-02
6.096158026718021677e-02
7.590351955480792445e-02
9.834958608051819207e-02
6.624711112210486530e-02
3.830229678740827703e-02
2.293095501738441969e-02
1.340745719025791642e-02
7.384000497394515271e-03
3.758436316594015308e-03
1.681654854778406351e-03
6.052714367092583815e-04
1.102996314820543869e-04
-6.904745639593197037e-05
-1.009288242583140482e-04
-7.826458526171588942e-05
-5.359293350530397947e-05
-9.755846188536424195e-05
-5.793033425063764301e-04
-1.322681881864332077e-04
4.655137386941191383e-04
-1.387974375777698281e-04
-5.487910679262728670e-04
-7.134413457947461241e-04
4.947684177865415041e-04
3.045478031397049791e-04
1.304641594468961192e-04
7.440503247758841171e-05
-3.500137503774145399e-04
-5.468761197536218003e-04
-1.467291973324143359e-04
-9.684093514193583933e-05
-1.124863064054569219e-04
-1.305769397933467725e-04
-9.625835307378459069e-05
8.613616432998110395e-05
5.850119689682528297e-04
1.668510296942353520e-03
3.754413330643824667e-03
7.394553991075091676e-03
1.343505262385587262e-02
2.298311769073449126e-02
3.838019111321910870e-02
6.636517708532065074e-02
9.847985180659003801e-02
7.601348519214064237e-02
6.099320109659464584e-02
5.691307255159985118e-02
5.928832609297152167e-02
6.287984413179172061e-02
6.593352469032616459e-02
6.919303517641141321e-02
7.713271779579268517e-02
9.693916563327689695e-02
1.356806169484027214e-01
1.836494497239248014e-01
1.298656559197650384e-01
8.351932674980722116e-02
5.847055688963705145e-02
4.188056464620384250e-02
2.987688484936615319e-02
2.115181674715749943e-02
1.471767636454981640e-02
1.011163547968747453e-02
6.823952091893248535e-03
4.537292653235072866e-03
2.951734476710066515e-03
1.862839821975639494e-03
1.101617931549811078e-03
5.468001341715560907e-04
6.570495350133216401e-05
-1.290878316692020721e-04
-2.227123382929962277e-04
-1.003766394616699111e-04
-3.825630332336902033e-04
9.550179538388560516e-05
6.550728535380624185e-04
2.625826972457732987e-04
-1.067996338411605662e-04
2.245845050636042864e-06
-1.053413964655649474e-04
-1.248995409145148511e-04
-6.430697098845521208e-05
-8.064256980867858513e-05
-1.093749786822559913e-04
-1.299887079019918434e-04
-9.614876363218881577e-05
8.615521753155230519e-05
5.850158050250875343e-04
1.668511048974591869e-03
3.754412365180284390e-03
7.394552204464881207e-03
1.343504973323548721e-02
2.298311863503470220e-02
3.838019669043324367e-02
6.636518126597124034e-02
9.847985348914875536e-02
7.601348242687670786e-02
6.099319829522562020e-02
5.691307413112772079e-02
5.928832778130448122e-02
6.287984024841201947e-02
6.593352272920022239e-02
6.919303620119449105e-02
7.713272009679003616e-02
9.693916807652749879e-02
1.356806175571669271e-01
1.836494419767669140e-01
1.298656555547716973e-01
8.351932797124630992e-02
5.847055439437202906e-02
4.188056054330024924e-02
2.987688364574166838e-02
2.115181872615463921e-02
1.471767735512907391e-02
1.011163114176521528e-02
6.823937095870252247e-03
4.537223967875167983e-03
2.951412337838446500e-03
1.861453110331445478e-03
1.096620033429141373e-03
5.386426223748705909e-04
1.699502111254050927e-04
1.021967685220731781e-04
-3.477481018436052638e-04
-2.534209114214598657e-04
-6.189381661121024555e-04
2.309509233039639034e-06
-5.914505240912511209e-05
-1.683802544140938339e-04
-3.399898001172663468e-04
-4.725775978620827154e-05
-2.474536026225760982e-04
3.629650603172565929e-04
-1.962392838060191208e-05
-7.742805262192895444e-05
-1.093600933299507250e-04
-1.300483078781083013e-04
-9.616354129091052544e-05
8.615424973272001999e-05
5.850165706909253409e-04
1.668507923035827956e-03
3.754408415752221156e-03
7.394551819698131495e-03
1.343505077106002012e-02
2.298311697685909843e-02
3.838019376943974104e-02
6.636518183711731522e-02
9.847985504108559829e-02
7.601348102505824100e-02
6.099319480620517958e-02
5.691307258770532396e-02
5.928832647012884094e-02
6.287983959140761026e-02
6.593352710382291426e-02
6.919303967382010867e-02
7.713272371232260394e-02
9.693917176713566508e-02
1.356806159787771748e-01
1.836494431155583640e-01
1.298656466736536341e-01
8.351932300289763300e-02
5.847055685611778075e-02
4.188056492039576861e-02
2.987688559547538661e-02
2.115181988485003231e-02
1.471767633956848863e-02
1.011162828380676899e-02
6.823927642907132510e-03
4.537160440407625450e-03
2.951070386471217090e-03
1.859697791023352722e-03
1.087790502581805537e-03
4.965843834473991593e-04
-6.948760716975092130e-06
1.936870252870310182e-04
2.647362359576965318e-04
3.451000529399373589e-04
-3.554484458205469993e-04
-7.656225563682158035e-04
-5.217657263026551605e-04
2.018181605609076798e-04
4.018073211993259362e-04
5.571025813992101951e-05
-4.347317118306854287e-04
-2.534269361536142730e-04
-5.751266619287963029e-04
-1.184067325236442180e-03
-2.013747370800960008e-03
-3.152252185376742087e-03
-4.689882853464748778e-03
-6.656809135530197818e-03
-9.048110626682436680e-03
-1.167147832755638381e-02
-1.426984534997407204e-02
-1.622127668480611434e-02
-1.689856451956570083e-02
-1.525151907143324284e-02
-1.020859976974392534e-02
-6.409750250997935355e-05
1.685807934077334161e-02
2.303870350656174112e-02
3.045453964608456354e-02
3.995830795489518222e-02
5.116962719087923828e-02
6.159151285789341013e-02
7.188672626403688759e-02
8.371040354958933505e-02
1.045755287986429305e-01
1.437031242694451205e-01
2.066270065729364780e-01
2.700167774916978347e-01
1.871303471183482225e-01
1.227364300637327904e-01
8.925064746464497767e-02
6.685030037991802898e-02
5.000748543797628454e-02
3.698637959756276294e-02
2.680078341416625848e-02
1.903574535614423191e-02
1.320251760773034737e-02
8.948022257429688597e-03
5.894561544034672765e-03
3.737212687113131756e-03
2.199801357610694022e-03
1.070908036890905884e-03
3.582077419615558147e-04
2.525417898385320416e-04
2.205378954664144312e-04
2.632234101029456183e-04
-4.130279855797133835e-04
2.594459860275918992e-04
2.761105174920754882e-04
-6.327612602764123156e-04
3.878111418548923659e-04
3.233515659182857453e-04
-3.629250837407560276e-04
1.949410857782038920e-04
-5.053018002124509819e-04
-1.171933536887543757e-03
-2.011522358536675138e-03
-3.151830659630889837e-03
-4.689801873194739991e-03
-6.656795070571945062e-03
-9.048108278777753505e-03
-1.167147763044357363e-02
-1.426984482026087166e-02
-1.622127693264999518e-02
-1.689856686749578382e-02
-1.525151894326797625e-02
-1.020859692183244058e-02
-6.409556459373455951e-05
1.685807715780766533e-02
2.303869992543854800e-02
3.045453786995116693e-02
3.995830862955512125e-02
5.116963015359527606e-02
6.159151164226085023e-02
7.188672556919689649e-02
8.371040553813556551e-02
1.045755293130573721e-01
1.437031205482611484e-01
2.066269906732654260e-01
2.700167198145799197e-01
1.871303383050991198e-01
1.227364276305352164e-01
8.925064389763898154e-02
6.685029794808125536e-02
5.000748655943269144e-02
3.698638249792618460e-02
2.680078458539839406e-02
1.903574273461187266e-02
1.320250762592489573e-02
8.947960383321738528e-03
5.894196898259236074e-03
3.735031254635794423e-03
2.186004872723257449e-03
9.783392076817896792e-04
-3.021658881055940753e-04
-4.233054845881056589e-04
-3.961055769238501674e-04
-3.226917885826068792e-04
-3.034486077567096493e-04
6.336435426712093248e-04
-4.197534106450857838e-04
-3.397103992851923781e-04
3.687482449432696744e-04
-4.412975336627320065e-04
-1.569121910778053164e-04
-3.533087493844560591e-04
-5.749676006735283994e-04
-1.182067619285306600e-03
-2.013167280932723867e-03
-3.152117579550227106e-03
-4.689852372769965499e-03
-6.656804211333700212e-03
-9.048111879018896908e-03
-1.167148331025106428e-02
-1.426984880424597701e-02
-1.622127556915298197e-02
-1.689856364835497574e-02
-1.525151808830493838e-02
-1.020859744797041058e-02
-6.409475529190554314e-05
1.685808242349668556e-02
2.303870086940922046e-02
3.045453395366134672e-02
3.995830899202574421e-02
5.116962989337951739e-02
6.159150958344155463e-02
7.188672741593227222e-02
8.371040538208530946e-02
1.045755285958864522e-01
1.437031245976906069e-01
2.066270032465059858e-01
2.700167622512673615e-01
1.871303391147005335e-01
1.227364276091270634e-01
8.925064698506526839e-02
6.685029975786130341e-02
5.000748535375116460e-02
3.698638069225532177e-02
2.680078150853884567e-02
1.903574069753840789e-02
1.320250524403212763e-02
8.947935189661797295e-03
5.894095876785405801e-03
3.734709855573216993e-03
2.185355803095405218e-03
9.798073097344983228e-04
-2.804102056536927857e-04
7.314554799311581517e-05
-1.836812272589176767e-04
1.778815828811332116e-04
2.317715064434262319e-04
-7.308254629906180361e-05
2.652171146584281973e-04
-4.411614342295788619e-05
1.692589262778071261e-04
-7.687471024973255860e-04
-7.017651521719305745e-04
3.419833295244665330e-05
-9.769365661402354666e-04
-2.207299846967740540e-03
-3.807499111697575881e-03
-6.013691832658460239e-03
-9.056827908477026179e-03
-1.309815155046154325e-02
-1.829351183060278635e-02
-2.455556448168727882e-02
-3.179183753434196985e-02
-3.939669015121920193e-02
-4.697939781724467384e-02
-5.364494361075392015e-02
-5.953976271520104030e-02
-6.774684254469902356e-02
-6.541933304233327195e-02
-3.001188881425208635e-02
-2.874123856969529648e-04
2.379790232540517775e-02
4.567168248183711698e-02
6.400159376581045223e-02
8.231811769582077221e-02
1.053856184458755868e-01
1.442841288110640330e-01
2.068506749614897888e-01
2.869029786440587260e-01
3.473829297459726795e-01
2.339020674107576414e-01
1.542157501034447653e-01
1.141695217191080192e-01
8.746514133044940020e-02
6.703581495871933915e-02
5.064655851010198273e-02
3.744214489799758960e-02
2.700785327372200867e-02
1.897897697916465717e-02
1.297635998307732942e-02
8.603303073682880622e-03
5.470351721568196719e-03
3.218024920605708737e-03
1.503375743133089507e-03
-1.244931426763642285e-04
2.480471343646926496e-04
7.110970949266120882e-05
-4.159108063289423843e-04
-1.847797987748386726e-05
-5.553863391371875692e-04
-5.289186931371735732e-05
3.323971081660381474e-04
-1.446743554342772703e-04
-2.226616549983668255e-04
1.669569692701958219e-04
-2.864417481173197385e-04
-1.007104568289763540e-03
-2.208869822373507423e-03
-3.807198306035591753e-03
-6.013545903619337690e-03
-9.056787397556600658e-03
-1.309814421444060670e-02
-1.829351171799749667e-02
-2.455556520100848558e-02
-3.179183841673331734e-02
-3.939669207664262679e-02
-4.697940099724512431e-02
-5.364494316483291170e-02
-5.953975921077629685e-02
-6.774683818254804979e-02
-6.541934967530811662e-02
-3.001189079855249436e-02
-2.874117440704697921e-04
2.379790093726587979e-02
4.567168021574142395e-02
6.400158709543744828e-02
8.231811170427180691e-02
1.053856197300039599e-01
1.442841311369456869e-01
2.068506738410081647e-01
2.869029571592640604e-01
3.473828115788258897e-01
2.339020538775588021e-01
1.542157507087009716e-01
1.141695221632831325e-01
8.746514086944338906e-02
6.703581453274068402e-02
5.064655810737163366e-02
3.744214376502036368e-02
2.700785182293106296e-02
1.897897655704353440e-02
1.297635214622856747e-02
8.603271434475668125e-03
5.470332850357148904e-03
3.219444943480980967e-03
1.526182704654003609e-03
1.426420809959775377e-04
2.980159189316426379e-04
1.156210648861693438e-05
5.918558858517666062e-05
-1.158546534070667672e-04
-2.019523657903580800e-04
-1.211837351998957358e-04
2.196374951532870903e-04
1.855575523965462422e-04
-1.740729917568038202e-04
-4.001862736843910342e-04
-7.847207946455086916e-05
-1.004983639395297867e-03
-2.212974044277830465e-03
-3.808532145760968723e-03
-6.013865009289263118e-03
-9.056854587690338701e-03
-1.309815854266995448e-02
-1.829351723756064349e-02
-2.455557047226174586e-02
-3.179184077205959857e-02
-3.939669037347220959e-02
-4.697939938498548601e-02
-5.364494497595895250e-02
-5.953976269531967291e-02
-6.774684122257926266e-02
-6.541933888886590498e-02
-3.001188411459418739e-02
-2.874126345780502823e-04
2.379790470416576903e-02
4.567168129762361889e-02
6.400158406096763397e-02
8.231811181441975322e-02
1.053856189682596256e-01
1.442841285622131486e-01
2.068506723680451631e-01
2.869029629415332794e-01
3.473828588866829103e-01
2.339020556999737710e-01
1.542157518765581437e-01
1.141695252523989290e-01
8.746514130634776285e-02
6.703581131164845774e-02
5.064655496388640460e-02
3.744214115987578445e-02
2.700785156827258116e-02
1.897897598524821150e-02
1.297633607365821819e-02
8.603240787448406673e-03
5.470490562729932692e-03
3.222388607881626187e-03
1.557586203099460337e-03
4.349809067169059973e-04
-3.731004899779508609e-04
-1.681011986456140185e-04
-9.557793180359494621e-05
1.818959938140916281e-04
-5.344972982308650138e-04
3.214131480450802577e-04
9.511277510484026309e-05
9.437421325866527213e-05
3.288610508446239834e-04
-1.957570403111350346e-04
-2.865407477773038408e-04
-1.432793166401253150e-03
-3.134519076232134428e-03
-5.408596368507848258e-03
-8.571737467086113990e-03
-1.296787343973824017e-02
-1.888617356857819063e-02
-2.660955590592778419e-02
-3.618688631090563601e-02
-4.763147243055901314e-02
-6.050549201931725019e-02
-7.460240480174322453e-02
-8.957185158844220563e-02
-1.069642506133302168e-01
-1.354699384558893105e-01
-1.537691590941424880e-01
-8.864985465983608870e-02
-3.306806237581199487e-02
7.513438739343999105e-03
4.020194598486214604e-02
6.892188555901404556e-02
1.008177252491968545e-01
1.427050626064386984e-01
2.067739132217470688e-01
2.901080422620598287e-01
3.656297288511872745e-01
4.065816627388601501e-01
2.683070087577534291e-01
1.775946968648637325e-01
1.330110429237993386e-01
1.034823153040532739e-01
8.059295550963312127e-02
6.175374043758387332e-02
4.627285042350891969e-02
3.372210236057923693e-02
2.391108048716121884e-02
1.644570173630973894e-02
1.095403257623293186e-02
6.980765054087061106e-03
4.115170765449124683e-03
1.967873007970960021e-03
3.885606851978287940e-04
-4.731942733192545680e-04
1.106021014620288108e-04
-6.105809621005164141e-05
-4.480294512934141675e-04
-1.519306204153875932e-04
4.928912530508558444e-04
-4.461049021497240212e-04
-1.414442133311865203e-04
2.833045787377154286e-05
-1.861287944815322702e-04
-1.443100595434010857e-04
-1.401988731840549379e-03
-3.127917551781462992e-03
-5.407221990748009056e-03
-8.571454442781591826e-03
-1.296781615076927040e-02
-1.888616402946924691e-02
-2.660955504327192772e-02
-3.618688600451261395e-02
-4.763147224235905058e-02
-6.050549273994550864e-02
-7.460240625985234408e-02
-8.957185063493988686e-02
-1.069642502477853446e-01
-1.354699412453728713e-01
-1.537692261021248175e-01
-8.864986021804523164e-02
-3.306805803780567266e-02
7.513439527646714744e-03
4.020194604205946237e-02
6.892188078343947089e-02
1.008177182919193088e-01
1.427050624646227506e-01
2.067739154327395135e-01
2.901080472238715680e-01
3.656297118397249801e-01
4.065815628057077302e-01
2.683069978140303902e-01
1.775946970672420133e-01
1.330110418349630397e-01
1.034823126156522027e-01
8.059295263738547321e-02
6.175373897767263281e-02
4.627285086912785728e-02
3.372210540183788463e-02
2.391109118229164943e-02
1.644574027912217365e-02
1.095420231672400262e-02
6.981401786990378174e-03
4.116316907964854416e-03
1.954401960615349994e-03
1.405279809896336194e-04
6.099725753419753222e-05
1.495043903764513901e-04
7.712738988038600604e-04
-5.073349485232727480e-04
2.123011387278641291e-04
-4.692038316882874804e-04
1.856295950210926809e-04
-1.666872896926214521e-04
-6.081553461695277021e-04
-1.897365483566835885e-05
-9.072699471366548482e-04
-1.520609537031204902e-03
-3.147990481471290170e-03
-5.410751631342384724e-03
-8.572089397698831950e-03
-1.296793119937093668e-02
-1.888618568803697786e-02
-2.660956112003315735e-02
-3.618689040080134978e-02
-4.763147490444048088e-02
-6.050549303084897662e-02
-7.460240603313865460e-02
-8.957185187467998910e-02
-1.069642505289639944e-01
-1.354699350940123115e-01
-1.537691377103923007e-01
-8.864984872656588022e-02
-3.306806277143854722e-02
7.513442272247340507e-03
4.020194760004842244e-02
6.892187946911372542e-02
1.008177198585042816e-01
1.427050642863562646e-01
2.067739130142943749e-01
2.901080420227472589e-01
3.656297142651969145e-01
4.065815270836120598e-01
2.683069810809431410e-01
1.775946931911704108e-01
1.330110441179651048e-01
1.034823146377342601e-01
8.059295216359561864e-02
6.175373959627422638e-02
4.627285231832999057e-02
3.372210746982147456e-02
2.391108742145872657e-02
1.644569809805997151e-02
1.095397341769268826e-02
6.979981628103438737e-03
4.106505743307098041e-03
1.881418750749938714e-03
-4.299625246672779269e-04
3.118967134446726263e-04
-2.180190474230339387e-04
-6.431756995470357845e-05
1.159954151476686189e-04
-1.308929217527882659e-05
5.706891436396497458e-04
-1.557331171934998263e-04
-3.244275355954079386e-04
-2.170051719462405711e-04
-3.958027812726746500e-04
-4.405965328440894025e-04
-1.769069978394761759e-03
-3.887233140925210658e-03
-6.721714954444237347e-03
-1.067695945138962509e-02
-1.618689131530261574e-02
-2.366073050861448868e-02
-3.345404644900654145e-02
-4.578265548041834249e-02
-6.065923644031456785e-02
-7.800160287214361055e-02
-9.762010705335283367e-02
-1.202931651706331817e-01
-1.490906493124717902e-01
-2.003587860919316677e-01
-2.533075321967470095e-01
-1.632006212839779424e-01
-7.834511610992556108e-02
-1.392704261571962344e-02
3.904546226190981628e-02
8.499116752876142988e-02
1.360933433928621372e-01
2.050825274249832852e-01
2.945838637808160798e-01
3.753142728386654747e-01
4.239414751656763736e-01
4.452749792893420100e-01
2.910396487407341248e-01
1.936415952643077698e-01
1.463132422583800218e-01
1.151261099122296849e-01
9.066112654784827529e-02
7.015515770540006746e-02
5.306907561728864409e-02
3.895596669026121089e-02
2.780205311169866439e-02
1.920346966424139185e-02
1.283518536795615408e-02
8.192707156033858171e-03
4.827272835353714660e-03
2.221039755832600673e-03
-4.760621508088380975e-04
-1.164408154813336917e-05
8.516538214988492650e-05
-4.829943507912629443e-04
-3.043050388172948589e-04
-2.885915357104968390e-04
3.475305726604707214e-04
-2.933963663761673273e-04
-4.118372294056148598e-04
-7.214224434001655073e-05
3.002545514727195564e-04
3.081617793253516946e-04
-1.661384935668523254e-03
-3.870811103656650581e-03
-6.719128509758379164e-03
-1.067653605786963132e-02
-1.618682009888805506e-02
-2.366071993871236498e-02
-3.345404488750914479e-02
-4.578265373080912803e-02
-6.065923449464218076e-02
-7.800160214631939037e-02
-9.762010691124617390e-02
-1.202931631369814763e-01
-1.490906422751759053e-01
-2.003587449094042516e-01
-2.533072495549366643e-01
-1.632005724998684681e-01
-7.834509639081681243e-02
-1.392703483902524818e-02
3.904546809628001852e-02
8.499116819859071914e-02
1.360933383414515696e-01
2.050825240960919560e-01
2.945838609455674328e-01
3.753142786189360702e-01
4.239414881056395856e-01
4.452750986424625079e-01
2.910396535745304325e-01
1.936415963646977711e-01
1.463132423065486298e-01
1.151261089001311827e-01
9.066112529956878163e-02
7.015515757432844168e-02
5.306907751033076298e-02
3.895597153155182929e-02
2.780207235236898874e-02
1.920356512886652392e-02
1.283571904490555041e-02
8.195823638699986646e-03
4.846609835756632290e-03
2.349106476554018580e-03
4.277538171999276367e-04
3.799120482600937200e-04
3.715223496784650283e-05
6.155135171131143057e-04
1.278113368848455948e-04
4.285564184069549378e-04
-3.835572313080858856e-04
-4.028032983638616922e-04
3.335536857805655232e-04
-7.990076656416220243e-04
-3.736356387329861899e-04
-1.924739763959487648e-04
-1.752073572902538385e-03
-3.887858964929993225e-03
-6.722342361741170079e-03
-1.067714410726917917e-02
-1.618693625495065333e-02
-2.366074428945130412e-02
-3.345405195237705770e-02
-4.578265751960759744e-02
-6.065923715216699208e-02
-7.800160225835327255e-02
-9.762010562372863687e-02
-1.202931625842294100e-01
-1.490906434992891327e-01
-2.003587540577922987e-01
-2.533073103860459807e-01
-1.632005881398630454e-01
-7.834510828639366931e-02
-1.392703361088688634e-02
3.904546683532359591e-02
8.499116547602351968e-02
1.360933393772114919e-01
2.050825272465655325e-01
2.945838570165127956e-01
3.753142647603818216e-01
4.239414167876813244e-01
4.452744741179019416e-01
2.910395802991804781e-01
1.936415865592350793e-01
1.463132429400522683e-01
1.151261090453255392e-01
9.066112342850256300e-02
7.015515777316713719e-02
5.306907790620326443e-02
3.895597106212220218e-02
2.780206685810205497e-02
1.920353542495557495e-02
1.283562560131033987e-02
8.195690357088752931e-03
4.848380916907541437e-03
2.377843727457142411e-03
7.422707585554078925e-04
-1.894117392348858221e-04
2.871135675978319897e-04
-1.928215235550159669e-05
5.526259479840364870e-04
-3.125827311545157803e-04
2.155413900983795992e-04
3.534923758548970743e-04
-3.801580603390894257e-04
-1.020344573786352701e-04
-3.851791901887346948e-04
-5.792206717478117547e-04
-2.056318823643258319e-03
-4.442785539705293787e-03
-7.668581342892643801e-03
-1.219179698204299334e-02
-1.849858361977322480e-02
-2.709292192600901844e-02
-3.835487548332717350e-02
-5.266709470944707511e-02
-6.996227641857041823e-02
-9.062035925889204424e-02
-1.143141667596787869e-01
-1.433861794708675419e-01
-1.823987852721967173e-01
-2.575578115072059138e-01
-3.632932049172270528e-01
-2.717849636478693598e-01
-1.505427936070855566e-01
-4.433904790364208426e-02
4.228681353442007712e-02
1.217695499109241603e-01
2.116700722916105282e-01
3.102642735165297427e-01
3.916035865214821943e-01
4.374153328472416002e-01
4.589318491294137048e-01
4.692302592767474967e-01
3.047580555570021943e-01
2.035136240847847666e-01
1.546713677081433813e-01
1.226282916026786157e-01
9.725710451943991863e-02
7.574727060027879044e-02
5.765492617986775481e-02
4.252730055808254944e-02
3.048331664541580749e-02
2.111691559922502029e-02
1.414770132625943304e-02
9.041427161102455479e-03
5.342011040663272904e-03
2.571331564001993596e-03
5.192765421476558093e-04
1.547041226780014665e-04
-1.582064061280719644e-04
1.723380020511558377e-04
-1.771370919363747000e-04
-5.014126394805766898e-04
-8.199321092217285540e-04
-1.062320364195544335e-04
-1.758152082208699451e-04
-1.588366358312719195e-04
-2.475970484312683354e-04
-6.447204087416081534e-04
-2.060756339063191545e-03
-4.442612743170354546e-03
-7.668405835299752643e-03
-1.219174125517969755e-02
-1.849857047432504342e-02
-2.709292109251006456e-02
-3.835487600594446322e-02
-5.266709356964437844e-02
-6.996227464171377031e-02
-9.062035896871377394e-02
-1.143141664024028559e-01
-1.433861747632339256e-01
-1.823987639061069588e-01
-2.575576943613992476e-01
-3.632923980399385688e-01
-2.717848646890595465e-01
-1.505427632868663046e-01
-4.433903864399622863e-02
4.228681422069748702e-02
1.217695442192130717e-01
2.116700616288436920e-01
3.102642652635521636e-01
3.916035833067139094e-01
4.374153380317359896e-01
4.589318262315147945e-01
4.692300544428355535e-01
3.047580130739137583e-01
2.035136153352671839e-01
1.546713643471827049e-01
1.226282887961456652e-01
9.725710241381364807e-02
7.574726993086913773e-02
5.765492761315398756e-02
4.252730418230357690e-02
3.048333403016927762e-02
2.111699869673516403e-02
1.414808005588909928e-02
9.042997788897406269e-03
5.347187511835149558e-03
2.574579168959675261e-03
3.418252687433355019e-04
3.067576828894678508e-04
-3.531727689148961633e-05
2.899571558604027927e-04
6.226087519459055789e-04
5.185055648962677262e-04
1.180580211089287464e-04
-8.048007913397097087e-05
1.861502225363354402e-05
-2.014134908889075165e-04
-1.545001245510866901e-04
-7.495167806992936079e-04
-2.091071305920562222e-03
-4.450092124616139566e-03
-7.670093486387627446e-03
-1.219210519579463393e-02
-1.849864797972240738e-02
-2.709293972214707816e-02
-3.835488098434536308e-02
-5.266709488127404443e-02
-6.996227626648400533e-02
-9.062035881448221586e-02
-1.143141656076242796e-01
-1.433861751362515147e-01
-1.823987713210205863e-01
-2.575577351414244376e-01
-3.632927257472695071e-01
-2.717849113933746841e-01
-1.505427800332642674e-01
-4.433903603737639199e-02
4.228681555875804521e-02
1.217695433040216629e-01
2.116700622285357103e-01
3.102642675384011950e-01
3.916035779823039964e-01
4.374153263609458775e-01
4.589317892206263294e-01
4.692297485201443186e-01
3.047579849964759946e-01
2.035136123666337060e-01
1.546713655941273358e-01
1.226282882303590810e-01
9.725710058248600298e-02
7.574727107175581453e-02
5.765492797867243641e-02
4.252730197432742776e-02
3.048332472513948926e-02
2.111694954282164124e-02
1.414785273011869536e-02
9.041905245916928568e-03
5.341234155602823420e-03
2.536139518753200740e-03
4.924888103638002111e-05
-5.660473825349190751e-04
2.515850175120113970e-04
2.613583459700511108e-04
4.127165983062839488e-04
-7.569827332188973107e-05
-1.918106817451190385e-04
-1.742741368468135631e-04
-7.278295992948760542e-05
-6.218765940413117400e-04
-3.932369519438747344e-04
-7.514441325773125557e-05
-2.116844397155025117e-03
-4.725737238006253414e-03
-8.173155762848344913e-03
-1.300074279142560303e-02
-1.972763287400140439e-02
-2.891406402781257490e-02
-4.093835554257636150e-02
-5.629518854988668775e-02
-7.483105663444787614e-02
-9.727945946453726844e-02
-1.231544080574387690e-01
-1.560547101465037945e-01
-2.016100577662315041e-01
-2.940484506651310226e-01
-4.513703795532784668e-01
-4.021163767749419415e-01
-2.948945354626903992e-01
-1.198333044748655096e-01
7.518673256919240766e-02
2.381064971243321560e-01
3.554954675618510751e-01
4.233051982440272920e-01
4.555024830197650920e-01
4.706502703180100444e-01
4.795888808853950858e-01
4.876340738661995577e-01
3.119676861887724639e-01
2.082279076203066570e-01
1.586469157961962195e-01
1.262468780656014755e-01
1.004850506607046640e-01
7.851289101782825408e-02
5.994794399434789922e-02
4.432748424381546121e-02
3.184615667405985701e-02
2.209516311049255360e-02
1.482161104644801400e-02
9.473801314402537435e-03
5.578683002622088390e-03
2.573678905555270343e-03
-2.348783128260891124e-04
2.267237255700223220e-04
-1.715529730375753455e-04
1.481532098055416357e-04
2.549686583121023699e-04
-4.682672509545856383e-04
3.514580768477683511e-04
2.660862597717615153e-04
-2.842122148563882103e-04
-6.199037309469968221e-04
8.480030712536821592e-05
-6.064242865440922121e-04
-2.191826321496054622e-03
-4.736820264378442842e-03
-8.174807934203357981e-03
-1.300098943290236772e-02
-1.972767001151159300e-02
-2.891407053980050296e-02
-4.093835679333635708e-02
-5.629518736361351777e-02
-7.483105492437634731e-02
-9.727946039088852803e-02
-1.231544099092750921e-01
-1.560547072940402236e-01
-2.016100297151751375e-01
-2.940482621198738378e-01
-4.513688753985792834e-01
-4.021161904447932978e-01
-2.948944866092623740e-01
-1.198332973345903746e-01
7.518673104251222261e-02
2.381064912229096664e-01
3.554954586317516374e-01
4.233051890836658226e-01
4.555024776222826310e-01
4.706502627569886243e-01
4.795887712141143622e-01
4.876329404294211800e-01
3.119675272440942670e-01
2.082278794606627903e-01
1.586469087599894634e-01
1.262468748427601206e-01
1.004850489157815274e-01
7.851289107845844939e-02
5.994794652899884668e-02
4.432748893800699669e-02
3.184617712693470215e-02
2.209526410226056101e-02
1.482210993312223571e-02
9.476292067852328666e-03
5.591352887472429700e-03
2.641041386239077401e-03
1.544128230213336593e-04
-1.038554896494662242e-04
-1.693585933892307780e-04
2.386870286315288835e-04
-1.387816248525132760e-04
-3.108247380157092590e-05
-6.049814707072473634e-04
1.510662811683248627e-04
2.648430440345798140e-04
3.966525023753982222e-04
1.794116256033746401e-04
-7.234426794041029941e-04
-2.211759464212758718e-03
-4.740920006319510049e-03
-8.175705730502995025e-03
-1.300118933458174579e-02
-1.972771553734853009e-02
-2.891408297303177388e-02
-4.093835973933054873e-02
-5.629518724395166790e-02
-7.483105627085560874e-02
-9.727946133313802868e-02
-1.231544112997862428e-01
-1.560547093942074859e-01
-2.016100351947692770e-01
-2.940482847210511008e-01
-4.513689445591644311e-01
-4.021162213124423457e-01
-2.948944942912318790e-01
-1.198332882357364959e-01
7.518673441797101009e-02
2.381064997736198341e-01
3.554954676824496618e-01
4.233051955919542308e-01
4.555024767238211036e-01
4.706502636998718958e-01
4.795888256704242125e-01
4.876337094372462655e-01
3.119676328800852216e-01
2.082278970266411844e-01
1.586469138282622093e-01
1.262468761141604667e-01
1.004850494284764834e-01
7.851289410189042639e-02
5.994794721740404064e-02
4.432748523426306014e-02
3.184616253660839391e-02
2.209518802324282258e-02
1.482176775858818144e-02
9.474918536438600714e-03
5.586888631572604902e-03
2.636762438487913040e-03
2.713337108321183314e-04
6.054390729928598049e-05
-3.622452734531165131e-04
-1.983488376356571715e-04
7.152503161199176888e-05
-3.196120742547064845e-04
-3.349530908760622937e-04
-1.546881085268620782e-04
-2.083370978410704381e-05
-7.276566384979166755e-04
-6.855151097515689834e-04
-6.011370540862948650e-04
-2.187216017497231602e-03
-4.752213097336748827e-03
-8.203407212968548412e-03
-1.304107657578331379e-02
-1.977910607824282657e-02
-2.897712755818585700e-02
-4.101136166146888973e-02
-5.637539639394553714e-02
-7.491164620064105772e-02
-9.734713350809139076e-02
-1.231888143196624985e-01
-1.559914713251568108e-01
-2.013406331529874471e-01
-2.931633705427079684e-01
-4.488941422142775362e-01
-3.995860324154076881e-01
-2.943290272559212495e-01
-1.206359149514033419e-01
7.550855194139143023e-02
2.396037533970465372e-01
3.570384613110468841e-01
4.240808071178001071e-01
4.556868002785904315e-01
4.706044947328549832e-01
4.794900809692689836e-01
4.875348099340643948e-01
3.118357314331589580e-01
2.081008164113305192e-01
1.585241995283640515e-01
1.261399887739325654e-01
1.003952263824204882e-01
7.844559841962754632e-02
5.990040377384776155e-02
4.429844132775546950e-02
3.183082190464295302e-02
2.208948753068044543e-02
1.482113406661682807e-02
9.474929720820238557e-03
5.579485744222107031e-03
2.589344014560307321e-03
-1.915031695256882660e-05
-2.366465615663175331e-04
1.760061353974315564e-04
3.943857438451364829e-06
-2.622845118288312689e-04
-7.093331759955906392e-04
-3.616060442938015573e-05
1.265218730986522656e-05
-4.435823613077400024e-04
-4.809542865105379678e-04
3.347943864433363900e-04
-5.398658798744741111e-04
-2.191856564718286295e-03
-4.754963950009515571e-03
-8.204129567885328281e-03
-1.304123409429473919e-02
-1.977913846975931297e-02
-2.897713372006467322e-02
-4.101136216537306506e-02
-5.637539415496911621e-02
-7.491164331886515648e-02
-9.734713391021700135e-02
-1.231888145567431453e-01
-1.559914692446439655e-01
-2.013406176452578467e-01
-2.931632567494828479e-01
-4.488932818920090551e-01
-3.995859386755208909e-01
-2.943289996350133553e-01
-1.206359096590946950e-01
7.550855236004697102e-02
2.396037511576596113e-01
3.570384630644926061e-01
4.240808086288329615e-01
4.556868001082139963e-01
4.706044727520410365e-01
4.794898465930709786e-01
4.875327742256261865e-01
3.118354673517416686e-01
2.081007751794359539e-01
1.585241930966729273e-01
1.261399879759917408e-01
1.003952250007274227e-01
7.844559663701010377e-02
5.990040419081658213e-02
4.429844506669335102e-02
3.183084462018460903e-02
2.208960686670831397e-02
1.482174187833626595e-02
9.478008995399722289e-03
5.594864343675035219e-03
2.664454182862972722e-03
3.336459918610132792e-04
-1.160595068678733108e-04
2.800972613022643162e-04
1.744101088984616513e-04
2.341364510904087287e-04
4.321885581383310879e-04
7.112480745676172356e-05
2.112605425608486860e-04
-2.500128395032686908e-04
-2.095876661150274599e-04
3.089025845879382831e-04
-4.311095201346423831e-04
-2.187018585579782355e-03
-4.755912223133208251e-03
-8.204548732317280477e-03
-1.304134971864898823e-02
-1.977916833152152179e-02
-2.897714261880800918e-02
-4.101136352835406396e-02
-5.637539245062639370e-02
-7.491164281778024681e-02
-9.734713383136295306e-02
-1.231888149376185043e-01
-1.559914693515263850e-01
-2.013406248717698466e-01
-2.931633430522964656e-01
-4.488940490040424502e-01
-3.995860351263746946e-01
-2.943290181858183585e-01
-1.206359135937198207e-01
7.550854786589883405e-02
2.396037543324734398e-01
3.570384679939833106e-01
4.240808101794799057e-01
4.556868002507170057e-01
4.706044938999534022e-01
4.794900808277846593e-01
4.875347544833950053e-01
3.118357139228710717e-01
2.081008133424684936e-01
1.585242004929922344e-01
1.261399876351181615e-01
1.003952225386319785e-01
7.844559647690231563e-02
5.990040238017960150e-02
4.429843930718997680e-02
3.183082071252594375e-02
2.208946776198816506e-02
1.482100562992564631e-02
9.474167270205105171e-03
5.574810835683024005e-03
2.559915654461697790e-03
-2.135752556605586693e-04
2.416510226248097754e-04
-1.120468044715699371e-05
3.220505813854660231e-04
-1.122423802899425761e-04
-3.246994511227177570e-04
-2.263234823833631070e-04
-2.874159491345402344e-04
-6.441950537123060274e-05
-1.390604299847376620e-04
-8.514498006055671924e-04
-2.933135308523248416e-04
-2.046197677199303178e-03
-4.496177045586643474e-03
-7.756128469782515127e-03
-1.231165874617690288e-02
-1.865215015818686914e-02
-2.728126874712753433e-02
-3.857439132326440090e-02
-5.290993909017475960e-02
-7.021026883911325733e-02
-9.083827675425773518e-02
-1.144448277130617891e-01
-1.432768725208525551e-01
-1.817911136519836657e-01
-2.556434767419470955e-01
-3.585298384306247477e-01
-2.703380282480160601e-01
-1.522253844468813566e-01
-4.560655143117253729e-02
4.228736604140994476e-02
1.228433602712383221e-01
2.136632076950663872e-01
3.124322821501908098e-01
3.926555660196478503e-01
4.374217439415073461e-01
4.585414609091151839e-01
4.688004763363023963e-01
3.043346091801625297e-01
2.031224100215783257e-01
1.543044299531352026e-01
1.223118332037467920e-01
9.699510805395966662e-02
7.555218166752747377e-02
5.751916275113870547e-02
4.244542698257464108e-02
3.044150046756736311e-02
2.110277874171096954e-02
1.414848301418622674e-02
9.046346609109464504e-03
5.338225429893139577e-03
2.520014531247314910e-03
1.580160300500248324e-04
-1.212994669196346213e-04
3.544249510232786761e-04
1.050982079168646358e-04
-3.211092501924657895e-04
-2.313043573171493319e-04
-5.360635323074361197e-04
-7.640066957850703366e-05
3.727737734723328574e-04
-1.851280361315520758e-04
-7.187497848101575887e-05
-4.078255957851828592e-04
-2.063864480549514133e-03
-4.499457727790989910e-03
-7.756781645242781867e-03
-1.231179321658311746e-02
-1.865217855422510868e-02
-2.728127370882258221e-02
-3.857439214691332774e-02
-5.290993812972504678e-02
-7.021026762449505965e-02
-9.083827901318612674e-02
-1.144448266988931928e-01
-1.432768698801407947e-01
-1.817911116591115483e-01
-2.556434591608632290e-01
-3.585297982036015352e-01
-2.703380328682657430e-01
-1.522253825488693035e-01
-4.560655367711226316e-02
4.228736394839317098e-02
1.228433579056649183e-01
2.136632082572008928e-01
3.124322890749839932e-01
3.926555711594272302e-01
4.374217345702695048e-01
4.585413065522908060e-01
4.687988898238674151e-01
3.043343937011423472e-01
2.031223751075689754e-01
1.543044236531724567e-01
1.223118329506584639e-01
9.699510723639187537e-02
7.555217985251974633e-02
5.751916381034498371e-02
4.244543259384352812e-02
3.044152563945298762e-02
2.110290773040915391e-02
1.414916431474469785e-02
9.049949655821967753e-03
5.357238046516074256e-03
2.620037996976956260e-03
6.808404218023734588e-04
2.485833359887951372e-04
-4.251238443768919897e-04
-2.232327856992229000e-05
4.831516561301095231e-04
2.605034643648935794e-04
2.412059321375451893e-04
-5.026155258018860650e-04
-1.492128928985950620e-04
1.021544609031882126e-04
9.812208896960934235e-05
-8.227949393250871780e-04
-2.116161203436829098e-03
-4.506642860208480775e-03
-7.757853220162380832e-03
-1.231197167163854654e-02
-1.865221239606331891e-02
-2.728128033051583842e-02
-3.857439105825965359e-02
-5.290993471261373066e-02
-7.021026652959100334e-02
-9.083828004069972872e-02
-1.144448289029954269e-01
-1.432768707873235681e-01
-1.817911133487982167e-01
-2.556435017477471372e-01
-3.585301104425525631e-01
-2.703380664327015293e-01
-1.522253887255259064e-01
-4.560655473692663137e-02
4.228736370119786508e-02
1.228433612048560053e-01
2.136632114269996774e-01
3.124322864815968770e-01
3.926555694916301631e-01
4.374217418888986519e-01
4.585414425446798781e-01
4.688001095953077124e-01
3.043345683078756414e-01
2.031224055151764352e-01
1.543044310599965829e-01
1.223118338148314888e-01
9.699510616965473231e-02
7.555218069405786330e-02
5.751916243514918620e-02
4.244542718966981543e-02
3.044149732376775705e-02
2.110273506391264001e-02
1.414820464732927975e-02
9.044586425708666527e-03
5.326896983881976994e-03
2.446182486130915341e-03
-3.314130616830964762e-04
5.851313218437710541e-05
2.589137943983651699e-04
-4.799470941978319798e-04
-5.919791541193895239e-04
4.112902956101701052e-04
1.496882047449307339e-04
-1.626657023720176317e-04
7.077195582455905873e-05
-5.148808443996873282e-04
-6.025093075511693064e-04
-4.741924984063556996e-04
-1.839705433062107732e-03
-3.993196891790813143e-03
-6.869519928613274096e-03
-1.087451370277651465e-02
-1.643938635439361889e-02
-2.397174067170899925e-02
-3.381923819709957424e-02
-4.619383636337524163e-02
-6.108860180889803121e-02
-7.840881860898113453e-02
-9.791796284749296198e-02
-1.203256351246314998e-01
-1.485912678925563057e-01
-1.988617988400303849e-01
-2.511620631560474437e-01
-1.642817799737241458e-01
-7.994789618114167551e-02
-1.448250087875247241e-02
3.942342015314861253e-02
8.610109831346289544e-02
1.379662293321251565e-01
2.078481118138879313e-01
2.970639133011120370e-01
3.760530060122904694e-01
4.232880622664527137e-01
4.443332553976059862e-01
2.902025212846582880e-01
1.929349540738802271e-01
1.456784879841569735e-01
1.145977922792088405e-01
9.023378315819191586e-02
6.984428576682231993e-02
5.285805255206190573e-02
3.883293162727778636e-02
2.774304962196548832e-02
1.918775213215481723e-02
1.284282544005567114e-02
8.209739463039955956e-03
4.850655899161762132e-03
2.300446038330622358e-03
7.846559911888047135e-05
2.703087125237322642e-04
-2.006627794245234553e-04
-2.078941639247234576e-04
-6.435521193018313608e-04
-2.609599888654285673e-04
-6.733634092766216644e-05
-5.524911992651194937e-04
-7.370179080323862556e-05
-3.700871803224713331e-05
-1.829329963736188544e-04
-4.664617816220179144e-04
-1.847177013288892316e-03
-3.995607983730389660e-03
-6.870082341209398855e-03
-1.087463379662111790e-02
-1.643941071459579725e-02
-2.397174328105611263e-02
-3.381923835335595707e-02
-4.619383566816711445e-02
-6.108860114383327100e-02
-7.840882101911857138e-02
-9.791796008907734106e-02
-1.203256316085494493e-01
-1.485912717180400133e-01
-1.988618150682924801e-01
-2.511622423821032180e-01
-1.642818067126121662e-01
-7.994789834898555214e-02
-1.448250383954946714e-02
3.942341792732752953e-02
8.610109569592455658e-02
1.379662275890331524e-01
2.078481165306218792e-01
2.970639185161051965e-01
3.760530036219886796e-01
4.232880018138324707e-01
4.443326688568960958e-01
2.902024281445869658e-01
1.929349376631689927e-01
1.456784840089203059e-01
1.145977929257646355e-01
9.023378303459292371e-02
6.984428366328507276e-02
5.285805359097495854e-02
3.883293755780081735e-02
2.774307121724577455e-02
1.918785884279786483e-02
1.284339234498133725e-02
8.212785840987406674e-03
4.867437463271304630e-03
2.396651217615839054e-03
6.633486392683493214e-04
-2.229487413497446618e-04
3.485529597269737751e-05
6.106040010407176935e-04
6.845763198666183266e-04
-3.841866700930202539e-04
1.445964386843497877e-04
-2.633163722412404741e-04
-3.516722988322212601e-04
-2.759964316243058817e-04
-5.597244706064641878e-06
-1.627658118521599253e-04
-1.814402771607508688e-03
-3.992639122543729588e-03
-6.869988043511019923e-03
-1.087468971975310769e-02
-1.643943453736786825e-02
-2.397174971699590415e-02
-3.381923736272097331e-02
-4.619383219343038693e-02
-6.108860115131018592e-02
-7.840882389653384965e-02
-9.791796396177032680e-02
-1.203256347756012090e-01
-1.485912727536987388e-01
-1.988618261795591091e-01
-2.511622689362008054e-01
-1.642818125299441434e-01
-7.994789645729175054e-02
-1.448249988095251170e-02
3.942342099701500596e-02
8.610110008763356693e-02
1.379662292897277653e-01
2.078481131318027086e-01
2.970639173089971719e-01
3.760530050816772163e-01
4.232880659137411850e-01
4.443332561400811231e-01
2.902025223188059999e-01
1.929349567396778375e-01
1.456784902683568583e-01
1.145977930446820947e-01
9.023378150274809217e-02
6.984428424951233394e-02
5.285805314627162188e-02
3.883293504864140933e-02
2.774305080466617224e-02
1.918773770648261878e-02
1.284276067114518798e-02
8.209469125656393765e-03
4.849962768773686400e-03
2.304215162598294720e-03
1.720704026066644486e-04
-1.668761863837080206e-04
5.590868110522445502e-04
4.068035956861160087e-04
2.292881271399361837e-04
1.988259074402839608e-04
-3.596821164101635213e-04
1.563622251581682921e-04
4.580139445390809627e-04
-3.754100609697328555e-04
-1.470793441866468136e-04
-1.798349972002237355e-04
-1.504891348519099819e-03
-3.277271716106190842e-03
-5.611399409504152364e-03
-8.842512784411032944e-03
-1.331490009890235783e-02
-1.931580234779647562e-02
-2.712063726403347169e-02
-3.677334952548901026e-02
-4.826725439663837741e-02
-6.115313442494395291e-02
-7.517643106211159554e-02
-8.994967949179952238e-02
-1.069653986054063671e-01
-1.350668459558301560e-01
-1.540404614642675030e-01
-8.978998407322852371e-02
-3.370012553264399580e-02
7.756457222510030822e-03
4.102371113102359218e-02
7.018513617839602925e-02
1.026181068994340834e-01
1.453961775306419346e-01
2.099609342599418060e-01
2.921081884672434015e-01
3.649990644091151704e-01
4.047783707868077840e-01
2.669291628240753611e-01
1.765289128902785554e-01
1.321061860169613911e-01
1.027580005662141610e-01
8.002791846410431398e-02
6.135486122546623261e-02
4.601340142053716303e-02
3.357916866679475087e-02
2.385118046140972600e-02
1.643945693976945829e-02
1.097542309963240974e-02
7.010760557601670995e-03
4.139397980132275209e-03
1.954217204404289348e-03
1.013731115767431315e-04
2.109090867119762592e-04
-3.035290256065269632e-04
-5.196050828203528128e-04
-4.481769599645049683e-04
-9.493956134981680248e-05
-6.997389924918931284e-04
-4.311964296274026741e-04
-6.815592475749093423e-04
-1.476569985993778544e-04
1.262636410955012781e-04
-5.021564056112937059e-04
-1.547468552868936156e-03
-3.283089568788832759e-03
-5.612201442795378310e-03
-8.842628108271339757e-03
-1.331491645648734054e-02
-1.931580131899575739e-02
-2.712063589153067625e-02
-3.677334766261246279e-02
-4.826725256646229034e-02
-6.115313653796146387e-02
-7.517642940984514688e-02
-8.994967777215882865e-02
-1.069654032329820231e-01
-1.350668517099329891e-01
-1.540405083320083024e-01
-8.978999775652081461e-02
-3.370012730841824566e-02
7.756456955877255068e-03
4.102371251862002577e-02
7.018513706683678077e-02
1.026181068641852795e-01
1.453961814862731461e-01
2.099609390017180277e-01
2.921081950777354996e-01
3.649991199143594600e-01
4.047785738496860186e-01
2.669291747875325305e-01
1.765289147333150288e-01
1.321061846323044187e-01
1.027580003682281445e-01
8.002791668797219760e-02
6.135485704984833949e-02
4.601340052800918096e-02
3.357917167152136423e-02
2.385119108180257935e-02
1.643950801390224245e-02
1.097564695763977687e-02
7.011563823520242621e-03
4.140778156319449912e-03
1.938361429964502360e-03
-1.758801306678087434e-04
-8.069645983650042135e-05
-3.294591195052061234e-04
1.890792905479727086e-04
-1.555461975012273183e-04
-3.760031384267257821e-04
-2.474851842411667223e-05
-4.712501703082356294e-05
-1.589675894549533923e-04
-1.926460251554800059e-04
-2.837711157127881917e-04
-5.104426391158641300e-04
-1.560905167987836116e-03
-3.287612862980829245e-03
-5.613374295302067489e-03
-8.842904608789231222e-03
-1.331497971342925427e-02
-1.931581569059319034e-02
-2.712063693108571205e-02
-3.677334436958686753e-02
-4.826725293826363700e-02
-6.115313897271275334e-02
-7.517643117555966592e-02
-8.994967887001091567e-02
-1.069654022351512052e-01
-1.350668573855558496e-01
-1.540405325363055355e-01
-8.978999950854707479e-02
-3.370012387105243701e-02
7.756458673843049864e-03
4.102371097330705096e-02
7.018513551116402349e-02
1.026181036648791400e-01
1.453961778297734320e-01
2.099609396518946069e-01
2.921081943113484902e-01
3.649991316369679550e-01
4.047787288217102319e-01
2.669292104373572894e-01
1.765289238617820666e-01
1.321061879884335155e-01
1.027579986684351715e-01
8.002791500057465646e-02
6.135485725558448289e-02
4.601340036390838550e-02
3.357917062968194394e-02
2.385118093953422433e-02
1.643946975684385664e-02
1.097552700967258967e-02
7.011354250392173165e-03
4.142253996142883712e-03
1.962015324463506957e-03
4.923955322445558604e-05
5.630169217497985089e-05
3.889074378128359747e-04
-7.406613943889778446e-04
-2.243935345225908532e-04
-1.143664030901386829e-04
1.457629673556720381e-04
-4.889300981056730498e-04
9.516896621773682241e-05
-4.891877064608655869e-04
-6.774755223674995986e-04
-2.703386867605850449e-04
-1.143793267213458979e-03
-2.400076829328098935e-03
-4.063979413906524188e-03
-6.352804234473650655e-03
-9.492126034185855571e-03
-1.363946104381590259e-02
-1.894550166411793427e-02
-2.531610670691126358e-02
-3.264529460833055091e-02
-4.031169929254052597e-02
-4.789348849021693444e-02
-5.445899616634374690e-02
-6.013212339774289678e-02
-6.809553659120136382e-02
-6.586437191921941381e-02
-3.002600892503595048e-02
3.556959251346169192e-04
2.489313820324531856e-02
4.694865975293281701e-02
6.541027861379634933e-02
8.400813228572531766e-02
1.078149835639082010e-01
1.475068349053774708e-01
2.099017998717342126e-01
2.873089131623012271e-01
3.451877299795668153e-01
2.320358838344609431e-01
1.528144769206317977e-01
1.130248790416772953e-01
8.658259577996584022e-02
6.637587881882275886e-02
5.019968792381858391e-02
3.716912220851591175e-02
2.687210884235947256e-02
1.893787523908021728e-02
1.299284803017657607e-02
8.646884315606886626e-03
5.519674081440768647e-03
3.261902013529916454e-03
1.538795493418821563e-03
-1.301263964084627708e-04
-4.635616158240445659e-04
-5.114763909394529767e-04
4.130042092438169533e-04
-3.980043226378344513e-04
-1.371860583470434756e-04
8.961655952002315858e-05
1.526827928466502435e-04
-4.150793217345365561e-05
-1.523942305333652973e-04
4.803551126415227550e-04
-1.508663021282372659e-04
-1.121053109278131576e-03
-2.395731675131732540e-03
-4.063177107187397261e-03
-6.352664039098347877e-03
-9.492101404546964688e-03
-1.363945407859068829e-02
-1.894550172917010972e-02
-2.531610817907530703e-02
-3.264529523414567286e-02
-4.031170149640358330e-02
-4.789348575279149534e-02
-5.445899225027334839e-02
-6.013212429870251619e-02
-6.809553657450219399e-02
-6.586437659673044509e-02
-3.002601401844079074e-02
3.556913922007716358e-04
2.489313296266987274e-02
4.694865905879606893e-02
6.541028195238209053e-02
8.400813704192706954e-02
1.078149899230038816e-01
1.475068391753363017e-01
2.099018036231149742e-01
2.873089451466819266e-01
3.451878632141190395e-01
2.320359017999224505e-01
1.528144818838453878e-01
1.130248784565884290e-01
8.658259437051757379e-02
6.637587507797107489e-02
5.019968323873826715e-02
3.716912278602657604e-02
2.687211234496514681e-02
1.893787953862179768e-02
1.299287409518064262e-02
8.647040532789898939e-03
5.520717307094118002e-03
3.269922031913660709e-03
1.605453272639940096e-03
4.463244583794119058e-04
4.586867970358894154e-04
2.137907982971091602e-04
-1.650495205941185253e-04
3.586072237936314711e-05
2.241154963430726449e-04
-4.299623470283752075e-04
-2.445022398001207983e-04
-6.334269476392578391e-04
-3.345186459446001202e-04
1.928384171223076950e-04
-8.760447448128848465e-04
-1.239749599636289249e-03
-2.416323162011478620e-03
-4.066821269640157402e-03
-6.353322881400877420e-03
-9.492223252612480566e-03
-1.363947616088289662e-02
-1.894550218907867234e-02
-2.531610254098455928e-02
-3.264529421855649760e-02
-4.031170413885905301e-02
-4.789348889770981416e-02
-5.445899478040448077e-02
-6.013212467021122887e-02
-6.809554000818167363e-02
-6.586439922276385306e-02
-3.002601815125210266e-02
3.556953694862310554e-04
2.489313610777971891e-02
4.694865809288954056e-02
6.541028002472520919e-02
8.400813360174819167e-02
1.078149883979889478e-01
1.475068417818642397e-01
2.099018024573363339e-01
2.873089440226075375e-01
3.451878756698744666e-01
2.320359111349852010e-01
1.528144857200899043e-01
1.130248803047589623e-01
8.658259199519778571e-02
6.637587311773965326e-02
5.019968266946945451e-02
3.716912298638690160e-02
2.687211161960044448e-02
1.893787283925269654e-02
1.299287233644171556e-02
8.647100145598577911e-03
5.521331810320486908e-03
3.274805659064959715e-03
1.639896709025586569e-03
6.742164378250514387e-04
-1.244470301611766395e-04
7.960144681100448120e-05
-3.730310854423627255e-04
9.195759914312732369e-05
-2.289691757423645724e-04
2.510521614767469395e-04
-2.934395827798987142e-04
1.988198221054892430e-04
-7.437321238229970899e-04
2.837104107901316803e-04
-3.511244245327175412e-04
-7.171133451647657099e-04
-1.401278405067508774e-03
-2.315506820055689748e-03
-3.553211447315620438e-03
-5.205823246996785919e-03
-7.300415160701969296e-03
-9.830131191776895344e-03
-1.259443163235657998e-02
-1.533018711007337782e-02
-1.739683922276161199e-02
-1.815134785219822341e-02
-1.650549073093774202e-02
-1.135756600468377543e-02
-9.857083264939827446e-04
1.678410269995026655e-02
2.400964529084013976e-02
3.200096465971342258e-02
4.164507490264408168e-02
5.277322982000628299e-02
6.310245145482409890e-02
7.348691424177941633e-02
8.579582412781842915e-02
1.073736259631725698e-01
1.468764455095823429e-01
2.082110562561885481e-01
2.685107160692059569e-01
1.852079582779015410e-01
1.211767544688349546e-01
8.799032545190685339e-02
6.589771125288218512e-02
4.932895975654658094e-02
3.655061333121007588e-02
2.656038971932994999e-02
1.894020045436982727e-02
1.320295510700186803e-02
9.001851037184890533e-03
5.968619779575061284e-03
3.807348252220796661e-03
2.250986397391601355e-03
1.101730005032040089e-03
4.411926423105917315e-04
2.414547292970975077e-04
5.953855811064629903e-05
-2.992404415950265383e-04
-5.184476818737985323e-04
-1.376076037349270950e-05
-6.510211329511702552e-04
-4.543425571499652097e-04
5.143135512096131979e-05
-4.984032838917923629e-04
-5.853164327674726872e-04
2.247570654790937350e-04
-6.313114774602761369e-04
-1.388047409386174158e-03
-2.313464225498874233e-03
-3.552900198779952896e-03
-5.205775159939316291e-03
-7.300404295536351389e-03
-9.830130442921464554e-03
-1.259443338014848771e-02
-1.533018799369046704e-02
-1.739684049965378732e-02
-1.815134506639436845e-02
-1.650548737268046212e-02
-1.135756584482088168e-02
-9.857061275096769010e-04
1.678410631419187393e-02
2.400964547886879491e-02
3.200096341273998141e-02
4.164507246016106723e-02
5.277322956322975239e-02
6.310245334087144498e-02
7.348691727220439673e-02
8.579582809701755131e-02
1.073736271771147804e-01
1.468764457273137036e-01
2.082110753457316610e-01
2.685107803174519581e-01
1.852079682131793081e-01
1.211767574468150949e-01
8.799032599083608797e-02
6.589771232089457198e-02
4.932895936944349524e-02
3.655061247127775609e-02
2.656039234687718187e-02
1.894020206740664250e-02
1.320294848718448627e-02
9.001822025614961142e-03
5.968409243187778983e-03
3.805759502426463853e-03
2.238943372738449664e-03
1.008144207465341011e-03
-3.044651650678891191e-04
9.389426063746567682e-05
-2.049942141044906838e-04
9.555324470495553930e-06
-7.654028154763976594e-04
4.022518756182407915e-04
-2.464567080096190721e-04
3.527340550927190706e-04
-2.976677692954855445e-04
2.858398017569410286e-04
-6.268429985444856634e-04
-4.368606045705339500e-04
-7.440459090259227137e-04
-1.408019272213466332e-03
-2.317028132577834184e-03
-3.553544683768145463e-03
-5.205892882677899680e-03
-7.300424012458654570e-03
-9.830131538842021982e-03
-1.259443137005713739e-02
-1.533019117689009628e-02
-1.739684518426965615e-02
-1.815134678082779007e-02
-1.650548605388721737e-02
-1.135756426984441125e-02
-9.857063141309660697e-04
1.678410065532199083e-02
2.400964465596987230e-02
3.200097106072698205e-02
4.164507759025248140e-02
5.277322901195864030e-02
6.310245137006458005e-02
7.348691338884254243e-02
8.579582677430117044e-02
1.073736292326898795e-01
1.468764444323895357e-01
2.082110685350687385e-01
2.685107724049087818e-01
1.852079692797446719e-01
1.211767563950307269e-01
8.799032250735032423e-02
6.589770690871553371e-02
4.932895754910811281e-02
3.655061453652649894e-02
2.656039696980173545e-02
1.894020404045755959e-02
1.320294155122615082e-02
9.001812170540000185e-03
5.968365773656289855e-03
3.805524336775379518e-03
2.237463213406622100e-03
9.971612259958761906e-04
-3.906891822320624473e-04
-1.491144202932925150e-04
2.920681590543724860e-05
-2.991213680377729578e-04
-4.708030899251583554e-04
2.462422231553867795e-04
1.836824737126208952e-04
-1.654809233421430546e-04
-3.357673620595340319e-05
-2.730280441578446194e-04
-5.197990244074756488e-04
-4.125388682278500205e-04
-2.721034324299382592e-04
-3.396258791194928890e-04
-4.563336952416833527e-04
-5.872941631290920809e-04
-6.834850714094299704e-04
-6.464285883582725819e-04
-3.073832801686600760e-04
6.109984605113123182e-04
2.527973513589170957e-03
6.013919807997417620e-03
1.191991595082070310e-02
2.138477659398514349e-02
3.679732313434756763e-02
6.502695991992414604e-02
9.876599999543980712e-02
7.791902678632857404e-02
6.346912792111467083e-02
5.920553882390133110e-02
6.121257225822997888e-02
6.447610903510136993e-02
6.743219404477772405e-02
7.093553166555009726e-02
7.935042399840482041e-02
9.954301353021227650e-02
1.376011812132263146e-01
1.833223492790435061e-01
1.282610412803842637e-01
8.204843447032539316e-02
5.726893040125968087e-02
4.098832337984044394e-02
2.927608680606335473e-02
2.079904618543881520e-02
1.456011817701201999e-02
1.009096402243219760e-02
6.888356548098059119e-03
4.642844573646319820e-03
3.065069859167348070e-03
1.958574487446208216e-03
1.156474029277668181e-03
5.185868402742464757e-04
-1.927570541766820457e-04
1.183906396650184192e-04
-2.332517864090190610e-04
4.503919970637763415e-04
-1.036191065028005685e-04
-4.665771196971578135e-04
-1.793654061028438184e-05
-1.111666492047690304e-04
6.382486612464589881e-05
2.352644400337436034e-04
2.145973026833307841e-04
-2.541138531325514587e-04
-2.538259914758777473e-04
-3.374004727694316914e-04
-4.560602681485931677e-04
-5.872645919546573773e-04
-6.834806800220061349e-04
-6.464226838839778888e-04
-3.073811656064418256e-04
6.109983628563498597e-04
2.527972642329519293e-03
6.013917239079608242e-03
1.191991478924751824e-02
2.138477565344138950e-02
3.679732290352747542e-02
6.502696366451743426e-02
9.876600576196037373e-02
7.791902768896576126e-02
6.346912613104757628e-02
5.920553767546952312e-02
6.121257369509366941e-02
6.447611100042863197e-02
6.743219522817180123e-02
7.093553273908557999e-02
7.935042225454864984e-02
9.954301143864349721e-02
1.376011889728696869e-01
1.833223690943916739e-01
1.282610475624446078e-01
8.204843670999158178e-02
5.726893129285969691e-02
4.098832453519164754e-02
2.927608601946714295e-02
2.079904450053388434e-02
1.456011834897516163e-02
1.009096303750039135e-02
6.888349157327310242e-03
4.642827406765112457e-03
3.065003866047957045e-03
1.958439386680249639e-03
1.157739238873217724e-03
5.427968346714138114e-04
9.434863552716341863e-05
-5.975312571711603390e-05
2.927019993379534010e-04
-3.192083114479668873e-04
-1.606643632285542004e-04
2.819918783278742899e-04
-2.875661142713510665e-04
-4.109730311318999792e-04
-3.249564975921901593e-04
-2.698896490969535317e-04
-3.858845490221199425e-04
-4.159100285128780605e-04
-2.814597495382186723e-04
-3.428736952374330485e-04
-4.571927906521857407e-04
-5.875037989251590638e-04
-6.835311845416799231e-04
-6.464309598756803801e-04
-3.073816306716171064e-04
6.109997291770893511e-04
2.527972246805359428e-03
6.013916436415302560e-03
1.191991539603288498e-02
2.138477828599395086e-02
3.679732558219222377e-02
6.502696521571288413e-02
9.876600190519674305e-02
7.791902435071150490e-02
6.346912901044601818e-02
5.920553768455944638e-02
6.121257038071633433e-02
6.447610819308070840e-02
6.743219156676587278e-02
7.093553246379739885e-02
7.935042602282238455e-02
9.954301317262698179e-02
1.376011867666790400e-01
1.833223644792080775e-01
1.282610477905996860e-01
8.204843502014967649e-02
5.726892690844247874e-02
4.098832108486652470e-02
2.927608810737847636e-02
2.079904917605817846e-02
1.456012288923903830e-02
1.009096178775391144e-02
6.888337688987406643e-03
4.642801321888107534e-03
3.064861835703266892e-03
1.957662754916562192e-03
1.153448012977080625e-03
5.177965437003841402e-04
-6.184432120851255993e-05
-1.975481125348959796e-04
-3.260850804951480829e-04
3.443531104993064699e-04
-1.627603383753451795e-04
-2.399074557956546426e-04
-2.188235546908978842e-04
-3.593694612714954951e-05
-6.261871321501672740e-04
-7.253995611512080997e-05
-4.932984285057739199e-05
2.477694584092431335e-04
2.844716882307282203e-04
7.558748493065979438e-04
1.431364655042322107e-03
2.408333605687284530e-03
3.857530686594020861e-03
5.991845232335320237e-03
9.112572767688261258e-03
1.355080489534285157e-02
1.981515447429120155e-02
2.838847444880799806e-02
4.025253589912697327e-02
5.673143093796358116e-02
8.172000379647571811e-02
1.281215897714582108e-01
1.833860574097999629e-01
1.379857774047438534e-01
1.001294825402931771e-01
7.998268927691053187e-02
7.140298766817081144e-02
6.761335972987742027e-02
6.426212044803479573e-02
6.069166558171994880e-02
5.849650579278214274e-02
6.279820466759170050e-02
7.742523498919280656e-02
9.856083574793991775e-02
6.513462105599217289e-02
3.715436607255520607e-02
2.198279058959557580e-02
1.272611555353540466e-02
6.966794974231679816e-03
3.563561412240572220e-03
1.655883967406582497e-03
6.917731960559649930e-04
2.587783226247025422e-04
1.012555139406519773e-04
6.164151255008316096e-05
5.836649811706923560e-05
5.602114810745404674e-05
5.657595165152220611e-05
1.592561167199212796e-04
3.320466734142416996e-04
-1.748805800883976672e-06
-5.183646234847274960e-04
2.633387806609039814e-04
2.269572812718512851e-04
-5.192348482270539535e-04
-1.583356817957765820e-04
3.191201472085435802e-04
-5.702085200527069525e-04
1.269190037661066712e-04
-5.936863387204926882e-04
1.722402817936810723e-04
7.400068360485146822e-04
1.429052127750247330e-03
2.407984845435383325e-03
3.857478506318519351e-03
5.991841215414483481e-03
9.112571125207630587e-03
1.355080146072562726e-02
1.981515107216591520e-02
2.838847371123402741e-02
4.025253949351223492e-02
5.673143468395818595e-02
8.172000683135494103e-02
1.281215942643713079e-01
1.833860735872889225e-01
1.379857799294418319e-01
1.001294794507251035e-01
7.998268832391285110e-02
7.140299121056777054e-02
6.761336373867514460e-02
6.426212259932057025e-02
6.069166747243857213e-02
5.849650388076732543e-02
6.279820110036345160e-02
7.742523930233712048e-02
9.856084656086935847e-02
6.513462529078350993e-02
3.715436613881585581e-02
2.198278869892952500e-02
1.272611498983502315e-02
6.966794932104073725e-03
3.563561370236945081e-03
1.655883654334108085e-03
6.917716262599515453e-04
2.587699287238196932e-04
1.012279375264311883e-04
6.151896946804310531e-05
5.781362892365403129e-05
5.302715079912652830e-05
3.427089069094436876e-05
-4.854426331569094212e-05
-2.736577712664132155e-04
2.701565950965239453e-04
-2.367629350619791068e-05
-4.646873833896493782e-04
-1.669636306804017905e-04
2.838438362890325305e-04
-3.075407515106348448e-06
-4.239113757237410337e-04
3.959730778110049114e-04
-1.902313955993108121e-04
3.301152900017333001e-05
2.493238279056402820e-04
7.498773924856228087e-04
1.430327609747423893e-03
2.408146705194397566e-03
3.857498253500682255e-03
5.991846441342878367e-03
9.112572367210318783e-03
1.355080211358935562e-02
1.981515232106968380e-02
2.838847391494336153e-02
4.025253904867508864e-02
5.673143525759111877e-02
8.172000663223798200e-02
1.281215898259943919e-01
1.833860497644667631e-01
1.379857720279748512e-01
1.001294833968047887e-01
7.998268974585961977e-02
7.140298806043245128e-02
6.761336069700212004e-02
6.426212045832871422e-02
6.069167008558596504e-02
5.849650980951429102e-02
6.279820220346832294e-02
7.742523466123403530e-02
9.856083726856075533e-02
6.513462261070153414e-02
3.715436696954972640e-02
2.198278910097243785e-02
1.272611652627750334e-02
6.966799155794184059e-03
3.563563935874369381e-03
1.655884279536461515e-03
6.917666826224690927e-04
2.587561299971107465e-04
1.011905602832555937e-04
6.132767527655983916e-05
5.692260062898566982e-05
4.961107313189195038e-05
2.762335476965024455e-05
1.389687395377931070e-05
1.275717878853926859e-04
-4.044710447151934050e-04
1.226956474703821628e-04
6.465452482413931506e-05
-4.868473490708145673e-04
3.782664177960327824e-04
1.364353504756148289e-04
-2.332376148547796017e-04
-1.933056607837493391e-04
-6.304550501128502104e-04
-3.438692369393002218e-04
6.571308674879075898e-04
1.798242298366112659e-03
3.259526852779720974e-03
5.302575176604066784e-03
8.215167290288136193e-03
1.231361835104509417e-02
1.797976893329207571e-02
2.558224868778441810e-02
3.561224605279224992e-02
4.849862565288504124e-02
6.522458007243392419e-02
8.751124785694017194e-02
1.208928863864095621e-01
1.850877736720178690e-01
2.685201177249059157e-01
2.084802103033031317e-01
1.473620972029770770e-01
1.079603618194813763e-01
8.623998681282923906e-02
7.364641196062073070e-02
6.284810401806217861e-02
5.219483336232299403e-02
4.086338505173408436e-02
3.122318605256746774e-02
2.338024792263072513e-02
1.636995898061964841e-02
-9.452480391811362952e-04
-1.097825125354396150e-02
-1.584405235604158940e-02
-1.727076644065166089e-02
-1.637709389966645473e-02
-1.424281718609484229e-02
-1.151472835013817725e-02
-8.811123595263309696e-03
-6.387668458586579293e-03
-4.422734978549609612e-03
-2.912986673501073275e-03
-1.815048111447375295e-03
-1.027114827618395235e-03
-4.427472910216092715e-04
-5.486274463963008382e-06
3.772237041982997598e-04
3.118413428220239000e-04
3.292799066151690904e-04
-5.690991838641912270e-04
-5.294517039354521481e-04
-6.825248531110720196e-04
-5.731130881334536598e-05
-9.868103213702642418e-05
4.181453975898494733e-04
-5.303271643321122962e-04
-9.367791142167023637e-05
6.720172959945254531e-04
1.797461863966125619e-03
3.258982973479057892e-03
5.302430714374022080e-03
8.215137561961719306e-03
1.231361462607303246e-02
1.797976639558264422e-02
2.558224588061403307e-02
3.561224487608798117e-02
4.849862878551093603e-02
6.522458579366470499e-02
8.751125068907593396e-02
1.208928880640954689e-01
1.850877792134374145e-01
2.685201582499809891e-01
2.084802241321052629e-01
1.473620975910984454e-01
1.079603617257461901e-01
8.623999001112393759e-02
7.364641615031579380e-02
6.284810696982157108e-02
5.219483526626604586e-02
4.086337981018215576e-02
3.122317686865900069e-02
2.338024641682182048e-02
1.636996555609951734e-02
-9.452440776696336691e-04
-1.097825027068664167e-02
-1.584405191724597498e-02
-1.727076311208635209e-02
-1.637708892522206361e-02
-1.424281482795700451e-02
-1.151473083561903310e-02
-8.811128532819191214e-03
-6.387683746095113545e-03
-4.422793169065384472e-03
-2.913210959532638519e-03
-1.815684593857370532e-03
-1.026780053808355265e-03
-4.150831052391943765e-04
3.305144439884896506e-04
-1.583690936943295041e-04
1.784047255692736980e-04
-9.027915130273231686e-06
-1.876453380257680039e-04
1.152771233806011876e-04
-2.377426669755850066e-05
-2.254210233555122218e-04
-1.603172008659238730e-04
4.153278323453863025e-04
3.157696022671087756e-04
-5.701902036827670916e-04
6.291384540763397945e-04
1.794911713226342515e-03
3.259185877999070096e-03
5.302552016274459518e-03
8.215170851560940624e-03
1.231362430951756307e-02
1.797976606082442308e-02
2.558224294258184400e-02
3.561224485449226290e-02
4.849862881334799508e-02
6.522458585789557561e-02
8.751125229374645542e-02
1.208928880324864064e-01
1.850877718766862079e-01
2.685201105232816743e-01
2.084802124398507650e-01
1.473621034353660153e-01
1.079603623238001991e-01
8.623998439717915632e-02
7.364641092840475134e-02
6.284810424135454932e-02
5.219483772462770593e-02
4.086338491400581807e-02
3.122317783675264413e-02
2.338024403804131804e-02
1.636995993043206116e-02
-9.452454468655810448e-04
-1.097825065997489954e-02
-1.584405629811377891e-02
-1.727076548898586611e-02
-1.637708582127275769e-02
-1.424281197516432014e-02
-1.151472857663560743e-02
-8.811130737332958929e-03
-6.387695345766154081e-03
-4.422843334046514495e-03
-2.913527227121240175e-03
-1.817666256513960580e-03
-1.039314923959987896e-03
-4.964610892502385091e-04
-2.148199049038912575e-04
-3.660958713865298652e-04
-1.942742349831451962e-04
-3.653239156292609137e-04
-2.662468539279198962e-04
3.595295389227145394e-04
-2.397869730151549366e-04
-1.487147146285558072e-04
-2.468040865966823435e-04
-1.332739532666290952e-04
2.672489362964053025e-04
-5.814523706122934338e-06
1.134395219829093578e-03
2.787479203800420809e-03
4.955360266661954470e-03
7.972074641024382013e-03
1.220392292005586035e-02
1.805321365719881124e-02
2.592478995666438676e-02
3.621481818577533540e-02
4.929629921450155716e-02
6.559068859665993789e-02
8.595957786555255553e-02
1.125999032744519068e-01
1.525884483466010133e-01
2.320059829965611109e-01
3.453746698527113690e-01
2.876117475614567431e-01
2.103009966804834652e-01
1.480212615509750029e-01
1.082324145923039133e-01
8.414272096111111154e-02
6.508390560386906332e-02
4.618261474374701914e-02
2.387929739094757364e-02
-6.035316885543323987e-04
-3.085507094617172263e-02
-6.656120878323322498e-02
-6.811486939646363425e-02
-5.970654122296761845e-02
-5.371900943950971147e-02
-4.693415701704776316e-02
-3.922869801293796255e-02
-3.151290859508769360e-02
-2.420879319625640971e-02
-1.791297835929768142e-02
-1.272447083515958373e-02
-8.714752822704043000e-03
-5.723789304313481492e-03
-3.576485623216534276e-03
-2.030197814229138184e-03
-8.182191533078874562e-04
5.213991921413945645e-04
2.685898983877705475e-04
2.379146809518755000e-05
2.415819863952230868e-04
1.869570974550264358e-04
-1.895475663541549053e-05
8.464658034241292215e-05
-5.411501463991736077e-04
1.254263336587468836e-05
-2.983980209228737426e-04
-5.409998420204442703e-04
-2.273983901391191109e-04
1.106554187963687194e-03
2.783419915629860211e-03
4.954706081053814395e-03
7.971964362081168654e-03
1.220390626386461987e-02
1.805321345415908732e-02
2.592479058013101578e-02
3.621481782412669381e-02
4.929629888686948291e-02
6.559069156206466522e-02
8.595958166038338011e-02
1.125999031896670610e-01
1.525884478793350651e-01
2.320059829467779611e-01
3.453746735559453662e-01
2.876117491435221107e-01
2.103009979910379634e-01
1.480212605541323667e-01
1.082324159050237766e-01
8.414272274411785379e-02
6.508390811815337185e-02
4.618261849556227344e-02
2.387929650175248109e-02
-6.035357866401649951e-04
-3.085507353201676767e-02
-6.656120922271248352e-02
-6.811486919139871088e-02
-5.970654117187197685e-02
-5.371900694296761342e-02
-4.693415374083555885e-02
-3.922869525388907042e-02
-3.151290979808631793e-02
-2.420879857624261972e-02
-1.791298498331000619e-02
-1.272449802096459887e-02
-8.714898027165313837e-03
-5.724553299986666864e-03
-3.580520746532464983e-03
-2.051740195986467754e-03
-9.351444302158984454e-04
-1.272834772151174737e-04
1.107620313769704063e-04
1.201383934306292557e-04
1.055968073449880601e-04
-1.149599591741423896e-05
9.698081452046292811e-05
-1.722497030051792406e-04
1.310586489830394051e-04
-2.415999992242648018e-04
1.909903245517452464e-04
-8.110943106993261272e-04
3.534498293925640512e-04
1.193596968204263401e-03
2.797994588892892612e-03
4.957287579216321065e-03
7.972436055712770614e-03
1.220399363981105115e-02
1.805323133450543321e-02
2.592479275001251596e-02
3.621481824966650553e-02
4.929630386630542982e-02
6.559069549853839554e-02
8.595958306469628218e-02
1.125999035790137132e-01
1.525884445207855988e-01
2.320059754407004793e-01
3.453746691062459795e-01
2.876117514996495150e-01
2.103010036701639385e-01
1.480212586887733883e-01
1.082324088154727748e-01
8.414271735428238697e-02
6.508390580121094227e-02
4.618262155021431170e-02
2.387930166774879237e-02
-6.035349459622590170e-04
-3.085507510845170165e-02
-6.656121229958431029e-02
-6.811486675214421804e-02
-5.970653802798157883e-02
-5.371900899859373413e-02
-4.693415448939771556e-02
-3.922869215091058515e-02
-3.151290893807383309e-02
-2.420879753047102539e-02
-1.791298590534952384e-02
-1.272450277228634637e-02
-8.714909287915786548e-03
-5.724625140756463455e-03
-3.580980862237789948e-03
-2.054454218181722951e-03
-9.504396593968251995e-04
-2.094252204429992309e-04
-1.924651362136115516e-04
-4.341049851518461030e-04
-1.928664449243719283e-04
-3.800544657535173546e-04
4.369116297304413547e-04
-2.792996058326981871e-04
1.826812909901841188e-04
-9.251903399904870681e-05
-5.100742697822679321e-04
-2.382324879556429109e-04
-3.276573334318717639e-04
1.464601714675533434e-03
3.639354834310139231e-03
6.432987299773814532e-03
1.029326736897290609e-02
1.564777276799336758e-02
2.296801918913687901e-02
3.263851707651795053e-02
4.507203437502667331e-02
6.047112538265388831e-02
7.926816755690849203e-02
1.021640133219954977e-01
1.317157472084624359e-01
1.763492625967965077e-01
2.669880900531814150e-01
4.051805560963713249e-01
3.654944164502654802e-01
2.925325805261164702e-01
2.103952178819807894e-01
1.457432529726520876e-01
1.026768771793256513e-01
6.971290353205937540e-02
4.002549432484651254e-02
6.408971612149698405e-03
-3.505335494182781897e-02
-9.100019784380895815e-02
-1.550688880653397494e-01
-1.350576291034123466e-01
-1.064191158615040572e-01
-8.909483523597377941e-02
-7.412806464845207721e-02
-6.001155122976857548e-02
-4.710065502089354900e-02
-3.565029238948265455e-02
-2.608539273186821772e-02
-1.840758660701866459e-02
-1.255037468901333726e-02
-8.230577379069604904e-03
-5.143209242462315131e-03
-2.924439762861567350e-03
-1.169992627144189135e-03
8.681725044832831186e-04
1.396111983863626105e-04
3.419705336220492517e-04
6.420816428142525319e-04
3.690729333391120850e-05
-3.421473357759368967e-04
7.879668689266824217e-05
5.643233288325626715e-04
-4.781997749286373794e-04
2.922917724815727648e-04
-3.711427898027825061e-04
-2.359889283047589541e-04
1.470827254145432202e-03
3.639620274089155980e-03
6.432984913101337694e-03
1.029327153690410071e-02
1.564777724172332699e-02
2.296802147380005987e-02
3.263851789239136797e-02
4.507203326135837684e-02
6.047112434355196575e-02
7.926817094203809921e-02
1.021640172889342196e-01
1.317157472010120622e-01
1.763492602996120928e-01
2.669880740316766254e-01
4.051804748634814102e-01
3.654944045132442754e-01
2.925325830683104811e-01
2.103952209478628099e-01
1.457432563538485215e-01
1.026768773667486728e-01
6.971290312336964057e-02
4.002549551567347041e-02
6.408970509859394232e-03
-3.505335706662096595e-02
-9.100020186915273868e-02
-1.550688921487963501e-01
-1.350576271092475134e-01
-1.064191166137433558e-01
-8.909483327884978876e-02
-7.412806317405344625e-02
-6.001154955662123258e-02
-4.710065534380927094e-02
-3.565029541869563917e-02
-2.608539780860057167e-02
-1.840761894966082973e-02
-1.255056288826104753e-02
-8.231616331051648527e-03
-5.149006147712947151e-03
-2.957324181290677673e-03
-1.360667200882618782e-03
-2.658123813126645851e-04
1.950404556619650582e-04
1.744815461831981549e-04
-1.704654607096047248e-05
-5.718375606874925897e-04
-3.758118707573866431e-04
-1.163628623862241943e-05
-2.650519256725629414e-04
-5.942863771375241132e-05
3.724082144682571349e-04
2.057650566040141252e-04
2.098200590374951280e-04
1.557734619836067310e-03
3.656516967351813082e-03
6.436194961488736835e-03
1.029387342715632966e-02
1.564788929378504306e-02
2.296804373715204475e-02
3.263852174272176276e-02
4.507203469613078189e-02
6.047112910173747802e-02
7.926817411640238453e-02
1.021640181682085119e-01
1.317157475284740087e-01
1.763492563676595237e-01
2.669880624868393726e-01
4.051804242490935071e-01
3.654943974278629382e-01
2.925325859538736029e-01
2.103952160722836473e-01
1.457432511060893499e-01
1.026768777234375596e-01
6.971290584302014537e-02
4.002549961343095097e-02
6.408971963862754653e-03
-3.505336192093376491e-02
-9.100021254567679241e-02
-1.550689639852047275e-01
-1.350576359205092614e-01
-1.064191149137037051e-01
-8.909483424044196964e-02
-7.412806231797886003e-02
-6.001154625818030247e-02
-4.710065659097953383e-02
-3.565029663723003062e-02
-2.608539951411982180e-02
-1.840761757536513166e-02
-1.255052553162482216e-02
-8.231386114834590012e-03
-5.147622659666518594e-03
-2.948588224866295106e-03
-1.303425740994645834e-03
1.221903162663214482e-04
-4.877370903174599683e-04
-1.320915407021568014e-04
-3.955578872173131743e-04
3.329640617864862927e-04
1.415477906033155945e-04
-7.031290714998218066e-05
-2.187786357803428808e-04
7.890866769812103347e-05
-2.685498657619273520e-04
-4.540900468016356305e-04
1.320122254278577052e-04
1.826911213373395414e-03
4.338823211489459958e-03
7.623589040815502947e-03
1.215654938981113563e-02
1.839479055249788886e-02
2.686035451520561723e-02
3.789407667872985580e-02
5.192015116121306839e-02
6.896507670025998904e-02
8.948008789984421285e-02
1.140094945961102196e-01
1.452986002561811596e-01
1.927735300716555134e-01
2.903129171984559220e-01
4.448868060194518526e-01
4.240196217959932845e-01
3.767950677406093907e-01
2.976685812608889647e-01
2.082029440133929543e-01
1.379735743178859830e-01
8.540252106910459218e-02
3.774498932991828676e-02
-1.672008621038211310e-02
-8.200396160824065250e-02
-1.660448706446781275e-01
-2.523159502863446813e-01
-1.986018115325772215e-01
-1.478174819426114894e-01
-1.193175944325169241e-01
-9.677922095653426759e-02
-7.722228254078329635e-02
-5.990771785199990734e-02
-4.507454836142792826e-02
-3.279882189051808866e-02
-2.308447268644230402e-02
-1.569884377854811885e-02
-1.028863901817372341e-02
-6.431758133006138314e-03
-3.687957927811729309e-03
-1.626051631837307186e-03
2.023448823348513131e-04
-1.157849298421574418e-04
-2.237388662384251384e-04
-4.300190247218841169e-04
1.956673365723139192e-04
4.470796927194120173e-04
-6.099030948255115734e-06
-2.174470397200158983e-05
-4.267459344038298857e-04
-3.559478515090262253e-04
3.249172712022644011e-04
-1.063311031919017828e-04
1.808567623230806880e-03
4.338303846794796560e-03
7.623833198207689843e-03
1.215663864333522276e-02
1.839481360685206804e-02
2.686035920473730729e-02
3.789407768321331055e-02
5.192015005657509008e-02
6.896507611278838989e-02
8.948009147030787369e-02
1.140094962513873017e-01
1.452985972696600458e-01
1.927735226555216952e-01
2.903128751857474987e-01
4.448865013960667802e-01
4.240195747967296369e-01
3.767950685350231477e-01
2.976685868848217287e-01
2.082029483924724700e-01
1.379735725182159867e-01
8.540251764778268584e-02
3.774498588924763559e-02
-1.672009220946348018e-02
-8.200396597493911366e-02
-1.660448726717133061e-01
-2.523159803119364164e-01
-1.986018049057773627e-01
-1.478174794041583473e-01
-1.193175883343362137e-01
-9.677921655440623050e-02
-7.722228047842817633e-02
-5.990771845264951379e-02
-4.507455179498036368e-02
-3.279882763625961012e-02
-2.308449904437481076e-02
-1.569897922379505720e-02
-1.028932457398541375e-02
-6.435181026575216741e-03
-3.704497458564625246e-03
-1.701321830795622832e-03
-9.643671177280230137e-05
7.168372176138168399e-05
3.117973678593355998e-04
-1.918854636193220340e-04
-8.306957692590123937e-04
2.580383011546475368e-04
-2.847349658308181834e-04
4.604529211097595676e-04
1.770756651618033035e-04
-4.206449867729284168e-04
-9.508880384035033528e-04
4.243321458633735467e-04
1.897474201553192227e-03
4.354309702334691924e-03
7.626771722458230464e-03
1.215718485901883493e-02
1.839491583824730270e-02
2.686037809090333073e-02
3.789407898242698469e-02
5.192014956520081548e-02
6.896507889005344671e-02
8.948009282845592605e-02
1.140094959799297925e-01
1.452985981052146158e-01
1.927735205611202651e-01
2.903128532709753351e-01
4.448863069453699026e-01
4.240195444732035579e-01
3.767950669570720446e-01
2.976685786556851343e-01
2.082029409000807907e-01
1.379735720897117823e-01
8.540252044832112588e-02
3.774499131372029831e-02
-1.672008938205697334e-02
-8.200396676996998813e-02
-1.660448703934509496e-01
-2.523159733710245156e-01
-1.986018116641591891e-01
-1.478174813941976473e-01
-1.193175934959478518e-01
-9.677921802208544477e-02
-7.722227730286961023e-02
-5.990771795415952838e-02
-4.507455065648669629e-02
-3.279882752340853441e-02
-2.308449380250683983e-02
-1.569892687912499002e-02
-1.028905110748419387e-02
-6.433832986767862305e-03
-3.698132807139575904e-03
-1.674775742713121782e-03
-2.129392457618921420e-05
2.331561815525002082e-04
-1.233526936036944115e-04
-2.065160560939803308e-04
-1.584033544831876979e-04
-6.860238401434971584e-05
-2.907683260103606396e-04
3.270945797675568214e-04
-5.810833618863487206e-04
1.847597643184092876e-04
-4.848012687437254975e-04
-4.248446872358470740e-04
1.963185108880319361e-03
4.811409864639950781e-03
8.456823824530779188e-03
1.346281262850626201e-02
2.031169831105935145e-02
2.955930119428031369e-02
4.150412363197384519e-02
5.657396655961518389e-02
7.466054969586828627e-02
9.622290015647926020e-02
1.217011355578592607e-01
1.539015635584796982e-01
2.029437932187715399e-01
3.044377415552950716e-01
4.693742232123165881e-01
4.593105833335201504e-01
4.383655841695496824e-01
3.937018948341467484e-01
3.131358653905622624e-01
2.135446777362259296e-01
1.214463862411018780e-01
3.923826695397001491e-02
-4.975477446110320584e-02
-1.557168984885300977e-01
-2.719724345257271136e-01
-3.583266577045065016e-01
-2.546312193297138315e-01
-1.806440831102028022e-01
-1.420784019362513750e-01
-1.132259812366988999e-01
-8.962807187692789501e-02
-6.904157836852069241e-02
-5.181892562631212201e-02
-3.759036812443605768e-02
-2.643225590542849432e-02
-1.794857053201086641e-02
-1.176053398221240179e-02
-7.352687085038366217e-03
-4.234551413413906867e-03
-1.930944300385801496e-03
1.754478037889468014e-05
-5.222093138840825716e-05
1.960723410024917899e-05
3.260682539436538614e-04
-2.421200997583059108e-04
-5.654984669678211808e-04
2.341576145054362020e-04
4.445504430504318904e-04
-2.711836441610143873e-04
-6.007939732166352837e-04
-4.001074197585958254e-05
3.158019056409056870e-04
2.060979096576651733e-03
4.825377190182183855e-03
8.458916834822874375e-03
1.346314288846571505e-02
2.031175308806493565e-02
2.955931012460451951e-02
4.150412571775336651e-02
5.657396598497366896e-02
7.466054917328222851e-02
9.622290297431304595e-02
1.217011354672469653e-01
1.539015593034611384e-01
2.029437848586066184e-01
3.044377171923850489e-01
4.693743514609912681e-01
4.593105964845896061e-01
4.383655899948862844e-01
3.937018992973818077e-01
3.131358674745742809e-01
2.135446738989102144e-01
1.214463856288068994e-01
3.923827023806830683e-02
-4.975477268475595599e-02
-1.557168907234959820e-01
-2.719723890335458139e-01
-3.583262658335182871e-01
-2.546311639591007370e-01
-1.806440775376045860e-01
-1.420783980088551057e-01
-1.132259787081716235e-01
-8.962807134382359819e-02
-6.904157857385052888e-02
-5.181892796852895916e-02
-3.759037291942533832e-02
-2.643227228560085518e-02
-1.794864179137154944e-02
-1.176085883746467650e-02
-7.354150234712152762e-03
-4.241088537296656448e-03
-1.961587471436679938e-03
-1.503944914639903101e-04
-2.643174185523756777e-05
1.828225544895704891e-04
1.618576528200068253e-04
-2.356927809008254140e-05
3.430727596426715043e-04
-1.084462238676972188e-04
2.892762652721485262e-04
-2.976255016422326739e-04
4.162083098617541449e-04
4.704688886757364086e-06
3.489656150886785756e-04
2.080927821381807399e-03
4.830912179657296558e-03
8.460196681833204169e-03
1.346342015612560748e-02
2.031181135245550481e-02
2.955932140645602113e-02
4.150412629285681054e-02
5.657396663686042187e-02
7.466055292016628153e-02
9.622290482288348157e-02
1.217011355637572234e-01
1.539015605132184605e-01
2.029437845440860699e-01
3.044376993245016538e-01
4.693740183808418620e-01
4.593105515614549494e-01
4.383655840852420660e-01
3.937018903977798634e-01
3.131358584377680332e-01
2.135446727829430069e-01
1.214463880319544276e-01
3.923827290392187250e-02
-4.975477167241577209e-02
-1.557168917961926358e-01
-2.719723944944587579e-01
-3.583263372087212573e-01
-2.546311857669754097e-01
-1.806440807023211859e-01
-1.420784013232551379e-01
-1.132259786442490340e-01
-8.962806880811412247e-02
-6.904157891304792127e-02
-5.181892784532354801e-02
-3.759037301319376190e-02
-2.643226298745692676e-02
-1.794857486793547535e-02
-1.176052256901014177e-02
-7.352439705885250969e-03
-4.232062638410508462e-03
-1.911086418883027431e-03
1.604756895141340868e-04
-7.806658046108666158e-05
-1.003436006001156460e-04
-4.761761697949420794e-04
2.484397018694867762e-04
1.045730177486166936e-04
-5.492330273027716883e-04
-3.861278418509494093e-04
-4.124514300438644364e-04
-9.950629843051520791e-07
-3.426463237527130052e-04
1.070580184658687578e-04
2.117435551719185072e-03
5.063707098517883712e-03
8.891559634903633408e-03
1.414375590230298498e-02
2.130678765798539945e-02
3.095333977729122082e-02
4.335463648617607357e-02
5.894201238353900113e-02
7.752818464384299280e-02
9.958377258918817143e-02
1.254789246462712504e-01
1.580653743650125842e-01
2.078673671743137275e-01
3.118946345426543698e-01
4.880968132365675061e-01
4.802408474552501416e-01
4.716041676265490534e-01
4.570550291317233005e-01
4.256787176749438073e-01
3.577891999765587805e-01
2.369208102735204380e-01
6.760760561756121167e-02
-1.295702967858078647e-01
-2.967795646407302423e-01
-3.973858783805687134e-01
-4.458009113079671737e-01
-2.910568605922334573e-01
-1.997790424625442152e-01
-1.546276891126859843e-01
-1.219362272264675612e-01
-9.615623119879491976e-02
-7.379432341183833621e-02
-5.534544985849689652e-02
-4.009083939901400551e-02
-2.818730253415322948e-02
-1.912775981149502508e-02
-1.253410255570510355e-02
-7.836877236584369188e-03
-4.524585078998701916e-03
-2.118991516396612727e-03
-3.477121791055464957e-04
8.472139424833793257e-05
1.618130829582622662e-04
2.993845661333655817e-05
4.362611428089058847e-04
1.275813096339428992e-04
-7.227854417282426197e-05
2.837407697790938653e-04
4.676334256122421863e-05
1.250552491913258597e-04
-4.882840852763046429e-04
-1.641655341156655933e-04
2.100179757716119644e-03
5.064020362744969285e-03
8.891992843486578799e-03
1.414387717772664678e-02
2.130681428403078878e-02
3.095334425334763523e-02
4.335463843879322487e-02
5.894201329392329686e-02
7.752818578723333354e-02
9.958377601814945301e-02
1.254789241605420436e-01
1.580653658524378280e-01
2.078673248576790034e-01
3.118943579124320853e-01
4.880945842937524093e-01
4.802406504981837632e-01
4.716041555579233990e-01
4.570550297969984688e-01
4.256787162348299458e-01
3.577891944819940329e-01
2.369208087768073512e-01
6.760761292170545944e-02
-1.295702909649436851e-01
-2.967795387245387717e-01
-3.973857542715115709e-01
-4.457998529601530646e-01
-2.910567313537503753e-01
-1.997790265755727546e-01
-1.546276855047250542e-01
-1.219362264885490155e-01
-9.615623166332695759e-02
-7.379432305699319683e-02
-5.534545104061373844e-02
-4.009084210372724361e-02
-2.818730937227436825e-02
-1.912778723003245862e-02
-1.253419703974523874e-02
-7.836999052795213389e-03
-4.522516237042809722e-03
-2.087763514334498027e-03
-2.373218117108122195e-05
-4.801820299436010972e-04
-1.007888934632027801e-04
5.152302046307834265e-05
-1.611395602328742822e-04
3.405447099711318769e-04
-2.118206419109483067e-05
-6.489517066797002593e-05
-4.612682293971863347e-05
5.044934309930129354e-05
3.683998051575595426e-04
3.678980562774449779e-05
2.119249855726550516e-03
5.066181635030257008e-03
8.892345217399446819e-03
1.414395816428669177e-02
2.130683503532314338e-02
3.095334880154606422e-02
4.335463902179912538e-02
5.894201514803225350e-02
7.752819002824158645e-02
9.958377774697148299e-02
1.254789239213428831e-01
1.580653692961636880e-01
2.078673508692546745e-01
3.118945373032010471e-01
4.880960313719530097e-01
4.802407744933682721e-01
4.716041615864929315e-01
4.570550263108990596e-01
4.256787119305988631e-01
3.577891920261146996e-01
2.369208132263807831e-01
6.760761457342309710e-02
-1.295702978298664820e-01
-2.967795678572465734e-01
-3.973858758510907530e-01
-4.458009730415780636e-01
-2.910568550486760109e-01
-1.997790415864671987e-01
-1.546276887692956126e-01
-1.219362262388886398e-01
-9.615623055693947596e-02
-7.379432424358881026e-02
-5.534545249997233768e-02
-4.009084217881257045e-02
-2.818729524163791217e-02
-1.912770947210783862e-02
-1.253384011855623696e-02
-7.835433754002796986e-03
-4.516568305316406157e-03
-2.074084138730973668e-03
-9.126687713767121497e-05
5.871980005974686192e-04
-2.963315420794169369e-04
1.835072716485441435e-04
3.237417473635140685e-04
-9.189611466303690738e-05
-4.938416324799235410e-04
-1.159244490582035691e-04
-3.405845216301237022e-04
-3.611998980315665720e-04
-4.641828665062481510e-04
-4.579125179814878100e-05
2.101004712352628773e-03
5.066079482486969023e-03
8.902757443931867687e-03
1.416143988435200098e-02
2.132957279570503115e-02
3.098000812041164231e-02
4.338377687815223732e-02
5.897191395682972737e-02
7.755715762170764527e-02
9.961039469253868406e-02
1.255027812387346786e-01
1.580870275486730980e-01
2.078907969555239543e-01
3.119289430718715228e-01
4.881646110626317592e-01
4.803310149879699842e-01
4.717472803090991262e-01
4.572828018446789544e-01
4.259970768415374254e-01
3.580449228197330469e-01
2.369366063686788038e-01
6.752121897314854182e-02
-1.296090819037623021e-01
-2.967803008827672451e-01
-3.973921710050841161e-01
-4.458094566069861764e-01
-2.910635864399975237e-01
-1.997851592896851824e-01
-1.546365937038819416e-01
-1.219478540036985498e-01
-9.617105563338219920e-02
-7.381161598845821514e-02
-5.536430769775317617e-02
-4.010996070298676608e-02
-2.820539732725858839e-02
-1.914376963950401370e-02
-1.254703865606172572e-02
-7.844565870896009346e-03
-4.515741062177682473e-03
-2.024557721799065575e-03
2.878225654747569953e-04
-2.340826641891980656e-04
1.686886913074940326e-04
1.542704039574336369e-04
-4.370585133216243448e-04
-1.853513205569076998e-04
3.138854465917494964e-04
1.909475459693148560e-04
3.379180343195966837e-04
3.852667818682652752e-04
-1.642896026879463146e-04
3.841312034367329125e-04
2.147236290714125365e-03
5.071322238687173828e-03
8.903392759463517672e-03
1.416152824428592791e-02
2.132958636929341983e-02
3.098000893889685248e-02
4.338377791081968193e-02
5.897191428290116111e-02
7.755715686574991830e-02
9.961039520607047060e-02
1.255027790678416855e-01
1.580870185612762990e-01
2.078907539820705475e-01
3.119286731170856641e-01
4.881625546413798644e-01
4.803308103538102003e-01
4.717472637235646249e-01
4.572827984095129694e-01
4.259970681820264282e-01
3.580449153847061194e-01
2.369366030336080564e-01
6.752121964274375443e-02
-1.296090858531095680e-01
-2.967802696545601693e-01
-3.973920571184172967e-01
-4.458086913741803325e-01
-2.910634823782704550e-01
-1.997851422199793392e-01
-1.546365877850650605e-01
-1.219478510897892415e-01
-9.617105392556546395e-02
-7.381161422342573386e-02
-5.536430901442591923e-02
-4.010996319772484192e-02
-2.820540048699322899e-02
-1.914379230220933717e-02
-1.254720646336077855e-02
-7.845813792911743301e-03
-4.525243753779583863e-03
-2.097249275475878035e-03
-2.678217624298272355e-04
-3.303664959507637074e-04
2.034244542989534731e-04
2.899444799432850258e-04
-3.563973223174430905e-05
2.630879052593957214e-04
-5.261413250201732808e-05
3.391986807525854608e-04
-5.555688723645980844e-04
5.614932563650112908e-04
-3.362308306550292823e-05
-3.287771964216339897e-04
2.064396446361273490e-03
5.061592727618453511e-03
8.902300959681001477e-03
1.416142111690905231e-02
2.132957949235158093e-02
3.098000819805428810e-02
4.338377699476878707e-02
5.897191394880845622e-02
7.755715832815859856e-02
9.961039601245631758e-02
1.255027799545231360e-01
1.580870245846317523e-01
2.078907890327845731e-01
3.119289000106692522e-01
4.881643846765120198e-01
4.803309964677763277e-01
4.717472815459928248e-01
4.572828049240232340e-01
4.259970744346405214e-01
3.580449185372941434e-01
2.369366055625795608e-01
6.752122237297504548e-02
-1.296090940227692112e-01
-2.967803021860560553e-01
-3.973920943346310186e-01
-4.458089303621198263e-01
-2.910635237236442463e-01
-1.997851493439389836e-01
-1.546365901976740342e-01
-1.219478505231296195e-01
-9.617105296631960065e-02
-7.381161454838333635e-02
-5.536431008629531109e-02
-4.010996111752822973e-02
-2.820538005784182720e-02
-1.914368972669870314e-02
-1.254665514732315745e-02
-7.842714276534537218e-03
-4.507240378391464894e-03
-1.988602931563179365e-03
4.138487598824132580e-04
4.059815237337672123e-04
-2.212874028825252714e-04
1.033078503347746585e-04
2.068189497625964478e-04
2.093070725176693803e-04
-4.620293381371640249e-04
3.533182065290186940e-04
-1.068939623996888807e-04
8.291857803783558183e-05
2.594773888441803680e-05
1.643578870497288080e-05
2.000514262531516169e-03
4.829274544832487873e-03
8.492768004248186370e-03
1.351673640087023079e-02
2.038060906640304717e-02
2.964009140434778825e-02
4.159261373840723863e-02
5.666540577294250369e-02
7.474930694315520818e-02
9.630535603698438252e-02
1.217746025985464720e-01
1.539696673047748487e-01
2.030168452251970845e-01
3.045509379596943456e-01
4.696126379786931815e-01
4.596214773683987009e-01
4.387987527668559817e-01
3.941649627489105523e-01
3.133275172768532069e-01
2.133471317786586330e-01
1.211354055870645235e-01
3.905492495016365390e-02
-4.979888806982574190e-02
-1.556796985489031782e-01
-2.719680369937761966e-01
-3.583549865717631788e-01
-2.546523641536346250e-01
-1.806644734594386736e-01
-1.421071616637740453e-01
-1.132628561292973596e-01
-8.967429771441633168e-02
-6.909497919336425598e-02
-5.187666236426379668e-02
-3.764858584262296970e-02
-2.648715987009538086e-02
-1.799726370991264895e-02
-1.180132577501687152e-02
-7.385655792116950676e-03
-4.263452497577449769e-03
-1.977978961143479503e-03
-1.810871790804273495e-04
1.096843657320276864e-04
2.203292278767015147e-04
5.567683074686658904e-04
1.884637345071257634e-04
-1.578460175909263889e-04
3.371916334115980518e-04
-9.799685795947607556e-05
-1.871656637570332925e-04
9.651113326637909059e-06
-3.912283073251887643e-04
-6.268216162944679950e-04
1.922552430071237418e-03
4.819437244700027802e-03
8.491520703983479815e-03
1.351658139386006929e-02
2.038058959319823810e-02
2.964008700880068140e-02
4.159261403152264558e-02
5.666540675386783771e-02
7.474930722944447825e-02
9.630535778042542683e-02
1.217746021974379506e-01
1.539696626353493081e-01
2.030168195187173064e-01
3.045507753383711047e-01
4.696115082840866539e-01
4.596213554210307195e-01
4.387987491313333210e-01
3.941649621602927867e-01
3.133275114167832220e-01
2.133471317501682840e-01
1.211354107277202719e-01
3.905492872805805399e-02
-4.979888630336305744e-02
-1.556796777236806040e-01
-2.719679752193195355e-01
-3.583546882954644075e-01
-2.546523181850257056e-01
-1.806644661561232490e-01
-1.421071599586205825e-01
-1.132628550284886099e-01
-8.967429575371135830e-02
-6.909497704751710323e-02
-5.187666322123609536e-02
-3.764858559041492359e-02
-2.648715105272940809e-02
-1.799722592470488769e-02
-1.180113640537491966e-02
-7.384723218864263673e-03
-4.259276823676510018e-03
-1.962478236608499859e-03
-1.554618234894369270e-04
-2.458595282137110167e-04
-3.552480871410298904e-05
3.775773295581622067e-04
-4.107214501683275959e-04
-2.180691575627133805e-04
-3.721151736935128577e-05
-4.740637584599408398e-04
-3.705157590194888342e-04
6.620001191652728550e-04
-2.080932061556094983e-04
1.382967133244546989e-04
2.016976651336353961e-03
4.831717879754790848e-03
8.493160968760899224e-03
1.351680883465609245e-02
2.038062223545949667e-02
2.964009139053542380e-02
4.159261541267458145e-02
5.666540757419331886e-02
7.474930893002974808e-02
9.630535935250150725e-02
1.217746032986246341e-01
1.539696649080862789e-01
2.030168323579656653e-01
3.045508433082155242e-01
4.696118339816275911e-01
4.596214036977869788e-01
4.387987489694427090e-01
3.941649672737297938e-01
3.133275175954811087e-01
2.133471379745116303e-01
1.211354133034534958e-01
3.905492544335811139e-02
-4.979889870178782346e-02
-1.556796971701548404e-01
-2.719679925096760709e-01
-3.583548383318049257e-01
-2.546523390720714097e-01
-1.806644718904858726e-01
-1.421071640105245892e-01
-1.132628569206550195e-01
-8.967429729010999162e-02
-6.909497946658070544e-02
-5.187666556014714631e-02
-3.764858231007933015e-02
-2.648713180607098136e-02
-1.799714942324944986e-02
-1.180075590863475382e-02
-7.382742880215505815e-03
-4.248565716520497602e-03
-1.900983802886128428e-03
2.240282424759099328e-04
3.306257312895216952e-04
7.097860691750945911e-04
-2.783495718424578271e-04
-6.505559188566130109e-04
-3.294080372663061988e-04
-1.445391963211675810e-04
-4.189888381354187280e-04
-4.757443922510003480e-04
2.030361067822035752e-04
-4.244143152554382022e-04
-1.076522550135491860e-05
1.823945239472181011e-03
4.373660968144447124e-03
7.688458336907644589e-03
1.224858223691065867e-02
1.851099951761629378e-02
2.699666884313969839e-02
3.804436104072994596e-02
5.207643800982130616e-02
6.911840092887586162e-02
8.962353081400478705e-02
1.141394233600055153e-01
1.454209543090979329e-01
1.929095618602792439e-01
2.905301886500864517e-01
4.453412094204313720e-01
4.245796007017608176e-01
3.773650075921020086e-01
2.978595977908377046e-01
2.078918748390723992e-01
1.374958206504318936e-01
8.500959191005176552e-02
3.754122620974478797e-02
-1.676963667342725242e-02
-8.194950121745478433e-02
-1.660054240637168499e-01
-2.523275581718911753e-01
-1.986322991090527235e-01
-1.478529606080373204e-01
-1.193681756863220617e-01
-9.684431235100127155e-02
-7.730265347317706592e-02
-5.999983173796292341e-02
-4.517313209035285493e-02
-3.289762618878625672e-02
-2.317712398792349388e-02
-1.578087279547323030e-02
-1.035795835965774327e-02
-6.491672048773586279e-03
-3.756895234593350067e-03
-1.790391021468283215e-03
-5.046567779863533193e-04
-2.711403990427594030e-04
-5.596292504134215166e-04
-4.433615026849465376e-04
9.256274964624862671e-05
1.757195647639135487e-04
1.759777983047123326e-04
-2.904027405639440871e-04
-2.184009302591851634e-04
4.904727690697829445e-04
1.570795731582616745e-04
2.980728056483548070e-04
1.857606970941919457e-03
4.377335282866380052e-03
7.688842746443880216e-03
1.224862132776148235e-02
1.851100256823337564e-02
2.699666699064637992e-02
3.804436137935636453e-02
5.207643869591500191e-02
6.911840086733313238e-02
8.962353150616951536e-02
1.141394217967469649e-01
1.454209514451640650e-01
1.929095520727825419e-01
2.905301354212009302e-01
4.453409488281099837e-01
4.245795652305098811e-01
3.773650103491004160e-01
2.978595954234974363e-01
2.078918664072527955e-01
1.374958178235564932e-01
8.500959691383451478e-02
3.754123091382542687e-02
-1.676963352755478018e-02
-8.194948844535221433e-02
-1.660054075661903106e-01
-2.523275327902450571e-01
-1.986322898496996336e-01
-1.478529595510351402e-01
-1.193681762663377222e-01
-9.684431249603041303e-02
-7.730265144521773768e-02
-5.999982943180399986e-02
-4.517313195535103965e-02
-3.289762366701255714e-02
-2.317710687265006272e-02
-1.578078335171185370e-02
-1.035741074512488286e-02
-6.488201178958151114e-03
-3.734232549936107592e-03
-1.636962558461307199e-03
5.724491717528476693e-04
-1.384833548879885797e-04
-7.723646795284605938e-05
5.961858281806018409e-04
1.378151048904095440e-04
7.623565452130662398e-05
2.299586735438665373e-04
-1.017711006580906936e-04
-3.138340997062713739e-04
-1.296507946966096595e-04
-4.867495755753909760e-04
2.079465845419900115e-04
1.857288416281639059e-03
4.378762264544983594e-03
7.689224665612562175e-03
1.224870018117919963e-02
1.851101708940978974e-02
2.699666851075856536e-02
3.804436173565813734e-02
5.207643814416862416e-02
6.911840058004295462e-02
8.962353182166739318e-02
1.141394221018143945e-01
1.454209516102628885e-01
1.929095578869774730e-01
2.905301713616149084e-01
4.453411389866865910e-01
4.245795912924576476e-01
3.773650122395043605e-01
2.978596014838141848e-01
2.078918693777780657e-01
1.374958203037304760e-01
8.500959430258331340e-02
3.754122326986195773e-02
-1.676964440315973498e-02
-8.194949958851004135e-02
-1.660054166682090326e-01
-2.523275962819811480e-01
-1.986322945311870536e-01
-1.478529614492231081e-01
-1.193681775439594389e-01
-9.684431277887442513e-02
-7.730265341463118944e-02
-5.999983345521905237e-02
-4.517313521389952624e-02
-3.289762004606795742e-02
-2.317709205420936946e-02
-1.578074257231762770e-02
-1.035729518990944481e-02
-6.488262287091989787e-03
-3.739261242571212049e-03
-1.697305824740123498e-03
3.467623382974915821e-06
2.510623892797994518e-04
-6.047096313134761461e-04
1.396926929111015874e-04
-3.286829946978909035e-04
-4.782026519999851432e-04
2.081406709446917012e-04
1.258173939895465727e-04
2.275654613104903165e-04
-2.154356247258525244e-04
-7.088542278214928719e-04
-2.296851489318162414e-04
1.507513605189579695e-03
3.704330864725055485e-03
6.530597726441413932e-03
1.042516543098452597e-02
1.581290155610538470e-02
2.316243871387219794e-02
3.285480490551385968e-02
4.529944977855728666e-02
6.069698899055767788e-02
7.948197667300127556e-02
1.023592956708471169e-01
1.319010349599103460e-01
1.765527005957763518e-01
2.673109990851718076e-01
4.058566080070453719e-01
3.661483188156849367e-01
2.928061783639070992e-01
2.101060421911663811e-01
1.451745752892889263e-01
1.021284923038772302e-01
6.931212619198738600e-02
3.983088135009521524e-02
6.374640155823812181e-03
-3.497213841400977768e-02
-9.091275296611495138e-02
-1.550269882204911576e-01
-1.350778952132495325e-01
-1.064654154763156335e-01
-8.916780015746877952e-02
-7.422457703236548521e-02
-6.012990716703311284e-02
-4.723534794025445460e-02
-3.579290781214349015e-02
-2.622722583807990740e-02
-1.853962169443059554e-02
-1.266655566472066514e-02
-8.328065846031551187e-03
-5.227174353272893807e-03
-3.022036326117145521e-03
-1.396277703172163313e-03
2.014099457945114571e-05
8.692092989211305971e-06
2.215498579216197076e-04
5.877035244790274494e-04
-3.439410194660711220e-04
-1.938082348236285987e-04
1.886333280888412051e-04
1.128020037187255450e-04
5.661772967261207356e-04
-8.037928370942055078e-05
-6.423601270484230203e-04
-1.558046705947342030e-04
1.520400447863638847e-03
3.706257473438688554e-03
6.530845225590254342e-03
1.042519269382994468e-02
1.581290252160524185e-02
2.316243545904089415e-02
3.285480330854152059e-02
4.529944867323194152e-02
6.069698778734235883e-02
7.948197593062825139e-02
1.023592929709302435e-01
1.319010327667275440e-01
1.765526996887047673e-01
2.673109868540507472e-01
4.058565641818883130e-01
3.661483148511529007e-01
2.928061862061300813e-01
2.101060442679859308e-01
1.451745715545890714e-01
1.021284891112202581e-01
6.931212770460905281e-02
3.983088061910890210e-02
6.374639022270248666e-03
-3.497213069647219646e-02
-9.091274853946235135e-02
-1.550269711372668224e-01
-1.350778891392659664e-01
-1.064654137517534460e-01
-8.916779962456200526e-02
-7.422457694665360317e-02
-6.012990574170555547e-02
-4.723534618101907223e-02
-3.579290728953888473e-02
-2.622722438481954813e-02
-1.853961330059143708e-02
-1.266651815008366933e-02
-8.327891185834514903e-03
-5.226541156879521872e-03
-3.021413639119759856e-03
-1.417670832815516200e-03
-3.156635233857635380e-04
-6.997809804451743734e-05
3.471519641125288226e-04
7.185838083365450395e-05
-3.795510115225646935e-04
-3.356192699713045889e-04
2.307039743769262203e-04
6.909346587061157303e-04
-3.434348839784904964e-04
4.074688287437336549e-04
-1.415252777426291998e-04
-1.514142350625789096e-04
1.512330872580137150e-03
3.704313748432535875e-03
6.530527411963995416e-03
1.042515559703597987e-02
1.581290066702542227e-02
2.316243467765905645e-02
3.285480325936156187e-02
4.529944856165538797e-02
6.069698796363535986e-02
7.948197679761599688e-02
1.023592940143277508e-01
1.319010331176018735e-01
1.765527017749379812e-01
2.673110109717473648e-01
4.058567220281060206e-01
3.661483332184559680e-01
2.928061837194019801e-01
2.101060439901647203e-01
1.451745711358044533e-01
1.021284926977836377e-01
6.931212881753183452e-02
3.983087788853652278e-02
6.374635789376952716e-03
-3.497213026398252045e-02
-9.091273276571144868e-02
-1.550269046797966010e-01
-1.350778840580941498e-01
-1.064654167040336580e-01
-8.916780070667011671e-02
-7.422457503407763058e-02
-6.012990602678863761e-02
-4.723534893073341734e-02
-3.579290863522710531e-02
-2.622721862447138091e-02
-1.853959328049102975e-02
-1.266643293291024562e-02
-8.327442386765769589e-03
-5.224126912925144278e-03
-3.007782293097610929e-03
-1.335375125794581756e-03
2.200780835685585293e-04
2.587046042153145630e-04
3.801014761300466698e-04
-3.139462533572018148e-04
7.902615589163983266e-05
1.637002101919816531e-04
4.875827083245120762e-04
-1.836291984449088207e-04
-4.771843072772704859e-04
-2.589094888456561585e-04
-2.952064720534224528e-04
3.019052260906784500e-04
1.243042178663356220e-03
2.890498872003107334e-03
5.088309894777796188e-03
8.144985641399848583e-03
1.241945746041221189e-02
1.830844446491957170e-02
2.621200365944776831e-02
3.652052143956494024e-02
4.960458259462117298e-02
6.588532623860325621e-02
8.623077769383463709e-02
1.128531965540950921e-01
1.528547720502105578e-01
2.323956006833938215e-01
3.461016749044559249e-01
2.880300893724310751e-01
2.101530669758192305e-01
1.474894008947056356e-01
1.075912358554760306e-01
8.359262538836907674e-02
6.470225912948181224e-02
4.600436481143808237e-02
2.385938611219873620e-02
-5.092613796759264426e-04
-3.073926304423022990e-02
-6.647411549702143818e-02
-6.811839988215877273e-02
-5.975820303678940765e-02
-5.381232244287068728e-02
-4.706311791463894945e-02
-3.938762712792167470e-02
-3.169324513660979475e-02
-2.439827005107295457e-02
-1.810011095301421180e-02
-1.289744595343172116e-02
-8.865600919482121908e-03
-5.847664021926812609e-03
-3.675911941298051679e-03
-2.125151673251833660e-03
-1.005664915616912231e-03
-3.104105964906351016e-04
-2.591559043878467381e-04
-2.603189566455116647e-04
-1.083943051596689296e-04
1.005635461445985457e-04
-2.737524501010412271e-04
-7.953558706297451681e-05
-4.360488783751157761e-04
-7.197006106047535920e-04
6.237886432450468659e-04
2.927505721470358992e-04
2.479514261864442610e-04
1.228274885794434883e-03
2.887503524267703067e-03
5.087768900737613294e-03
8.144893994031119841e-03
1.241944189495979012e-02
1.830844034498409559e-02
2.621200367756212207e-02
3.652052280921366106e-02
4.960458418241393830e-02
6.588532780910343056e-02
8.623077676357852883e-02
1.128531950277583129e-01
1.528547727292952907e-01
2.323956013300185197e-01
3.461017032235378377e-01
2.880301054379089121e-01
2.101530731721897860e-01
1.474894043021011958e-01
1.075912346043585571e-01
8.359262303661432747e-02
6.470226176472290702e-02
4.600436515552493860e-02
2.385938521436620219e-02
-5.092555934167048966e-04
-3.073926117353948176e-02
-6.647410667635718362e-02
-6.811839911321496133e-02
-5.975820190312153973e-02
-5.381232219750330115e-02
-4.706312005446660479e-02
-3.938762893477848470e-02
-3.169324460802407789e-02
-2.439826819784461642e-02
-1.810010888843669591e-02
-1.289744261062662420e-02
-8.865591195116363094e-03
-5.847618163633183132e-03
-3.675631046663164602e-03
-2.122490279697567938e-03
-9.764051923775801884e-04
5.587860125327554827e-06
2.722224865600290531e-04
-4.943487181095384040e-05
-2.159249862998263313e-04
1.946136887493838351e-04
5.512178727080174154e-05
-9.462616170062080061e-05
2.066973829768843871e-05
4.049854013683331543e-05
-5.122467151897347470e-04
-3.559667874887358823e-04
-2.834059097131977584e-04
1.166841974203156572e-03
2.880530687094783049e-03
5.087072318987527139e-03
8.144852696826470825e-03
1.241944871575690300e-02
1.830844404516630830e-02
2.621200622849404263e-02
3.652052422913493884e-02
4.960458433335918071e-02
6.588532688750942112e-02
8.623077501381545829e-02
1.128531919302050018e-01
1.528547688640030655e-01
2.323956046479878079e-01
3.461017249366424298e-01
2.880300996443475592e-01
2.101530702238773862e-01
1.474894033070490440e-01
1.075912345648373930e-01
8.359262730731707725e-02
6.470226475859942872e-02
4.600436357074227933e-02
2.385938339414661255e-02
-5.092552170605216992e-04
-3.073925574080166312e-02
-6.647410047438835623e-02
-6.811840300050196750e-02
-5.975820752407264014e-02
-5.381232298406414538e-02
-4.706311716627058911e-02
-3.938762868079711404e-02
-3.169324591859144780e-02
-2.439826712334530398e-02
-1.810010197404837706e-02
-1.289741998430668501e-02
-8.865482825723405499e-03
-5.847033498724691497e-03
-3.672458169610900384e-03
-2.105033110267996201e-03
-8.788584971927659558e-04
5.577710635483155727e-04
-1.693551506110689390e-04
2.010060017240793411e-04
1.045195402277078440e-04
3.101866396843319272e-04
-4.065567531502978530e-04
1.087721438556738549e-04
-8.401247397957036281e-05
2.701043090461075131e-04
-2.207879333443895807e-04
-5.966857996043342530e-04
4.752512011796809267e-05
7.981397651627246403e-04
1.931544469514402283e-03
3.425686499085158019e-03
5.516078289423570827e-03
8.482022684613147942e-03
1.263234947069842920e-02
1.834300217966971722e-02
2.597419481665127691e-02
3.601338919741846334e-02
4.888530167486317135e-02
6.557941349458265567e-02
8.782910114482932185e-02
1.211911341097060002e-01
1.854436300276003924e-01
2.690183178300146749e-01
2.085104789590013219e-01
1.469265983578851298e-01
1.073045267627808358e-01
8.556548066543120945e-02
7.309333449177718434e-02
6.247475366559725879e-02
5.202921172259221405e-02
4.085803336853918027e-02
3.133557323030702890e-02
2.353264481481611228e-02
1.651596518226606386e-02
-9.134080420743964776e-04
-1.102410475979641313e-02
-1.595145113220132818e-02
-1.742992715262930287e-02
-1.657699506804665573e-02
-1.447045876628016460e-02
-1.175323349529318329e-02
-9.045539152539902594e-03
-6.603172844829615154e-03
-4.609020821355545340e-03
-3.062555092439087859e-03
-1.925526049091306428e-03
-1.100619427272476894e-03
-4.682603194894832286e-04
2.961641432517984093e-04
-7.795733517907133252e-05
-1.852317652110352993e-04
4.397387628859279968e-04
-2.030135649702277895e-04
-3.649807166410348096e-04
1.429853022803389846e-04
-3.485567840450739564e-04
4.384667950612749403e-04
1.389633552553904035e-04
-5.674328644751793589e-04
-5.041291528872983863e-04
7.337179156057314737e-04
1.923651458146185666e-03
3.424698211690785019e-03
5.515953958393771984e-03
8.482007034480086929e-03
1.263234691837436356e-02
1.834300344944000266e-02
2.597419667890827136e-02
3.601338968225369086e-02
4.888530087875780916e-02
6.557941002693687405e-02
8.782909794826981864e-02
1.211911352389102303e-01
1.854436336625253645e-01
2.690183338509664068e-01
2.085104846423161962e-01
1.469266010915565579e-01
1.073045305496139329e-01
8.556547932084164476e-02
7.309332933669977772e-02
6.247475363318585884e-02
5.202921261061244085e-02
4.085803595934851817e-02
3.133558169649457853e-02
2.353264970798457645e-02
1.651596520580046051e-02
-9.134123218414332262e-04
-1.102410708224649954e-02
-1.595145331640688766e-02
-1.742993019201931684e-02
-1.657699622560358452e-02
-1.447045635091515764e-02
-1.175323023512530977e-02
-9.045538223824691956e-03
-6.603174600310878981e-03
-4.609038660173669401e-03
-3.062724937248603556e-03
-1.926968654967877500e-03
-1.112039140122500188e-03
-5.570219592965529928e-04
-3.980351485351371859e-04
2.060657223168496839e-04
-5.354315214383194879e-05
4.763477532618611146e-05
-7.470622031607485839e-04
3.132956895385642150e-04
-6.202907325509254225e-04
3.649343820552312283e-04
-2.710710846750795096e-04
-4.396475183510577017e-04
-5.620348304255729850e-05
1.996113671973645119e-04
8.288144032677346182e-04
1.937914297207401484e-03
3.427005459531575447e-03
5.516354682721389194e-03
8.482081090485378561e-03
1.263236101880901505e-02
1.834300631850004429e-02
2.597419514605963167e-02
3.601338651043632655e-02
4.888529901103407654e-02
6.557941087072663433e-02
8.782909911114257506e-02
1.211911343652587458e-01
1.854436334090440730e-01
2.690183252644339773e-01
2.085104761243655458e-01
1.469265996803270635e-01
1.073045302177806082e-01
8.556547866484337517e-02
7.309332930975431797e-02
6.247475292817406683e-02
5.202920790767968928e-02
4.085803397600382830e-02
3.133558317062647147e-02
2.353265487454800353e-02
1.651597284485751063e-02
-9.134111699892579535e-04
-1.102410989477765543e-02
-1.595145382928805922e-02
-1.742992950954648859e-02
-1.657699882281307019e-02
-1.447045864707773716e-02
-1.175322938275610851e-02
-9.045533303180893284e-03
-6.603155690446761705e-03
-4.608947475232233297e-03
-3.062270372991001549e-03
-1.924759484943526370e-03
-1.101812336955397152e-03
-5.138137317536329565e-04
-2.527320085306118506e-04
7.255061347140266659e-05
-1.962874379557930365e-04
-8.960766184737859017e-05
2.279953022789475204e-04
-8.510317690422496183e-04
-2.170887090101305194e-04
3.613311053358118506e-04
-1.407128393920609080e-04
-5.198751903808243244e-04
2.156861011352331173e-04
-5.693885733340903720e-04
2.848630673283656474e-04
8.892046460876973325e-04
1.623219587601019238e-03
2.660029715006818462e-03
4.175400640903742522e-03
6.375611520541954805e-03
9.555622800916702478e-03
1.403546409275078545e-02
2.031810630280559554e-02
2.887662002963558433e-02
4.069682057906479772e-02
5.710704337038113865e-02
8.202101613843594541e-02
1.283711554813299904e-01
1.835534529268752491e-01
1.377394447847277992e-01
9.955689255398833537e-02
7.928065675200153539e-02
7.070630840895060498e-02
6.704651799685963642e-02
6.389166630852054218e-02
6.053208231391972449e-02
5.849950960101173159e-02
6.291390847735002512e-02
7.759365247080639294e-02
9.874585652059443552e-02
6.520605976864650433e-02
3.712354688613202225e-02
2.186827779299141405e-02
1.254091813252995909e-02
6.727554598494978576e-03
3.288741272533009588e-03
1.367420695662532621e-03
4.089399419803418012e-04
-3.714307003815376625e-07
-1.211765210387291501e-04
-1.138145104732717853e-04
-6.338101428606147817e-05
-9.619918346382660111e-06
1.937078728158863117e-05
-1.305175556142182869e-04
-7.362279975067990002e-05
-3.541288310977183640e-04
2.390936666070922619e-04
-2.240448938592230332e-04
7.830254423551712833e-04
-2.974481859027135948e-04
-5.833837076793962385e-04
2.759022681688940619e-04
-2.412664316090736226e-06
-1.207909794180882717e-04
3.092428827234799146e-04
3.860284094354039406e-04
9.012870799695818112e-04
1.624697469820511955e-03
2.660219977030426307e-03
4.175426898207154798e-03
6.375614629032712137e-03
9.555624102925533089e-03
1.403546431967862829e-02
2.031810399650117380e-02
2.887661602696417473e-02
4.069681474829470874e-02
5.710704074702687566e-02
8.202102080216770730e-02
1.283711646110801408e-01
1.835534735250042571e-01
1.377394557325327951e-01
9.955689480901028232e-02
7.928065794902898478e-02
7.070630567816461876e-02
6.704651116884505213e-02
6.389166360821503521e-02
6.053208186734015950e-02
5.849951159122336597e-02
6.291391507114839354e-02
7.759365930696400515e-02
9.874586296760709536e-02
6.520605957187816659e-02
3.712354796375075955e-02
2.186827739523354228e-02
1.254091624191462119e-02
6.727554340577116161e-03
3.288743880938822112e-03
1.367422864381707352e-03
4.089394474874493129e-04
-3.676328530980943992e-07
-1.211466715345741184e-04
-1.136579140834076120e-04
-6.249262217898728306e-05
-3.780563512617861461e-06
6.330088955006719963e-05
2.299153462017796161e-04
-2.120134633046780062e-04
6.195291393233860093e-04
-7.249541473696906541e-04
1.604596939377050176e-04
-1.236006317546952922e-04
5.690219066063803132e-04
2.128190845922687602e-04
-2.704680831866197559e-04
-2.140807214794858654e-04
-2.359332493202706115e-04
3.795449861028113827e-04
4.279024411071140756e-04
9.124066712107242001e-04
1.627132800001620605e-03
2.660716367324906205e-03
4.175526151557108594e-03
6.375635118043139656e-03
9.555628689076479942e-03
1.403546236300812385e-02
2.031810055698783993e-02
2.887661560890198223e-02
4.069681686128287512e-02
5.710704094400237407e-02
8.202101790175427010e-02
1.283711634934092127e-01
1.835534683596255490e-01
1.377394501983272013e-01
9.955688969034939828e-02
7.928065410299534044e-02
7.070630376777140014e-02
6.704651175558390408e-02
6.389166636668983101e-02
6.053208036048452617e-02
5.849951122236302786e-02
6.291391728035267139e-02
7.759365938199182244e-02
9.874586069550682355e-02
6.520605570609554202e-02
3.712354288271384195e-02
2.186827679246049552e-02
1.254091791991351727e-02
6.727553798230493688e-03
3.288743644894611459e-03
1.367423300484829065e-03
4.089417898530505998e-04
-3.528987128277862708e-07
-1.210760846172618372e-04
-1.133001745049528220e-04
-6.061919911795649485e-05
6.187860614622726910e-06
1.180901591740735285e-04
5.445630536936753438e-04
1.339540888812047899e-04
1.652519879951635942e-04
4.563260858161210902e-04
-3.991530390610852227e-04
-5.685252567110168735e-04
1.195817286102443013e-04
-4.193665814289508935e-04
-1.583562464006290667e-05
4.742517672742894291e-04
-3.633372538497281652e-04
5.542248281251549148e-05
-1.189010324336715175e-04
-1.766375236122071373e-04
-2.393241600089463200e-04
-3.000415405098606878e-04
-3.164887299135040648e-04
-1.982288406931735777e-04
2.163781907603306621e-04
1.191639440634894870e-03
3.137985498614490228e-03
6.610751703372845858e-03
1.245838651508676849e-02
2.181561749903819861e-02
3.707994651895591548e-02
6.512767494906514243e-02
9.859132415654715820e-02
7.746075762745452398e-02
6.277062791327971125e-02
5.839423283412886745e-02
6.043514829119006615e-02
6.386591028699180328e-02
6.704751756725733924e-02
7.077536235501198647e-02
7.935357996284923832e-02
9.965867953230304888e-02
1.378098320581217784e-01
1.836146574328956782e-01
1.284050031550268145e-01
8.204700404933347457e-02
5.715502893018015867e-02
4.078227081327219505e-02
2.900060089032670957e-02
2.047872733723387489e-02
1.422205715643309366e-02
9.759567574681276766e-03
6.585055132475942791e-03
4.383557297936923128e-03
2.862089341021869116e-03
1.821945273088759884e-03
1.097223108467719650e-03
5.525228422757562548e-04
1.517402278253275297e-05
-3.251080952425260020e-04
2.510732035522966407e-05
-1.657936894614006130e-04
-7.929231178703130491e-05
-2.234935830141773912e-04
-3.879376776446976348e-05
-4.133095127626000630e-04
-1.250679925418025451e-04
-3.010943801055519743e-04
4.667757649452486390e-04
-7.134507412372785009e-04
-2.023128368450185849e-04
-1.854035237781103752e-04
-2.401283121693827528e-04
-3.000858730086724711e-04
-3.164830554106948571e-04
-1.982268215403386563e-04
2.163792496888366872e-04
1.191639624820301814e-03
3.137984271502527404e-03
6.610749709483586430e-03
1.245838351456919624e-02
2.181561804840259633e-02
3.707995080019448747e-02
6.512767707365482717e-02
9.859132847758300677e-02
7.746075882378471167e-02
6.277062773750938240e-02
5.839423468478002061e-02
6.043514957558883405e-02
6.386590604404122906e-02
6.704751530515062896e-02
7.077536319357444206e-02
7.935358272466402907e-02
9.965868379231791752e-02
1.378098370663939087e-01
1.836146593490464440e-01
1.284050051245327617e-01
8.204700558746798322e-02
5.715502635005419163e-02
4.078226672306008854e-02
2.900059965442208787e-02
2.047872940620550433e-02
1.422205918906051768e-02
9.759568935231610620e-03
6.585068744657432416e-03
4.383629220450812984e-03
2.862442073073308453e-03
1.823666044421274213e-03
1.105313307527812372e-03
5.880034446911230374e-04
1.457868221788784354e-04
3.601758741363264332e-04
-2.313583920569076938e-04
3.093081542834418712e-04
-2.155828053045202224e-04
1.637675942599112102e-04
-3.160494595787193689e-04
-3.253647278773181216e-04
-4.206023676117693765e-04
-5.028180565444809397e-04
-1.465795890129114503e-04
1.912474466830807083e-04
-7.134023578380443227e-05
-1.647712558780824199e-04
-2.367165901290975677e-04
-2.994955502330502489e-04
-3.163748238561410941e-04
-1.982047301286690060e-04
2.163843022235126755e-04
1.191637254764532118e-03
3.137980346799555936e-03
6.610749134432700180e-03
1.245838451265506887e-02
2.181561672988511363e-02
3.707994822374796606e-02
6.512767761902693575e-02
9.859132379950692748e-02
7.746075402869624649e-02
6.277062280256093252e-02
5.839423306905047739e-02
6.043514842950620247e-02
6.386590542272814475e-02
6.704751945889940445e-02
7.077536632130679295e-02
7.935358514300608346e-02
9.965868425652192608e-02
1.378098258595881753e-01
1.836146381533023397e-01
1.284049934888940037e-01
8.204700052089274054e-02
5.715502900709346773e-02
4.078227132213455008e-02
2.900060187381314075e-02
2.047873088429844751e-02
1.422205899053083020e-02
9.759569680911106201e-03
6.585077713322833905e-03
4.383660608985022293e-03
2.862589120616464752e-03
1.824428250120869880e-03
1.109351757170366944e-03
6.105382707415800761e-04
2.788629345281953896e-04
1.692974116893469490e-04
-3.238659293092877836e-04
-1.840241822318507831e-05
-3.044977802315157705e-04
-2.863385931208771960e-04
7.455773532004090045e-04
1.586009193656844928e-05
-4.523044761708462408e-04
3.786672519696061227e-06
4.009901346354146278e-04
-4.467503533172338583e-04
-6.376723004049572466e-04
-1.242155650128630613e-03
-2.081922699005565175e-03
-3.235251877893237892e-03
-4.793909429458695880e-03
-6.791508742404376610e-03
-9.228894697601431121e-03
-1.191945776042356922e-02
-1.461273712789586988e-02
-1.668693313504003919e-02
-1.751055600343639357e-02
-1.600849920000936913e-02
-1.108417133099555418e-02
-1.027654635398146232e-03
1.629472445500252525e-02
2.336058480067831553e-02
3.116350133612829504e-02
4.072658784690175865e-02
5.190528873936328669e-02
6.241689170423801725e-02
7.306404092228203917e-02
8.560337590514546791e-02
1.073397553792885262e-01
1.469730165956041334e-01
2.085130513321662993e-01
2.690093360986475224e-01
1.854488644391411867e-01
1.212109459159824848e-01
8.787936064700077599e-02
6.567281710680852869e-02
4.901924048044052629e-02
3.618653808576377529e-02
2.617374355440839004e-02
1.856093732331337218e-02
1.285576919256758467e-02
8.705408085046849320e-03
5.735655905868108917e-03
3.646845546610814892e-03
2.166552797049766440e-03
1.060931673710426189e-03
1.154920790236996778e-04
-1.931500477793671655e-04
-3.723854031912547901e-05
-5.162076305861061989e-04
5.506752095787382974e-04
5.706259917211415744e-04
-1.593219291073261245e-04
-3.526475436137821765e-04
5.915623598994730424e-05
-2.091022709908996332e-04
2.604109140479134578e-04
3.452093287569553691e-05
-5.737141930542648651e-04
-1.232498966766460563e-03
-2.080328741007364621e-03
-3.234969928188760092e-03
-4.793857262135339803e-03
-6.791500290362822122e-03
-9.228893441809616835e-03
-1.191945739101737609e-02
-1.461273678702984351e-02
-1.668693356752370613e-02
-1.751055858412454980e-02
-1.600849998739368313e-02
-1.108417116581530623e-02
-1.027657210711445434e-03
1.629472826415842915e-02
2.336058765798033898e-02
3.116350286093094377e-02
4.072658884280237757e-02
5.190529107222671690e-02
6.241689014079499637e-02
7.306404026225646331e-02
8.560337824321595512e-02
1.073397574489163009e-01
1.469730186583141363e-01
2.085130568480286772e-01
2.690093396543638549e-01
1.854488634374724942e-01
1.212109444615251247e-01
8.787935695564051686e-02
6.567281470751985817e-02
4.901924158404923071e-02
3.618654114285097673e-02
2.617374585444213683e-02
1.856094089967208829e-02
1.285579245805597293e-02
8.705523976970346370e-03
5.736244504023995001e-03
3.649829325007012890e-03
2.181284883496163729e-03
1.131087577043382716e-03
4.294280423946425745e-04
-1.632523289903172630e-04
4.306305633578119945e-04
-1.272632939000782018e-04
3.178947670483182430e-04
-3.653280160015706158e-04
8.080937614188768046e-04
4.018020463217044876e-04
-1.267223995712397130e-04
-5.559854849089232876e-04
-4.343781251525460625e-04
-9.665094019763450042e-05
-5.791540783773826192e-04
-1.231005284611085861e-03
-2.079695641539891851e-03
-3.234795860679258277e-03
-4.793813999609882782e-03
-6.791490587828907799e-03
-9.228893325643751713e-03
-1.191946237551286085e-02
-1.461274076861410198e-02
-1.668693235564067123e-02
-1.751055522701739156e-02
-1.600849848583299137e-02
-1.108417027886041129e-02
-1.027654654436317011e-03
1.629472753527209591e-02
2.336058460646890655e-02
3.116349734675284353e-02
4.072658908130512984e-02
5.190529101060471079e-02
6.241688836019095715e-02
7.306404196334050083e-02
8.560337748194260521e-02
1.073397544555438204e-01
1.469730160238877648e-01
2.085130430858332939e-01
2.690093015872674354e-01
1.854488567473358551e-01
1.212109443318064167e-01
8.787936062125235870e-02
6.567281683953632432e-02
4.901924056218529002e-02
3.618653953214149427e-02
2.617374315087133557e-02
1.856093996723719858e-02
1.285579389757903791e-02
8.705508866462690482e-03
5.736138959474685467e-03
3.649143537934326515e-03
2.176685199484504687e-03
1.099733887952375998e-03
2.090624703954240405e-04
2.115053645339194774e-04
6.443491760708127148e-06
5.395725259956054599e-04
-3.171209387541779621e-04
-5.187319321280168399e-04
-2.884201027882826732e-05
1.575736440002878952e-05
-4.819275340375148349e-04
1.646308663673868222e-04
8.982720719483547258e-05
-3.730955722603340546e-04
-1.078557174067721128e-03
-2.241123548604784244e-03
-3.817883014657439539e-03
-6.010044032848551113e-03
-9.042537919236964122e-03
-1.307805578257413733e-02
-1.827602980035148220e-02
-2.455559738839856870e-02
-3.182743723146732456e-02
-3.948919783495066088e-02
-4.713938822818847935e-02
-5.386757849694073785e-02
-5.982369505556150296e-02
-6.824407819532603281e-02
-6.672933253911869644e-02
-3.093736309848839697e-02
-7.107692462592922391e-04
2.368656312694584348e-02
4.583748279120655744e-02
6.460807869735349374e-02
8.353080059532998203e-02
1.075813924859716775e-01
1.474523733104338430e-01
2.101015626914842227e-01
2.879462524946705404e-01
3.460372752154844966e-01
2.323875820156747485e-01
1.528779169041898645e-01
1.129116208921845110e-01
8.633620287994261955e-02
6.603173645241168510e-02
4.979262139405488813e-02
3.673508672496510197e-02
2.644631578145193590e-02
1.854804966555926096e-02
1.266000114086768269e-02
8.382816144684227672e-03
5.329207856143327975e-03
3.137653459358535381e-03
1.440350690637511987e-03
-3.329027869443440990e-04
-9.716932415015280941e-05
7.599645487496933804e-05
-2.969618985473409080e-04
-1.398322992159230115e-06
-1.654717554781873212e-04
2.927621436798937883e-04
-6.295558690691157840e-04
1.044310153631770562e-04
-6.916716196543819630e-05
1.327571073802846530e-04
-6.740966597306795695e-05
-1.016377645594456099e-03
-2.229045661881094015e-03
-3.815635337138410452e-03
-6.009634107644300401e-03
-9.042464449898568110e-03
-1.307804497186873006e-02
-1.827602958795405963e-02
-2.455559833276759960e-02
-3.182743826585016783e-02
-3.948919988158366978e-02
-4.713939148097234799e-02
-5.386757866490489433e-02
-5.982369299433001886e-02
-6.824407431254286838e-02
-6.672930298142733252e-02
-3.093735248261098719e-02
-7.107647534157243534e-04
2.368656215979778740e-02
4.583748031148825175e-02
6.460807195990296570e-02
8.353079477395330965e-02
1.075813943459709848e-01
1.474523777166812100e-01
2.101015698724018055e-01
2.879462762444918722e-01
3.460373324484255497e-01
2.323875849227640955e-01
1.528779188000155831e-01
1.129116211684020182e-01
8.633620246505890883e-02
6.603173609307101677e-02
4.979262120500374533e-02
3.673508657443833036e-02
2.644631952378152101e-02
1.854807755166135164e-02
1.266014632292972696e-02
8.383603566009742436e-03
5.333526220961774811e-03
3.161629471717962870e-03
1.576095898863805233e-03
4.523627683522043336e-04
-8.441935698007282745e-05
-1.284543587088012831e-04
-4.298564913985667476e-04
6.363857955240004608e-04
-1.990714915454622571e-04
-2.419891434052309580e-04
-9.111039246069149516e-05
-1.383198355250872969e-04
-4.070484656117524108e-04
5.919131499683070557e-05
-3.860057323966344166e-04
-1.057620732644456822e-03
-2.234253266136403560e-03
-3.816221910146724763e-03
-6.009679563476148095e-03
-9.042461256512640891e-03
-1.307804346282626790e-02
-1.827603179966161978e-02
-2.455560296757303487e-02
-3.182744067541654065e-02
-3.948919836338838502e-02
-4.713938994259426335e-02
-5.386758012188620076e-02
-5.982369516976530910e-02
-6.824407655805848905e-02
-6.672931768914366901e-02
-3.093735282245603166e-02
-7.107677538984566359e-04
2.368656619769133470e-02
4.583748155826736226e-02
6.460806939787998304e-02
8.353079500194285356e-02
1.075813931806542390e-01
1.474523733946490056e-01
2.101015603610087989e-01
2.879462376178694161e-01
3.460371901163668551e-01
2.323875716494909760e-01
1.528779194315713907e-01
1.129116247946082008e-01
8.633620317203126449e-02
6.603173293838819624e-02
4.979261817690515401e-02
3.673508412157230202e-02
2.644631923571932886e-02
1.854807473200780626e-02
1.266010914655619178e-02
8.383411886072491756e-03
5.332543909491413957e-03
3.156781682445574007e-03
1.555110029642878819e-03
3.935372764127207930e-04
3.893686718930273430e-04
-1.974054184014325576e-04
-3.806130164773420836e-04
1.757709239189385135e-04
-1.695994216867188417e-04
1.735444897334100181e-05
1.276744884762701592e-04
8.033817804592059274e-05
1.147801716004817716e-04
3.770528508881030401e-04
-7.284948886307229289e-04
-1.512660148662152773e-03
-3.131380637823598205e-03
-5.360138255460103994e-03
-8.483222285053156758e-03
-1.283822431160300606e-02
-1.871481514577201521e-02
-2.639814021471765040e-02
-3.594305708976928970e-02
-4.736283683616025059e-02
-6.022275765630283328e-02
-7.429422492702630887e-02
-8.921467398847594821e-02
-1.065232858282820633e-01
-1.351926788843755001e-01
-1.553001550573827050e-01
-9.115072514723145114e-02
-3.522182342762062573e-02
6.153113111945275084e-03
3.961417334912730598e-02
6.915230684949370821e-02
1.019981744899856047e-01
1.450781355502053782e-01
2.099700512765256544e-01
2.926850542934987809e-01
3.660704617593976140e-01
4.058147927962654777e-01
2.673205553311063243e-01
1.765932993379841498e-01
1.319761666154473656e-01
1.024826224533128965e-01
7.964537516900686842e-02
6.090360709975640302e-02
4.553236966053745421e-02
3.310847198422678384e-02
2.342088647678088054e-02
1.607265898176311186e-02
1.068287939758361810e-02
6.794965721726197068e-03
3.990129207173444444e-03
1.834248576809583732e-03
-1.808608645559683199e-04
-5.743071987223649817e-04
1.990393949622624428e-04
-2.863262577085542537e-04
6.119523699673163296e-05
2.772600253466462076e-04
3.610320398258032000e-04
-3.119227413688734768e-04
2.719814563715540695e-04
-8.414226243563727636e-05
-2.096332299553188962e-04
-2.383145048256390237e-04
-1.437626265438885940e-03
-3.119197713309372275e-03
-5.358123420294388060e-03
-8.482883969510994146e-03
-1.283816766008488361e-02
-1.871480776515412406e-02
-2.639814033269793914e-02
-3.594305726672155504e-02
-4.736283679862765550e-02
-6.022275833293122549e-02
-7.429422584936393181e-02
-8.921467189439748202e-02
-1.065232809203814218e-01
-1.351926649323112462e-01
-1.553000724793839882e-01
-9.115071266726702814e-02
-3.522181725625549154e-02
6.153115234750784583e-03
3.961417398971481263e-02
6.915230245128395348e-02
1.019981675586811992e-01
1.450781354458414163e-01
2.099700537172240478e-01
2.926850633847462579e-01
3.660704731651687194e-01
4.058147706646060837e-01
2.673205416463164119e-01
1.765932977008439486e-01
1.319761651508446765e-01
1.024826196790042804e-01
7.964537238888488857e-02
6.090360579438519606e-02
4.553237064438323684e-02
3.310847766535848086e-02
2.342091156303992977e-02
1.607277559393567590e-02
1.068347749212690545e-02
6.798050458223416602e-03
4.006318900280950515e-03
1.922230448075209997e-03
3.219681328284704496e-04
5.589366152750626726e-04
6.978312203631172603e-05
9.301413078423337885e-05
-2.982811344634809982e-05
-6.495494653264091028e-05
4.800188877856115970e-04
-2.861146334639181124e-04
-2.735997170970088017e-04
-2.929919916468520227e-04
4.386761235023057528e-04
-7.303867917924827890e-06
-1.411343743367898720e-03
-3.115983705856100686e-03
-5.357687711657239081e-03
-8.482812836991291544e-03
-1.283815305359159789e-02
-1.871480531307953554e-02
-2.639814195343357511e-02
-3.594306089590740272e-02
-4.736283950373736812e-02
-6.022275881659749225e-02
-7.429422623405432247e-02
-8.921467434385579875e-02
-1.065232849003402843e-01
-1.351926727586717780e-01
-1.553000936079909355e-01
-9.115071165753436955e-02
-3.522182211124984252e-02
6.153118063525321244e-03
3.961417540306142598e-02
6.915230128372658325e-02
1.019981696243658920e-01
1.450781375819147900e-01
2.099700516402448758e-01
2.926850533401983978e-01
3.660704468005263612e-01
4.058146779590146580e-01
2.673205412749362075e-01
1.765932983985706028e-01
1.319761681873174719e-01
1.024826219261030652e-01
7.964537189366437120e-02
6.090360652120927615e-02
4.553237224230617664e-02
3.310847996028098289e-02
2.342090816756700611e-02
1.607273463191919924e-02
1.068326383882249771e-02
6.796817567839743245e-03
3.998462189852791844e-03
1.867697667612137208e-03
-8.368240462388566931e-05
-1.214162117944923624e-04
-2.137016000762921361e-05
6.932032329744389047e-05
-2.957476315000766905e-04
5.407341230867703668e-05
-4.940984121587870784e-05
-3.665392789548404910e-04
-3.076800231431055504e-04
9.927077890766719580e-05
-4.377681016852393307e-04
-5.325481605557650646e-04
-1.810344666902208560e-03
-3.847910531053681457e-03
-6.616735407894190971e-03
-1.050824742369053932e-02
-1.594972969409159252e-02
-2.334930283984967131e-02
-3.306592594751688041e-02
-4.531810162058857311e-02
-6.012207335206578435e-02
-7.738680577773207614e-02
-9.690513227242274208e-02
-1.194000696343925499e-01
-1.478879579365329766e-01
-1.986975307379711120e-01
-2.525363202728061474e-01
-1.662522748699565289e-01
-8.225013293157851235e-02
-1.708827778816095905e-02
3.720623772514357330e-02
8.473978962320231900e-02
1.372507684119668447e-01
2.076405538863591582e-01
2.976070029515013315e-01
3.772298694444715661e-01
4.245274866745605280e-01
4.453161195995033461e-01
2.905573582535120880e-01
1.929682262697616224e-01
1.455141484092294102e-01
1.142820922052431160e-01
8.980588731803640368e-02
6.934558839028522048e-02
5.232988112133152986e-02
3.831935493325230868e-02
2.727568013774624156e-02
1.879104423638008892e-02
1.252631988895954590e-02
7.974069018589664826e-03
4.685572735357223725e-03
2.206908590954857145e-03
2.705032364302605778e-04
1.649273437787132483e-04
2.419274157913850492e-05
-3.732171781706605860e-04
2.044070701621780793e-04
4.105562220167327612e-04
2.143204115340987311e-04
4.157007734115041460e-05
2.930060884284247996e-04
4.967097924677309944e-04
2.565870686176659264e-04
-6.183375445781458691e-04
-1.823529770040951742e-03
-3.850048515535580817e-03
-6.617089090921578903e-03
-1.050830710630008998e-02
-1.594974129167057303e-02
-2.334930723482791376e-02
-3.306592746051112419e-02
-4.531810071760258851e-02
-6.012207168636855142e-02
-7.738680503664825683e-02
-9.690513184180758743e-02
-1.194000665812971207e-01
-1.478879505515798831e-01
-1.986975128407335867e-01
-2.525362443067931117e-01
-1.662522586187199225e-01
-8.225012164523551328e-02
-1.708826945988700316e-02
3.720624460997183636e-02
8.473979105305971815e-02
1.372507633890380219e-01
2.076405506694327940e-01
2.976069998260228444e-01
3.772298729677299733e-01
4.245274392964801802e-01
4.453156488900883447e-01
2.905572820838855930e-01
1.929682147690588156e-01
1.455141470854956487e-01
1.142820910789363875e-01
8.980588623826733785e-02
6.934558841155694098e-02
5.232988311979597240e-02
3.831935974276184237e-02
2.727569751829034272e-02
1.879111515234797511e-02
1.252660335336785308e-02
7.974928965918243878e-03
4.685838514313055148e-03
2.179269669796606804e-03
-7.747415832048576043e-05
-2.922524058874544583e-04
-5.494680904123760095e-05
-2.547952716271630795e-04
5.432395609135345265e-04
-7.433691317453267966e-04
-2.563390687635969350e-04
-4.248903517956289567e-04
-5.620492289281441402e-04
-1.841763187531174405e-04
4.414683368627216726e-04
-6.880610402790025837e-04
-1.823383134354189484e-03
-3.848567730494778603e-03
-6.616648006666743694e-03
-1.050820439405371516e-02
-1.594972003849127323e-02
-2.334930516500062850e-02
-3.306592949448883961e-02
-4.531810356782463994e-02
-6.012207411410189911e-02
-7.738680509068075752e-02
-9.690513082116507249e-02
-1.194000672087271869e-01
-1.478879521058791557e-01
-1.986975029721822217e-01
-2.525360508247212477e-01
-1.662522349911661479e-01
-8.225012553707120033e-02
-1.708826759804065593e-02
3.720624276950997705e-02
8.473978797496906079e-02
1.372507647300984235e-01
2.076405540292019514e-01
2.976069973972026439e-01
3.772298706828036141e-01
4.245275199178583647e-01
4.453163062432057284e-01
2.905573776890701398e-01
1.929682297885041420e-01
1.455141507273212398e-01
1.142820916421133925e-01
8.980588438748883517e-02
6.934558870293634769e-02
5.232988365897375815e-02
3.831935964818052737e-02
2.727569363457427176e-02
1.879109537838529256e-02
1.252657931392554130e-02
7.975270046611845909e-03
4.690627229539271435e-03
2.225068342232364160e-03
3.133504511704479525e-04
3.368952967567233944e-04
-1.911615805142569802e-05
-5.176227481413753738e-04
-3.310254963300739194e-04
-5.773020799495827849e-04
4.531797901819684745e-04
4.062485109914551538e-05
4.351817120322149608e-04
-2.160518950384126158e-04
4.077598737798303341e-04
-1.920874316267931372e-04
-1.952917964838987979e-03
-4.335327289798336300e-03
-7.503081301161270388e-03
-1.194902415001473928e-02
-1.816641582775042202e-02
-2.665999320841383469e-02
-3.781825102223469737e-02
-5.202089299211810902e-02
-6.921624874670861960e-02
-8.975378124446564687e-02
-1.133175626678213366e-01
-1.421246790816503847e-01
-1.806724840502162699e-01
-2.546503134200199248e-01
-3.584216101632109464e-01
-2.721857484817337691e-01
-1.561041815279405887e-01
-5.031873816022661844e-02
3.848691840893928712e-02
1.205965602498421524e-01
2.128647979138580948e-01
3.129712593833749446e-01
3.939953625691735573e-01
4.387664949166513173e-01
4.596322882622836947e-01
4.696269672829647690e-01
3.046063804166952438e-01
2.030986983331503348e-01
1.540843642807275260e-01
1.219395743609090060e-01
9.650991558940266724e-02
7.499999869821526166e-02
5.694234905879336922e-02
4.189121824262364430e-02
2.994147207916270786e-02
2.068177179732342413e-02
1.381450649658089169e-02
8.798275813553869604e-03
5.156842851989733995e-03
2.337770093638315283e-03
-3.424650744003442516e-04
-3.492892399563155828e-04
3.872668367426343157e-04
3.879943265980795937e-04
-3.017068231580841771e-04
1.224699069808267828e-04
1.609922506851089758e-04
-8.631442999672095612e-05
-4.274573211072351590e-04
4.265369435373907799e-04
-2.955539554740008027e-04
-7.306398970621908557e-04
-2.036947991414651653e-03
-4.349293679753204848e-03
-7.505456809115752456e-03
-1.194943655689690784e-02
-1.816649036496313652e-02
-2.666000931283885392e-02
-3.781825513017410267e-02
-5.202089275639449478e-02
-6.921624727030359359e-02
-8.975378102728945318e-02
-1.133175623635811896e-01
-1.421246747056232329e-01
-1.806724704823027272e-01
-2.546502658642927353e-01
-3.584214861762488047e-01
-2.721857166502308911e-01
-1.561041615375572678e-01
-5.031872997254184521e-02
3.848692058044000247e-02
1.205965550890168991e-01
2.128647874452337663e-01
3.129712518444514591e-01
3.939953600362590125e-01
4.387664940593129503e-01
4.596321747342029806e-01
4.696257255267362041e-01
3.046062168253673708e-01
2.030986727239501022e-01
1.540843591968854842e-01
1.219395716375272221e-01
9.650991367910616292e-02
7.499999823218737871e-02
5.694235057566379710e-02
4.189122204570659008e-02
2.994149137452097736e-02
2.068187115808878956e-02
1.381500953776274888e-02
8.800786296577109771e-03
5.169347432893738568e-03
2.400459514736939456e-03
-2.076200454248158670e-05
1.047757534378887851e-05
-2.928883140320932897e-04
-3.438510796705472302e-04
-5.275067136068205541e-05
-4.718390404787096786e-04
6.037690850403335929e-04
-1.886080340482755319e-04
1.060504910114643191e-04
-7.826598871071666986e-04
3.777122692995356790e-04
-4.298402899598744884e-04
-1.993904154784863648e-03
-4.342393783412961186e-03
-7.504268093393361323e-03
-1.194922014325575793e-02
-1.816645061234211864e-02
-2.666000432264059930e-02
-3.781825542924273365e-02
-5.202089315031560579e-02
-6.921624861210766422e-02
-8.975378072028901422e-02
-1.133175616152460596e-01
-1.421246760454571711e-01
-1.806724800288156685e-01
-2.546503110251568947e-01
-3.584216313230822459e-01
-2.721857459428527748e-01
-1.561041768386956519e-01
-5.031872651886287046e-02
3.848692148984338840e-02
1.205965543120916944e-01
2.128647881844323297e-01
3.129712536951508306e-01
3.939953560242203112e-01
4.387664987248069970e-01
4.596323107873405700e-01
4.696270877742518279e-01
3.046063940105804835e-01
2.030986998077295436e-01
1.540843642819504089e-01
1.219395714678800646e-01
9.650991198548264371e-02
7.499999942080506909e-02
5.694235099613628032e-02
4.189121966388694579e-02
2.994148050255296054e-02
2.068181408780760122e-02
1.381475790702804511e-02
8.799748200701357909e-03
5.165302188345949168e-03
2.385889276503571320e-03
-7.074914379518318158e-05
2.097279030051515762e-04
-1.356750129702478187e-04
3.257340280645835843e-04
-1.342549411770414597e-04
-2.794216373170722921e-04
-3.102437983808565745e-04
3.542226863034677892e-04
-2.903844986788737246e-04
-6.940850104288124288e-04
-3.418349568210445489e-04
-1.793620383426180022e-04
-2.034790461956695849e-03
-4.582895945203651483e-03
-7.959214409064075194e-03
-1.269591466542950749e-02
-1.931685951637433785e-02
-2.838321854317267870e-02
-4.028547809338780400e-02
-5.551333708177221687e-02
-7.393716705577241255e-02
-9.625189458480085114e-02
-1.220015853265200151e-01
-1.546458412611175781e-01
-1.997721800641311385e-01
-2.910000064865044256e-01
-4.456969651647474939e-01
-3.973703775715431430e-01
-2.971786480026434862e-01
-1.306768242006866310e-01
6.614641018844708009e-02
2.359033389297538752e-01
3.575797454671392761e-01
4.258976376286326970e-01
4.573169651448464323e-01
4.718221567819625428e-01
4.804033736806105348e-01
4.882271362690537297e-01
3.120112728703719474e-01
2.079940010537308648e-01
1.582229240704330353e-01
1.256903494508957997e-01
9.983902296492236372e-02
7.783332013934622651e-02
5.927465779353675857e-02
4.370764504730952071e-02
3.130482437755135322e-02
2.165184825579383188e-02
1.447831811672193811e-02
9.228133765117305792e-03
5.425177995011878224e-03
2.528923433319552744e-03
-2.382875079719814785e-05
1.781206841379820059e-04
2.074100449402143862e-04
-4.068755507180182363e-04
-1.988478723885012166e-04
-6.485595313207162061e-04
9.201155082217472067e-05
4.107160498796727011e-04
2.923113630529545755e-04
-3.961828884753633450e-04
2.724528785829638815e-04
-4.055678292907372246e-04
-2.086970953714079556e-03
-4.594084422070418561e-03
-7.961480434493311067e-03
-1.269636183956933569e-02
-1.931694774923466834e-02
-2.838323717431529003e-02
-4.028548234812081436e-02
-5.551333670180987750e-02
-7.393716560749402644e-02
-9.625189543355276711e-02
-1.220015867766085088e-01
-1.546458365938954416e-01
-1.997721442867473607e-01
-2.909997730597380650e-01
-4.456951955483695604e-01
-3.973701499492494071e-01
-2.971785860160650605e-01
-1.306768148658246087e-01
6.614640929331709607e-02
2.359033330305282117e-01
3.575797362873579521e-01
4.258976282817978909e-01
4.573169597764082384e-01
4.718221440433795766e-01
4.804032371342977226e-01
4.882259869816857889e-01
3.120111129663821758e-01
2.079939734757934311e-01
1.582229174688378204e-01
1.256903466355930865e-01
9.983902141935580010e-02
7.783332035580478592e-02
5.927466037999737369e-02
4.370764991844403036e-02
3.130484767363577586e-02
2.165197718218528702e-02
1.447904126305480862e-02
9.232255992799304548e-03
5.449028467926453519e-03
2.669344332600306815e-03
8.206549228954969832e-04
1.655815019983750374e-04
-1.309618307828239051e-04
-3.527907215823314455e-04
1.276864388314958372e-04
-7.011443540851244015e-04
-2.417917872024675550e-05
-3.159747347578070677e-04
-1.764837550120277622e-04
2.639892108087755021e-04
1.447815453288917660e-04
-4.330569238660372431e-04
-2.078306432098200353e-03
-4.590532124249405502e-03
-7.960540597887861072e-03
-1.269614540854870251e-02
-1.931690230688105220e-02
-2.838323019151337348e-02
-4.028548126281706471e-02
-5.551333577083777254e-02
-7.393716674292416524e-02
-9.625189642416255575e-02
-1.220015887661383691e-01
-1.546458426995724611e-01
-1.997721770134443520e-01
-2.909999853589022023e-01
-4.456968475581730704e-01
-3.973703395478876965e-01
-2.971786254831983998e-01
-1.306768120811187261e-01
6.614641167036301728e-02
2.359033421274598363e-01
3.575797463713327740e-01
4.258976355874777853e-01
4.573169605635012958e-01
4.718221566079778828e-01
4.804033840282574963e-01
4.882272208159285087e-01
3.120112709887807867e-01
2.079939986607028946e-01
1.582229237811090261e-01
1.256903482128418903e-01
9.983902211541077765e-02
7.783332345598546753e-02
5.927466100089411050e-02
4.370764522160239945e-02
3.130482583641042843e-02
2.165185337183673717e-02
1.447838984755430054e-02
9.228865699010439100e-03
5.431154813275341706e-03
2.573686813754985647e-03
2.967697195301660846e-04
-1.351166200610149693e-04
-2.275097305179584416e-04
-1.517722407328035066e-04
3.105013484490219970e-04
-1.060158882928288813e-04
1.878947781017790270e-04
-5.322717962977443909e-04
-5.684095207744941378e-04
-3.780200760899389448e-04
4.865729993407172231e-04
-2.408218246675749002e-04
-2.045916665319304044e-03
-4.579852905336723699e-03
-7.953036342928418434e-03
-1.268877268138755149e-02
-1.930915340938333877e-02
-2.837527320484121984e-02
-4.027777949680658165e-02
-5.550640745048963931e-02
-7.393141409169962097e-02
-9.624735446005716621e-02
-1.219979296514944883e-01
-1.546418171246258244e-01
-1.997654065685049163e-01
-2.909821723729444365e-01
-4.456379012411209040e-01
-3.972812923965489129e-01
-2.970804078137468940e-01
-1.306302441810818227e-01
6.611690375474495174e-02
2.358176554068370234e-01
3.574909909226484106e-01
4.258485769696390144e-01
4.573010560680191849e-01
4.718208532361327090e-01
4.804072848247010197e-01
4.882326374629599175e-01
3.120120409049676469e-01
2.079951505189515382e-01
1.582244033791647131e-01
1.256913347603639819e-01
9.983946687310203683e-02
7.783291612106053858e-02
5.927353849624797388e-02
4.370587956336733498e-02
3.130270799120413866e-02
2.164971699340105180e-02
1.447674596878070763e-02
9.227807762873555322e-03
5.426112718247617928e-03
2.527489438557174468e-03
-2.637958495086702003e-05
3.199018971158358409e-05
2.979055836562378165e-04
-5.228071065706366713e-04
-2.647897338875422374e-04
7.642354988797685135e-05
7.401860314186906650e-04
-1.258393292709637790e-04
2.338604431213362964e-04
3.431689081866970479e-04
-1.710676782458506304e-04
-6.109600439014945461e-04
-2.108253681713826051e-03
-4.591218691713969298e-03
-7.955180563186114995e-03
-1.268919003832773978e-02
-1.930923753322261530e-02
-2.837529046314054421e-02
-4.027778263912470263e-02
-5.550640592998970502e-02
-7.393141148593274092e-02
-9.624735475561811693e-02
-1.219979292025130946e-01
-1.546418107288736188e-01
-1.997653625272201861e-01
-2.909818693210055596e-01
-4.456354749438301011e-01
-3.972810101362634905e-01
-2.970803494128108624e-01
-1.306302335377616530e-01
6.611690484748115881e-02
2.358176534705246352e-01
3.574909927547456068e-01
4.258485787745958651e-01
4.573010570157157173e-01
4.718208445907013382e-01
4.804071702971700053e-01
4.882314834095788370e-01
3.120118895878235543e-01
2.079951265220026935e-01
1.582243995975316508e-01
1.256913344458302773e-01
9.983946566295892611e-02
7.783291435677962278e-02
5.927353863723718724e-02
4.370588150925566046e-02
3.130272178659872923e-02
2.164979569170475543e-02
1.447718067754421786e-02
9.230213220433554355e-03
5.439246960898212573e-03
2.597768418954390576e-03
3.381901619878442938e-04
-2.762945388392124067e-04
1.029544048098873226e-05
1.770742373907710615e-05
-2.190317615012403582e-04
-1.812022169447481809e-04
1.643292900647927196e-04
9.445756655103615428e-05
1.338810640720815986e-04
-7.232591212224907806e-04
3.656797358094943280e-04
-3.779588567859169693e-04
-2.063635316387564013e-03
-4.582487034514966945e-03
-7.953480851258120168e-03
-1.268886046775203301e-02
-1.930917544596257029e-02
-2.837528050327221829e-02
-4.027778016566108121e-02
-5.550640347888195769e-02
-7.393141083452803297e-02
-9.624735484912032291e-02
-1.219979303318304426e-01
-1.546418152947179603e-01
-1.997653948295402548e-01
-2.909821097314709282e-01
-4.456373897314327426e-01
-3.972812471603865414e-01
-2.970803989158917191e-01
-1.306302430032891260e-01
6.611689997659608853e-02
2.358176565802898028e-01
3.574909978981469227e-01
4.258485799723099596e-01
4.573010563467905243e-01
4.718208403525951944e-01
4.804071786235498687e-01
4.882317960595355943e-01
3.120119404775765215e-01
2.079951375289210425e-01
1.582244038630519212e-01
1.256913340747361219e-01
9.983946333570536957e-02
7.783291434605299486e-02
5.927353681647711675e-02
4.370587516172876053e-02
3.130269362847194758e-02
2.164963090543236407e-02
1.447629668430121946e-02
9.225553790941486837e-03
5.414870889465084498e-03
2.471981585394880405e-03
-3.000689736326482603e-04
1.214626500659232478e-04
-5.668483909473155815e-05
-6.132918832391224314e-04
-3.452207772986517456e-04
-3.809646551611435106e-04
1.412485397488509608e-04
6.582141021087297935e-05
2.590193602443155264e-05
-5.751297857625756269e-04
-5.454654031481208669e-04
-4.447079198628318161e-04
-1.969889377875103011e-03
-4.319838635248901548e-03
-7.483044443539491920e-03
-1.192722643874816885e-02
-1.814298902174619685e-02
-2.663577074358549138e-02
-3.779449935044430775e-02
-5.199938316788973308e-02
-6.919794871320551766e-02
-8.973937480944199629e-02
-1.133057443878730391e-01
-1.421132166625837800e-01
-1.806553514981482367e-01
-2.546128758235591816e-01
-3.583146003537193147e-01
-2.720980664217666489e-01
-1.560705572564668464e-01
-5.032601435068320694e-02
3.846303078969934286e-02
1.205427243199155701e-01
2.127602515835766706e-01
3.128357424874235737e-01
3.938925824349189808e-01
4.387182838825239850e-01
4.596177205238100583e-01
4.696329209665036641e-01
3.046024932000436225e-01
2.030991677909015636e-01
1.540868839393049750e-01
1.219415300092678844e-01
9.651048368483010342e-02
7.499840527072454410e-02
5.693871926929873484e-02
4.188582115661972777e-02
2.993506443237606632e-02
2.067543543609792756e-02
1.381058647827811299e-02
8.802886294923411431e-03
5.191920920422509952e-03
2.502279159073107599e-03
4.690279532566590543e-04
-9.401901422910489612e-05
-2.202640207592654179e-04
-4.180879545058220213e-04
2.621687264574465133e-04
2.196690857520839822e-04
2.796687077451471084e-04
-2.701973593380950140e-05
-2.589864026625900693e-04
-8.072871243319698067e-04
1.746582427578765250e-04
-5.854476532177664517e-04
-1.994658430075106452e-03
-4.325131237116799574e-03
-7.484235577583592605e-03
-1.192749739627668032e-02
-1.814305073910819216e-02
-2.663578371941683134e-02
-3.779450209666811861e-02
-5.199938271578028598e-02
-6.919794762356047679e-02
-8.973937705886325666e-02
-1.133057429803503990e-01
-1.421132112236818124e-01
-1.806553282887215783e-01
-2.546127172288803475e-01
-3.583135488965260018e-01
-2.720979553334273993e-01
-1.560705368569145768e-01
-5.032601403883083663e-02
3.846302820375885334e-02
1.205427215948056546e-01
2.127602515990974774e-01
3.128357488640305384e-01
3.938925885453669617e-01
4.387182855260086112e-01
4.596176905286174508e-01
4.696324940219710475e-01
3.046024262079114475e-01
2.030991549538397889e-01
1.540868806401895219e-01
1.219415301771515636e-01
9.651048296092094858e-02
7.499840336143510922e-02
5.693871951623643429e-02
4.188582181339189220e-02
2.993506228371680886e-02
2.067541822029593176e-02
1.381049191579731585e-02
8.802380404483027207e-03
5.189082206672633243e-03
2.485286812574062903e-03
3.578452420190426919e-04
1.840515984568309835e-04
2.101310446517729589e-04
-2.259625322868040595e-04
-2.165767812687813666e-05
3.690627698359997687e-04
1.454169544418570557e-04
-1.305358257821375041e-04
2.607938820213982962e-04
3.587708502020178465e-04
3.944024458887155130e-04
-4.356277815475681806e-05
-1.916911300613718689e-03
-4.312824352169096660e-03
-7.482158344362896743e-03
-1.192712901518509956e-02
-1.814298379081909912e-02
-2.663577101843128681e-02
-3.779449733596604993e-02
-5.199937867708983447e-02
-6.919794644716549537e-02
-8.973937813555153686e-02
-1.133057456562913401e-01
-1.421132144321398394e-01
-1.806553407780448206e-01
-2.546128262283994803e-01
-3.583142626635615891e-01
-2.720980404071441927e-01
-1.560705546158819013e-01
-5.032601693897921502e-02
3.846302725630074137e-02
1.205427245337447328e-01
2.127602546397736050e-01
3.128357468829005561e-01
3.938925868313806755e-01
4.387182746272833556e-01
4.596176441327363693e-01
4.696323309171104854e-01
3.046024166658742871e-01
2.030991570835580795e-01
1.540868844975191720e-01
1.219415307988930969e-01
9.651048201579573438e-02
7.499840434146920476e-02
5.693871828823994508e-02
4.188581688478952569e-02
2.993503636067881141e-02
2.067526005791695334e-02
1.380962574825617302e-02
8.797655370907240396e-03
5.163363483023230595e-03
2.346626921200138400e-03
-3.757873990719890899e-04
1.138561386971266890e-04
-2.211867861661041736e-04
2.947872580225292544e-04
5.433728276647430307e-04
-1.365456500147214252e-04
1.631420235478487745e-04
4.904289920083569606e-06
-2.453639601725710246e-04
-8.481355076582696394e-05
5.213223636871670320e-04
-7.117820636222601258e-04
-1.788861895704444089e-03
-3.813184170716234396e-03
-6.582074653055139737e-03
-1.047161494061294058e-02
-1.591017647818113515e-02
-2.330805353995693899e-02
-3.302518906323210351e-02
-4.528094592910052868e-02
-6.009051306953718669e-02
-7.736249538324972697e-02
-9.688676483028561826e-02
-1.193855953366773637e-01
-1.478706296468233206e-01
-1.986658560324715550e-01
-2.524637894708005037e-01
-1.662281704129446036e-01
-8.226003793899590300e-02
-1.711213308591086682e-02
3.717628824295404061e-02
8.469259891991796907e-02
1.371677998779469720e-01
2.074964667944738939e-01
2.974219409581276841e-01
3.770784374005933248e-01
4.244460261755341191e-01
4.452903221466810169e-01
2.905368040984334099e-01
1.929629816406773224e-01
1.455153544305380353e-01
1.142837015338006856e-01
8.980581115300298456e-02
6.934229247132998875e-02
5.232345319704779368e-02
3.831013095009153796e-02
2.726476145458167979e-02
1.877987748890383793e-02
1.251788833234592987e-02
7.975141730297098663e-03
4.715308964442071864e-03
2.324709463301945309e-03
6.597855518913246049e-04
-2.770436254937301448e-04
3.876557055361049361e-05
-3.678465838379109203e-04
-3.724486152984903225e-04
4.258743864802639928e-04
2.721414658605974895e-04
-2.930731037324126718e-05
-1.167406261986865019e-04
-5.494524648185770716e-05
2.085137759190723887e-04
-3.447458438967034738e-04
-1.762622271638268016e-03
-3.813520807492351127e-03
-6.582822315640928651e-03
-1.047184990846011104e-02
-1.591023402439882550e-02
-2.330806421059832337e-02
-3.302519106206332905e-02
-4.528094572646172711e-02
-6.009051253068514731e-02
-7.736249784815948938e-02
-9.688676200165277641e-02
-1.193855910701907830e-01
-1.478706264830919048e-01
-1.986658254563248016e-01
-2.524637327986335444e-01
-1.662281547945975990e-01
-8.226003043194822506e-02
-1.711213508308204873e-02
3.717628513521756967e-02
8.469259558816974454e-02
1.371677977364808565e-01
2.074964711053529087e-01
2.974219458329886989e-01
3.770784369237141220e-01
4.244460231215534951e-01
4.452902885845905767e-01
2.905367891887855047e-01
1.929629769693602392e-01
1.455153519388696359e-01
1.142837024324585560e-01
8.980581103624092620e-02
6.934229021710867913e-02
5.232345297879942986e-02
3.831012947582419781e-02
2.726474233194222524e-02
1.877976562646188272e-02
1.251729088839375649e-02
7.972010850072539997e-03
4.699342615276225384e-03
2.247284149917228371e-03
3.211702528804381775e-04
2.114161308481232672e-04
2.700090896724189411e-04
-1.068823124915438286e-04
2.050256772509690198e-04
-4.229817680008251613e-04
6.926512415030556375e-05
-5.364662490131400603e-04
5.852521490171252181e-04
8.491967330475243801e-05
-6.987698784936409685e-05
-6.730303877729187272e-04
-1.789753196657699720e-03
-3.814311623590512911e-03
-6.582390383785908898e-03
-1.047168926863702686e-02
-1.591019351344242702e-02
-2.330805476052384695e-02
-3.302518660808975715e-02
-4.528094158964828669e-02
-6.009051227250417765e-02
-7.736250062733660005e-02
-9.688676587775445215e-02
-1.193855944171035161e-01
-1.478706281594600047e-01
-1.986658387268618320e-01
-2.524637111950766011e-01
-1.662281571040460371e-01
-8.226003132007900231e-02
-1.711213192031559374e-02
3.717628773369258816e-02
8.469259953782574957e-02
1.371677987333795867e-01
2.074964671488493950e-01
2.974219450999677217e-01
3.770784343760072987e-01
4.244460234279937016e-01
4.452902887559141432e-01
2.905367925419438668e-01
1.929629804423142747e-01
1.455153558593365870e-01
1.142837020853570557e-01
8.980580957817206611e-02
6.934229090759408409e-02
5.232345288731673344e-02
3.831012853799770079e-02
2.726472997972292228e-02
1.877968494737555435e-02
1.251684673511462183e-02
7.969430853228544678e-03
4.683497826353493453e-03
2.143769033796026537e-03
-3.984141361327872099e-04
-5.274729710574445449e-05
-2.002400265629539515e-04
-6.167150586053041965e-04
-3.428421113427914811e-04
-4.975106969981317896e-04
3.501627741694895816e-04
-2.203537228584079603e-04
-2.575821306631683968e-04
-5.298347945133472263e-04
-3.891301370746648339e-04
3.620970862461242554e-04
-1.309296400566425456e-03
-3.061236752420040935e-03
-5.309677208103868833e-03
-8.431583689635419390e-03
-1.278180261279533714e-02
-1.865524936947395018e-02
-2.633857887746552870e-02
-3.588820093300966463e-02
-4.731599519442501040e-02
-6.018757141488435825e-02
-7.427039212117719780e-02
-8.920235281656309356e-02
-1.065173310607503698e-01
-1.351901831243106089e-01
-1.552919746844287074e-01
-9.116900125629852358e-02
-3.524780668323245630e-02
6.123174134821839781e-03
3.958123140557393005e-02
6.910421007666628368e-02
1.019235140116674099e-01
1.449569970181580070e-01
2.097852708534049537e-01
2.924574902399854626e-01
3.658778084449189061e-01
4.057027561687483463e-01
2.672633284732278125e-01
1.765735156902398517e-01
1.319709698453346847e-01
1.024810359793400932e-01
7.964272355860027575e-02
6.089752457294791282e-02
4.552246696231797979e-02
3.309508651949449876e-02
2.340513771939095600e-02
1.605597685264251173e-02
1.066811524702073605e-02
6.788917383604345553e-03
4.015805382741877150e-03
1.985743774977161320e-03
5.438435487944037099e-04
2.634588288080058930e-04
-4.715140226873353128e-05
2.562936622802198085e-04
3.721765021454969996e-04
-3.289896111364313549e-04
4.139191810559395067e-04
3.746806967676549228e-04
-3.300120584625550798e-04
-3.235166300106478553e-04
3.265603272457461167e-04
-6.965519625810239011e-04
-1.458344928201023728e-03
-3.083876909007318354e-03
-5.313270879268618997e-03
-8.432179626692822352e-03
-1.278190390289069348e-02
-1.865526365902383035e-02
-2.633858037476102809e-02
-3.588819974352979586e-02
-4.731599356632044256e-02
-6.018757351690164764e-02
-7.427039046825345547e-02
-8.920235106122988145e-02
-1.065173338964580663e-01
-1.351901708667772317e-01
-1.552919251388096833e-01
-9.116898908069112628e-02
-3.524780300678116707e-02
6.123173313268632373e-03
3.958123162637124798e-02
6.910421007237405044e-02
1.019235132824281576e-01
1.449570002304196026e-01
2.097852739596867411e-01
2.924574853421620380e-01
3.658777946223468747e-01
4.057027177624421554e-01
2.672633230953554984e-01
1.765735162681436321e-01
1.319709685355265616e-01
1.024810359189708836e-01
7.964272180769391141e-02
6.089752023949296378e-02
4.552246470739723661e-02
3.309508168963568725e-02
2.340510604831210623e-02
1.605580405707628458e-02
1.066716210189995982e-02
6.783565713469375674e-03
3.985189249563721343e-03
1.805344802704874751e-03
-5.628294985927684594e-04
2.703975631677426575e-04
1.726666449261518739e-04
2.864293853542193373e-04
-3.350969794129827952e-04
3.948548164042510445e-04
2.375114808581525684e-04
-3.265541438587784098e-04
7.846253022793347586e-04
8.604058733061298715e-05
3.976961576499847637e-04
-3.353136805339529815e-04
-1.406451785180347575e-03
-3.075152876526062503e-03
-5.311641963537779704e-03
-8.431858162575762289e-03
-1.278184009275905829e-02
-1.865525124508872132e-02
-2.633857592539485745e-02
-3.588819534550519857e-02
-4.731599344535086793e-02
-6.018757581667476958e-02
-7.427039222337598889e-02
-8.920235186158287366e-02
-1.065173319397539203e-01
-1.351901776317146198e-01
-1.552919800018130736e-01
-9.116899911372280951e-02
-3.524780306104830646e-02
6.123174470807538246e-03
3.958122980808790464e-02
6.910420829040576918e-02
1.019235101006352867e-01
1.449569969966675587e-01
2.097852770533700784e-01
2.924574936293667382e-01
3.658778593204440877e-01
4.057030033888922582e-01
2.672633579854311048e-01
1.765735227692114273e-01
1.319709709160417910e-01
1.024810338905317031e-01
7.964272013798531780e-02
6.089752054760303596e-02
4.552246506556759803e-02
3.309508333197934415e-02
2.340511099082916158e-02
1.605585102840359144e-02
1.066752915793553989e-02
6.786213024634123007e-03
4.004125208133490349e-03
1.941486228578045026e-03
4.325384156107005837e-04
-3.378978043782067094e-04
-5.140667959165498785e-04
-2.301051977455877877e-04
4.203688773660401823e-04
2.009887454351405630e-05
4.150015764393134030e-04
-4.699132260962310100e-04
-2.163581479567773140e-05
-2.838430031059345493e-04
8.748050567882269095e-05
3.160747219857049822e-05
-9.535347099285490209e-04
-2.175976287685414592e-03
-3.758989946095888171e-03
-5.944501478403335648e-03
-8.968641587208297031e-03
-1.299872557484381234e-02
-1.819575444745978252e-02
-2.448073727449111628e-02
-3.176335337941306458e-02
-3.944188285313205561e-02
-4.711143910618077052e-02
-5.386172978623361696e-02
-5.983823683669605570e-02
-6.828032171662674898e-02
-6.678039394082102564e-02
-3.098306768825905694e-02
-7.451206699529013639e-04
2.365368561902149447e-02
4.579841198851222761e-02
6.455141392248504861e-02
8.345188536125264234e-02
1.074656879853077007e-01
1.472862474210028527e-01
2.098701427248391982e-01
2.876826559964216212e-01
3.458233972961329283e-01
2.322812173443930817e-01
1.528363311839215088e-01
1.128955082481761518e-01
8.632848547824997776e-02
6.602472247582993892e-02
4.978261465186093609e-02
3.672108164779206568e-02
2.642836063729708113e-02
1.852709051816661331e-02
1.263700973221244285e-02
8.359515562615169385e-03
5.309579953803013168e-03
3.138587240015366497e-03
1.543578919350118914e-03
2.951869613294152311e-04
-3.217911802934045372e-04
1.546576951028392675e-04
-3.054123053146631686e-04
5.805385389669936248e-05
2.828725169737068834e-04
-2.660020573301819890e-04
-2.357752467393102425e-04
-2.414020272827778881e-04
5.660890524581169186e-05
-3.936110905141588677e-04
-1.327876734290257474e-04
-9.937037467178306584e-04
-2.184601655549042558e-03
-3.760714572835953656e-03
-5.944838048765368511e-03
-8.968705301943616370e-03
-1.299873484256395921e-02
-1.819575747483462291e-02
-2.448073938348499859e-02
-3.176335435797000145e-02
-3.944188529123587167e-02
-4.711143671959549389e-02
-5.386172627876142233e-02
-5.983823855899187555e-02
-6.828031871703824085e-02
-6.678038861423073180e-02
-3.098306621785517842e-02
-7.451227955152752618e-04
2.365367984742826335e-02
4.579841071978654060e-02
6.455141682749512833e-02
8.345188958625131270e-02
1.074656935526694251e-01
1.472862498318807667e-01
2.098701389604715195e-01
2.876826502521058759e-01
3.458233655039679166e-01
2.322812159366952622e-01
1.528363340912221868e-01
1.128955078556606179e-01
8.632848427667584590e-02
6.602471883810466513e-02
4.978260988455433106e-02
3.672108118304102942e-02
2.642835813851053886e-02
1.852706317650969561e-02
1.263687105096726430e-02
8.358811052500157712e-03
5.306072664483650614e-03
3.122008432446348597e-03
1.472445102383443047e-03
5.847329468120216324e-05
3.093345196265994291e-04
4.546476344216879534e-04
-2.392758601324667723e-04
-1.997463287430130581e-04
-3.251468813426446514e-04
2.908157637542367613e-04
-1.539716373117917261e-04
5.152889485838888775e-04
-2.941779186610541416e-04
5.356635387756107929e-05
3.197085313870908094e-06
-9.552213326643109416e-04
-2.175133328524328068e-03
-3.758567185770399482e-03
-5.944374312797221817e-03
-8.968608277943644971e-03
-1.299871410359225953e-02
-1.819574963112141966e-02
-2.448073219498103290e-02
-3.176335274915152718e-02
-3.944188761640766289e-02
-4.711143961130268010e-02
-5.386172824080812105e-02
-5.983823688985148020e-02
-6.828031629279612824e-02
-6.678038115478238113e-02
-3.098306644543896010e-02
-7.451204457860031039e-04
2.365368249526700675e-02
4.579840886946245221e-02
6.455141449722102964e-02
8.345188620366436605e-02
1.074656927945785295e-01
1.472862550657243752e-01
2.098701450313069650e-01
2.876826793636294566e-01
3.458234858035422188e-01
2.322812344138460439e-01
1.528363384780222489e-01
1.128955092284373019e-01
8.632848170038430469e-02
6.602471683705389560e-02
4.978260939235298194e-02
3.672108182083582556e-02
2.642835971718996216e-02
1.852706913251113419e-02
1.263693637363190632e-02
8.359214357507960963e-03
5.308365132415043992e-03
3.134322483868788502e-03
1.532051690235297289e-03
2.846857929823977526e-04
-1.030240122755123614e-04
-1.014967094936397747e-04
-4.890135075143169779e-04
-3.038016284220862603e-04
9.960528351290342695e-05
-4.134052643122779463e-04
4.363605023135129989e-04
1.824986700529708311e-04
-4.013737725588106060e-04
3.093988937876602379e-05
-6.033477768277516022e-04
-6.424998983839632933e-04
-1.201756496238374399e-03
-2.019751920257671900e-03
-3.156505824645724524e-03
-4.701739932595105226e-03
-6.690886933333970929e-03
-9.125879674838117614e-03
-1.182221102078527368e-02
-1.452899160929088489e-02
-1.662550531020481545e-02
-1.747793442181352214e-02
-1.601061858758661902e-02
-1.112385057794951747e-02
-1.109296036440118784e-03
1.618083341576399478e-02
2.328770706481042910e-02
3.112023586258636995e-02
4.069001831680747749e-02
5.186102791835058706e-02
6.235066135681698041e-02
7.297381718761516978e-02
8.548107328415338602e-02
1.071787322067111053e-01
1.467543438168724679e-01
2.082323489192431654e-01
2.687171516233566315e-01
1.852939195097224878e-01
1.211435601116370581e-01
8.784841235401180670e-02
6.565611902476588269e-02
4.900601520983095816e-02
3.617150754677102981e-02
2.615495283807364388e-02
1.853796348029737931e-02
1.282919023808263247e-02
8.675533558645335749e-03
5.702506008815475674e-03
3.609608394568455426e-03
2.126979890604532158e-03
1.039294517201792096e-03
2.109350485664192364e-04
7.278735666304548798e-04
-1.934935193572458884e-04
5.771937748594511671e-04
-2.869904317874118912e-05
-4.091528799018555079e-04
4.452002317817766938e-04
-1.094818900418724017e-04
-2.058364184597096045e-04
1.334059387337617995e-04
5.181782420433898861e-04
-3.827220429266920397e-04
-6.154976138334368853e-04
-1.198886001758668867e-03
-2.019573622409451003e-03
-3.156534698081272811e-03
-4.701754571587666784e-03
-6.690887825517722286e-03
-9.125881090174686044e-03
-1.182221319861579724e-02
-1.452899275848009222e-02
-1.662550681083658707e-02
-1.747793184267353028e-02
-1.601061535830263297e-02
-1.112385053135290548e-02
-1.109292353960415018e-03
1.618084321611701001e-02
2.328770997573564872e-02
3.112023592442616365e-02
4.069001599392200325e-02
5.186102780118027888e-02
6.235066325506628121e-02
7.297381988879365899e-02
8.548107663498384634e-02
1.071787319209353551e-01
1.467543388008736571e-01
2.082323430334627745e-01
2.687171397111423055e-01
1.852939193035673116e-01
1.211435619725683421e-01
8.784841314996071071e-02
6.565612029408866845e-02
4.900601495681677910e-02
3.617150669441234617e-02
2.615495497909942069e-02
1.853796237073026751e-02
1.282917068445878911e-02
8.675446765005145888e-03
5.702059361196073692e-03
3.607236029232538475e-03
2.114087926714842622e-03
9.660655811682306200e-04
-2.289668644571223293e-04
-4.889716880728665243e-04
2.122419326061037012e-04
2.770686971619999478e-04
5.017477441415205174e-04
1.013531114641078040e-04
2.096326955133251434e-04
-3.041513480384051252e-04
-1.869812772861231711e-04
-4.556141448420338936e-04
-6.152135991979394280e-05
1.797462928930868557e-05
-5.301690765752423888e-04
-1.180685364375005757e-03
-2.015794347742942087e-03
-3.155766160226058503e-03
-4.701599535012535892e-03
-6.690854776358919412e-03
-9.125871869650182405e-03
-1.182220910704286955e-02
-1.452899540000063619e-02
-1.662551138449549701e-02
-1.747793370171234206e-02
-1.601061424420498897e-02
-1.112384952953985109e-02
-1.109294392320720867e-03
1.618083626795776761e-02
2.328770970425060594e-02
3.112024339476883103e-02
4.069002015507515446e-02
5.186102630898855453e-02
6.235066075844235278e-02
7.297381613505912745e-02
8.548107585659825425e-02
1.071787355504849881e-01
1.467543399783676483e-01
2.082323418271787019e-01
2.687171459678975860e-01
1.852939226695581032e-01
1.211435614218962648e-01
8.784840951870469261e-02
6.565611480894323337e-02
4.900601312800847986e-02
3.617150881172869620e-02
2.615495979077336539e-02
1.853796543375375167e-02
1.282917025864224563e-02
8.675473926038785102e-03
5.702229576929579262e-03
3.608302250026339773e-03
2.121165535183006795e-03
1.016170965567426629e-03
1.523323472463761891e-04
-5.333257622825491424e-05
-6.986838390961038977e-05
-3.662477253681555066e-04
2.993124848408796126e-04
-2.971312981407476703e-04
4.502985640960890847e-04
-1.032933719027940851e-04
4.460629691892235046e-04
-4.199502904110109834e-04
-2.157819775021916167e-04
-4.736206818776797630e-04
-1.650594057487220895e-04
-1.388346170170314409e-04
-1.689390712102075472e-04
-2.064995054306597167e-04
-2.048618523396117613e-04
-7.488939167586358431e-05
3.437831130531459581e-04
1.313307270484779642e-03
3.243598551575219840e-03
6.688989782789913838e-03
1.249867753753093613e-02
2.180924072786158061e-02
3.701847320525433749e-02
6.500155329283142935e-02
9.839980950075336019e-02
7.734471641363267758e-02
6.270723335357106243e-02
5.834820247109221564e-02
6.038258467282964226e-02
6.378699627389272653e-02
6.694207980415853299e-02
7.063837074912268643e-02
7.918638459351270975e-02
9.944304354198953144e-02
1.375302205319172966e-01
1.832838375855055935e-01
1.282106636877777539e-01
8.195467412375816163e-02
5.710829040770413340e-02
4.075532016816840741e-02
2.898032179022742849e-02
2.045801409549969155e-02
1.419797686977349906e-02
9.731085565781937355e-03
6.552420483456805611e-03
4.346570484828529875e-03
2.819622847187833702e-03
1.770710052522853246e-03
1.035439699645621147e-03
5.095540863724908184e-04
2.550783702441541826e-04
-1.656609227136197405e-04
8.588934012537472742e-05
8.089945760354385598e-05
-9.864657030211757341e-05
5.419883303190166889e-04
2.465487771602908993e-04
5.975042774364746224e-04
-3.419670480660626189e-04
-4.428803666195778917e-04
-4.718851942866068893e-04
-3.728553912230955932e-04
-1.500827113521000856e-04
-1.369556420789378077e-04
-1.687950261834490848e-04
-2.065175986215026839e-04
-2.048719106879245370e-04
-7.488750110122127093e-05
3.437842022174878993e-04
1.313306892032045214e-03
3.243597589334830909e-03
6.688987218388437080e-03
1.249867644841700341e-02
2.180923980553068145e-02
3.701847335156087382e-02
6.500155814362207352e-02
9.839982141306892471e-02
7.734471884952213994e-02
6.270723243711930073e-02
5.834820172117057696e-02
6.038258652317092523e-02
6.378699844690020881e-02
6.694208093004787308e-02
7.063837170713678504e-02
7.918638262014063289e-02
9.944304068846100686e-02
1.375302253459659008e-01
1.832838482602777708e-01
1.282106665122329792e-01
8.195467580942783492e-02
5.710829133594551299e-02
4.075532145508350274e-02
2.898032113520166222e-02
2.045801251182883737e-02
1.419797705727494919e-02
9.731084425359909709e-03
6.552412759075069808e-03
4.346554762693989431e-03
2.819573624158259063e-03
1.770611604740217598e-03
1.035620137882808586e-03
5.116988538119013807e-04
2.495982055272792958e-04
-1.259900149264941548e-04
8.733416418524543774e-05
-2.614931312838477372e-04
1.245312526104043731e-04
-7.745642825836931457e-04
8.640361983219816051e-05
2.682232520516605184e-04
-2.914015497071911678e-04
-7.308140377067619611e-05
2.800963074240267426e-04
6.029531139820686145e-04
1.916761198221394330e-05
-1.058361106721415979e-04
-1.629803585292328473e-04
-2.054210584901270320e-04
-2.046631447260735754e-04
-7.484523600918949237e-05
3.437936983000966810e-04
1.313310210254611072e-03
3.243597466847665100e-03
6.688986433494810424e-03
1.249867695368106837e-02
2.180924191134740731e-02
3.701847435876533254e-02
6.500155667004750559e-02
9.839981297392985660e-02
7.734471686306122751e-02
6.270723639544793782e-02
5.834820130522720000e-02
6.038258250331609428e-02
6.378699526609823978e-02
6.694207735853995034e-02
7.063837177227226538e-02
7.918638693362198278e-02
9.944304253394742332e-02
1.375302227408271849e-01
1.832838446180886094e-01
1.282106690377732561e-01
8.195467502686222538e-02
5.710828715375342035e-02
4.075531805386977541e-02
2.898032324808823279e-02
2.045801717479895157e-02
1.419798148725903708e-02
9.731082796811164198e-03
6.552399199078720073e-03
4.346512221095843315e-03
2.819294672817650952e-03
1.768723617311465006e-03
1.022636678297291976e-03
4.207247520648577967e-04
-3.967060647068346504e-04
1.787050587180942203e-04
-2.634393392009171065e-04
1.590740104359907915e-04
3.000321993128318536e-04
-1.105554578495348433e-04
-4.593780798519393836e-04
-2.584502996973125064e-04
-3.752602899539386619e-04
-5.969255074564615033e-04
1.551727973086566761e-04
-1.971725615256045944e-04
3.455950360664493881e-04
9.439964942305193634e-04
1.705501557931702033e-03
2.769841490281530101e-03
4.307585700726064039e-03
6.522796670166002529e-03
9.708586905068275485e-03
1.418296951772030426e-02
2.044743218864140608e-02
2.897472597568763464e-02
4.075005969517916937e-02
5.710504142704915520e-02
8.194959431884607515e-02
1.282101822678205771e-01
1.832652019855665337e-01
1.375445569716960414e-01
9.944697371912342154e-02
7.921279681316362176e-02
7.064156973003508921e-02
6.695458604222957744e-02
6.376772134138118664e-02
6.036994530773278494e-02
5.830949611066880284e-02
6.268563764408917327e-02
7.730784545818979170e-02
9.838964975581114547e-02
6.498472950061041920e-02
3.701169042547247656e-02
2.180827899842089149e-02
1.250505502833516164e-02
6.700780554343852870e-03
3.262483016325259770e-03
1.337778458511688440e-03
3.744881895437715438e-04
-3.956487542353459628e-05
-1.654442427869547627e-04
-1.649416470853867030e-04
-1.271002176414996840e-04
-9.934111914015269584e-05
-1.341967385876560693e-04
-5.095023027735575295e-04
4.096212750402988996e-04
-4.378973787738158862e-05
2.058575438230729091e-04
3.754344332736135582e-04
-1.556336603328564749e-04
-2.849405264462936960e-04
-1.687491506626266277e-04
-4.817325474227061931e-04
7.006989579025910478e-05
4.116181467920474184e-04
-2.698175757346333572e-04
3.259298165901114235e-04
9.394842997388551343e-04
1.704537811717918251e-03
2.769639225657879490e-03
4.307545486905334058e-03
6.522792310372757356e-03
9.708584713039208544e-03
1.418296585253710565e-02
2.044742862722949764e-02
2.897472497047322293e-02
4.075006306259656291e-02
5.710504506115076512e-02
8.194959770908007146e-02
1.282101861396831577e-01
1.832652125949074118e-01
1.375445573049270120e-01
9.944697075448734325e-02
7.921279623742470688e-02
7.064157357136849336e-02
6.695459017939087154e-02
6.376772339035409465e-02
6.036994700217267890e-02
5.830949407052072458e-02
6.268563428518095226e-02
7.730784880066805809e-02
9.838965696464317678e-02
6.498473171993540687e-02
3.701168990659987890e-02
2.180827701433679308e-02
1.250505454842801810e-02
6.700780665336550541e-03
3.262483159975611800e-03
1.337778575136307907e-03
3.744884692027241691e-04
-3.956364044409779322e-05
-1.654175349004367748e-04
-1.647361057986273354e-04
-1.255072477976065337e-04
-8.711365701012117109e-05
-4.039236149054516184e-05
2.181486554965939473e-04
-3.123774310427351094e-04
2.171668970128178661e-04
1.945234424351976305e-04
3.715622381713358209e-04
-5.837726026395186714e-04
2.786249540872624223e-04
2.086057344909902445e-04
-1.832965669635821767e-04
-5.004814271443978630e-04
-1.986789309442805034e-05
5.655096073183396707e-04
4.765011638069132889e-04
9.679204927315219684e-04
1.709950017328665858e-03
2.770674343785283975e-03
4.307745162834323259e-03
6.522834067327745733e-03
9.708593421806193877e-03
1.418296807019558611e-02
2.044743004325905861e-02
2.897472518016610057e-02
4.075006271549592302e-02
5.710504546100543533e-02
8.194959701622903103e-02
1.282101847668269123e-01
1.832652144432442287e-01
1.375445604145699441e-01
9.944697775047786625e-02
7.921279769568020934e-02
7.064157023581225936e-02
6.695458707587274849e-02
6.376772161460035615e-02
6.036995019356636294e-02
5.830950061737242424e-02
6.268563523071410404e-02
7.730784387489930687e-02
9.838964971386156277e-02
6.498473130409197773e-02
3.701169175189893829e-02
2.180827770103101193e-02
1.250505616274538191e-02
6.700784900134863775e-03
3.262485671125291923e-03
1.337779007496326788e-03
3.744829801665878512e-04
-3.957904655472824771e-05
-1.654604795709963634e-04
-1.649605818876201933e-04
-1.267152694336655188e-04
-9.380507410744130770e-05
-7.935058522409934201e-05
-2.230401166531891012e-05
7.669821190672688311e-05
-2.962958753418051924e-04
-1.691851124649662751e-05
-1.161582419722311871e-04
-1.110165514243244376e-04
3.584876724343764626e-04
5.110559035255266323e-05
6.095155288385803297e-05
-7.905384616460128116e-05
3.015532481003274792e-06
6.175165735399538666e-05
8.145332426106135539e-04
1.986657278107512459e-03
3.519490556956016581e-03
5.643282127291870953e-03
8.635729646058232928e-03
1.280417902994563685e-02
1.852218872146769654e-02
2.614828293329390235e-02
3.616777341918113453e-02
4.900622832481302954e-02
6.565219170168938578e-02
8.784358101054938472e-02
1.211308724706530726e-01
1.852816241792256957e-01
2.686697332508978242e-01
2.082123769415782644e-01
1.467265750991922357e-01
1.071846900299031069e-01
8.547194593660581430e-02
7.297591681747229997e-02
6.232363350816219616e-02
5.183972176705539670e-02
4.064227617749233135e-02
3.108190538203550041e-02
2.322269123973954089e-02
1.612709484025531131e-02
-1.154157270898777425e-03
-1.114674637839895531e-02
-1.601842473400976949e-02
-1.747069027309450587e-02
-1.660824975671170226e-02
-1.450150160613561390e-02
-1.178860307246149507e-02
-9.086546281361370866e-03
-6.649592955236744048e-03
-4.660718007975444416e-03
-3.120833001232581685e-03
-1.994764410932739224e-03
-1.189457905686093064e-03
-5.956541792843652802e-04
3.847950205876182170e-05
-2.267628808961838591e-04
3.309914053275247748e-05
1.256248057100788538e-06
-1.820655912266505626e-04
4.506113328741534929e-04
-2.577449146807349800e-04
4.695722126520256775e-04
-3.058418921002992868e-04
-9.100882092673059898e-05
-1.708099074752456210e-04
-4.917283650414997192e-04
7.323119631136646964e-04
1.973366589687849601e-03
3.517249117494228392e-03
5.642890030275459455e-03
8.635660038612736136e-03
1.280416797545715600e-02
1.852218457106399527e-02
2.614827968162779584e-02
3.616777204761326137e-02
4.900623121823766831e-02
6.565219717510929753e-02
8.784358349477529304e-02
1.211308738197976603e-01
1.852816274416022868e-01
2.686697622743348668e-01
2.082123869905722069e-01
1.467265759750304155e-01
1.071846901660580970e-01
8.547194917454049856e-02
7.297592092948229636e-02
6.232363624038448485e-02
5.183972336187376434e-02
4.064227077386824843e-02
3.108189689266518257e-02
2.322269148482826104e-02
1.612710431653285523e-02
-1.154152458292356624e-03
-1.114674548591958712e-02
-1.601842429834373846e-02
-1.747068684459063270e-02
-1.660824462991506920e-02
-1.450149901148901736e-02
-1.178860481210091890e-02
-9.086548125020809524e-03
-6.649595136007208432e-03
-4.660725966538430132e-03
-3.120923481581683659e-03
-1.995652904552257419e-03
-1.197690922663285354e-03
-6.693649466512660400e-04
-6.063560525504083131e-04
1.558072814877312030e-04
3.746330747808276104e-04
-8.333181879884367404e-05
1.555213909893640581e-04
6.944380236389813374e-05
4.290835567065298721e-05
-1.813098381296348357e-04
2.508424160992200024e-04
2.352635505959172618e-04
-1.958514440046584578e-04
-1.383359427611503519e-04
8.049634791831000030e-04
1.988722200984154725e-03
3.520450686143302820e-03
5.643549986442359528e-03
8.635795968369094910e-03
1.280419809379794265e-02
1.852218864763386166e-02
2.614827792983400595e-02
3.616777227971365583e-02
4.900623133842925416e-02
6.565219758243096004e-02
8.784358570187845994e-02
1.211308761646115728e-01
1.852816352418066304e-01
2.686698047625321051e-01
2.082124037930524474e-01
1.467265869281046409e-01
1.071846913963383635e-01
8.547194392370935367e-02
7.297591605385937708e-02
6.232363406619642610e-02
5.183972661697823503e-02
4.064227670259281527e-02
3.108189804650613591e-02
2.322268851415697916e-02
1.612709709256348461e-02
-1.154154006417888907e-03
-1.114674578063987349e-02
-1.601842865989940023e-02
-1.747068917862573331e-02
-1.660824150412195180e-02
-1.450149622215184640e-02
-1.178860279631019532e-02
-9.086550905374043627e-03
-6.649606140165161342e-03
-4.660751923766651150e-03
-3.120980657073599718e-03
-1.995386134637289633e-03
-1.192106305648261760e-03
-6.088009205433120947e-04
-4.966349748122284447e-05
-3.903080378425873308e-05
2.798433567074185168e-05
7.164252301233297064e-04
2.813031073829848285e-04
-5.710063367707426821e-04
2.719887324192706577e-04
-2.972012743005691049e-04
1.832583012291481514e-04
-5.908900895346466805e-04
-4.692118246008909646e-04
7.377111029753391914e-05
1.242498682792864215e-03
2.955277900456508913e-03
5.197587816506876908e-03
8.291514847021150963e-03
1.259571074129154505e-02
1.850557199081877616e-02
2.641771893247152336e-02
3.672152346599927286e-02
4.978455537615324861e-02
6.603104741218489282e-02
8.632744703170860956e-02
1.128935967308295901e-01
1.528228981179418078e-01
2.322681585491045142e-01
3.457685500691490277e-01
2.876411197566105526e-01
2.098030573199116677e-01
1.472578826808305652e-01
1.074352980044666755e-01
8.343910156723496896e-02
6.451305908523245758e-02
4.575819273894213973e-02
2.358584860086626253e-02
-8.080447918614825850e-04
-3.108917496947876877e-02
-6.689536665553336148e-02
-6.835951734111145317e-02
-5.987611320302325263e-02
-5.387556166858455120e-02
-4.710216747638781148e-02
-3.942007050037435456e-02
-3.172784913998845380e-02
-2.443948473828864293e-02
-1.814840281921972082e-02
-1.295196696809430489e-02
-8.925236864721930799e-03
-5.912765288062719893e-03
-3.748807184216354678e-03
-2.207538191042695760e-03
-1.078282417065058339e-03
-1.895077536979624126e-04
-7.576174992719240226e-05
1.065375240582653026e-04
6.529017509844379412e-05
-3.024037253134392172e-04
-6.826554229095809466e-05
-4.889474883597714721e-06
-2.921875748339399013e-04
-6.144946806662033483e-04
6.340499373174954571e-04
-1.644676949712183867e-04
1.057000491406635785e-04
1.225061793763694692e-03
2.949527792745108238e-03
5.196257586683279348e-03
8.291239267371092875e-03
1.259565744842277082e-02
1.850556357179150568e-02
2.641771754962974825e-02
3.672152261602441153e-02
4.978455494638801826e-02
6.603105026414866907e-02
8.632745058488786039e-02
1.128935960551290946e-01
1.528228968183153458e-01
2.322681606149714639e-01
3.457686155416049290e-01
2.876411381871137318e-01
2.098030620321989226e-01
1.472578824267226083e-01
1.074352994171611925e-01
8.343910316746443179e-02
6.451306131031797619e-02
4.575819591099025002e-02
2.358584771692206691e-02
-8.080469047406738537e-04
-3.108916782661641162e-02
-6.689534314941081306e-02
-6.835951173788874791e-02
-5.987611290558200045e-02
-5.387555922428141630e-02
-4.710216415555244091e-02
-3.942006762151784721e-02
-3.172785002832605866e-02
-2.443948891766675041e-02
-1.814840378257355849e-02
-1.295196528284543389e-02
-8.925230705135560327e-03
-5.912721456209885096e-03
-3.748416344183235372e-03
-2.203903784899943329e-03
-1.044193986185787014e-03
1.289888680330493758e-04
-6.541570396898598565e-06
-2.313705480369409445e-04
-4.046668472140535011e-04
-1.250183340736786748e-04
1.249869363113912930e-04
1.287173589910445000e-04
-1.184023829960302040e-04
5.525695079167851700e-05
4.528297119843222723e-04
2.420576111421674751e-04
1.046874933997369835e-04
1.239332532883468362e-03
2.954458908175674071e-03
5.197550222201190173e-03
8.291545288008772205e-03
1.259572677199327466e-02
1.850558061975121626e-02
2.641772021472327953e-02
3.672152342005761960e-02
4.978456009892436723e-02
6.603105447240488479e-02
8.632745263602088770e-02
1.128935976866825702e-01
1.528228981255897456e-01
2.322681744115031033e-01
3.457687027857229700e-01
2.876411604164601510e-01
2.098030710623678408e-01
1.472578811377045216e-01
1.074352928860424078e-01
8.343909824588509327e-02
6.451305960355138702e-02
4.575819984476176688e-02
2.358585395341668625e-02
-8.080448115980642032e-04
-3.108917155935018301e-02
-6.689537067604094112e-02
-6.835951839225642979e-02
-5.987611216022331595e-02
-5.387556184518197538e-02
-4.710216503233644048e-02
-3.942006455432253698e-02
-3.172784928789499498e-02
-2.443948840327765312e-02
-1.814840731505792601e-02
-1.295198284484370445e-02
-8.925306213315751386e-03
-5.913129679073054340e-03
-3.750756723077439993e-03
-2.218055512981684501e-03
-1.135996438231536790e-03
-5.113039277392383581e-04
2.448711162253333065e-04
-4.231196434548162972e-04
8.009525685737292882e-04
6.193524093563236750e-04
2.384136783129043897e-04
1.504166471063865464e-04
-4.917973903483432562e-04
-2.218360556159017986e-04
3.418556863901552295e-04
4.056938780157080788e-05
1.248879766863180969e-04
1.582209773125494183e-03
3.793218675699444858e-03
6.659572346870097637e-03
1.059284481439282631e-02
1.601261352070639313e-02
2.338530589604754031e-02
3.308726389285963909e-02
4.552739266470560986e-02
6.090289242066203312e-02
7.965341320825271298e-02
1.024825947102184220e-01
1.319727321621299854e-01
1.765615953705451657e-01
2.672495739431684503e-01
4.056384967831489496e-01
3.658167527965775490e-01
2.923441762919997688e-01
2.096947964265741815e-01
1.448802853891693887e-01
1.018743115148370015e-01
6.904159349695912495e-02
3.951652959778473306e-02
6.027448327617803900e-03
-3.535820109801363770e-02
-9.134811899528232082e-02
-1.554888419673883249e-01
-1.352995935481863810e-01
-1.065603822903298803e-01
-8.921589655715247980e-02
-7.425538207334990426e-02
-6.016076485528677048e-02
-4.727283111204826083e-02
-3.584061321612133644e-02
-2.628393310398424373e-02
-1.860343063228797611e-02
-1.273493772430516272e-02
-8.400178853180140584e-03
-5.303095128801232558e-03
-3.096646424974545345e-03
-1.426754626396460222e-03
2.244629039158905224e-04
2.526889149248188939e-04
1.844738999317246746e-04
2.331381454373590719e-04
-6.239167526977582555e-04
4.105247101234764081e-04
-4.854387542421533626e-04
2.060233134844181819e-05
-1.930852509943467652e-04
6.009550635205264260e-04
6.164479744871041852e-04
-5.006996917986607405e-04
1.510160521992704894e-03
3.784178351675508613e-03
6.658320133079125534e-03
1.059264763185086174e-02
1.601257874058241784e-02
2.338529930227104675e-02
3.308726244138219391e-02
4.552739096451597495e-02
6.090289115005782794e-02
7.965341635328304637e-02
1.024825982697343402e-01
1.319727313711570871e-01
1.765615901110795249e-01
2.672495505099229951e-01
4.056384403127517579e-01
3.658167504488354371e-01
2.923441803506463543e-01
2.096947990189796385e-01
1.448802883204742820e-01
1.018743111305045607e-01
6.904159256021458191e-02
3.951653003721085355e-02
6.027447592665039454e-03
-3.535819733767061462e-02
-9.134809948183254813e-02
-1.554887568967809053e-01
-1.352995783170260757e-01
-1.065603824770736396e-01
-8.921589493504415713e-02
-7.425538058102990058e-02
-6.016076310540507260e-02
-4.727283109918106740e-02
-3.584061494494176353e-02
-2.628393170142092131e-02
-1.860342848407959410e-02
-1.273493825221363313e-02
-8.400184473872012586e-03
-5.303131126423143646e-03
-3.097041703561690708e-03
-1.432253880352513196e-03
1.530620744798407849e-04
-4.218438332444741034e-04
3.570135709284957696e-04
-3.665085700098848144e-04
-5.574082737168707972e-04
1.276260170025586365e-04
1.295231159893274497e-04
-3.901344310879203406e-04
8.709231619281442970e-05
4.941266352802738127e-04
3.019094682509145498e-05
-2.704437734339480031e-04
1.538422123589820029e-03
3.788442815953634892e-03
6.659099161119164806e-03
1.059280959353442290e-02
1.601261500953733014e-02
2.338530924123438659e-02
3.308726449210170478e-02
4.552739223730949136e-02
6.090289593125301770e-02
7.965341966100725202e-02
1.024825997256016280e-01
1.319727333374187683e-01
1.765615946798620994e-01
2.672495825298727978e-01
4.056386169499182626e-01
3.658167766133357257e-01
2.923441870880053028e-01
2.096947951701439716e-01
1.448802838283244077e-01
1.018743121235824861e-01
6.904159582863249323e-02
3.951653499475892006e-02
6.027449436077520276e-03
-3.535820149121501887e-02
-9.134810974169511877e-02
-1.554887877280241859e-01
-1.352995889021262887e-01
-1.065603807534541009e-01
-8.921589564980170195e-02
-7.425537958319552989e-02
-6.016075976446319529e-02
-4.727283245547882207e-02
-3.584061686177722472e-02
-2.628393740844003207e-02
-1.860344925454675974e-02
-1.273502300085550820e-02
-8.400629600578931808e-03
-5.305504423553684262e-03
-3.109304529497979985e-03
-1.492564169113293074e-03
-1.117787364601104648e-04
6.357339109951988532e-05
-3.088817190202419456e-04
1.333106234589226814e-04
-4.951180109065735080e-04
-9.491344905290517546e-05
-1.392500789167495153e-04
-2.302178669069827313e-04
-3.778403010604935931e-04
4.244849091259631879e-04
-1.900733385882789905e-04
-4.296443511701546094e-04
1.839700543937290060e-03
4.478915910077910581e-03
7.839228060477843388e-03
1.243897332138696986e-02
1.873508237559517661e-02
2.724598119711893821e-02
3.830406310670906450e-02
5.233184232313223966e-02
6.935047147646658527e-02
8.982104426900937300e-02
1.142890175894648863e-01
1.455232547958673350e-01
1.929566379160788658e-01
2.905302880619305972e-01
4.452396612451664515e-01
4.243949328383693764e-01
3.769705620843405436e-01
2.972786895600884050e-01
2.073483926171028058e-01
1.370624931241623268e-01
8.458666447657019194e-02
3.704967686456735881e-02
-1.727868126295781931e-02
-8.245399753934304354e-02
-1.665163384799285551e-01
-2.527395566910302649e-01
-1.987843348525984988e-01
-1.479039026692770264e-01
-1.193912933499753914e-01
-9.686303854290731485e-02
-7.733091974888513243e-02
-6.004097162834127338e-02
-4.522884755706614579e-02
-3.296456099078228646e-02
-2.325186531419326519e-02
-1.585929891207081208e-02
-1.043846301630824668e-02
-6.575295652489665695e-03
-3.846001026031378809e-03
-1.861938413883354286e-03
-3.071775254291869250e-04
1.957845586339159350e-04
-8.903868968630842694e-05
-5.359066199677316812e-05
1.878633982715467374e-04
2.877438667920327619e-04
4.469016890675139272e-05
-2.123258388455614781e-04
2.898735434456853788e-04
-3.472213848916600761e-05
-4.282993713946863130e-04
6.086485318768914245e-04
1.962309228923452432e-03
4.493708585088930334e-03
7.840960769100853434e-03
1.243915980287167711e-02
1.873509739062277635e-02
2.724598002720789516e-02
3.830406210193885996e-02
5.233184064436685601e-02
6.935047066638574953e-02
8.982104767970776338e-02
1.142890189887940527e-01
1.455232507181047352e-01
1.929566212746698928e-01
2.905301913456752039e-01
4.452390356498702184e-01
4.243948522878448482e-01
3.769705611367378806e-01
2.972786945335467723e-01
2.073483967268724970e-01
1.370624906514683605e-01
8.458666083107681255e-02
3.704967313758649600e-02
-1.727868514013770895e-02
-8.245398945470742980e-02
-1.665162772763861543e-01
-2.527391211858582842e-01
-1.987842696514977026e-01
-1.479038916180987484e-01
-1.193912862225583321e-01
-9.686303364464464438e-02
-7.733091753057443063e-02
-6.004097190299641229e-02
-4.522885001789229975e-02
-3.296456215232011766e-02
-2.325186835297931784e-02
-1.585931419151475827e-02
-1.043853158417626208e-02
-6.575584177955613556e-03
-3.846975441446323814e-03
-1.863423672710574431e-03
-2.908376944384514660e-04
1.085481742455270967e-04
2.954023349144319641e-04
-1.520488220964925300e-04
1.137108072005725719e-04
2.217027946750416110e-05
1.456567944691311101e-04
-4.411704645128068604e-04
-1.544400176149874295e-05
3.319569347969458014e-04
-2.534954089791085661e-05
1.922006083142643678e-04
1.921198281980281619e-03
4.490156341353770258e-03
7.840800940165386715e-03
1.243919578347802042e-02
1.873511396530403578e-02
2.724598466976794336e-02
3.830406116537259098e-02
5.233183980661317708e-02
6.935047332844775092e-02
8.982104903137599905e-02
1.142890191618909090e-01
1.455232539822902682e-01
1.929566360075543330e-01
2.905302741679903211e-01
4.452395807976508579e-01
4.243949253910720421e-01
3.769705702093534283e-01
2.972786877206366474e-01
2.073483899108179984e-01
1.370624911491868103e-01
8.458666487014224189e-02
3.704967937670729933e-02
-1.727868217427920572e-02
-8.245400013107574699e-02
-1.665163199541767058e-01
-2.527393929051890975e-01
-1.987843126664567417e-01
-1.479038981118840079e-01
-1.193912913416752264e-01
-9.686303516868829955e-02
-7.733091426403242152e-02
-6.004097149241725134e-02
-4.522884948895568302e-02
-3.296456578991672354e-02
-2.325188426976821168e-02
-1.585937775055291585e-02
-1.043887986759459499e-02
-6.577517731930045825e-03
-3.857682703297269679e-03
-1.924373844471757118e-03
-6.562995745488772780e-04
-1.525323207149075215e-04
-5.453407935936561285e-05
1.891516795222302925e-04
4.319272874113838363e-04
1.995111052163052131e-04
-1.772618322218807532e-05
2.563738685387683108e-04
1.063190928631166067e-04
8.714269074715281195e-06
-1.082130876143935663e-04
4.177948213653778710e-04
2.171302592982517210e-03
4.982675816689020876e-03
8.670617680653464401e-03
1.373110323645168780e-02
2.062984025635004534e-02
2.991654885752831686e-02
4.188044305268254219e-02
5.694897697239283130e-02
7.500837383691942584e-02
9.652899389037614131e-02
1.219502173843320797e-01
1.541002147599900562e-01
2.030987633523262392e-01
3.046044202758497188e-01
4.696085176897685232e-01
4.595918616474064522e-01
4.386581361721445527e-01
3.937778938809384233e-01
3.126315014708023199e-01
2.125365868139779402e-01
1.203243320809524036e-01
3.822001570777315560e-02
-5.063129187369667938e-02
-1.564198211790162885e-01
-2.724645518916133380e-01
-3.585397105713170607e-01
-2.546892821164912779e-01
-1.806603769874903509e-01
-1.421028975445109421e-01
-1.132709165626156478e-01
-8.970213502942828154e-02
-6.914248471445763600e-02
-5.194303953759999565e-02
-3.772820387927491165e-02
-2.657480655061986857e-02
-1.808686780927603807e-02
-1.188956034287134110e-02
-7.471492172087382255e-03
-4.347106854707751510e-03
-2.040039418151449232e-03
-8.619610797447942738e-05
1.868277924591055575e-04
-4.662852310590971877e-04
-2.234956460851034274e-04
-5.197723171066450298e-04
-3.813792578423114078e-04
-3.778305432205286783e-04
3.753392537582761978e-04
1.401757858644239426e-04
3.809341756610157715e-04
1.693030736404548063e-04
-2.834876681697032328e-04
2.091494331877524326e-03
4.973172626906260073e-03
8.669429204371534650e-03
1.373094003554144876e-02
2.062981423360356684e-02
2.991654326182318149e-02
4.188044228123925100e-02
5.694897585839590187e-02
7.500837327519899178e-02
9.652899665708242205e-02
1.219502172014802072e-01
1.541002083668778222e-01
2.030987349221527183e-01
3.046042469460069069e-01
4.696073656356115622e-01
4.595917392138696989e-01
4.386581316657423013e-01
3.937778982254589999e-01
3.126315048135993591e-01
2.125365833147440375e-01
1.203243322863829651e-01
3.822001896074923161e-02
-5.063128842449579614e-02
-1.564198085215143252e-01
-2.724644716961326374e-01
-3.585389895678721128e-01
-2.546891712309768963e-01
-1.806603620071699778e-01
-1.421028918337890745e-01
-1.132709136389493804e-01
-8.970213429088742807e-02
-6.914248471792752704e-02
-5.194304139853510305e-02
-3.772820686388982103e-02
-2.657481530561683208e-02
-1.808690762534192337e-02
-1.188976317101785377e-02
-7.472513103739571692e-03
-4.351965059011485108e-03
-2.060497141776001205e-03
-1.429618265034716354e-04
-2.420139221866120282e-04
6.447600923763360456e-04
1.835133803717083089e-04
-1.437695680898233640e-04
-1.837566480236627053e-04
-4.496490935945153208e-04
-4.279282705967611439e-04
1.659942334250755300e-04
4.517883309520231159e-04
-3.346033598144693925e-04
4.430540002746899560e-04
2.181046418447602376e-03
4.984831243783631634e-03
8.671003431004012038e-03
1.373116462506252140e-02
2.062984885022842163e-02
2.991654850927079681e-02
4.188044164869327013e-02
5.694897631974494417e-02
7.500837695872723809e-02
9.652899855612101510e-02
1.219502177479356575e-01
1.541002127497049512e-01
2.030987567155030094e-01
3.046043743694407668e-01
4.696081868461960407e-01
4.595918401050554936e-01
4.386581413808037788e-01
3.937778912742900261e-01
3.126314958528525478e-01
2.125365824636077927e-01
1.203243346768218813e-01
3.822002136115135867e-02
-5.063128951745526213e-02
-1.564198230100704023e-01
-2.724645554379274137e-01
-3.585397428270034603e-01
-2.546892744698082689e-01
-1.806603787776380476e-01
-1.421028975181004017e-01
-1.132709143722026440e-01
-8.970213195571691278e-02
-6.914248520598052783e-02
-5.194304174769086291e-02
-3.772820971292912412e-02
-2.657482161032972273e-02
-1.808692462464536743e-02
-1.188986001964003995e-02
-7.472960255191332321e-03
-4.353342908954147689e-03
-2.058543282996521968e-03
-5.206619041252856468e-05
-4.500868949891016963e-05
2.025826012932944857e-04
9.589838872723557698e-05
2.006145998812613649e-04
-5.242775547317528784e-05
1.422370992605266106e-04
5.556183824786582612e-05
-5.099302070959636606e-04
-3.680615135413038675e-05
-1.754212785412103195e-04
2.948438335430093914e-04
2.282758156157403163e-03
5.238341048752354241e-03
9.100968633062814922e-03
1.439857065701823785e-02
2.160444412041574377e-02
3.128487441465963026e-02
4.370142311031290777e-02
5.928570241811620400e-02
7.784499293546968957e-02
9.986143361828472842e-02
1.257036996722729894e-01
1.582430751323231910e-01
2.080005801842796653e-01
3.120232843807417278e-01
4.882399410149005914e-01
4.804158851738613012e-01
4.718250193534157533e-01
4.573095255251218294e-01
4.258243899475828709e-01
3.573076790660240643e-01
2.354046445956090305e-01
6.550082563415488002e-02
-1.312837032821112804e-01
-2.974902134623813033e-01
-3.974675309972856008e-01
-4.456820010831946677e-01
-2.909916493865097875e-01
-1.997402181528815657e-01
-1.546167166763051382e-01
-1.219546624674866658e-01
-9.620550865050854494e-02
-7.387120155874089822e-02
-5.544580555770706187e-02
-4.020586274618294376e-02
-2.830862853880404886e-02
-1.924630922084215670e-02
-1.264340281137619690e-02
-7.931051280221573102e-03
-4.591994329268625670e-03
-2.088437153688260748e-03
3.004305982747303432e-04
1.104344889295957508e-04
-2.871729061553325536e-04
-2.290776023907502941e-04
-1.651613023343907988e-04
-9.207209710715136535e-04
2.599916558416710152e-05
-1.237501566012675432e-04
5.135359525866221809e-04
4.821784685322395262e-04
-1.743389902478737006e-04
3.818303739027751101e-04
2.284169962132594038e-03
5.236990152673363930e-03
9.100537401818733357e-03
1.439847005958003363e-02
2.160442218867239528e-02
3.128486876904877645e-02
4.370142294462361215e-02
5.928570287402908090e-02
7.784499399537116171e-02
9.986143700035689241e-02
1.257036992268512898e-01
1.582430662175494940e-01
2.080005329328255548e-01
3.120229702520261883e-01
4.882373475666617058e-01
4.804156091807805229e-01
4.718249955642094817e-01
4.573095248554681080e-01
4.258243885821603736e-01
3.573076741462969386e-01
2.354046438734032631e-01
6.550083259266420432e-02
-1.312836961209101483e-01
-2.974901781507767184e-01
-3.974673334345909526e-01
-4.456802017231982216e-01
-2.909914427218073807e-01
-1.997401928174424579e-01
-1.546167121508365827e-01
-1.219546617024596796e-01
-9.620550908706028415e-02
-7.387120115799140907e-02
-5.544580668386660943e-02
-4.020586570002395582e-02
-2.830863872177515062e-02
-1.924636573849424631e-02
-1.264372922758826359e-02
-7.932988665477267234e-03
-4.604216753129971099e-03
-2.171208999631574557e-03
-2.990803871197896912e-04
-1.057069296282665447e-04
-2.234907329927089114e-05
-8.732693289316014428e-04
-1.186335161592424098e-04
5.950699114033746904e-04
1.147792856384215730e-04
-2.672095907085299650e-04
-2.938873671329086013e-04
5.670606461259011365e-04
2.351538930890657983e-04
4.243434790496437977e-05
2.245485013834676215e-03
5.232491288035100684e-03
9.100019284840860090e-03
1.439841270965250622e-02
2.160441661234285132e-02
3.128486786337846687e-02
4.370142242526547233e-02
5.928570453999520984e-02
7.784499826965519953e-02
9.986143889776478988e-02
1.257036994249748907e-01
1.582430713910158437e-01
2.080005693943962064e-01
3.120232137024314123e-01
4.882392983735791558e-01
4.804158186375729334e-01
4.718250156358715364e-01
4.573095239272537693e-01
4.258243847745191157e-01
3.573076716329660063e-01
2.354046481247581979e-01
6.550083442905117737e-02
-1.312837018568849545e-01
-2.974902082694785843e-01
-3.974674705561955790e-01
-4.456811516579627375e-01
-2.909915716957455767e-01
-1.997402138480713629e-01
-1.546167174177653370e-01
-1.219546619232352302e-01
-9.620550818247436409e-02
-7.387120241573852386e-02
-5.544580844016955279e-02
-4.020586753686643255e-02
-2.830863495896000434e-02
-1.924634467445512226e-02
-1.264366677042228285e-02
-7.932880851334183497e-03
-4.605056685149052677e-03
-2.185839596837804190e-03
-4.546993398430389417e-04
1.365046712281628612e-04
-1.071166592576390622e-04
-2.608364094651501757e-04
-2.689400492307442744e-04
4.989858806021775159e-04
-1.466383728143566306e-04
2.986191616160519978e-04
2.057742055602662494e-04
6.359197248802222341e-04
-4.873416239815776384e-04
1.567472414287154751e-04
2.270831142064063269e-03
5.242065970977210707e-03
9.105643800561214612e-03
1.440258474973782343e-02
2.160793826996768724e-02
3.128809434133514311e-02
4.370447381781571855e-02
5.928862227932167606e-02
7.784774877305875029e-02
9.986401185794360758e-02
1.257060737386485605e-01
1.582452568761858747e-01
2.080027418869990485e-01
3.120258495699176904e-01
4.882459142378438588e-01
4.804262920920542856e-01
4.718412310214703531e-01
4.573360294441501384e-01
4.258638050727777125e-01
3.573503498416480406e-01
2.354269721514178904e-01
6.549893465846166885e-02
-1.313025045029719839e-01
-2.975155499637809897e-01
-3.974849515362375851e-01
-4.456876145749521512e-01
-2.909970620432312249e-01
-1.997436324060678503e-01
-1.546196583465547225e-01
-1.219572357500298687e-01
-9.620795643388532770e-02
-7.387329635498743330e-02
-5.544757929542704772e-02
-4.020711293907650724e-02
-2.830912739653498530e-02
-1.924534472526204590e-02
-1.263948059088098458e-02
-7.921369968759977773e-03
-4.575975271213369826e-03
-2.112875158397421217e-03
-2.793601049937393787e-04
-1.407674165477554654e-04
4.447126863161786732e-05
-1.067774818702545386e-04
-2.001920101141731407e-04
1.712329100883016252e-04
5.326858373848494766e-04
-3.499364009503159903e-04
-4.832900301734087368e-04
-2.678707316965380707e-04
2.513871968671470863e-05
2.740345759307041547e-04
2.275387353865250713e-03
5.241023330153690013e-03
9.105252079755489850e-03
1.440249426541477529e-02
2.160791909729573718e-02
3.128808887031815644e-02
4.370447356123974975e-02
5.928862230625418089e-02
7.784774785982101486e-02
9.986401228204154490e-02
1.257060716141205903e-01
1.582452502667328065e-01
2.080027200914537355e-01
3.120257329751651709e-01
4.882451906349258297e-01
4.804261793083862697e-01
4.718412200437080428e-01
4.573360274079674159e-01
4.258637974411903504e-01
3.573503429518318231e-01
2.354269689430214529e-01
6.549893516095114943e-02
-1.313025121234294434e-01
-2.975155363520302632e-01
-3.974849169247018921e-01
-4.456874687081954778e-01
-2.909970250862969343e-01
-1.997436234700419033e-01
-1.546196536045128245e-01
-1.219572330104132379e-01
-9.620795475961005372e-02
-7.387329458478901489e-02
-5.544758076345726594e-02
-4.020711639491271472e-02
-2.830913477328377351e-02
-1.924537816662578310e-02
-1.263960431697893835e-02
-7.921568611537135526e-03
-4.573470613061149208e-03
-2.070979426847457255e-03
1.782495042863673645e-04
-1.682738865666174148e-05
1.897718286588996736e-04
8.806783405363803987e-05
-7.167698800312687990e-04
5.241717941567901676e-04
-6.526122333145742362e-05
-2.307532828522493448e-04
-2.282641119154355999e-04
2.791536041590881096e-05
3.962571713208192908e-05
6.142711443273265125e-05
2.245278912905614675e-03
5.236406803735270919e-03
9.104501774716758714e-03
1.440236635485339992e-02
2.160789598615971141e-02
3.128808328786279735e-02
4.370447152214491232e-02
5.928862175041571536e-02
7.784774934884117203e-02
9.986401314580678479e-02
1.257060725634489007e-01
1.582452552935471601e-01
2.080027461308799896e-01
3.120258955403326651e-01
4.882464764763286835e-01
4.804262919254611020e-01
4.718412266768013397e-01
4.573360314811672489e-01
4.258638028282117349e-01
3.573503459548911798e-01
2.354269714509212852e-01
6.549893716570079349e-02
-1.313025226924832700e-01
-2.975155826559818251e-01
-3.974850706929428656e-01
-4.456886256853810901e-01
-2.909971712206879113e-01
-1.997436463456022104e-01
-1.546196582416961562e-01
-1.219572327958663993e-01
-9.620795386192984577e-02
-7.387329491579591734e-02
-5.544758194278924524e-02
-4.020711507377666000e-02
-2.830911936843682336e-02
-1.924530694627282421e-02
-1.263924893297266663e-02
-7.919726418385838324e-03
-4.563863283068201292e-03
-2.020813677474414451e-03
4.363424042488103067e-04
6.329869259646102048e-05
-7.126334253487380890e-05
-4.177440114814252436e-04
-3.933966235034333037e-04
-2.404422604790447729e-04
-5.972289732599069472e-05
5.830281909584420272e-05
-2.698202624758734894e-04
-3.298638204827669153e-04
-5.130189214921701806e-04
6.305238624213373817e-04
2.227205983614724723e-03
5.008536328111263917e-03
8.687048264347917853e-03
1.374353108874783180e-02
2.064037492604782822e-02
2.992627506268595583e-02
4.188961815073308920e-02
5.695785653310924540e-02
7.501664553712676653e-02
9.653690626496164162e-02
1.219573019085719162e-01
1.541070432522907707e-01
2.031052837886766493e-01
3.046135971021150524e-01
4.696327263655223905e-01
4.596215986950193955e-01
4.386968511273056648e-01
3.938220840990900862e-01
3.126584137519374251e-01
2.125357500658649756e-01
1.203071052442064581e-01
3.820355415288546885e-02
-5.064761548002155028e-02
-1.564475661983319166e-01
-2.725058737759112892e-01
-3.585745703606454393e-01
-2.547102858398225256e-01
-1.806733004766576389e-01
-1.421128900860875732e-01
-1.132794373098325730e-01
-8.970963209020497986e-02
-6.914885702316905802e-02
-5.194818218878601013e-02
-3.773183861983610277e-02
-2.657622759524643288e-02
-1.808430791551233000e-02
-1.187901807807894422e-02
-7.444619421238390933e-03
-4.287796079825101359e-03
-1.915812351673948453e-03
2.389843623251907388e-04
-5.289091508941943165e-05
-3.044437217041378566e-04
-4.190395740669173859e-04
-4.972848038008284869e-04
6.188632608548930928e-05
2.046629315614521502e-04
3.276171876245880573e-04
5.542412473791806385e-04
3.127809013887278430e-04
3.015371208638368389e-04
-7.421613528413378510e-05
2.143046611959990508e-03
4.998233557870380463e-03
8.685795382094929976e-03
1.374338199101602861e-02
2.064035640917344025e-02
2.992627052475666308e-02
4.188961825461162691e-02
5.695785736360754054e-02
7.501664567849340715e-02
9.653690789169649955e-02
1.219573016368220991e-01
1.541070409166665212e-01
2.031052771864769735e-01
3.046135670581008870e-01
4.696326283431005999e-01
4.596215535671039354e-01
4.386968497060670935e-01
3.938220841318525456e-01
3.126584079295706697e-01
2.125357500835808600e-01
1.203071098766276964e-01
3.820355774526068560e-02
-5.064761560262906470e-02
-1.564475581506411528e-01
-2.725058889139547746e-01
-3.585748183289290680e-01
-2.547103049377295592e-01
-1.806733003977780416e-01
-1.421128888716954308e-01
-1.132794361086958690e-01
-8.970963008449410470e-02
-6.914885489262644069e-02
-5.194818346586985852e-02
-3.773184108562426670e-02
-2.657623454280461442e-02
-1.808435826299070390e-02
-1.187931683380187217e-02
-7.446410808437833699e-03
-4.299236123478752947e-03
-1.994367865660045310e-03
-3.437663980616173748e-04
-2.606045659960286916e-04
2.659556923019551402e-04
-3.611264080203489780e-04
3.485819916994544777e-04
6.283619881409064712e-04
2.742101986445899726e-04
-2.108803934630264156e-04
5.009968750031542142e-04
3.302439893672901093e-04
2.111650828556256283e-04
2.754562545156890013e-04
2.177563821377942205e-03
5.000741334581107998e-03
8.685729660570977798e-03
1.374329786907763952e-02
2.064033077000703917e-02
2.992626393747230620e-02
4.188961760377515192e-02
5.695785781377749740e-02
7.501664736236797471e-02
9.653690948695765883e-02
1.219573025089126100e-01
1.541070408430589844e-01
2.031052723573951446e-01
3.046135205052976080e-01
4.696320674332009060e-01
4.596214965882922665e-01
4.386968392407276096e-01
3.938220883628299474e-01
3.126584140065465367e-01
2.125357568230718808e-01
1.203071131789300030e-01
3.820355499042401431e-02
-5.064762888977528826e-02
-1.564475804276674598e-01
-2.725059379906349388e-01
-3.585753094487560966e-01
-2.547103811020362540e-01
-1.806733163332863434e-01
-1.421128944208398803e-01
-1.132794384456390219e-01
-8.970963166097641051e-02
-6.914885736702174046e-02
-5.194818577911088087e-02
-3.773183743168263826e-02
-2.657621218101371974e-02
-1.808425965652888864e-02
-1.187878802679202817e-02
-7.443455138437147893e-03
-4.282098096806795026e-03
-1.889670595759699581e-03
3.365890551921998626e-04
4.442173220382150027e-04
-1.810468506262712714e-04
5.191861794383694764e-04
-4.183794941815964421e-04
1.977214801770986170e-04
6.859926018723995630e-05
3.263196217156268879e-04
-6.573338901171767907e-07
-1.940768518250375119e-05
4.422208610796014253e-05
-1.689444982601444887e-04
1.919866210169616626e-03
4.520639531147120985e-03
7.866222178559534317e-03
1.245942462321474216e-02
1.875257421473044625e-02
2.726221481261984977e-02
3.831948044120198071e-02
5.234668524331427542e-02
6.936436546878858855e-02
8.983414742818668364e-02
1.143008771877556118e-01
1.455344138825236389e-01
1.929673984137427745e-01
2.905446046625760892e-01
4.452756654007111181e-01
4.244341456874728413e-01
3.770059516930778232e-01
2.972917741185641671e-01
2.073284499775407408e-01
1.370302273357408562e-01
8.455576280876393735e-02
3.702535167800436594e-02
-1.730166046887753398e-02
-8.248587467418651287e-02
-1.665688296884796360e-01
-2.528020425354018941e-01
-1.988270362044793627e-01
-1.479302357887585517e-01
-1.194109600490868284e-01
-9.687848951722752289e-02
-7.734372605686315461e-02
-6.005118224249413050e-02
-4.523679624618411749e-02
-3.296995069341537854e-02
-2.325394817338422015e-02
-1.585574171633775259e-02
-1.042418362530097946e-02
-6.539702908282634536e-03
-3.767840684192666229e-03
-1.695372379015222314e-03
5.609707940528866124e-05
2.642336731216607282e-05
3.606491444689687389e-04
-3.878942015157324421e-04
-2.664486308961740288e-04
1.951329504629586509e-04
-3.149976339507829616e-05
4.904591047822213869e-06
9.707101897068951392e-05
-6.655973854227638107e-06
-3.177076060691781602e-04
5.229878785139042410e-04
2.011594058293607584e-03
4.533542557130813486e-03
7.868084877877311659e-03
1.245970102297413659e-02
1.875261505040636337e-02
2.726221882545759589e-02
3.831948160698343819e-02
5.234668598568809755e-02
6.936436538780631211e-02
8.983414812292520035e-02
1.143008758035174294e-01
1.455344118419856503e-01
1.929673918868093085e-01
2.905445584628299494e-01
4.452752952507722517e-01
4.244340869038429886e-01
3.770059516468832195e-01
2.972917714908616116e-01
2.073284414979928436e-01
1.370302244520454904e-01
8.455576734428912888e-02
3.702535594024637666e-02
-1.730165954600223696e-02
-8.248586741634993114e-02
-1.665688339881584989e-01
-2.528020719253313287e-01
-1.988270395049107353e-01
-1.479302350865961957e-01
-1.194109603784270501e-01
-9.687848943941183844e-02
-7.734372395406530210e-02
-6.005117995094224476e-02
-4.523679652457580219e-02
-3.296995109920466960e-02
-2.325394981835898073e-02
-1.585576866560859527e-02
-1.042434893694773636e-02
-6.540578720702118661e-03
-3.771655609980596041e-03
-1.703227040151897732e-03
1.532158389498200176e-04
5.497943198249870522e-05
-5.193089932859883405e-05
-4.642632139119447676e-04
-6.068147618861851169e-04
7.162582358905126342e-04
-3.671293630327042006e-05
-8.366415425417843136e-05
-4.862928083061980556e-04
-4.525090369682973880e-05
1.131553167588090662e-04
1.044423360166683341e-04
1.943301803862692700e-03
4.521711518051562025e-03
7.865998075732226827e-03
1.245932911074268401e-02
1.875254801333342547e-02
2.726220568431452287e-02
3.831947939038606726e-02
5.234668503041325222e-02
6.936436509701994491e-02
8.983414849006815528e-02
1.143008758722304508e-01
1.455344101701382398e-01
1.929673847628630146e-01
2.905445140114613078e-01
4.452749202628530911e-01
4.244340370977725541e-01
3.770059451173780607e-01
2.972917768892863744e-01
2.073284444096586410e-01
1.370302274628449335e-01
8.455576552402019330e-02
3.702534946734906823e-02
-1.730167003402127007e-02
-8.248588076948495940e-02
-1.665688636717850002e-01
-2.528023235683978243e-01
-1.988270814257847574e-01
-1.479302451251146566e-01
-1.194109632966982304e-01
-9.687849037896667515e-02
-7.734372607561394719e-02
-6.005118412300647357e-02
-4.523679986836284111e-02
-3.296994717093372496e-02
-2.325393064779450458e-02
-1.585569307482020962e-02
-1.042399105522001136e-02
-6.539057553147803632e-03
-3.766790094271857143e-03
-1.704314392311216675e-03
-8.198863860901582201e-05
-1.696132254067454781e-04
-1.544240481031584845e-04
5.216006854946225388e-04
3.191586084424670867e-04
1.290711773554538617e-04
-5.881561515648421092e-04
1.286717132712755817e-04
-3.639080585715050403e-04
6.475228726676558961e-04
-3.557033743839565815e-04
1.679074565369560431e-04
1.661841272553190143e-03
3.845769834848395460e-03
6.695050660533702520e-03
1.062051001508834865e-02
1.603686793660187918e-02
2.340814305619904473e-02
3.310907693911291361e-02
4.554841293161004945e-02
6.092248814637999527e-02
7.967179852148834063e-02
1.024989886599458055e-01
1.319879132004322386e-01
1.765752134054829336e-01
2.672658790176136723e-01
4.056743899723084246e-01
3.658452249888349272e-01
2.923451119833784806e-01
2.096691210314863274e-01
1.448387905465518821e-01
1.018338950544155769e-01
6.900567835663989902e-02
3.948761739278307259e-02
5.999876422099421729e-03
-3.539528564113102876e-02
-9.140978939605302889e-02
-1.555753742917446725e-01
-1.353663657990147040e-01
-1.066042470323234348e-01
-8.924768300050800462e-02
-7.427905480992742782e-02
-6.017874835525187371e-02
-4.728627680113823423e-02
-3.585037326810191355e-02
-2.629025355867641717e-02
-1.860575096624498409e-02
-1.273115549797872864e-02
-8.385860989853326231e-03
-5.270913119869394259e-03
-3.039268091984351043e-03
-1.351753981769318212e-03
2.616967293253090856e-04
1.819706105622433362e-04
-2.481186596366425886e-04
-2.617976999583439181e-04
4.953561341085704591e-04
-3.269556114022403349e-04
3.330019029863232798e-04
-1.071204712976099924e-04
-2.450443876560113839e-04
1.677350742632634727e-04
2.663456099822674133e-04
4.942437301399177146e-04
1.715406261751931376e-03
3.854522314473957708e-03
6.696437517544894490e-03
1.062072562182910830e-02
1.603689961938667766e-02
2.340814471562011403e-02
3.310907606999555219e-02
4.554841188261829488e-02
6.092248692691930312e-02
7.967179779251633287e-02
1.024989860656918689e-01
1.319879115069375053e-01
1.765752140612489862e-01
2.672658740688712564e-01
4.056743875958156997e-01
3.658452344148844237e-01
2.923451198831121811e-01
2.096691227550963876e-01
1.448387865361511206e-01
1.018338915885604046e-01
6.900567947244641565e-02
3.948761642384310266e-02
5.999874286567421361e-03
-3.539528047159775509e-02
-9.140979267596845148e-02
-1.555753797657807302e-01
-1.353663655809138888e-01
-1.066042463489096231e-01
-8.924768262254532958e-02
-7.427905470946745414e-02
-6.017874691758712258e-02
-4.728627501638126701e-02
-3.585037273275603481e-02
-2.629025235669618307e-02
-1.860574565763399926e-02
-1.273114346638095154e-02
-8.385869291647954707e-03
-5.271504925765719933e-03
-3.046519916133739320e-03
-1.422500510004443344e-03
-3.787510698106577763e-04
-3.763229170451479417e-04
2.916246573885491263e-04
-1.479344310994357278e-05
-4.090491342596504687e-05
-1.969504755330576094e-04
7.705699866564226074e-04
1.657847600959542599e-04
3.225217342959563801e-04
-1.749297331667968235e-04
7.196274584340442253e-04
-2.310119574596817844e-04
1.609287996916817154e-03
3.838053768489114916e-03
6.693820597735237674e-03
1.062030238881071266e-02
1.603682983004279736e-02
2.340813157407067163e-02
3.310907373211104121e-02
4.554841136070095220e-02
6.092248704697755812e-02
7.967179869112424317e-02
1.024989870105393885e-01
1.319879112497895912e-01
1.765752124283419544e-01
2.672658780656941846e-01
4.056744631467134043e-01
3.658452448174405736e-01
2.923451171935178006e-01
2.096691222571382685e-01
1.448387863269564590e-01
1.018338959079721356e-01
6.900568171027129938e-02
3.948761528887828609e-02
5.999872126870412457e-03
-3.539528375526430209e-02
-9.140980419548051794e-02
-1.555754766411081291e-01
-1.353663862301390519e-01
-1.066042535776328959e-01
-8.924768449053105401e-02
-7.427905323155831185e-02
-6.017874735181445028e-02
-4.728627797943816408e-02
-3.585037442707202787e-02
-2.629024755981962044e-02
-1.860572829826841537e-02
-1.273106372259057498e-02
-8.385408463002867394e-03
-5.268773061818463575e-03
-3.029275291318658542e-03
-1.304602859080946330e-03
4.929739622817309267e-04
3.152113562351971311e-04
-7.931651941252332489e-05
-5.476341785992490732e-04
4.758093538988741249e-04
3.122690829151441531e-04
-8.859773555072935302e-05
-1.818404503210473860e-04
4.120050497937585363e-04
-2.743610985525718493e-04
-4.463805239304647872e-04
1.298722975725434623e-04
1.296015736186259060e-03
3.001831877255461360e-03
5.235773050569130470e-03
8.324710707710033727e-03
1.262639983784400247e-02
1.853503801229829454e-02
2.644611774769802665e-02
3.674879649054498681e-02
4.980997771279564723e-02
6.605447947097463357e-02
8.634808295034657188e-02
1.129116970855301300e-01
1.528376247301297952e-01
2.322811820376944614e-01
3.457886272188703258e-01
2.876411849719563429e-01
2.097729563336470926e-01
1.472152855988161924e-01
1.073875603490019454e-01
8.339500068053060100e-02
6.447338023782846206e-02
4.572370761721909066e-02
2.355010885884856187e-02
-8.557364200441609737e-04
-3.116850077378046507e-02
-6.701494309953498485e-02
-6.845590823055806851e-02
-5.994060178490059898e-02
-5.392110670534393246e-02
-4.713414987218884217e-02
-3.944249337949044115e-02
-3.174322731767846573e-02
-2.444975981181572722e-02
-1.815453647456823083e-02
-1.295396059561463795e-02
-8.921487349536133191e-03
-5.899793025510404083e-03
-3.721722784249050908e-03
-2.167726816925329494e-03
-1.077598077135302410e-03
-5.744954328059402376e-04
-4.761884206268459236e-05
3.600327596869637111e-04
9.103020635567151070e-05
-1.929064881526739220e-04
1.717238095294454673e-04
3.831812572966440764e-04
9.107550556508791316e-05
-2.590516707232631680e-04
1.390451429111951335e-04
-5.461245108550264848e-05
-9.069916337593085997e-05
1.262814528734346143e-03
2.996443345129263820e-03
5.234863631870115448e-03
8.324553763793074088e-03
1.262637182051949691e-02
1.853503145467571417e-02
2.644611723864583736e-02
3.674879769139340752e-02
4.980997923183564519e-02
6.605448102274968925e-02
8.634808193462481518e-02
1.129116954447012128e-01
1.528376238993255087e-01
2.322811752591863732e-01
3.457885838645675669e-01
2.876411794877165029e-01
2.097729578253644811e-01
1.472152880004355124e-01
1.073875586601660825e-01
8.339499802043892629e-02
6.447338248186602894e-02
4.572370744468883669e-02
2.355010678437943761e-02
-8.557332391272558800e-04
-3.116850326463629223e-02
-6.701494657255606391e-02
-6.845590811435854628e-02
-5.994060030029361302e-02
-5.392110639078611517e-02
-4.713415198874085915e-02
-3.944249519094816803e-02
-3.174322672366625825e-02
-2.444975742693297066e-02
-1.815453119885783104e-02
-1.295393891886709517e-02
-8.921373250409106448e-03
-5.899148648235669028e-03
-3.717966980904595462e-03
-2.144622483787722664e-03
-9.262920558008193696e-04
4.800402425110354416e-04
-6.853957527895422294e-05
-1.558645446790794787e-04
3.882461630921816556e-04
-2.921015370396241569e-04
8.665063328241232835e-05
-4.676599041281897856e-04
1.836121713458808600e-04
-4.741349803650746816e-04
-1.204197997433590749e-05
-9.645316042852260501e-05
1.926683453395509882e-04
1.293023710209103031e-03
2.999565996870307266e-03
5.235154538537760936e-03
8.324576802493089539e-03
1.262637363513100137e-02
1.853503160973613006e-02
2.644611867847986020e-02
3.674879883118103291e-02
4.980997934806111888e-02
6.605448012967367333e-02
8.634808020549139540e-02
1.129116922665192452e-01
1.528376209637186400e-01
2.322811869258245288e-01
3.457887109399345738e-01
2.876412050043905544e-01
2.097729610020126201e-01
1.472152884801798678e-01
1.073875593703314535e-01
8.339500314609737952e-02
6.447338670250628290e-02
4.572370756114332857e-02
2.355010646724658638e-02
-8.557358687958791432e-04
-3.116851302589419836e-02
-6.701498644564356233e-02
-6.845591731136901892e-02
-5.994060542028906147e-02
-5.392110694325815551e-02
-4.713414914297800462e-02
-3.944249503880820074e-02
-3.174322824727392883e-02
-2.444975688244202874e-02
-1.815452640198787770e-02
-1.295392698811339942e-02
-8.921327346572612352e-03
-5.898964387355159697e-03
-3.717533336328322693e-03
-2.146768088317114759e-03
-9.738651361441254609e-04
-7.079530099633235313e-05
3.488736916566005696e-05
1.398827075598067251e-04
2.203892342213782207e-04
-2.575312197609964807e-04
5.713691697334991309e-04
4.742285660124644781e-04
5.705005106734581133e-05
2.437535159360391804e-04
-1.972252086428703788e-04
-1.599246981657969941e-04
1.604973002058423951e-04
8.807044899639243076e-04
2.035663613751579996e-03
3.561359318966757139e-03
5.681999591753889023e-03
8.672900859951858735e-03
1.284042507553199812e-02
1.855733045119533145e-02
2.618192561331668736e-02
3.619892838423414971e-02
4.903438072374212420e-02
6.567613452051396239e-02
8.786299015707306481e-02
1.211434298982557028e-01
1.852853072117058297e-01
2.686616531035906363e-01
2.081855479590018210e-01
1.466812095550895367e-01
1.071367228986450787e-01
8.542192161205583445e-02
7.292930114899716376e-02
6.227900979813946747e-02
5.179820675500707711e-02
4.059623862088570373e-02
3.101932249064500227e-02
2.311880629156637390e-02
1.596763965243289465e-02
-1.280243921660232211e-03
-1.123103594995347558e-02
-1.607611306101187909e-02
-1.750923729038776286e-02
-1.663316122167623687e-02
-1.451706553424650381e-02
-1.179787001575072734e-02
-9.091431170334562939e-03
-6.650721580491078880e-03
-4.657204857405285517e-03
-3.110160233622267199e-03
-1.973203736802505055e-03
-1.158247893986036293e-03
-6.013216755665081554e-04
-3.525739136597552887e-04
-8.410848948949451202e-05
-2.402190843393004209e-04
-3.178799539828424531e-04
-1.395143862282840618e-04
-3.791842924811631701e-04
5.480666475030282123e-05
4.963083257524224245e-04
2.937448333571388557e-04
1.876376082929089560e-04
5.307210652882290904e-05
-2.331443566646152843e-04
8.091954198902814735e-04
2.022539633340021334e-03
3.558989125777830241e-03
5.681577002978237603e-03
8.672825934194638639e-03
1.284041124940596412e-02
1.855732961215135826e-02
2.618192706726082605e-02
3.619892879030796318e-02
4.903437993357899483e-02
6.567613099738962845e-02
8.786298685237040051e-02
1.211434297443507307e-01
1.852853045197261350e-01
2.686616228875236545e-01
2.081855408728421064e-01
1.466812088450549778e-01
1.071367259484182627e-01
8.542191995372139246e-02
7.292929579757487235e-02
6.227900951251721939e-02
5.179820728868165386e-02
4.059624060099333714e-02
3.101932922714523491e-02
2.311880849761426340e-02
1.596763585908532457e-02
-1.280247217212425546e-03
-1.123103778709345392e-02
-1.607611513886151103e-02
-1.750924034232806056e-02
-1.663316241147715438e-02
-1.451706304130142948e-02
-1.179786597980586084e-02
-9.091425443181252314e-03
-6.650695650123585045e-03
-4.657065545627144323e-03
-3.109444192538641551e-03
-1.969655458243649467e-03
-1.141496105577077119e-03
-5.299874480176186564e-04
-1.270194773640352345e-04
-1.744360087389190477e-04
-9.663195863212830581e-06
3.955179493287262673e-04
-3.061674428140314665e-04
-1.255685490279432269e-04
6.071754338489008423e-05
-4.224627209751859332e-04
4.039743363322936993e-04
-2.614493397393386821e-04
-3.179998992384070605e-04
-3.443463853437185086e-05
8.507470489771527420e-04
2.030811668305906696e-03
3.560564592931707208e-03
5.681871969463387836e-03
8.672881092137067413e-03
1.284042134446702725e-02
1.855733155314020361e-02
2.618192533873311620e-02
3.619892562962826604e-02
4.903437811244908823e-02
6.567613187367399297e-02
8.786298790407874593e-02
1.211434297135455807e-01
1.852853110683860827e-01
2.686616787211330570e-01
2.081855563781964402e-01
1.466812130017025595e-01
1.071367272190608677e-01
8.542191990651711031e-02
7.292929631165155635e-02
6.227900953822813890e-02
5.179820354330740700e-02
4.059623932325329143e-02
3.101932858502052040e-02
2.311880603884240368e-02
1.596763044397581099e-02
-1.280246493456924485e-03
-1.123103959910771651e-02
-1.607611532670306584e-02
-1.750923961534597492e-02
-1.663316511149244212e-02
-1.451706553035077459e-02
-1.179786556446652153e-02
-9.091421916121221122e-03
-6.650681853575964551e-03
-4.656992039582820084e-03
-3.109026546084149231e-03
-1.967223935157332796e-03
-1.126695619253087650e-03
-4.339218659115339719e-04
5.422431580833441365e-04
3.705805325459469220e-04
-1.150828400716541878e-04
1.756709829961750221e-04
-4.794867867156825045e-04
2.850749756973854262e-06
3.998201309619658309e-04
-1.112251952671809713e-04
-9.284862738945010062e-06
-1.012358633465177462e-04
4.445663433635559840e-04
2.300776507234035193e-04
4.413659911007489830e-04
9.968099198691012224e-04
1.751733736743122782e-03
2.814464056170893919e-03
4.351469504814789967e-03
6.565955981097670174e-03
9.750604287221031202e-03
1.422296229955479982e-02
2.048420100895449042e-02
2.900704673646069265e-02
4.077643781347154578e-02
5.712407198281337084e-02
8.195801764681694135e-02
1.282022573173079438e-01
1.832324116929910096e-01
1.375032123890476132e-01
9.939772981989036804e-02
7.916317873962659679e-02
7.058861397741712784e-02
6.690203602880544220e-02
6.371451671599621946e-02
6.031651368254969253e-02
5.824472143969207372e-02
6.259456787048697790e-02
7.716090275290679590e-02
9.817655789134299704e-02
6.483191512448742422e-02
3.691372014070784524e-02
2.174378171569689433e-02
1.246403848903330537e-02
6.676233685326829308e-03
3.248778669755360022e-03
1.330868560534171404e-03
3.717040999478673558e-04
-3.950783794955445007e-05
-1.625142293657626800e-04
-1.580894441054146715e-04
-1.148465028456160079e-04
-8.277820388187787819e-05
-1.239996699986865934e-04
-4.956940746723177823e-04
-4.253649140794558601e-04
7.142428048821805684e-04
-1.395259505356670666e-04
1.574426498037233496e-04
-3.419859443755081862e-04
-2.047315853634820400e-04
4.895339346573257143e-04
4.192404936493576424e-05
-5.098819051453785771e-04
-4.335370149447852163e-04
-3.177187386150387427e-04
3.561390666974919845e-04
9.823459253474240392e-04
1.749193235474627442e-03
2.814010497055580758e-03
4.351387585450672280e-03
6.565940299284045607e-03
9.750602253195820787e-03
1.422296193261995273e-02
2.048419860057296496e-02
2.900704272888573326e-02
4.077643196329885922e-02
5.712406945626637839e-02
8.195802197954514534e-02
1.282022648333104864e-01
1.832324163120423177e-01
1.375032149627716249e-01
9.939772932075560674e-02
7.916317934930110212e-02
7.058861111675315825e-02
6.690202910582387918e-02
6.371451371725929402e-02
6.031651276608691881e-02
5.824472272467863532e-02
6.259457348707099522e-02
7.716090683216839108e-02
9.817655592297008793e-02
6.483191253306733182e-02
3.691372031006620591e-02
2.174378106632154223e-02
1.246403646905309449e-02
6.676233356974895991e-03
3.248781325112600100e-03
1.330871412302890794e-03
3.717077504006475281e-04
-3.948111522777294461e-05
-1.623613873742446329e-04
-1.572899037949562382e-04
-1.106972393837216947e-04
-6.115045896338191654e-05
-9.365223805164831327e-06
1.335355186126254204e-04
3.465292801588791571e-04
-4.798622784039403713e-04
4.390271778923558174e-05
3.045595622559814608e-05
-3.041404472929963142e-04
-2.021695022248813742e-04
-6.350022289970357601e-05
-2.539971959076165191e-04
-1.340032446837694626e-05
-1.702692387284132709e-05
6.182927065613633133e-05
4.241224280673854962e-04
9.952126402877990025e-04
1.751647943348633857e-03
2.814481782145755468e-03
4.351479429799480839e-03
6.565959069664493476e-03
9.750606461849855439e-03
1.422295991949387023e-02
2.048419519184012036e-02
2.900704233846445115e-02
4.077643408745947051e-02
5.712406957216467629e-02
8.195801954173552450e-02
1.282022658641236990e-01
1.832324248832342406e-01
1.375032156586711019e-01
9.939772662601352449e-02
7.916317606160225284e-02
7.058860936804108033e-02
6.690202986112880890e-02
6.371451683065716687e-02
6.031651167784338186e-02
5.824472270196248691e-02
6.259457468833959370e-02
7.716090460538296836e-02
9.817655156207914791e-02
6.483190968452261227e-02
3.691371571454812872e-02
2.174378059665821317e-02
1.246403809541503892e-02
6.676232689700158790e-03
3.248780914929517722e-03
1.330871506368794298e-03
3.717090846790788139e-04
-3.946992519732361773e-05
-1.623037198586007961e-04
-1.569787239883996949e-04
-1.089980505641950588e-04
-5.202859784918614940e-05
3.859833443336074381e-05
3.734497447708377566e-04
5.301894078624339429e-06
5.134355943110306518e-05
4.696547497134597295e-04
4.051001799602057889e-04
-5.853538268801273620e-05
3.886765416881098577e-04
3.843648493909169171e-04
1.622806002817316821e-04
-5.761457175248850147e-04
3.433464234737911513e-04
-3.171007633912109320e-04
-8.132658563975351629e-05
-7.899072851775876107e-05
-1.152859047009810597e-04
-1.547211572045798910e-04
-1.538174479676640430e-04
-2.464963786731230836e-05
3.927219485007297909e-04
1.359587524787195028e-03
3.285729291943738101e-03
6.724987268083753959e-03
1.252663061114920630e-02
2.182681364901229576e-02
3.702171721761775974e-02
6.498297001884564827e-02
9.835063941911977026e-02
7.729679128364398688e-02
6.265579328118213442e-02
5.829472319360663735e-02
6.032312106043093147e-02
6.372630583079924582e-02
6.687667361716836956e-02
7.056634957461908886e-02
7.909091531432660416e-02
9.930511738025965540e-02
1.373233211454859271e-01
1.830256623827486162e-01
1.280473828139140902e-01
8.185584842076988610e-02
5.704571117420766113e-02
4.071751950472085602e-02
2.895946324665123195e-02
2.044808419838900146e-02
1.419443035154592525e-02
9.730868603406980788e-03
6.553742292070858372e-03
4.348606553300330552e-03
2.821613842878299867e-03
1.769772401085690020e-03
1.016745971793921481e-03
3.983153881112508170e-04
-3.419405632016730111e-04
-3.116518320444604858e-04
-3.551849524039346682e-04
3.504688464891341513e-04
5.265664375967359871e-04
2.329374396258018093e-04
-1.463041457145112991e-04
-9.914084752270733156e-05
6.074026559973402393e-05
-6.033524903466113299e-04
4.831619532384668031e-04
-1.007034998985693587e-04
-7.339076386687440356e-05
-8.124951543812335651e-05
-1.161486551554205017e-04
-1.549331929287645461e-04
-1.538627991313443210e-04
-2.465965416296478656e-05
3.927204386790877325e-04
1.359587202624977986e-03
3.285727977285779217e-03
6.724985258749345898e-03
1.252662764209917096e-02
2.182681434288762448e-02
3.702172166317274637e-02
6.498297154054025193e-02
9.835063692917392353e-02
7.729678793146560478e-02
6.265579113141425682e-02
5.829472525090263063e-02
6.032312271528264547e-02
6.372630186162117627e-02
6.687667127960610081e-02
7.056635020778426193e-02
7.909091756697016196e-02
9.930512173706015910e-02
1.373233297380191398e-01
1.830256738474543010e-01
1.280473830386810730e-01
8.185584865189558801e-02
5.704570822888964388e-02
4.071751524943680034e-02
2.895946191384235480e-02
2.044808625392951357e-02
1.419443275699159776e-02
9.730872287017845040e-03
6.553768432640363385e-03
4.348745157376308380e-03
2.822323840352117599e-03
1.773431763225464391e-03
1.035484055379709209e-03
4.928314219790130369e-04
1.156257676512619659e-04
6.327883661925103563e-04
1.977122872842691618e-04
-2.145760621521153840e-05
-1.038037967461971709e-04
-1.944595991024279213e-04
4.030098422878232185e-04
3.283811390121485116e-04
-3.847377089069708989e-04
-4.249017720229751469e-05
-5.048398243310632440e-04
2.434065560586857438e-04
-8.145736790191889006e-06
-6.823204996919133485e-05
-1.135465408589308843e-04
-1.544119029078513462e-04
-1.537563355392856023e-04
-2.463640559849892560e-05
3.927259176056676292e-04
1.359584971235820771e-03
3.285724111782359694e-03
6.724984699449080942e-03
1.252662860782556044e-02
2.182681292822249985e-02
3.702171906101475035e-02
6.498297293017582521e-02
9.835063957830067483e-02
7.729678656228496092e-02
6.265578734983313913e-02
5.829472335556890039e-02
6.032312133510381313e-02
6.372630106431377561e-02
6.687667551511368436e-02
7.056635353800271016e-02
7.909092045681787031e-02
9.930512239836246369e-02
1.373233186691525942e-01
1.830256522685335396e-01
1.280473728163576685e-01
8.185584384160708715e-02
5.704571081627043960e-02
4.071751970040283358e-02
2.895946399579892375e-02
2.044808759081903973e-02
1.419443234384201204e-02
9.730872428288472181e-03
6.553774992612007404e-03
4.348764786508607129e-03
2.822402892364524619e-03
1.773738163331351229e-03
1.036160824926986258e-03
4.894466739302443361e-04
4.691545637511991936e-05
-2.163444755964087326e-04
3.686890420724254656e-04
4.060115587438512755e-04
2.845942434714010191e-04
-1.473203083886643694e-04
4.044030926251703618e-05
-6.178681262107827516e-04
-8.572229531293364287e-05
3.325337580290753912e-05
4.076290341391229080e-04
2.188735778953940713e-04
-4.729029895984136105e-04
-1.121281762876220759e-03
-1.955367210159323493e-03
-3.096418078362839308e-03
-4.643097590498700827e-03
-6.633394829217600756e-03
-9.069974590071127121e-03
-1.176971929797313889e-02
-1.448165305057433697e-02
-1.658606542513185386e-02
-1.744850957916998721e-02
-1.599443675810662685e-02
-1.112486601090568322e-02
-1.135962908683554743e-03
1.612117916887955207e-02
2.323530506771214615e-02
3.106697730419709369e-02
4.063227700157305555e-02
5.179247610166798355e-02
6.227385787341652157e-02
7.288486488759367277e-02
8.537426058897361336e-02
1.070260218515554640e-01
1.465374596633104987e-01
2.079576548796000512e-01
2.684486751031959773e-01
1.851441100706662790e-01
1.210582036836483077e-01
8.779664096978571919e-02
6.562661570182910797e-02
4.899155962697934047e-02
3.616656395842178517e-02
2.615518201176211810e-02
1.854027327293770663e-02
1.283157924883796680e-02
8.676575921603578781e-03
5.700369264672687682e-03
3.599782008511206652e-03
2.093777050877585789e-03
9.136676836044195504e-04
-3.870506082622708491e-04
-2.916437244301961279e-04
-5.076463650398207973e-04
4.926913410154566258e-05
-4.780490308651590917e-04
1.631207186324788250e-04
-4.835556749274616713e-04
-1.413731497955026382e-04
-3.387867838184134323e-04
-3.873479978162700054e-06
-2.824523189961908299e-04
-3.938999263943731232e-04
-5.435398071980539507e-04
-1.129902066063587880e-03
-1.956471233568617130e-03
-3.096567404105184801e-03
-4.643118940621857212e-03
-6.633399433307449709e-03
-9.069975700541571886e-03
-1.176971934473239161e-02
-1.448165278220448111e-02
-1.658606588879944430e-02
-1.744851210883856946e-02
-1.599443731240367261e-02
-1.112486515725276751e-02
-1.135966757823579686e-03
1.612117052650106561e-02
2.323530130223002907e-02
3.106697651259856738e-02
4.063227873038380983e-02
5.179247923996341957e-02
6.227385687760551153e-02
7.288486424069129388e-02
8.537426263099907875e-02
1.070260223541542322e-01
1.465374588137817458e-01
2.079576565885651596e-01
2.684486744125424984e-01
1.851441054888055271e-01
1.210582006703660590e-01
8.779663710454979619e-02
6.562661318724288817e-02
4.899156065605576177e-02
3.616656693726370136e-02
2.615518421210447086e-02
1.854027636345691871e-02
1.283159903147072442e-02
8.676669685414341304e-03
5.700837712980365984e-03
3.602246938514426251e-03
2.107456768977487328e-03
9.961032046769495701e-04
1.607267741518148159e-04
1.702684762658493961e-07
2.501084984710192608e-04
-6.146379041025564014e-04
-1.581079774488668231e-04
-1.774841300790757357e-04
8.083504066641350894e-05
1.029796665771632219e-05
3.612068638163949707e-04
-3.580854073436596282e-04
2.919351614132600393e-04
-1.660372326822241111e-04
-4.895479284715908508e-04
-1.118031927000978382e-03
-1.954001281326361427e-03
-3.096064602420321461e-03
-4.643016232178470704e-03
-6.633378908572884133e-03
-9.069973578184656673e-03
-1.176972391869204188e-02
-1.448165665297266452e-02
-1.658606464571790728e-02
-1.744850878037879430e-02
-1.599443592774544079e-02
-1.112486486032404631e-02
-1.135964991104215782e-03
1.612117311243634402e-02
2.323529927688361071e-02
3.106697118255729792e-02
4.063227801264577416e-02
5.179247859315472963e-02
6.227385470985681570e-02
7.288486593631457455e-02
8.537426204608890290e-02
1.070260204514673907e-01
1.465374582209053034e-01
2.079576502937648952e-01
2.684486575556895294e-01
1.851441023337151714e-01
1.210582003150389441e-01
8.779664036931800197e-02
6.562661503755076731e-02
4.899155947969702218e-02
3.616656523537878365e-02
2.615518149739972861e-02
1.854027564439168427e-02
1.283160181265604466e-02
8.676663036626839839e-03
5.700791849940716090e-03
3.602010341047263454e-03
2.106334437735557074e-03
9.920545952335044389e-04
1.572029828633312535e-04
2.262779410211173271e-04
4.331190450523450449e-05
2.755658466640559441e-04
6.857250813817232851e-04
1.236603797496338571e-04
-1.720783267039065916e-04
3.578150062850605139e-04
2.034020441305006200e-04
-4.249331274725964488e-04
6.646589899704104893e-04
-6.874768542399794418e-04
-9.763020621640933899e-04
-2.110463407868989807e-03
-3.687771726202684203e-03
-5.876202195160988573e-03
-8.902222599655814153e-03
-1.293387423216775176e-02
-1.813285821310941376e-02
-2.442210004214753760e-02
-3.171083144277615784e-02
-3.939888926345588849e-02
-4.707989949645985384e-02
-5.384566152633569330e-02
-5.984129290174339949e-02
-6.831254097565959971e-02
-6.685143641074112186e-02
-3.104253361639559491e-02
-8.041786645290615633e-04
2.358354200216510738e-02
4.571015712063181136e-02
6.445117057189511667e-02
8.332675670086747699e-02
1.072986476200029210e-01
1.470430006605885631e-01
2.095618379464339875e-01
2.873888839633916281e-01
3.456113717994542811e-01
2.321691868668257497e-01
1.527749738346051711e-01
1.128601492515756421e-01
8.631018238992947678e-02
6.601796999528465604e-02
4.978294520463389522e-02
3.672481779791442191e-02
2.643269657893323327e-02
1.853004753723058728e-02
1.263688782026338962e-02
8.354100325105640046e-03
5.294946623251284810e-03
3.108803866193919369e-03
1.510539717420166872e-03
5.306713789824002870e-04
-1.746658204379112212e-04
-2.351933892663309977e-04
-7.189621240236029843e-04
3.604269744033942021e-05
-1.838805339728209645e-04
5.765374945563761028e-05
4.094721296011412598e-04
-1.266943385756648225e-04
-1.485921945210612761e-04
2.137596175277939667e-05
8.264988155111522878e-05
-8.815781244451637499e-04
-2.097838274706111464e-03
-3.685980995831173758e-03
-5.875930314853500605e-03
-8.902179094070697060e-03
-1.293386913730974752e-02
-1.813285900002691714e-02
-2.442210114053125145e-02
-3.171083253762997656e-02
-3.939889136558396426e-02
-4.707990282304692908e-02
-5.384566160411255464e-02
-5.984129087795758695e-02
-6.831254469046690869e-02
-6.685145339215461946e-02
-3.104253799464970487e-02
-8.041775446310039195e-04
2.358354263140263057e-02
4.571015616430893630e-02
6.445116479864920755e-02
8.332675095726833903e-02
1.072986488019865570e-01
1.470430017427190872e-01
2.095618361075791136e-01
2.873888740009497567e-01
3.456112856878170159e-01
2.321691728346766959e-01
1.527749727256352275e-01
1.128601495743501160e-01
8.631018200319785783e-02
6.601796961370540173e-02
4.978294489441985327e-02
3.672481711329791260e-02
2.643269729706963431e-02
1.853005686813445976e-02
1.263691791864996784e-02
8.354166453498986303e-03
5.294657622297156002e-03
3.102563931182859142e-03
1.441943282418302287e-03
-1.117393872782825991e-04
6.247722494114854434e-05
9.222126808023551096e-05
4.647710483251360470e-04
4.458243908399663947e-04
-1.507612295753844617e-04
1.962722413638482539e-04
-3.117496095667405620e-04
-3.262216762879902553e-05
-3.097449377226097205e-04
-1.947459777434902632e-05
6.856340167531851720e-04
-7.900550411241710281e-04
-2.082776722602020479e-03
-3.683385495316663510e-03
-5.875461844330995970e-03
-8.902090377928856268e-03
-1.293385297390597585e-02
-1.813285859235478845e-02
-2.442210525802418833e-02
-3.171083480408032340e-02
-3.939888977005430448e-02
-4.707990107908855554e-02
-5.384566261182215097e-02
-5.984129219725980303e-02
-6.831254466204143838e-02
-6.685145494369673647e-02
-3.104254119704176473e-02
-8.041827841945977870e-04
2.358354426945404037e-02
4.571015641450319050e-02
6.445116150185807580e-02
8.332675102783357324e-02
1.072986479222141909e-01
1.470429990056711933e-01
2.095618341989457234e-01
2.873888816408625146e-01
3.456113359187478751e-01
2.321691796121579943e-01
1.527749752780135639e-01
1.128601529454460600e-01
8.631018247226766860e-02
6.601796635261679425e-02
4.978294184215654311e-02
3.672481482316263673e-02
2.643269771906460106e-02
1.853005648432972524e-02
1.263688850990108553e-02
8.353999959551496393e-03
5.293765598952449025e-03
3.098043518694550396e-03
1.421123729316913767e-03
-1.929112683295050286e-04
2.108541934079716967e-04
9.021839966080414861e-05
1.672788493652118102e-05
-2.637060947120632238e-04
7.159441438394022978e-06
2.871746650406416820e-05
-2.276598971259139316e-04
3.349381347216170111e-04
1.655953077401264482e-04
4.694248994632062516e-04
1.768428495357044232e-04
-1.246982755995988028e-03
-2.969559868520894180e-03
-5.225127692572108587e-03
-8.353942530231103433e-03
-1.270733752575537237e-02
-1.858286922895860394e-02
-2.626860267145836314e-02
-3.582328357492450127e-02
-4.725810166791794692e-02
-6.014037482387036421e-02
-7.423534378129226230e-02
-8.918371914923955979e-02
-1.065185544694100817e-01
-1.352242060741029872e-01
-1.553803530513552245e-01
-9.124583826905854900e-02
-3.531996865929324519e-02
6.038514141737977292e-03
3.946604526674973162e-02
6.895388539555062646e-02
1.017207784910049706e-01
1.446814514352770809e-01
2.094161973102038055e-01
2.920970192089772932e-01
3.656488240586845961e-01
4.055695019426233672e-01
2.671931354414748272e-01
1.765376098905450108e-01
1.319529481235764967e-01
1.024740474696577974e-01
7.964352311605693568e-02
6.090244151361622754e-02
4.552891150504996542e-02
3.310053983860268556e-02
2.340793022696684503e-02
1.605427073976470678e-02
1.065944863678545095e-02
6.768176729671814169e-03
3.968405979223504736e-03
1.844615979382767130e-03
-1.213496925050195485e-04
-1.732407390841804820e-04
1.656904009517515036e-04
-8.797891945195034395e-05
-2.210055336629376821e-04
-4.595489155542825600e-04
6.969308868906433742e-05
-1.724916416592059518e-04
-4.754958554073552331e-04
-3.363324466101205268e-04
1.864854999564139295e-04
-1.606688353252982038e-04
-1.263280001551688554e-03
-2.967452588016888850e-03
-5.224154333565318546e-03
-8.353693680743652997e-03
-1.270728376964450936e-02
-1.858286042056258441e-02
-2.626860220028682039e-02
-3.582328357340273939e-02
-4.725810168316296744e-02
-6.014037562810781168e-02
-7.423534526872854755e-02
-8.918371814075336246e-02
-1.065185545469033018e-01
-1.352242224443376828e-01
-1.553804419057175368e-01
-9.124585938125441553e-02
-3.531996863917485213e-02
6.038517272797482710e-03
3.946604738907690674e-02
6.895388200787463950e-02
1.017207718210854511e-01
1.446814511070186327e-01
2.094161965162312788e-01
2.920970180080568745e-01
3.656487902930681821e-01
4.055692721943967571e-01
2.671931058673350790e-01
1.765376073825089820e-01
1.319529473350919690e-01
1.024740450109480339e-01
7.964352033053123670e-02
6.090244006663200066e-02
4.552891186964811571e-02
3.310054264558773968e-02
2.340794081405488461e-02
1.605431526775200762e-02
1.065970365869387156e-02
6.769752142438439056e-03
3.979004809734717173e-03
1.921991755919811185e-03
4.785761758386110126e-04
1.862144353066049743e-04
-1.555369344942838584e-04
-1.971961585678227318e-04
5.210716851115747444e-07
-2.823897851500436909e-04
-4.958332728951444102e-04
-3.721368463370293921e-04
-7.407968581409074041e-06
-3.466074178762906691e-04
-2.121005838535440220e-04
-2.035945776088605649e-04
-1.263017798346532721e-03
-2.965922001519724193e-03
-5.223596955171216916e-03
-8.353536767411313263e-03
-1.270724338280872917e-02
-1.858285150236165320e-02
-2.626860226717643576e-02
-3.582328681082869171e-02
-4.725810423585597581e-02
-6.014037595318366680e-02
-7.423534512381259332e-02
-8.918371917377214408e-02
-1.065185556983373749e-01
-1.352242275264999016e-01
-1.553804791537475860e-01
-9.124587319370267013e-02
-3.531998024658133256e-02
6.038517751900475232e-03
3.946604804690034135e-02
6.895388031743771018e-02
1.017207736157902109e-01
1.446814530202124582e-01
2.094161945784957235e-01
2.920970098497323586e-01
3.656487837915885497e-01
4.055692953272791446e-01
2.671931087553664486e-01
1.765376062226445553e-01
1.319529497228356385e-01
1.024740469307444390e-01
7.964351979839344453e-02
6.090244083808857983e-02
4.552891380250038283e-02
3.310054613562782300e-02
2.340794071665621562e-02
1.605427890089600532e-02
1.065946476942037160e-02
6.768227944294938174e-03
3.969472215983557359e-03
1.863364200086854369e-03
1.233020856857373611e-04
-7.013685883537912346e-05
1.005626550338997244e-04
-3.762456874469465224e-04
7.131333704193067906e-04
1.127360346277282829e-04
-1.271502492361357452e-04
2.907625065594690323e-04
8.299265830583548885e-04
-1.401037626069190031e-04
2.815585021619710260e-04
-4.548146169169505208e-04
-1.615037162663715770e-03
-3.689575996066516220e-03
-6.484275141867478116e-03
-1.038503810716309185e-02
-1.582771463704950657e-02
-2.322799358972624933e-02
-3.294790502290442791e-02
-4.520951728765629229e-02
-6.002683496684529246e-02
-7.731037158711870361e-02
-9.684655119067693552e-02
-1.193615369922538805e-01
-1.478649664206972136e-01
-1.986947451228434081e-01
-2.525682982804970944e-01
-1.663339286875790413e-01
-8.235705919633169725e-02
-1.723568524079200498e-02
3.699661213483228933e-02
8.445959687435013186e-02
1.368449520640305783e-01
2.070699849756732769e-01
2.969844058413274035e-01
3.768041018541603004e-01
4.243227659986832934e-01
4.452213765657657696e-01
2.905009685879951231e-01
1.929485943304995177e-01
1.455118883636004057e-01
1.142862329644587782e-01
8.981258336537681353e-02
6.935042427268477139e-02
5.233124264552126148e-02
3.831550296098016478e-02
2.726640208815689706e-02
1.877599943036664665e-02
1.250579351338452876e-02
7.948540844451653167e-03
4.656194418294153439e-03
2.166906793051848711e-03
1.376417564281289885e-04
2.542758867527949865e-04
1.454767943087831230e-04
-2.956994611962203900e-04
5.488853437503550450e-04
-2.007330114364036945e-04
6.727218947325321085e-05
-7.078067288480818830e-04
-1.989865701725662878e-04
-4.207244245083193173e-04
5.797514102435452838e-04
4.546863491020676105e-04
-1.494105866190857451e-03
-3.671791601996715702e-03
-6.481460827315405938e-03
-1.038456289325899104e-02
-1.582763157741722340e-02
-2.322798064271073756e-02
-3.294790327181006812e-02
-4.520951575785863569e-02
-6.002683332421575313e-02
-7.731037106991618668e-02
-9.684655201135755620e-02
-1.193615367950824208e-01
-1.478649735351489636e-01
-1.986947899276276797e-01
-2.525686043966741123e-01
-1.663339682757126736e-01
-8.235705808276137796e-02
-1.723567767779261503e-02
3.699662004794921494e-02
8.445959922490517413e-02
1.368449477971027672e-01
2.070699824473402895e-01
2.969844005924933139e-01
3.768040944666814496e-01
4.243226916190638298e-01
4.452209397412584257e-01
2.905009242099274025e-01
1.929485912708218120e-01
1.455118889783726110e-01
1.142862324608361069e-01
8.981258222309243533e-02
6.935042410787141398e-02
5.233124398191389692e-02
3.831550519674950528e-02
2.726640835963599699e-02
1.877602539130834164e-02
1.250592712504311824e-02
7.949178320764711120e-03
4.658974709712265273e-03
2.176487263300383185e-03
1.414026943040946308e-04
-1.733790334591080780e-04
-3.362973322911811118e-04
-4.491698731735034675e-04
-1.874042299578734729e-04
9.969235821315205960e-05
1.992678344349970527e-04
-4.510634171355939440e-04
1.713944410362058395e-05
3.690547422586929935e-04
-1.635415989967572634e-04
3.779657483549119380e-05
-1.542302263003283167e-03
-3.676728748891782122e-03
-6.481762306502125183e-03
-1.038451972866833752e-02
-1.582760760127549515e-02
-2.322797557351455669e-02
-3.294790426280284901e-02
-4.520951831150354233e-02
-6.002683567136754550e-02
-7.731037101550715385e-02
-9.684655054324044221e-02
-1.193615362671175129e-01
-1.478649750393191964e-01
-1.986948114961926970e-01
-2.525687581344762678e-01
-1.663340027846620106e-01
-8.235707422051785631e-02
-1.723568013269494159e-02
3.699661741169169016e-02
8.445959516073775486e-02
1.368449485169884461e-01
2.070699852374169869e-01
2.969843975941908742e-01
3.768040906528271061e-01
4.243227313860026828e-01
4.452212512782410259e-01
2.905009606752908535e-01
1.929485959200608336e-01
1.455118911764867184e-01
1.142862326860579064e-01
8.981258040029470313e-02
6.935042451657177920e-02
5.233124516384554670e-02
3.831550773310431202e-02
2.726641404328208201e-02
1.877603353866305613e-02
1.250592641609252730e-02
7.948897071817900492e-03
4.655578797519456351e-03
2.144240410282105980e-03
-1.436941296831002605e-04
1.168255917275953898e-05
3.235293068754876663e-04
3.895793953939606061e-04
4.003738605809830319e-04
-2.535669443415050498e-04
-1.676596241354294710e-04
-5.183732523087736244e-04
6.315255876068234103e-04
-1.108746935069442773e-04
1.649380871912916474e-04
-1.353246698283382295e-04
-1.824535000811476496e-03
-4.203803468799081032e-03
-7.382481895529570404e-03
-1.183434002500788514e-02
-1.805302936506602771e-02
-2.654787863742066878e-02
-3.770967292722268716e-02
-5.192104061238845408e-02
-6.912815962471054176e-02
-8.968149635036254397e-02
-1.132592199217272860e-01
-1.420806176975202006e-01
-1.806364892270889977e-01
-2.546186617401481889e-01
-3.583896812935487008e-01
-2.722283807076286699e-01
-1.562313340766124659e-01
-5.052990815357923798e-02
3.816078307938781944e-02
1.201244275006129875e-01
2.122329034972356976e-01
3.123427820055262871e-01
3.935982786601934236e-01
4.385954283735001846e-01
4.595736610289046786e-01
4.696063432557685546e-01
3.045896142800365580e-01
2.030997091487321549e-01
1.540938749346408010e-01
1.219505107261623089e-01
9.652099981500139592e-02
7.500779125161281813e-02
5.694621252536907763e-02
4.188963512463318717e-02
2.993444190113443704e-02
2.066878859416440214e-02
1.379543351754039526e-02
8.772815967022274536e-03
5.127964430129544442e-03
2.327651448013415888e-03
-2.082927985348804220e-04
-2.712442090781975925e-04
-4.549465370743295263e-04
-1.876627289480703692e-04
-1.764098080611097084e-04
-6.217911477081222195e-04
-1.551529171212948771e-04
-8.151554988811268634e-05
-5.727631514175668306e-05
-6.803979238221942102e-04
-4.617719356552876038e-05
-4.762104223134978344e-04
-1.846577741578956300e-03
-4.202753764135394761e-03
-7.381615586968826200e-03
-1.183408983614001736e-02
-1.805297248499706381e-02
-2.654786910376099110e-02
-3.770967208338592280e-02
-5.192103943932535604e-02
-6.912815808809728846e-02
-8.968149639616411484e-02
-1.132592209790421883e-01
-1.420806177371316814e-01
-1.806364959058147091e-01
-2.546186980266104682e-01
-3.583898930929258486e-01
-2.722283983632410864e-01
-1.562313249772532275e-01
-5.052990380433280276e-02
3.816078366280705597e-02
1.201244220527290102e-01
2.122328929966203481e-01
3.123427741029876081e-01
3.935982743339346834e-01
4.385954304747591848e-01
4.595736601721315817e-01
4.696065235605706989e-01
3.045896562130073759e-01
2.030997173460832583e-01
1.540938747896187511e-01
1.219505087151108585e-01
9.652099775650647973e-02
7.500779045007194279e-02
5.694621320572867268e-02
4.188963546213651801e-02
2.993444414261390435e-02
2.066880084995853864e-02
1.379548280625702769e-02
8.772904452286402546e-03
5.127040299470363681e-03
2.312029813018984335e-03
-3.724094916919208804e-04
-1.678393115929672792e-04
2.191183351705174780e-04
-1.281819659658530667e-04
-3.661233261548890440e-05
4.054798845624296634e-05
-4.912762994985465318e-04
4.921693129090981382e-04
1.135761570207923762e-04
-7.742304316317474258e-05
6.639721402789265279e-05
-4.728557709881370198e-05
-1.779293349219191042e-03
-4.191117512660828999e-03
-7.379484153815207489e-03
-1.183368102901097112e-02
-1.805289269246865974e-02
-2.654785567989305026e-02
-3.770967059944711763e-02
-5.192103948069441005e-02
-6.912815932195190416e-02
-8.968149596235791554e-02
-1.132592193506665873e-01
-1.420806170294448556e-01
-1.806365010963069118e-01
-2.546187555444729411e-01
-3.583903796918621043e-01
-2.722284705428482665e-01
-1.562313429956835031e-01
-5.052990203983861311e-02
3.816078490542216400e-02
1.201244206437106221e-01
2.122328934822247382e-01
3.123427766474569101e-01
3.935982691578731041e-01
4.385954269274313644e-01
4.595736843724472220e-01
4.696066693103752576e-01
3.045896701428864040e-01
2.030997203968510634e-01
1.540938770817538994e-01
1.219505084761080826e-01
9.652099614861039956e-02
7.500779192771576953e-02
5.694621483403892320e-02
4.188963902912809512e-02
2.993446231579711611e-02
2.066888753061353265e-02
1.379596174681374000e-02
8.775731646008493383e-03
5.144713569242558883e-03
2.429271197330998971e-03
4.511493870831655151e-04
3.878538038754831218e-04
-1.594935065691632434e-04
4.950633777257349268e-04
5.431894969989888586e-04
-2.850896704886671175e-04
-5.399739176787782518e-04
1.425215154249398703e-04
-9.493267802861204768e-06
4.052421592999447568e-04
2.739786080180342748e-04
-5.839922418244072617e-04
-2.006893336506174966e-03
-4.482508472374004994e-03
-7.852259372564337342e-03
-1.259027145988103960e-02
-1.921165007929093171e-02
-2.827918655947475948e-02
-4.018482090062425183e-02
-5.542052225911683200e-02
-7.385479899124539060e-02
-9.618315777157382396e-02
-1.219445788540882009e-01
-1.546000256292215935e-01
-1.997311167362396112e-01
-2.909559288596319515e-01
-4.456352077846623683e-01
-3.973378875406015087e-01
-2.972735326835494463e-01
-1.310752478916364927e-01
6.541961400752735467e-02
2.351175977275704043e-01
3.570210362308923746e-01
4.256324426605238576e-01
4.572234380814529930e-01
4.717945878519504976e-01
4.804021333276972672e-01
4.882279782246228828e-01
3.120094387895388510e-01
2.080026980430624561e-01
1.582359049908848292e-01
1.257026079924566664e-01
9.985036148702351733e-02
7.784105378065342418e-02
5.927857259819323266e-02
4.370644684168613348e-02
3.129850616697461146e-02
2.163965619232045140e-02
1.445906667532967024e-02
9.198228734971447551e-03
5.376584817902162021e-03
2.446499174248052168e-03
-1.321468539546707618e-04
-3.173423542383424609e-04
2.802568408918107673e-04
-5.435894230423979085e-04
8.676648598322912829e-04
-1.281082939804455785e-04
3.168528674677371904e-04
-2.480179163581274610e-04
3.203657992904216907e-04
1.330014550155924475e-04
1.774584163642126599e-04
-2.789187949030577261e-04
-1.950064890150403525e-03
-4.471628591424787677e-03
-7.850192553501738127e-03
-1.258988128774031663e-02
-1.921157784976366273e-02
-2.827917451346020558e-02
-4.018481927973599488e-02
-5.542052078005312715e-02
-7.385479731038829820e-02
-9.618315892907790265e-02
-1.219445814732401517e-01
-1.546000284874489428e-01
-1.997311237901023551e-01
-2.909559492562266425e-01
-4.456352591689967113e-01
-3.973379059144181991e-01
-2.972735142828563659e-01
-1.310752448001318571e-01
6.541961160087936267e-02
2.351175918165499257e-01
3.570210273822000957e-01
4.256324347750969905e-01
4.572234345378718978e-01
4.717946018964500055e-01
4.804022955853973764e-01
4.882298848544139314e-01
3.120096574173801818e-01
2.080027274710574969e-01
1.582359061292432645e-01
1.257026059919929828e-01
9.985035980962861379e-02
7.784105356260465070e-02
5.927857429534569289e-02
4.370644786997571890e-02
3.129850969030367747e-02
2.163967881134746390e-02
1.445920962442144922e-02
9.199163682575121209e-03
5.382871813253573001e-03
2.490578105586572274e-03
1.912499575232664575e-04
1.593789081743342628e-05
-1.991046326356413795e-04
-4.685000199405458003e-05
4.959646980283378189e-04
2.456148717210800418e-04
2.425064601422032018e-04
-6.489920142304991943e-04
4.181283385279471894e-04
-2.934466664342770081e-04
6.345819326774365318e-04
3.337067500597644810e-04
-1.847689578277460437e-03
-4.453130869166686996e-03
-7.846745431723657280e-03
-1.258922504237509725e-02
-1.921145258148979074e-02
-2.827915269579963503e-02
-4.018481543307494963e-02
-5.542051935284329073e-02
-7.385479838311237444e-02
-9.618315971001546727e-02
-1.219445824570133119e-01
-1.546000293465187581e-01
-1.997311279776046999e-01
-2.909560092452400104e-01
-4.456359763989943823e-01
-3.973379972281179118e-01
-2.972735357721088545e-01
-1.310752404900438761e-01
6.541961457569993310e-02
2.351176003838713058e-01
3.570210364054484664e-01
4.256324404966660979e-01
4.572234308853541096e-01
4.717945950129138200e-01
4.804022473172284702e-01
4.882290686131186552e-01
3.120095892377489633e-01
2.080027221433162488e-01
1.582359088302691674e-01
1.257026072177986897e-01
9.985036049261693247e-02
7.784105700622222235e-02
5.927857660902448311e-02
4.370645198928300307e-02
3.129853281562174766e-02
2.163978248408032767e-02
1.445969982985310411e-02
9.201414104364145571e-03
5.392106472618846645e-03
2.517520523451893463e-03
1.463142227323276806e-04
3.870051900677429560e-04
-1.748357950986380814e-04
-6.165789469355199099e-04
-1.335097375765735735e-04
1.473884199929720740e-04
3.077366346750646966e-04
5.519757289784498155e-05
2.993767199811753882e-04
2.306843019848428555e-04
8.396736418587169017e-05
-9.553793153693407921e-04
-2.060004800502413316e-03
-4.493409426761727811e-03
-7.855444897333977577e-03
-1.259106394266991044e-02
-1.921140509744033095e-02
-2.827840384835180604e-02
-4.018378149754292528e-02
-5.541923612679118538e-02
-7.385341749697220404e-02
-9.618153807000988376e-02
-1.219429536435780587e-01
-1.545980390669532967e-01
-1.997288096408391112e-01
-2.909517502055191107e-01
-4.456268874472393837e-01
-3.973204088492661712e-01
-2.972512707259876152e-01
-1.310577980643398976e-01
6.542205127898681472e-02
2.350945022744806712e-01
3.569774372614176738e-01
4.255910768242571751e-01
4.571958955612109854e-01
4.717778583722649910e-01
4.803918311744266867e-01
4.882203706853579517e-01
3.120055753464609505e-01
2.079993640845792247e-01
1.582327112602067709e-01
1.256991950888090015e-01
9.984684106023106187e-02
7.783743313544966291e-02
5.927502245236489914e-02
4.370312490683096740e-02
3.129564932231204688e-02
2.163747708951349602e-02
1.445769746818227272e-02
9.197290356437050340e-03
5.373235531916449766e-03
2.423713061881648759e-03
-2.872316070161437724e-04
1.113456467338795565e-04
3.078548480437966282e-04
-2.476820676032172861e-04
1.326775615317518869e-04
-1.654767851666377743e-04
5.295611321492581236e-04
9.153617031851048057e-07
3.221796113411028693e-04
-4.514843226602977748e-04
-1.695528686253884468e-04
-2.848094359193302519e-05
-1.935974737502260028e-03
-4.475723252705015795e-03
-7.852829302898128860e-03
-1.259066428112570052e-02
-1.921134328597966928e-02
-2.827839412156796933e-02
-4.018377948637938402e-02
-5.541923359905643470e-02
-7.385341462798829248e-02
-9.618153853477658111e-02
-1.219429544597214893e-01
-1.545980412186654662e-01
-1.997288253346694853e-01
-2.909518415487881149e-01
-4.456276889703704724e-01
-3.973204799652266250e-01
-2.972512676598051407e-01
-1.310577955875023015e-01
6.542205106922001356e-02
2.350945003276764533e-01
3.569774388970440304e-01
4.255910789603485345e-01
4.571958964521207203e-01
4.717778581617867451e-01
4.803918273046718923e-01
4.882206143682438770e-01
3.120056249568785578e-01
2.079993739792354301e-01
1.582327127343698681e-01
1.256991954884332519e-01
9.984683978871580767e-02
7.783743108263080357e-02
5.927502198270317296e-02
4.370312436427024189e-02
3.129565050570615875e-02
2.163748743823240214e-02
1.445775209710372169e-02
9.197555745693059004e-03
5.374193389054161482e-03
2.423962601431447171e-03
-3.328056487531941060e-04
-4.454614431468614740e-05
-5.959987939976987202e-05
-1.936871961649832413e-04
5.557848776633280037e-04
-6.794585843460131721e-04
-4.613234497458645477e-04
1.078278910778708561e-04
1.992042737221396255e-04
-3.447460198934576450e-04
-1.235319626764495632e-04
1.025133479803232124e-04
-1.881477122950845791e-03
-4.461108589425697574e-03
-7.849465441346046429e-03
-1.258994330010316555e-02
-1.921119656150174076e-02
-2.827836671389207662e-02
-4.018377358069553928e-02
-5.541923050617895974e-02
-7.385341398176883954e-02
-9.618153847428129177e-02
-1.219429547547087184e-01
-1.545980378644077335e-01
-1.997287984996148069e-01
-2.909516561828394132e-01
-4.456259720010101733e-01
-3.973203162738203065e-01
-2.972512443157062645e-01
-1.310577930415629533e-01
6.542204776067438166e-02
2.350945037921611525e-01
3.569774447264513761e-01
4.255910816784542194e-01
4.571958989866384826e-01
4.717778732237425943e-01
4.803919978439081806e-01
4.882222243662788230e-01
3.120058032233681833e-01
2.079993991706648448e-01
1.582327178353183372e-01
1.256991947838273227e-01
9.984683733840989117e-02
7.783743130014954270e-02
5.927502211226388928e-02
4.370312860776964792e-02
3.129567837167730043e-02
2.163761653036900059e-02
1.445840934419267629e-02
9.201008552578274907e-03
5.393072958345909197e-03
2.534524426944974405e-03
3.796208813932425716e-04
-1.152885328531363007e-04
-3.375149464771520454e-04
2.001440109876197226e-04
5.284298039774670309e-04
1.991859024600859204e-05
4.322740124353571215e-04
-3.497335299564052779e-04
-1.786048051606676777e-05
-2.205359365673132885e-04
3.028837828827253835e-04
7.969237510012612601e-05
-1.812845653675301165e-03
-4.213436804440735470e-03
-7.388673873343238122e-03
-1.183613192819854207e-02
-1.805217118408612362e-02
-2.654557796953916499e-02
-3.770657726186731062e-02
-5.191728520024095628e-02
-6.912391225623282232e-02
-8.967659998062488258e-02
-1.132538537875609624e-01
-1.420742073466851052e-01
-1.806283910655626657e-01
-2.546054306368269460e-01
-3.583654414660686904e-01
-2.721991080264622997e-01
-1.562115187281260253e-01
-5.051559148854622289e-02
3.817928320858893915e-02
1.201441380216628635e-01
2.122361741245082090e-01
3.123095609297991682e-01
3.935441004223649841e-01
4.385476200073923914e-01
4.595396071518819126e-01
4.695814671625728187e-01
3.045764241069991440e-01
2.030894211701777252e-01
1.540838572719225863e-01
1.219402534422123485e-01
9.651023116490856091e-02
7.499694662227342212e-02
5.693548071785380082e-02
4.187971197908670756e-02
2.992586642389612889e-02
2.066237348671953050e-02
1.379186784707818990e-02
8.773010489475891599e-03
5.135525962335122339e-03
2.373385328160063350e-03
1.287809319232074100e-04
2.834675454614422646e-04
3.137840716599036000e-04
2.122336560506784761e-04
3.402146273153845669e-04
1.192736783153670318e-05
5.640190538571340523e-04
2.582374901232263749e-04
5.124233010848325449e-04
-9.147607299852424773e-05
-2.349279554715995809e-04
-6.607880956915072792e-04
-1.902090829018620189e-03
-4.224741921029996801e-03
-7.390146317441258390e-03
-1.183633223918203331e-02
-1.805220060914124527e-02
-2.654558170820684945e-02
-3.770657768803341303e-02
-5.191728416203800212e-02
-6.912391109146134860e-02
-8.967660224522919221e-02
-1.132538535438196992e-01
-1.420742064397054749e-01
-1.806283979063368628e-01
-2.546054510282315109e-01
-3.583654858863196679e-01
-2.721991047132695796e-01
-1.562115179980896329e-01
-5.051559383973881073e-02
3.817928115684812024e-02
1.201441361530394686e-01
2.122361747613924488e-01
3.123095680486955295e-01
3.935441038438030059e-01
4.385476146119749452e-01
4.595395711050141441e-01
4.695813299558452281e-01
3.045764107204924076e-01
2.030894195738277563e-01
1.540838562969028269e-01
1.219402543621345564e-01
9.651023043975041904e-02
7.499694465082172579e-02
5.693548088196515033e-02
4.187971298925781405e-02
2.992586731773062142e-02
2.066237428385036753e-02
1.379187114110805995e-02
8.773033902766957937e-03
5.135716001534139374e-03
2.375699685541758990e-03
1.582602684069294059e-04
1.864017319970026303e-05
-4.039871092777175916e-05
2.687302335089165320e-04
5.818664906409735981e-04
-7.436080852146124791e-04
-1.688041181906350865e-04
5.345468051636383458e-04
2.214482861071154956e-04
-2.583274149113427322e-04
7.270794289733367201e-04
2.425914593477043052e-04
-1.749279055027907863e-03
-4.196807084596885368e-03
-7.384895693240814407e-03
-1.183532991165366088e-02
-1.805200862591702440e-02
-2.654554462398939912e-02
-3.770656826218382607e-02
-5.191727930286072629e-02
-6.912390984532622296e-02
-8.967660345941065592e-02
-1.132538560154479901e-01
-1.420742067186463176e-01
-1.806283853771682713e-01
-2.546053847017711314e-01
-3.583650958051735613e-01
-2.721990613885694743e-01
-1.562115122187336391e-01
-5.051559190013983625e-02
3.817928131736436637e-02
1.201441393854324746e-01
2.122361780613961080e-01
3.123095652679369061e-01
3.935441042977269044e-01
4.385476162116904164e-01
4.595396356071129174e-01
4.695820443522267240e-01
3.045765092531180218e-01
2.030894352239752121e-01
1.540838608080895011e-01
1.219402544125677418e-01
9.651022929029455522e-02
7.499694580864270377e-02
5.693548149425529947e-02
4.187971820186022626e-02
2.992589550239910245e-02
2.066250048112166365e-02
1.379248130691067796e-02
8.775821649498770360e-03
5.146928756019048846e-03
2.405812370198358308e-03
7.029868866439350648e-05
-2.251162073270652152e-04
-7.342040294223860968e-04
-4.438044209015796029e-04
-1.286228993445621765e-04
4.308648527106000332e-04
4.184022573161488129e-04
2.699836272086986676e-04
2.240899376262821599e-04
7.405448091660498007e-04
-5.069792311982631970e-05
-5.309102788363375888e-04
-1.667740193644949272e-03
-3.716826924349643166e-03
-6.495552432706305605e-03
-1.038776053824809996e-02
-1.582621716666878647e-02
-2.322432942271239822e-02
-3.294308717041222190e-02
-4.520359851402647872e-02
-6.002004547717312843e-02
-7.730214906095607408e-02
-9.683715067598822057e-02
-1.193495800180980199e-01
-1.478497332548198984e-01
-1.986708786840582219e-01
-2.525343395644533695e-01
-1.663039306211781254e-01
-8.233822212907694615e-02
-1.721921952253111301e-02
3.701855561379573112e-02
8.448861791568856860e-02
1.368778619253839812e-01
2.070858313366555625e-01
2.969603265346993926e-01
3.767476511602274591e-01
4.242678954301016825e-01
4.451775306065405280e-01
2.904777511385420730e-01
1.929308836828367568e-01
1.454951729174700226e-01
1.142690439024376253e-01
8.979476059219634876e-02
6.933238144023649852e-02
5.231351572580696108e-02
3.829905178431571716e-02
2.725222219982849359e-02
1.876535936313510067e-02
1.249981177084198009e-02
7.946861372888620531e-03
4.648812412802613703e-03
2.085043101043434002e-03
-4.840573786563119032e-04
5.808094294101240514e-04
3.395377290560631315e-04
-3.922172915054661846e-04
-1.195078160907326294e-05
-5.443889810737671808e-04
-4.497314381933473107e-04
-2.011226551361732060e-04
3.823703861137675727e-04
-2.781473120063783803e-04
1.868937526301086953e-04
-5.648394011089186801e-04
-1.696205201111283768e-03
-3.724512523463991039e-03
-6.497209574790522787e-03
-1.038808909680291430e-02
-1.582627923240513199e-02
-2.322433861187958234e-02
-3.294308843738606024e-02
-4.520359807137326602e-02
-6.002004493929392892e-02
-7.730215160558111254e-02
-9.683714856098490920e-02
-1.193495778650923850e-01
-1.478497397362601440e-01
-1.986708911700747204e-01
-2.525343657390249907e-01
-1.663039280941485121e-01
-8.233821795543315447e-02
-1.721921902506296301e-02
3.701855419360891575e-02
8.448861568723187165e-02
1.368778598711145877e-01
2.070858361085519683e-01
2.969603297197169756e-01
3.767476399975662749e-01
4.242678073469619004e-01
4.451769391096113693e-01
2.904776808596029047e-01
1.929308730655117377e-01
1.454951704970851023e-01
1.142690451105177335e-01
8.979476049443793628e-02
6.933237922178253632e-02
5.231351597000613585e-02
3.829905369535069326e-02
2.725222272082058333e-02
1.876535431014441854e-02
1.249977666201457401e-02
7.946604165426324889e-03
4.646944733948370904e-03
2.071616967968479325e-03
-5.820215460607699011e-04
-4.118789450121024417e-04
4.528591214411188887e-04
-3.860530226170321875e-04
1.025360661545956180e-04
-6.413326005131207751e-04
-1.448822643519289235e-04
-5.210274237644661960e-04
6.690092205346029217e-08
-2.265272437963423752e-04
1.802737393368654384e-04
1.881914459500870940e-04
-1.558395500948928135e-03
-3.697928735289478675e-03
-6.492043437381998100e-03
-1.038708413701758954e-02
-1.582608483467392441e-02
-2.322430072843547841e-02
-3.294307872356842110e-02
-4.520359302163236975e-02
-6.002004458549315552e-02
-7.730215449089564150e-02
-9.683715232321397914e-02
-1.193495802843751868e-01
-1.478497349515432158e-01
-1.986708733581802055e-01
-2.525343165453736161e-01
-1.663039115384764566e-01
-8.233821189413220720e-02
-1.721921403321151345e-02
3.701855680486659111e-02
8.448861975127129609e-02
1.368778614091686330e-01
2.070858322940523077e-01
2.969603290113833616e-01
3.767476313268873223e-01
4.242677826838343047e-01
4.451769247808896601e-01
2.904776913716308195e-01
1.929308780092232056e-01
1.454951741086269734e-01
1.142690445861695853e-01
8.979475891162082279e-02
6.933238010962548825e-02
5.231351725265483837e-02
3.829906032345789524e-02
2.725225118082478387e-02
1.876549601625287708e-02
1.250057629016640415e-02
7.951244539348860385e-03
4.675142055645236869e-03
2.252520457339533908e-03
6.507342155451299563e-04
-2.181883729765308100e-04
1.609797783584467382e-04
4.377264692027805137e-04
6.042723161577158832e-04
2.581715959482629792e-04
4.043619988974288021e-04
-4.722498646534572972e-05
3.862124480914734125e-04
-1.580063009115520282e-04
-3.033280706539983381e-04
1.962920944338934141e-04
-1.271449915624316617e-03
-2.991351668356144900e-03
-5.235101463922839198e-03
-8.355723838845148521e-03
-1.270478818044899587e-02
-1.857805667031952809e-02
-2.626247060359220356e-02
-3.581579452522180157e-02
-4.724914313537766780e-02
-6.012912015144915301e-02
-7.422140754921936756e-02
-8.916536562845496505e-02
-1.064943286473151174e-01
-1.351887194373924128e-01
-1.553362139576391354e-01
-9.121248790810837503e-02
-3.529820957575111745e-02
6.057009505712085407e-03
3.948964184613514700e-02
6.898427793491763993e-02
1.017579295630051950e-01
1.447173849653936306e-01
2.094338547209264878e-01
2.920715167378090116e-01
3.655901105254066308e-01
4.055085014049012448e-01
2.671603981396653005e-01
1.765129161327821938e-01
1.319294073413626311e-01
1.024500498969318080e-01
7.961860248162114240e-02
6.087736260609299954e-02
4.550430461783145503e-02
3.307776578869634637e-02
2.338828230219573701e-02
1.603969267606253357e-02
1.065242820400267437e-02
6.772495974604652962e-03
3.991582938639934471e-03
1.922982833783493366e-03
3.182209770368652304e-04
2.160596185512654981e-05
5.055398399591917351e-06
-3.385691369121516365e-04
4.190106089729301762e-04
-1.431678245416398063e-04
-2.092260546064033755e-04
6.523435534296160437e-05
-1.537210256816537446e-05
3.924767842021818711e-04
7.157560173079848074e-05
-2.975910569066133639e-04
-1.349831157945808029e-03
-3.004894971675918253e-03
-5.237516073036673284e-03
-8.356164279408018550e-03
-1.270486818800747354e-02
-1.857806783232555242e-02
-2.626247158781667632e-02
-3.581579325563204880e-02
-4.724914156313289593e-02
-6.012912239823161448e-02
-7.422140628493933967e-02
-8.916536519901291369e-02
-1.064943349721188537e-01
-1.351887257741235804e-01
-1.553362043145537497e-01
-9.121248315423777231e-02
-3.529820630280314925e-02
6.057011060687871561e-03
3.948964339021904246e-02
6.898427869365932052e-02
1.017579285813689366e-01
1.447173873860527760e-01
2.094338539886624606e-01
2.920715025705506451e-01
3.655900498824340428e-01
4.055081865170936939e-01
2.671603554076071307e-01
1.765129102226321300e-01
1.319294056779166391e-01
1.024500497853149533e-01
7.961860071763594837e-02
6.087735831085332866e-02
4.550430315055960240e-02
3.307776632481963797e-02
2.338828180476158064e-02
1.603969390843222251e-02
1.065243968836855799e-02
6.772531322779053523e-03
3.991716017674966713e-03
1.924782889439719891e-03
3.519823305732763048e-04
-1.787957991122098874e-05
-2.144083292938233807e-04
-5.296788354115614409e-04
-1.857858304692577313e-04
-5.038368756020475652e-05
4.705807918395543861e-04
2.203088880339029558e-04
4.397409794811696078e-04
-5.331711461931773911e-04
9.072287987760882912e-04
7.699400171681146854e-06
-1.269252484253058670e-03
-2.986242884285294358e-03
-5.233514368398470458e-03
-8.355340415227658843e-03
-1.270470348499186733e-02
-1.857803569543712424e-02
-2.626246337516320237e-02
-3.581578821421940034e-02
-4.724914140050615052e-02
-6.012912473775330197e-02
-7.422140789954213835e-02
-8.916536490886059485e-02
-1.064943289752646183e-01
-1.351887145404379043e-01
-1.553362120787024347e-01
-9.121248323465866448e-02
-3.529820383235873771e-02
6.057011928275615395e-03
3.948964108589039790e-02
6.898427657019308434e-02
1.017579252046034444e-01
1.447173838900986387e-01
2.094338560609678712e-01
2.920714984254434987e-01
3.655900176922944889e-01
4.055080842599336211e-01
2.671603485495646080e-01
1.765129131312734301e-01
1.319294077551750044e-01
1.024500478204017906e-01
7.961859903473357536e-02
6.087735873221110372e-02
4.550430411965864647e-02
3.307777067305483348e-02
2.338829691326484161e-02
1.603976858324247801e-02
1.065278786342597345e-02
6.773962533116959991e-03
3.996193038741821697e-03
1.923388223737898485e-03
1.339275491297882382e-04
6.367727181079687270e-05
-1.933197069660875427e-04
-4.452544639531617670e-04
3.103795087331008432e-04
2.819432088963354992e-04
-1.214970111962394167e-05
2.544901518115776431e-04
-2.118453211676946818e-04
9.668127859938412734e-05
1.663262905593857215e-04
-4.411161914097421377e-04
-9.838572939811910441e-04
-2.127313096355725949e-03
-3.694307617752063885e-03
-5.875804762613850638e-03
-8.898344217976649623e-03
-1.292818654719509776e-02
-1.812602005031961269e-02
-2.441376518687975519e-02
-3.170047486599966713e-02
-3.938509143591997774e-02
-4.706150074444630932e-02
-5.382003905300978414e-02
-5.980611019835287839e-02
-6.826116887530672694e-02
-6.678913793162012669e-02
-3.099981303214779590e-02
-7.768017639958913227e-04
2.360552610563432588e-02
4.573525156535900027e-02
6.448062753386711587e-02
8.336211379254880594e-02
1.073343781498368732e-01
1.470730951666039121e-01
2.095678231062894359e-01
2.873552642056775852e-01
3.455523486468029537e-01
2.321316269013658506e-01
1.527444369602435625e-01
1.128304212034355186e-01
8.627950778093090856e-02
6.598631177829697436e-02
4.975106795940887477e-02
3.669374016181076864e-02
2.640387436225137899e-02
1.850513024985975599e-02
1.261822137419197666e-02
8.345234181545757579e-03
5.301582863576107321e-03
3.137886109482338880e-03
1.546915705471189548e-03
3.242197603077295290e-04
4.751872565737123248e-04
-4.451756458266261789e-05
-3.771169383846536584e-04
2.192922810506584680e-04
-3.532594064288200968e-04
-2.691253790575198518e-04
-5.239702088727138428e-04
1.407110395928155594e-04
1.629953198732860963e-04
2.000727136978637793e-04
-6.308612008592085277e-04
-1.023911444433210031e-03
-2.135543211171697913e-03
-3.695950037205361551e-03
-5.876131579406331656e-03
-8.898408037400891424e-03
-1.292819630991524742e-02
-1.812602328910914440e-02
-2.441376739634480014e-02
-3.170047593569626232e-02
-3.938509400177613723e-02
-4.706149848944098102e-02
-5.382003592394787178e-02
-5.980611198552262392e-02
-6.826116956605907116e-02
-6.678913703083205755e-02
-3.099981368974182028e-02
-7.768048475215161546e-04
2.360552199743271712e-02
4.573525100164611834e-02
6.448063095387257526e-02
8.336211775117099987e-02
1.073343832787466007e-01
1.470730954416282488e-01
2.095678170559671372e-01
2.873552628105102147e-01
3.455523592126376053e-01
2.321316236518479459e-01
1.527444376632381973e-01
1.128304204171354796e-01
8.627950633670701530e-02
6.598630802379774896e-02
4.975106315154789738e-02
3.669374035821282992e-02
2.640387663241902313e-02
1.850513044540961008e-02
1.261823228098229999e-02
8.345310867224372056e-03
5.301951676619819261e-03
3.138846332686064285e-03
1.539279106375344031e-03
1.515848932920087135e-04
-1.833437124711949525e-04
2.801142585183057023e-04
5.784219777954226839e-05
1.801456760481518035e-04
-5.742120097063121401e-05
1.486917589041055767e-04
-3.952620659795374916e-04
4.452937596338953172e-04
1.562057804352141746e-04
-1.541977902789949011e-04
2.355009433343146932e-04
-8.935714239174675491e-04
-2.113779456315760877e-03
-3.692083362956913306e-03
-5.875414305449814557e-03
-8.898271178103990889e-03
-1.292816891923136667e-02
-1.812601433832994324e-02
-2.441376010388072310e-02
-3.170047440352266599e-02
-3.938509641059119437e-02
-4.706150140743668026e-02
-5.382003756542244610e-02
-5.980610968091847751e-02
-6.826116377382658584e-02
-6.678913152773337247e-02
-3.099981270099446545e-02
-7.768011571597846759e-04
2.360552467196413290e-02
4.573524912469387887e-02
6.448062844012297790e-02
8.336211413367253242e-02
1.073343817971021547e-01
1.470730985573370786e-01
2.095678123525343828e-01
2.873552273992209249e-01
3.455522346715249049e-01
2.321316114525452945e-01
1.527444390435746813e-01
1.128304218939425868e-01
8.627950393352813718e-02
6.598630609507603884e-02
4.975106274339913259e-02
3.669374128894531406e-02
2.640387899386615125e-02
1.850513618076911684e-02
1.261827531751485466e-02
8.345501908058907542e-03
5.302761558726365974e-03
3.142661118550777420e-03
1.562016192336576625e-03
3.329331420037324411e-04
-3.451299327949140187e-04
1.715256932008108620e-04
6.276497124225717626e-04
1.030456791919451986e-04
-1.133366535094940651e-04
7.796902450515684035e-05
-3.718090016295750731e-04
2.743997012905831541e-04
2.462772248326363278e-04
-1.340585570336520023e-04
1.287875089733899901e-04
-4.796049820861626755e-04
-1.122281696039365614e-03
-1.953328067113202851e-03
-3.092079508202480714e-03
-4.637488085531025345e-03
-6.627072959729943431e-03
-9.062983307148667761e-03
-1.176141373352687994e-02
-1.447087601461524362e-02
-1.657093144108292768e-02
-1.742663371301788819e-02
-1.596249429561127572e-02
-1.107864704144270220e-02
-1.067033989528746920e-03
1.620982591378168289e-02
2.329313924275953213e-02
3.110344569504474785e-02
4.065975596209072535e-02
5.182077671123755391e-02
6.230421758086752276e-02
7.291783402977643214e-02
8.540620674396770529e-02
1.070544581114546145e-01
1.465546277332365477e-01
2.079501265264580845e-01
2.684110548878795299e-01
1.851088880813104853e-01
1.210246225822057958e-01
8.776179248181835424e-02
6.559007095068844495e-02
4.895372673629894839e-02
3.612852101584358711e-02
2.611814368897583116e-02
1.850583331699548473e-02
1.280154167512893328e-02
8.653428239747344708e-03
5.687966266795448610e-03
3.604890660410643623e-03
2.128977036760283399e-03
9.974484713019182366e-04
-2.914473457141017313e-04
1.401590314918286025e-05
-8.047174738210966026e-05
9.583610184534119703e-05
4.853075089915728416e-05
3.241241026190392043e-04
2.296324626273332380e-04
-3.599120180154152695e-04
2.942948034929998482e-04
4.282386078273019473e-04
-6.249536047696811704e-05
1.690576028862508822e-05
-4.974744434001120109e-04
-1.125694823212108507e-03
-1.954047850745775899e-03
-3.092241584204572652e-03
-4.637523687788169466e-03
-6.627077415569415132e-03
-9.062985386533812734e-03
-1.176141605907157252e-02
-1.447087721484429691e-02
-1.657093300609039851e-02
-1.742663118670076047e-02
-1.596249130495685023e-02
-1.107864741846725787e-02
-1.067032785265045790e-03
1.620982683407930572e-02
2.329313923126549724e-02
3.110344420038005375e-02
4.065975369270466433e-02
5.182077642040937987e-02
6.230421944364594039e-02
7.291783653525893416e-02
8.540621003622386742e-02
1.070544577136197661e-01
1.465546238516110267e-01
2.079501357794480143e-01
2.684110912630067736e-01
1.851088887146788986e-01
1.210246223589932779e-01
8.776179245292592412e-02
6.559007179884980554e-02
4.895372625289490937e-02
3.612852000531902724e-02
2.611814601462801588e-02
1.850583449401485905e-02
1.280153740379201717e-02
8.653438083964959393e-03
5.688135047976445278e-03
3.606532941966705992e-03
2.143120991516067261e-03
1.112904630756908356e-03
6.336170101253998151e-04
-1.065087938673684262e-04
-1.230057699798053439e-04
-2.080989739723866682e-04
-3.374187777518692288e-04
1.024279923605687465e-04
4.305217261597333168e-04
-3.112941889505292594e-04
5.357099910087029324e-04
6.026521709970604403e-05
4.335387050626565556e-04
-2.162367496335206442e-04
-5.087409716038337765e-04
-1.123442450523553029e-03
-1.952989336708083534e-03
-3.091946662103811812e-03
-4.637452198478238426e-03
-6.627059257698728924e-03
-9.062978907153174807e-03
-1.176141253332870992e-02
-1.447088001660129172e-02
-1.657093764135822780e-02
-1.742663304702610910e-02
-1.596248996831780079e-02
-1.107864579251565534e-02
-1.067033002458416067e-03
1.620982289222607994e-02
2.329313902935079353e-02
3.110345203773837164e-02
4.065975802795238070e-02
5.182077495613169466e-02
6.230421685025191308e-02
7.291783252766807777e-02
8.540620883197271029e-02
1.070544600662421547e-01
1.465546216011691938e-01
2.079501202919742664e-01
2.684110477408158113e-01
1.851088836665798487e-01
1.210246216142380482e-01
8.776178917752183728e-02
6.559006653441772083e-02
4.895372451524920149e-02
3.612852224488169450e-02
2.611815131253450786e-02
1.850583937936909132e-02
1.280154279494637518e-02
8.653477458890786178e-03
5.688271109924394192e-03
3.606828209346585930e-03
2.142160905074874146e-03
1.091166106235205496e-03
4.011348111589455533e-04
1.502425108806640830e-04
1.563496579908056302e-04
-3.400848319543974007e-04
6.804816185873495621e-04
4.648289578142264533e-04
6.733961291894021654e-04
-7.447022774724475246e-05
4.742686051128433707e-04
-6.424484665600983888e-04
2.758393327957157351e-04
-1.971427567410187834e-04
-5.201702433728952842e-05
-6.343061066221942091e-05
-1.045738333320123396e-04
-1.461804102676845032e-04
-1.463937240430346267e-04
-1.785777469000901309e-05
3.994420173944611039e-04
1.367147220795533963e-03
3.295819244376843593e-03
6.739862298230703264e-03
1.254975456163586259e-02
2.186215147449678542e-02
3.707577223984425546e-02
6.506793490339006503e-02
9.847370734690688576e-02
7.737909127865416625e-02
6.270824778538522382e-02
5.833195006305806618e-02
6.035774536729934109e-02
6.376044435108291220e-02
6.691095296096725986e-02
7.059551114641386682e-02
7.911349612792049901e-02
9.931767468077674910e-02
1.373212426587691604e-01
1.830029683986058309e-01
1.280143471812900113e-01
8.181991196191497340e-02
5.700672900742039667e-02
4.067596168877378460e-02
2.891642579204283664e-02
2.040467454335965700e-02
1.415215206915600328e-02
9.691265958495296276e-03
6.518754203575648394e-03
4.320497103471702093e-03
2.803747407878813287e-03
1.768033174848354780e-03
1.046991446959903271e-03
5.282190507975772099e-04
2.737194581569727682e-04
-4.524726671382380862e-04
2.638069167438645245e-04
-1.959627923001105478e-05
2.315870014509985861e-04
-5.626867856508170536e-05
4.372924228984476384e-04
-1.965158009744592284e-04
-3.291436438137268885e-04
9.581853492466915864e-05
1.725359187368672375e-04
-6.936794378071542896e-06
-2.789707077662463341e-05
-6.070875179706359024e-05
-1.043731731157099166e-04
-1.461990004294908213e-04
-1.464049084474128791e-04
-1.785611238049565619e-05
3.994431298098661209e-04
1.367146913319129383e-03
3.295818346275082664e-03
6.739859759117304561e-03
1.254975337573662614e-02
2.186215018180913752e-02
3.707577079883603993e-02
6.506793632652931036e-02
9.847370738519832523e-02
7.737909105912917085e-02
6.270824550658608831e-02
5.833194859681799932e-02
6.035774662952304859e-02
6.376044620371809635e-02
6.691095379714677438e-02
7.059551194903961047e-02
7.911349406421208652e-02
9.931767218806486497e-02
1.373212493206732721e-01
1.830029832047582738e-01
1.280143487297002447e-01
8.181991233590722723e-02
5.700672934394897251e-02
4.067596263175934229e-02
2.891642489428652985e-02
2.040467267345245223e-02
1.415215164490724389e-02
9.691262227742457672e-03
6.518732507356176341e-03
4.320401898486468141e-03
2.803234285860457201e-03
1.765149904179363254e-03
1.029911997545167454e-03
4.193120904139208431e-04
-4.756188698239993662e-04
1.609708848289174098e-04
-3.936845325399684968e-04
3.957760880652954802e-04
-2.203619637606898246e-04
-3.798766096813344095e-04
-7.118615659423600805e-04
1.919062642530555425e-04
-6.876143368425013404e-05
3.792488131766230685e-05
-1.614249308329227764e-04
8.257380467593032310e-05
-1.008728594548344418e-05
-5.638283999734342115e-05
-1.033176995750546785e-04
-1.459536218129491296e-04
-1.463499669200534284e-04
-1.784197634314683387e-05
3.994473955756327826e-04
1.367149249891615442e-03
3.295818044968038246e-03
6.739858949854584357e-03
1.254975393388931687e-02
2.186215244833277296e-02
3.707577259558893917e-02
6.506793562648506557e-02
9.847370516358791570e-02
7.737909049219748869e-02
6.270825022993968545e-02
5.833194889457923166e-02
6.035774290641616330e-02
6.376044309914623287e-02
6.691095012620378035e-02
7.059551186941172285e-02
7.911349812274962034e-02
9.931767356483035825e-02
1.373212443264202609e-01
1.830029731700084095e-01
1.280143482916397124e-01
8.181991142673745998e-02
5.700672525626972881e-02
4.067595935493021481e-02
2.891642708314265051e-02
2.040467755475833256e-02
1.415215708971767627e-02
9.691265467237558662e-03
6.518743302429741426e-03
4.320487069096773901e-03
2.803653560165673096e-03
1.767245618050367582e-03
1.040621014386839413e-03
4.751159190260490221e-04
-1.771666602713659880e-04
2.322528761659206436e-04
4.400135962922960883e-04
3.120575834983186974e-04
-5.021609987361921401e-04
-1.880049661729602927e-04
1.632841931891351847e-04
-2.742111985946045277e-04
1.095923679740764249e-04
4.020001279547916868e-05
3.560353856899509941e-04
3.995267129624606857e-05
4.553608942384774604e-04
1.021340419903885022e-03
1.769332827456216806e-03
2.826821822008290189e-03
4.360695717707005307e-03
6.573193613789663804e-03
9.756868512886745365e-03
1.422928485808086334e-02
2.049263015587674333e-02
2.901990136147732102e-02
4.079777474976887391e-02
5.715805428133909766e-02
8.201283958915360495e-02
1.282945682188543213e-01
1.833870399258190620e-01
1.376215701462284446e-01
9.947830258350960630e-02
7.921810579203379665e-02
7.063406535220628779e-02
6.694267302714221324e-02
6.375155120052064528e-02
6.034585314477147050e-02
5.826317258380604019e-02
6.260096639116090322e-02
7.715369355149719055e-02
9.815489830445128794e-02
6.479766103276476952e-02
3.687535999591882302e-02
2.170151329134960630e-02
1.241883485976707016e-02
6.629244190366500623e-03
3.201096062046789644e-03
1.284098249705034655e-03
3.274028175883202541e-04
-7.931119706960641541e-05
-1.957787185414816805e-04
-1.819437856980957798e-04
-1.238132994067910964e-04
-5.720121807007702086e-05
2.982233033205424169e-05
2.611713743032210511e-04
1.529788079765018779e-04
1.709094933660352676e-04
-1.050351786469493453e-05
2.791067677732969187e-04
-1.261059108337138444e-04
-2.566281839183397152e-04
-2.208839130706121258e-04
-3.897013135314452738e-04
5.864895116494071295e-04
1.449795482838849502e-04
1.264187338047153913e-04
4.574153377729323153e-04
1.019950943712877311e-03
1.768841806309759358e-03
2.826697556172627027e-03
4.360670028008054727e-03
6.573192406653680618e-03
9.756867185678266829e-03
1.422928153316917015e-02
2.049262676092592286e-02
2.901990042278086365e-02
4.079777801132306037e-02
5.715805769566997818e-02
8.201284178899927169e-02
1.282945722660337740e-01
1.833870538374729464e-01
1.376215709873551685e-01
9.947829840815086699e-02
7.921810416384805764e-02
7.063406860674285859e-02
6.694267683623340848e-02
6.375155306469638961e-02
6.034585480241152350e-02
5.826317055147069851e-02
6.260096313072591179e-02
7.715369847778361101e-02
9.815490629766640551e-02
6.479766233868672343e-02
3.687535870578494829e-02
2.170151089875522327e-02
1.241883410865848338e-02
6.629244059474616486e-03
3.201095836813928636e-03
1.284097156373237595e-03
3.273969717207756021e-04
-7.934372685579112064e-05
-1.959413316458756245e-04
-1.828115443124640066e-04
-1.284023590240153054e-04
-8.128280858899851783e-05
-9.512644293159496303e-05
-3.689020126771252995e-04
1.627546940488154700e-04
-6.260723482908676961e-04
8.883571034359277025e-05
4.943193426959048651e-04
-2.224106964983987302e-04
-1.016823473140494549e-05
1.641504846825443762e-04
-5.450087353949710847e-04
4.634636761857600581e-04
3.178682524450862786e-04
3.601079453239828566e-04
5.056266633813533357e-04
1.029564010927029203e-03
1.770701956931955510e-03
2.827051415260684909e-03
4.360737381781158717e-03
6.573208234425764046e-03
9.756870810345461692e-03
1.422928279004011080e-02
2.049262799813916444e-02
2.901990056776370536e-02
4.079777762833505794e-02
5.715805802192113622e-02
8.201284138926101530e-02
1.282945671546134037e-01
1.833870441176373711e-01
1.376215691534563024e-01
9.947830480002764486e-02
7.921810626519240617e-02
7.063406553445068792e-02
6.694267380529593525e-02
6.375155105351767992e-02
6.034585773504747008e-02
5.826317666482296737e-02
6.260096446452219354e-02
7.715369324235235582e-02
9.815489870641679049e-02
6.479766021612504145e-02
3.687536021651343504e-02
2.170151156872560105e-02
1.241883578148968506e-02
6.629248382085705001e-03
3.201098660771083560e-03
1.284098999596589973e-03
3.273982262656872423e-04
-7.932554336168461584e-05
-1.958127302997744723e-04
-1.821432518735273864e-04
-1.248506205276133686e-04
-6.184142841317260598e-05
1.502343332964050949e-05
2.821565271243350534e-04
-2.663921806583590475e-04
-1.739555473410772711e-04
-2.120117185946355240e-04
7.765450316266625649e-04
-1.018852552207631478e-04
6.591183485741665881e-04
2.444456249535022869e-04
-7.246275013069871187e-05
-3.850560811597500302e-04
3.136788019216912838e-04
2.153590142101828987e-04
9.231635677626820946e-04
2.067977564728231549e-03
3.583741045695220274e-03
5.697500802799150381e-03
8.683935057946718869e-03
1.284827367897466849e-02
1.856324910577275208e-02
2.618685199397781035e-02
3.620513837174855337e-02
4.904383954572413135e-02
6.569307624491538267e-02
8.789078031702771132e-02
1.211908400189673912e-01
1.853700977873024569e-01
2.688257155305688317e-01
2.083424094919375802e-01
1.468072497436068991e-01
1.072235278371577588e-01
8.548767541280756499e-02
7.298364172684292106e-02
6.232499144896152393e-02
5.183032079362329125e-02
4.061136754310960828e-02
3.101694093197836233e-02
2.309797240991616138e-02
1.593079951118537424e-02
-1.322395637405820697e-03
-1.127318342037149888e-02
-1.612091239109952195e-02
-1.755675268454862104e-02
-1.668276077141495062e-02
-1.456799041133076573e-02
-1.184849359012896119e-02
-9.140142360418190490e-03
-6.695342549072507039e-03
-4.695856750754764768e-03
-3.140550025123911831e-03
-1.991057701069116892e-03
-1.145029419658274593e-03
-4.625286431493238104e-04
3.821889468678815131e-04
-2.971574848138326219e-04
1.540758562826066334e-04
4.337929877235636479e-04
-2.668888919285502333e-04
-3.404480724642068123e-04
4.918637199309792421e-04
3.859520584455923943e-04
3.112938660439334287e-04
6.332547115451837546e-04
-5.355182187871944887e-05
-4.455616855034428810e-04
8.290516928668496431e-04
2.053636695916800925e-03
3.581485071972618974e-03
5.697136506513696651e-03
8.683876601273475548e-03
1.284826616614850522e-02
1.856324610560085644e-02
2.618684916664989690e-02
3.620513716096174228e-02
4.904384246469216391e-02
6.569308166458130704e-02
8.789078291155444367e-02
1.211908413935822021e-01
1.853701055435133249e-01
2.688257594098654168e-01
2.083424213435262351e-01
1.468072487644306034e-01
1.072235268452036427e-01
8.548767828250182499e-02
7.298364563008399863e-02
6.232499416105344303e-02
5.183032239380760964e-02
4.061136232789538253e-02
3.101693193587525335e-02
2.309797156032722745e-02
1.593080517055371972e-02
-1.322393100529572129e-03
-1.127318326419092173e-02
-1.612091231911375391e-02
-1.755674948114079384e-02
-1.668275586613524736e-02
-1.456798819365266902e-02
-1.184849671409426639e-02
-9.140151050430526947e-03
-6.695379699016446723e-03
-4.696041275856402582e-03
-3.141506355479500943e-03
-1.995981886460952356e-03
-1.170186726565997830e-03
-5.896705741596351301e-04
-2.468643155615422424e-04
8.829786081112418923e-05
3.132587770876532331e-05
5.239058874633638297e-05
-1.111739688389976359e-05
-4.272498905410994016e-04
5.502209587212007627e-04
5.944646011446288189e-04
-5.693122345901558811e-04
1.738957519491588310e-05
-4.000493214452145534e-04
2.168150779333456800e-04
9.219625899044861734e-04
2.067891444946425277e-03
3.583793798223630037e-03
5.697526687335022731e-03
8.683945532142909804e-03
1.284828094230256595e-02
1.856324683429421904e-02
2.618684668937959481e-02
3.620513713338893713e-02
4.904384235288161697e-02
6.569308170003525238e-02
8.789078430269423037e-02
1.211908409719612417e-01
1.853700932112137545e-01
2.688257003691379987e-01
2.083424073606730265e-01
1.468072547220700408e-01
1.072235281537897433e-01
8.548767293774812981e-02
7.298364065083808028e-02
6.232499156663767748e-02
5.183032503926742612e-02
4.061136732768091256e-02
3.101693267665066311e-02
2.309796749812218983e-02
1.593079771372888156e-02
-1.322394662979704729e-03
-1.127318357116989175e-02
-1.612091654422645459e-02
-1.755675174225810112e-02
-1.668275262002145640e-02
-1.456798502204337438e-02
-1.184849309231891627e-02
-9.140146396888888108e-03
-6.695355547308549232e-03
-4.695904062166448081e-03
-3.140843059680353908e-03
-1.992843001030424662e-03
-1.155968778765721671e-03
-5.312022629179313912e-04
-6.190996528300468464e-05
1.426658325100754071e-04
1.302483842754556032e-04
2.077524339337046824e-04
-5.824103875380077632e-04
8.041793472471900133e-04
-5.976737079392572735e-05
-5.018012591394787171e-04
-6.196539322160847735e-04
3.791179794215968264e-04
7.480514990613652154e-05
3.757584761560193065e-04
1.373623073706624386e-03
3.043229053956613209e-03
5.262555063009626520e-03
8.343231080316473522e-03
1.263947159690060988e-02
1.854389489904407357e-02
2.645206427700957236e-02
3.675259396784680277e-02
4.981394532200530967e-02
6.606009315103142376e-02
8.635932453517204677e-02
1.129306491777176402e-01
1.528719409277828067e-01
2.323445864269144401e-01
3.459207839034761922e-01
2.878080054641669605e-01
2.099514829525852833e-01
1.473537608788366704e-01
1.074893250191341354e-01
8.347087019091473103e-02
6.453230082444924576e-02
4.576388225249905517e-02
2.356425999859248360e-02
-8.657894477139705530e-04
-3.120391100876911475e-02
-6.706938595837289019e-02
-6.850657403657528510e-02
-5.998578832504975616e-02
-5.396681719329386728e-02
-4.718233700326934787e-02
-3.949334196502978650e-02
-3.179650870355464620e-02
-2.450378521165060691e-02
-1.820756545477811641e-02
-1.300352486155642931e-02
-8.965756114190237200e-03
-5.937111789759022193e-03
-3.750032349501032213e-03
-2.173914104550076377e-03
-9.724170670458098190e-04
2.257551652497145564e-04
-6.067292432038479003e-06
1.157300698238303705e-04
-2.478497044153795065e-04
7.632336045883986411e-06
8.187975838669649020e-06
-5.964352895050117377e-04
9.899667146382361488e-05
3.575809576455868822e-04
-2.452643415899967145e-04
-5.879426411243111005e-05
3.401390108725895487e-04
1.355629130778908441e-03
3.038581903096807674e-03
5.261564811041991203e-03
8.343038894121496130e-03
1.263943824835332859e-02
1.854389146637353339e-02
2.645206423119814479e-02
3.675259347323699133e-02
4.981394495036649966e-02
6.606009594900225101e-02
8.635932812377444812e-02
1.129306489706647654e-01
1.528719409751829739e-01
2.323445948107237535e-01
3.459208373706020856e-01
2.878080188530827144e-01
2.099514844013551373e-01
1.473537597633021168e-01
1.074893263403327581e-01
8.347087181230536390e-02
6.453230304731892575e-02
4.576388566519420248e-02
2.356425882953819967e-02
-8.657929746890179667e-04
-3.120391043982996895e-02
-6.706937762167339279e-02
-6.850657406733733079e-02
-5.998578899841387757e-02
-5.396681503693342985e-02
-4.718233386055167150e-02
-3.949333927167566344e-02
-3.179650995547944614e-02
-2.450379077521003604e-02
-1.820757318282098178e-02
-1.300355742557780976e-02
-8.965925351701767992e-03
-5.937977164773545168e-03
-3.754479994250034969e-03
-2.197221598671794934e-03
-1.099131529473151890e-03
-5.024985135419671829e-04
-1.419186621684584307e-04
-2.452846803479206516e-04
-4.353492151440809042e-04
-6.972705118553926490e-05
-6.294888751976513992e-05
4.228175559056465487e-05
7.115852680164846955e-04
-3.222327759576323913e-04
-5.282145990069239997e-05
4.368826257720536776e-04
-1.083483989455770810e-04
1.313170002117208758e-03
3.035447775398593135e-03
5.261575110872452818e-03
8.343116337663516319e-03
1.263946297251999570e-02
1.854389927877443320e-02
2.645206484728027801e-02
3.675259368613024297e-02
4.981394972765276763e-02
6.606009980603859411e-02
8.635932951275313019e-02
1.129306490035089788e-01
1.528719349732691468e-01
2.323445645707464258e-01
3.459206749920132884e-01
2.878079817693769415e-01
2.099514853935819936e-01
1.473537575156219637e-01
1.074893190475175592e-01
8.347086636311620844e-02
6.453230053868175276e-02
4.576388865298334357e-02
2.356426326871681465e-02
-8.657926084413033021e-04
-3.120391666756628865e-02
-6.706939275540461931e-02
-6.850657372592224015e-02
-5.998578630351094482e-02
-5.396681691547056126e-02
-4.718233448257817125e-02
-3.949333603560257339e-02
-3.179650880296348153e-02
-2.450378852618965639e-02
-1.820756810947283741e-02
-1.300353112602876081e-02
-8.965775355742430786e-03
-5.937212087507511525e-03
-3.750575822881509810e-03
-2.176987574300332570e-03
-9.918681068526063235e-04
8.574257954669315394e-05
1.916676703817609469e-04
-3.869097623926879941e-04
-3.726860006798205145e-04
-2.066159935091946111e-05
4.156210453690751118e-04
-2.832132127804186344e-06
-1.096402586108257072e-04
3.187100227119117678e-04
-2.970877074992834665e-04
2.960205874938295128e-05
1.622605371760102249e-04
1.712013620045655955e-03
3.885316544869888561e-03
6.724078639932066191e-03
1.064182363738969302e-02
1.605232637516021410e-02
2.341851641021171215e-02
3.311563740714987270e-02
4.555157402949017165e-02
6.092471325404186927e-02
7.967380503326222663e-02
1.025048111144856305e-01
1.319979395536194366e-01
1.765962768692019846e-01
2.673058899468556682e-01
4.057614687700356049e-01
3.659750544806895101e-01
2.925503988641442454e-01
2.098751510454358593e-01
1.450023217539645193e-01
1.019549349285188838e-01
6.909432587079798738e-02
3.954024362138980342e-02
6.010976171693058548e-03
-3.541900011522513408e-02
-9.146783004284675389e-02
-1.556516150315238045e-01
-1.354254863449994573e-01
-1.066506197676594242e-01
-8.929269949816961982e-02
-7.432658729678341680e-02
-6.023011807228252634e-02
-4.734152355301186194e-02
-3.590785381846353652e-02
-2.634782187012461516e-02
-1.866059516020466408e-02
-1.278122837143076500e-02
-8.430146168246881178e-03
-5.311254821687697546e-03
-3.084258965416960662e-03
-1.449820266179110972e-03
-2.717981070242866384e-04
7.971234272510752897e-05
7.569319351921710860e-06
2.508161931862849543e-04
2.925879166328820878e-04
-1.895576517734546803e-04
6.324280942342343313e-04
5.943638293890939582e-04
-2.793778654605830604e-04
1.266700639872804588e-04
5.366600374057112341e-04
1.848329517050154762e-04
1.714205178214907570e-03
3.885390489490532159e-03
6.724040040367178922e-03
1.064180984699768934e-02
1.605232395867129888e-02
2.341851640821120475e-02
3.311563738621334935e-02
4.555157257094121642e-02
6.092471197415962741e-02
7.967380812260968503e-02
1.025048149643997542e-01
1.319979399179407320e-01
1.765962775189627021e-01
2.673058953300645468e-01
4.057615170838862473e-01
3.659750583415272707e-01
2.925503995988389394e-01
2.098751530573328694e-01
1.450023248748436022e-01
1.019549346078432450e-01
6.909432507008979318e-02
3.954024418082704301e-02
6.010975273089409592e-03
-3.541900128068965065e-02
-9.146782322690637235e-02
-1.556515670080663993e-01
-1.354254832603353498e-01
-1.066506215699414839e-01
-8.929269819058419100e-02
-7.432658599737688998e-02
-6.023011648293105647e-02
-4.734152387968375286e-02
-3.590785676614898642e-02
-2.634782613030380721e-02
-1.866062030140201722e-02
-1.278135912972890205e-02
-8.430751067663095830e-03
-5.313864712001797538e-03
-3.094079847690699332e-03
-1.474110141560664063e-03
-1.997479881091488211e-04
-1.921248825856621933e-04
3.765651862341209358e-04
7.444730693555452858e-05
2.860191830495723941e-04
-3.645199927699999945e-04
-2.227994521432249660e-05
5.093800509951829352e-04
-5.549887719069230576e-05
-1.111946940203654754e-04
-2.994652691436525756e-04
5.943958322193053541e-04
1.761006612192324685e-03
3.891263223751927416e-03
6.724867598195032395e-03
1.064194506617674799e-02
1.605234979841442533e-02
2.341852338581246890e-02
3.311563850710626949e-02
4.555157340510406633e-02
6.092471643026576428e-02
7.967381116353883241e-02
1.025048156837676250e-01
1.319979391684421022e-01
1.765962670418721181e-01
2.673058416628623091e-01
4.057611916819596765e-01
3.659750005123208472e-01
2.925503977327585936e-01
2.098751487592898091e-01
1.450023196635763512e-01
1.019549349902032082e-01
6.909432762061683275e-02
3.954024805925667602e-02
6.010975356442824907e-03
-3.541900825230046013e-02
-9.146784004250083089e-02
-1.556516281581871441e-01
-1.354254857739183304e-01
-1.066506174731520762e-01
-8.929269784959344147e-02
-7.432658469072166152e-02
-6.023011298219789478e-02
-4.734152489760509730e-02
-3.590785716838540420e-02
-2.634782380643179572e-02
-1.866059876690776692e-02
-1.278122259176840692e-02
-8.430042469564677510e-03
-5.310237328119545193e-03
-3.075339445859600392e-03
-1.376678747078248759e-03
3.085460599677375729e-04
3.954724903671105214e-05
3.639525657560867283e-05
-3.502154660714166157e-04
-6.524512296193927998e-04
-2.595908167420051633e-04
-1.576267369485231050e-04
6.001628946959469994e-04
-1.185736470634975584e-05
-1.290797772605936308e-04
-2.811008709521126787e-04
1.274876831082735545e-04
1.976894533436634148e-03
4.558218863032364489e-03
7.897276663971658853e-03
1.248392240210677469e-02
1.877101820119627881e-02
2.727484939528372621e-02
3.832742878380165225e-02
5.235009250666644576e-02
6.936568416315110064e-02
8.983361801112584033e-02
1.143024612233787402e-01
1.455375025725102467e-01
1.929777319639843225e-01
2.905653609062103793e-01
4.453185887198651272e-01
4.245008703140855100e-01
3.771546326287122386e-01
2.975276469913321620e-01
2.075756417449825253e-01
1.372202820278544677e-01
8.469371602147550415e-02
3.710895878136137582e-02
-1.728986610988596934e-02
-8.252598466459097615e-02
-1.666476797818661759e-01
-2.528869838187334795e-01
-1.988865322143388570e-01
-1.479744403847192968e-01
-1.194535567752101901e-01
-9.692484188606925732e-02
-7.739549940844640818e-02
-6.010871239920495546e-02
-4.529819161610079692e-02
-3.303265242896460258e-02
-2.331454342031159116e-02
-1.591162953717941211e-02
-1.047381498359041888e-02
-6.583746869034986030e-03
-3.806001692546577640e-03
-1.699549800036689526e-03
3.471034946460545582e-04
-2.856359749043364165e-04
2.032429428908132682e-04
5.050866960160659306e-04
3.876922455848891497e-04
-9.231497335374094781e-05
-2.586133776197047508e-04
-4.022670910647900837e-04
9.106692078435791511e-06
2.800525202260735719e-04
3.202319278087719539e-04
1.534869036480893676e-04
1.988343550733614584e-03
4.561153726337198802e-03
7.897891838555411506e-03
1.248403880008461600e-02
1.877103849179210041e-02
2.727485176808203127e-02
3.832742874752539247e-02
5.235009099114344006e-02
6.936568339642849856e-02
8.983362151649230964e-02
1.143024632306089833e-01
1.455375010910089639e-01
1.929777323296101299e-01
2.905653684974065509e-01
4.453186779480947655e-01
4.245008728141008159e-01
3.771546329690089738e-01
2.975276509816335291e-01
2.075756456045805554e-01
1.372202797626092818e-01
8.469371232002205485e-02
3.710895508591267877e-02
-1.728987288795747618e-02
-8.252599065720631066e-02
-1.666476851787592472e-01
-2.528869719991253540e-01
-1.988865252309235943e-01
-1.479744396829432151e-01
-1.194535511865648936e-01
-9.692483773336364739e-02
-7.739549740543472112e-02
-6.010871303543245669e-02
-4.529819510842020280e-02
-3.303265835672637013e-02
-2.331457053352347167e-02
-1.591176898926102007e-02
-1.047453039971568516e-02
-6.587466420383001134e-03
-3.825728994221974308e-03
-1.808187563810823061e-03
-2.856375996000282006e-04
2.505430437892022886e-04
-2.245374625867885309e-04
6.150311600952847266e-04
-3.620922032049956788e-05
2.724819543240343837e-04
-2.290632298732399352e-04
7.650529766193734857e-04
3.350950977342905391e-04
6.824302474961223752e-04
-4.502617253601763603e-04
-1.338128050723786885e-04
1.959287596952550420e-03
4.558513103738742571e-03
7.897760889187433950e-03
1.248406787948228361e-02
1.877105314149995346e-02
2.727485594825021856e-02
3.832742754261395102e-02
5.235008996390219660e-02
6.936568596158167177e-02
8.983362275327265445e-02
1.143024624658093152e-01
1.455374997783224211e-01
1.929777189334567211e-01
2.905652833006523439e-01
4.453180108514318003e-01
4.245007704619407907e-01
3.771546255635120914e-01
2.975276435050110968e-01
2.075756381858077926e-01
1.372202796901308419e-01
8.469371522745737513e-02
3.710896017459423823e-02
-1.728987169485953629e-02
-8.252599767103652173e-02
-1.666477158882530840e-01
-2.528871626519951787e-01
-1.988865406468184605e-01
-1.479744393794868162e-01
-1.194535549615707848e-01
-9.692483870582591088e-02
-7.739549404457955750e-02
-6.010871239528942783e-02
-4.529819356351572068e-02
-3.303265625608564626e-02
-2.331455554953206985e-02
-1.591166937709886237e-02
-1.047402636866093251e-02
-6.584973691471273510e-03
-3.813424981662988031e-03
-1.748038342596479984e-03
5.436835592867436829e-06
7.611460007007614500e-05
1.184832350092108192e-04
3.126073517383381193e-04
-3.477114215218119267e-04
-3.913327554506741170e-04
-3.312015184873364415e-04
2.863270245889347953e-04
3.766634743744033740e-04
-1.401856900164534976e-05
-2.478362157809252224e-04
1.620267075038338495e-04
2.213036143071199675e-03
5.045826247949587728e-03
8.723274467562715587e-03
1.377271287509324905e-02
2.066275920416420914e-02
2.994200617135568329e-02
4.189985564517444833e-02
5.696239943062424149e-02
7.501810291105426298e-02
9.653491819767234805e-02
1.219562239627158540e-01
1.541052622011289397e-01
2.031086857097945952e-01
3.046220332218360638e-01
4.696462741217192760e-01
4.596411739109990680e-01
4.387544014422781191e-01
3.939630972619920235e-01
3.129251244922241493e-01
2.128334258659879685e-01
1.205512370411790657e-01
3.834457775242905431e-02
-5.063542800595211696e-02
-1.565126169739779194e-01
-2.726034205673274480e-01
-3.586567241505514425e-01
-2.547669289901109413e-01
-1.807141684603447429e-01
-1.421532737540165958e-01
-1.133251803954542780e-01
-8.976278556997528690e-02
-6.920956009813879206e-02
-5.201449769649831717e-02
-3.780052273731494134e-02
-2.664329979165123985e-02
-1.814626271133622584e-02
-1.193345990937868910e-02
-7.491375980646923678e-03
-4.328283561035148504e-03
-1.948068733767293519e-03
2.191491111399659084e-04
2.331145768123681647e-04
1.078000833044300770e-04
5.456327928141070719e-05
3.462108838976609088e-04
1.242151997037868757e-04
-2.030301736017640804e-04
3.395531204123240798e-04
-4.689348476704520126e-04
-2.629529989289571158e-06
6.240545637708159185e-04
4.743471595453599594e-04
2.266060275717427918e-03
5.054697998468326604e-03
8.724702462761732558e-03
1.377293560671848452e-02
2.066279230348358475e-02
2.994200995723261122e-02
4.189985638095251874e-02
5.696239860700782337e-02
7.501810248376447610e-02
9.653492120869233695e-02
1.219562244883424101e-01
1.541052597086513820e-01
2.031086840628963941e-01
3.046220301813990505e-01
4.696464214436231743e-01
4.596411749971726635e-01
4.387544036081957866e-01
3.939630997254574551e-01
3.129251260055037065e-01
2.128334210433893425e-01
1.205512357383775185e-01
3.834457922874905111e-02
-5.063542869776051225e-02
-1.565126143787363699e-01
-2.726033843259947909e-01
-3.586562910853355879e-01
-2.547668926976170423e-01
-1.807141674114954022e-01
-1.421532705612306158e-01
-1.133251779135164145e-01
-8.976278496181222533e-02
-6.920956026808042227e-02
-5.201450020829643389e-02
-3.780052888923888382e-02
-2.664332522528875188e-02
-1.814639083443371839e-02
-1.193413191483603218e-02
-7.494916074885131854e-03
-4.346916504043572653e-03
-2.045841207921177303e-03
-2.868374432542772140e-04
-2.567583546784631710e-05
-2.415889184284356712e-04
2.016194919622243443e-04
4.967533620061697838e-04
9.228790659833589251e-05
1.780442516174877553e-04
6.074497735891038987e-05
4.932605168939326349e-04
2.951581016220331173e-04
1.471726912698248762e-04
7.197087164413554618e-04
2.295624014953513269e-03
5.059067742156462578e-03
8.725478249905693415e-03
1.377309274981033081e-02
2.066282624890125250e-02
2.994201675002062732e-02
4.189985626171393446e-02
5.696239925493498668e-02
7.501810634112145160e-02
9.653492310274759680e-02
1.219562242020011261e-01
1.541052590004808875e-01
2.031086754026054098e-01
3.046219849741488295e-01
4.696461133102256547e-01
4.596411564273357175e-01
4.387544023132941562e-01
3.939630930057061442e-01
3.129251177841069209e-01
2.128334206047786115e-01
1.205512384722609576e-01
3.834458237623677990e-02
-5.063542724436879972e-02
-1.565126128908443104e-01
-2.726033979248171368e-01
-3.586564481996226128e-01
-2.547668859923432061e-01
-1.807141635259745249e-01
-1.421532724032294470e-01
-1.133251775184300897e-01
-8.976278241274053549e-02
-6.920956055987644018e-02
-5.201450005630427892e-02
-3.780052903250302049e-02
-2.664331685607491951e-02
-1.814633045808408326e-02
-1.193383948527552973e-02
-7.493525582945576372e-03
-4.340470393485271194e-03
-2.017819642245594937e-03
-1.813488960045781895e-04
-2.868928665056852010e-04
1.494476067588362703e-04
2.536881599008046343e-04
-5.421423799735419031e-04
-1.449887618002490780e-04
6.459596210735424890e-05
9.160825543651839953e-04
-3.567364517235976223e-04
4.340792490465256192e-04
-4.023778809993021973e-04
3.429513041196285451e-05
2.314558428772629795e-03
5.295375756237008513e-03
9.149932828891947645e-03
1.443766036460017270e-02
2.163522486527281671e-02
3.130797169110742517e-02
4.371808761710475194e-02
5.929563988964108717e-02
7.785070493800451408e-02
9.986238985378362298e-02
1.257042957029972652e-01
1.582415716475255585e-01
2.080030427408785243e-01
3.120293409244930261e-01
4.882467203335558725e-01
4.804223275168847396e-01
4.718380830640284684e-01
4.573276081407683380e-01
4.258937537312896260e-01
3.575492387649775172e-01
2.358129343184943438e-01
6.582160481345764036e-02
-1.312589762577520691e-01
-2.975975966750432633e-01
-3.975728568551684106e-01
-4.457593513285812437e-01
-2.910508660366925571e-01
-1.997838838431620079e-01
-1.546603680793295077e-01
-1.220050048251994090e-01
-9.626461364297396461e-02
-7.393916568312189352e-02
-5.552035687116654850e-02
-4.028311368512688811e-02
-2.838360664847177847e-02
-1.931382409648870271e-02
-1.269804053180695856e-02
-7.966801837166040401e-03
-4.600586911531737502e-03
-2.066945868493190713e-03
2.164270338729724810e-04
-5.204086055941327654e-04
-5.354073056008726295e-04
-5.810025951879179990e-04
-1.366508188975307193e-04
-3.057335842934190764e-04
-1.396102448012776105e-04
-2.977905263421670419e-04
4.950034338314937771e-04
7.872468393127365167e-04
-1.269272161310469648e-04
5.677590999044735114e-04
2.371760463753081177e-03
5.301528117278441095e-03
9.150556385115275401e-03
1.443771411169851582e-02
2.163522618173709458e-02
3.130796964505175306e-02
4.371808808463487073e-02
5.929564055853779603e-02
7.785070611451651301e-02
9.986239340711237922e-02
1.257042958148322787e-01
1.582415660357597842e-01
2.080030179835919146e-01
3.120291699629255677e-01
4.882452764242119492e-01
4.804222001301999834e-01
4.718380748692980742e-01
4.573276082833904188e-01
4.258937517492358826e-01
3.575492322574464477e-01
2.358129321159674607e-01
6.582161067329755921e-02
-1.312589761470217276e-01
-2.975976061319547950e-01
-3.975729119235988929e-01
-4.457598231032784408e-01
-2.910509269389631171e-01
-1.997838955556808516e-01
-1.546603685971899289e-01
-1.220050045466213734e-01
-9.626461420162595040e-02
-7.393916526262284128e-02
-5.552035822946800592e-02
-4.028311782938560209e-02
-2.838362297413249760e-02
-1.931390941477561726e-02
-1.269848735001766898e-02
-7.969113813112814818e-03
-4.612629712415326419e-03
-2.130892158497890709e-03
-1.354037510622202337e-04
5.526244099573959789e-04
4.131828056438476438e-04
3.297400859497615468e-04
2.798163324095268847e-04
7.917573215134330938e-04
-1.231944445107247509e-04
3.496494636888742430e-04
2.507499073243107707e-04
-3.549690839432278935e-05
-2.332161386291579420e-04
3.632364780950925035e-04
2.368443521199699742e-03
5.304797164043527011e-03
9.151604877336474986e-03
1.443796168640092137e-02
2.163527890796775044e-02
3.130797984806173162e-02
4.371808977023030479e-02
5.929564273917069250e-02
7.785071057033565722e-02
9.986239516447975584e-02
1.257042950973501216e-01
1.582415657265377196e-01
2.080030163959643297e-01
3.120291611790698694e-01
4.882451448174758846e-01
4.804221947724088282e-01
4.718380733308710773e-01
4.573276051824377575e-01
4.258937480505872730e-01
3.575492308984508094e-01
2.358129376271125566e-01
6.582161342052902930e-02
-1.312589770658618149e-01
-2.975975940788674889e-01
-3.975727907458584953e-01
-4.457586802394732928e-01
-2.910507793143735644e-01
-1.997838724520328846e-01
-1.546603669638351441e-01
-1.220050037024888595e-01
-9.626461302852129531e-02
-7.393916651166365650e-02
-5.552035996244247817e-02
-4.028311974539126178e-02
-2.838361865161333208e-02
-1.931387901877110180e-02
-1.269834107023792326e-02
-7.968338965570297486e-03
-4.608203171914160810e-03
-2.103159085811409038e-03
5.643315771715003598e-05
8.597508048687833770e-06
-2.064114681441476737e-04
1.532600161871974494e-04
-2.827840182495922755e-04
2.230898205074703894e-04
-6.038427017002203864e-05
-2.418406358716985050e-04
4.887148683684403158e-04
2.796683353232205316e-04
2.466046865927720971e-04
9.579428864696909853e-04
2.425157419177760044e-03
5.310407216751441076e-03
9.153844797899608754e-03
1.444030546123013965e-02
2.163758045250298301e-02
3.130994600877690104e-02
4.371960758188461749e-02
5.929645647542861747e-02
7.785089108945973668e-02
9.986172003124227370e-02
1.257032439779305344e-01
1.582399663628483721e-01
2.080018601005017009e-01
3.120281266234771755e-01
4.882419452424667794e-01
4.804195280130424961e-01
4.718400041385023558e-01
4.573430181743927125e-01
4.259386250157414233e-01
3.576308083903630419e-01
2.358868803166232486e-01
6.583649509524915067e-02
-1.313125791313876911e-01
-2.976893245399946375e-01
-3.976470332412532782e-01
-4.458065273752486735e-01
-2.910657357957764924e-01
-1.997889907089280825e-01
-1.546632946741354764e-01
-1.220078228120634600e-01
-9.626855585360988288e-02
-7.394441530385621741e-02
-5.552693925300124234e-02
-4.029062219592674521e-02
-2.839167176083849664e-02
-1.932216622191674366e-02
-1.270687863854023242e-02
-7.977348803269118313e-03
-4.616922921542224341e-03
-2.104137921841022201e-03
8.512301804408840432e-05
6.356852164589127342e-04
5.568783167197073353e-04
-1.983618669336157769e-04
-8.478862170260895159e-05
-1.842448501719696282e-04
2.761236642244623506e-04
5.132363122041267312e-04
1.384583020646964926e-04
5.361123793273103863e-04
-2.638989231305160201e-06
-4.263356672511402082e-04
2.253128622813633207e-03
5.287759478019691053e-03
9.150765158222363971e-03
1.443987266445155050e-02
2.163751646937720624e-02
3.130993456987232748e-02
4.371960659747665956e-02
5.929645642590359450e-02
7.785089010872645043e-02
9.986172036866994284e-02
1.257032419596257333e-01
1.582399602874510480e-01
2.080018387672643854e-01
3.120279938908338546e-01
4.882409479182217571e-01
4.804194289035370047e-01
4.718399968112578780e-01
4.573430163616320487e-01
4.259386164482270032e-01
3.576308004200917101e-01
2.358868761490258148e-01
6.583649528968141262e-02
-1.313125865500730516e-01
-2.976893206142363080e-01
-3.976470841493312536e-01
-4.458074003260119045e-01
-2.910658385372253409e-01
-1.997890055887564242e-01
-1.546632936027232119e-01
-1.220078208031880052e-01
-9.626855432575145977e-02
-7.394441357410420912e-02
-5.552694075561891152e-02
-4.029062565057402873e-02
-2.839167883070948042e-02
-1.932219887146413920e-02
-1.270701937185661143e-02
-7.977857868549237397e-03
-4.618040325494385256e-03
-2.098543202904384723e-03
2.033702788007150984e-04
-6.286459767450711588e-04
-3.767631374505331712e-04
4.866024817215403573e-04
-1.789477734274375119e-04
-4.460872434341756087e-04
2.726384772424779728e-04
-2.653539415090309136e-04
3.023949408399266288e-04
4.276026124310714762e-04
-1.541834408019750375e-04
6.767409582504450329e-04
2.400426814613496225e-03
5.308940246127777721e-03
9.153938824337891703e-03
1.444036775056822472e-02
2.163759584260860000e-02
3.130994641554617902e-02
4.371960759116043371e-02
5.929645629664393597e-02
7.785089144124339444e-02
9.986172088579152450e-02
1.257032422970003616e-01
1.582399637202511200e-01
2.080018557198897722e-01
3.120281034716786972e-01
4.882418624892084780e-01
4.804195199647275927e-01
4.718400061601862872e-01
4.573430213659920307e-01
4.259386233639583241e-01
3.576308049710085202e-01
2.358868801480130950e-01
6.583649918605923024e-02
-1.313125895903415608e-01
-2.976893173074141585e-01
-3.976469413242503248e-01
-4.458058278093041116e-01
-2.910656528012655619e-01
-1.997889796728957723e-01
-1.546632913635080098e-01
-1.220078197010295018e-01
-9.626855325377346728e-02
-7.394441401687169846e-02
-5.552694239805069237e-02
-4.029062701598388335e-02
-2.839167718140649804e-02
-1.932219977659951904e-02
-1.270705669794216890e-02
-7.978223162735210289e-03
-4.621237509137769532e-03
-2.125042270575758577e-03
-1.230639277310097180e-05
-9.301019946926393359e-05
3.818304102434029912e-04
3.752805429356594015e-04
-5.349506506259503252e-04
-8.769967839215932247e-04
-3.076249200826453055e-06
3.296995434759129027e-04
-4.233993912635115832e-04
3.062964019902302839e-04
3.885757422128829496e-04
-2.390281073348930784e-04
2.173920936305975653e-03
5.047564330025792328e-03
8.730377539816243024e-03
1.378031133222157138e-02
2.066987406979812689e-02
2.994807336350777463e-02
4.190457791729675086e-02
5.696521404105413938e-02
7.501906688284064317e-02
9.653372132175899734e-02
1.219540050698140615e-01
1.541022649373426645e-01
2.031076858422183884e-01
3.046237579005697249e-01
4.696399029869781083e-01
4.596508736368377090e-01
4.387926978942301992e-01
3.940508654622991713e-01
3.130470328258991297e-01
2.129272788142605732e-01
1.205956944048189872e-01
3.835439165779979537e-02
-5.064391381484451005e-02
-1.565600041365256545e-01
-2.726903829101710031e-01
-3.587527226152098514e-01
-2.548004020368771494e-01
-1.807277405783906665e-01
-1.421619033061277404e-01
-1.133345684095585920e-01
-8.977535725117942456e-02
-6.922626306387077988e-02
-5.203486685984792803e-02
-3.782361803942734663e-02
-2.666779925890567018e-02
-1.817146137489791813e-02
-1.195987231058616602e-02
-7.522812638216052304e-03
-4.379033181660967576e-03
-2.076034140005325514e-03
-2.359241206049431734e-04
-1.688950270344712480e-04
-2.120776534403874002e-05
-3.714085864973604352e-04
1.288717512260410293e-04
3.209026895094392617e-05
-2.071713532473896447e-04
5.354065168690845230e-04
-1.855268584406091369e-04
7.252426428906524631e-04
-2.345240566124699266e-04
6.388812315999200121e-04
2.258696951167259246e-03
5.055049078644392041e-03
8.730874938168597943e-03
1.378031262956071548e-02
2.066986449302342030e-02
2.994806860265549625e-02
4.190457777411695645e-02
5.696521465848372601e-02
7.501906679461745053e-02
9.653372275620562826e-02
1.219540048385970993e-01
1.541022624405783414e-01
2.031076762204052921e-01
3.046237011508799997e-01
4.696395841169424545e-01
4.596508453425507956e-01
4.387927002868650672e-01
3.940508644022386320e-01
3.130470263049037194e-01
2.129272785998494177e-01
1.205956993459533638e-01
3.835439572783445189e-02
-5.064391202181904583e-02
-1.565599909299119630e-01
-2.726903534705559240e-01
-3.587527033937594756e-01
-2.548004208623811939e-01
-1.807277460884255671e-01
-1.421619043451739783e-01
-1.133345680990555382e-01
-8.977535545266436545e-02
-6.922626103139560561e-02
-5.203486802053179650e-02
-3.782361929019113084e-02
-2.666779754767662977e-02
-1.817145838770222246e-02
-1.195985976133301897e-02
-7.522806788143475767e-03
-4.379900998811693015e-03
-2.089310430359156770e-03
-3.830476079763947810e-04
2.603965991206556797e-04
-3.240248464164114739e-04
-2.002050807869804972e-04
-5.406152228177608108e-04
5.753840661751724031e-04
1.618859385527614009e-04
7.025682565569300918e-04
-2.728363399768582312e-04
2.778066757908188834e-04
5.370330911775864427e-04
2.084234331391887748e-04
2.220852075681680263e-03
5.052396994217972503e-03
8.730832142958460176e-03
1.378034755440580433e-02
2.066987395701045185e-02
2.994806985002060329e-02
4.190457848959529968e-02
5.696521505182568917e-02
7.501906808322784947e-02
9.653372403247260924e-02
1.219540055358217245e-01
1.541022641698238105e-01
2.031076892781160381e-01
3.046237880106438256e-01
4.696402283846510817e-01
4.596508993758101069e-01
4.387927010447327247e-01
3.940508712612907360e-01
3.130470330097181453e-01
2.129272857401678098e-01
1.205957028497791489e-01
3.835439382864364033e-02
-5.064392314562905090e-02
-1.565600076255129758e-01
-2.726903830359236891e-01
-3.587529699657002746e-01
-2.548004225264995370e-01
-1.807277462818912550e-01
-1.421619068894562909e-01
-1.133345696442835809e-01
-8.977535690170745930e-02
-6.922626351215177554e-02
-5.203487107878955464e-02
-3.782361978445858419e-02
-2.666779653985778403e-02
-1.817147100794288400e-02
-1.195992039783942175e-02
-7.523032307188827136e-03
-4.380434563218127408e-03
-2.087151122563390190e-03
-3.348609571241020636e-04
-4.889560815033723010e-05
6.181715844545901265e-04
4.657845707348592598e-06
-2.123723873542083390e-04
2.899935580078068990e-04
-8.932454059518783718e-05
-1.447247618643741516e-04
2.484334038549434087e-04
5.440318608098611590e-04
4.733326612227785443e-04
8.521408115324727696e-04
2.099882855131233583e-03
4.591468752542416862e-03
7.914914188338357387e-03
1.249787987413215201e-02
1.878325563991140729e-02
2.728518040983688928e-02
3.833557526753563621e-02
5.235514801554980863e-02
6.936782471460369026e-02
8.983238051911435207e-02
1.142999847502240429e-01
1.455347037544331978e-01
1.929806398733388828e-01
2.905788519568570094e-01
4.453357553874088270e-01
4.245617574349134227e-01
3.772783412665434155e-01
2.976859078587137941e-01
2.077039626395505434e-01
1.372892831944924341e-01
8.472803579796252260e-02
3.711975373283167567e-02
-1.728866997502923400e-02
-8.254358654837511133e-02
-1.666944229061644023e-01
-2.529686933819474404e-01
-1.989217347809854042e-01
-1.479900150138617754e-01
-1.194654705553049590e-01
-9.694023919318280058e-02
-7.741732672620946221e-02
-6.013787829602371821e-02
-4.533355409991012691e-02
-3.307231719415462678e-02
-2.335620790936745322e-02
-1.595388849771939288e-02
-1.051681168941210297e-02
-6.630923809040108717e-03
-3.869233306409054947e-03
-1.828526275632421641e-03
-1.304293583022191332e-04
3.979265141854982681e-05
-1.981386745019032977e-04
-2.460051704171449549e-04
-6.176534775784259875e-05
-9.350432519451787078e-05
5.209619434539278443e-04
4.132364860143873035e-04
-2.033619288493616222e-04
-3.360465563966398084e-04
2.818695304246476396e-04
-4.668369174697273546e-06
2.009807861603765504e-03
4.582177475693887704e-03
7.914047508173463821e-03
1.249782222194978538e-02
1.878325691419503729e-02
2.728518008414769838e-02
3.833557593496667720e-02
5.235514857362340985e-02
6.936782453375328616e-02
8.983238118868121236e-02
1.142999834723241181e-01
1.455347014780322690e-01
1.929806315380600545e-01
2.905787944871348616e-01
4.453353286028509106e-01
4.245616875095938880e-01
3.772783387439100355e-01
2.976859040452021210e-01
2.077039541927130639e-01
1.372892804281133361e-01
8.472804119343294027e-02
3.711975913994202542e-02
-1.728866520321676800e-02
-8.254357379837914954e-02
-1.666944081117120169e-01
-2.529686681336549836e-01
-1.989217398057343544e-01
-1.479900178974350999e-01
-1.194654725429118991e-01
-9.694023978885922543e-02
-7.741732479968603531e-02
-6.013787602539596988e-02
-4.533355413888209839e-02
-3.307231568360795293e-02
-2.335619673664006066e-02
-1.595383811175208125e-02
-1.051653505341587289e-02
-6.629391238310928386e-03
-3.860749060268546355e-03
-1.780796702681760940e-03
1.449260752099571056e-04
-2.504546642214001018e-04
-4.553209525648149476e-04
-2.681646390896551550e-04
-1.687015814059112046e-04
2.174545083686949139e-04
3.575778110351924373e-04
3.219094174039945034e-04
1.981348078304727195e-04
1.326426703872996362e-04
-1.069018176327520330e-05
2.021386252845875709e-04
2.017378389258142005e-03
4.580163249219496545e-03
7.913276516488994272e-03
1.249763136563177696e-02
1.878321481905002865e-02
2.728517006086784991e-02
3.833557379825010963e-02
5.235514737383006878e-02
6.936782408434229164e-02
8.983238153525623104e-02
1.142999836812676889e-01
1.455347012053470890e-01
1.929806362138209719e-01
2.905788297230282868e-01
4.453355198783896518e-01
4.245617194182652043e-01
3.772783421363011258e-01
2.976859120447556961e-01
2.077039575341862732e-01
1.372892839090046058e-01
8.472803947574633621e-02
3.711975219514398322e-02
-1.728867664971601645e-02
-8.254358985686038874e-02
-1.666944455032518535e-01
-2.529689340695162603e-01
-1.989217582895434766e-01
-1.479900185448249084e-01
-1.194654726746130491e-01
-9.694023966174895868e-02
-7.741732656095257070e-02
-6.013788011281078622e-02
-4.533355829673226672e-02
-3.307231647070828923e-02
-2.335620145098490572e-02
-1.595387931559468994e-02
-1.051672021780997862e-02
-6.630171729834397586e-03
-3.863594907585313903e-03
-1.786544806808143884e-03
1.860892757166974793e-04
1.182015909955723746e-04
4.114785432690918829e-04
4.859689216029731691e-04
-1.860008198033557560e-04
1.321236466864119351e-04
-1.321689772407044815e-04
5.412490703502942152e-04
-7.070846787899313490e-04
-1.571969769926175216e-04
5.542684199834927935e-05
-1.285440596828218301e-04
1.694661209349897961e-03
3.903654134979733445e-03
6.745086827619422611e-03
1.066119608412120605e-02
1.606973979754332954e-02
2.343345925032727997e-02
3.312769334345194022e-02
4.555971337828981782e-02
6.092909294572663309e-02
7.967431511457966076e-02
1.025044311498652660e-01
1.319996084613643539e-01
1.766101860108143795e-01
2.673472940002410980e-01
4.058427533145957944e-01
3.661233110559769521e-01
2.927411675503515109e-01
2.100342434557657678e-01
1.451094767231761729e-01
1.020146707935974256e-01
6.912883137701780756e-02
3.955381465912017475e-02
6.018379070974503968e-03
-3.542328602498850260e-02
-9.148190947343640134e-02
-1.556889216146720156e-01
-1.354420052459248680e-01
-1.066597026701331941e-01
-8.930461618392362966e-02
-7.434803494794263445e-02
-6.026262188125813130e-02
-4.738534326545609104e-02
-3.596021650155917238e-02
-2.640579560575225318e-02
-1.872059543254079444e-02
-1.284123356780892192e-02
-8.489837667317853831e-03
-5.374004997286957810e-03
-3.159849375015361811e-03
-1.560541594730050288e-03
-4.079815957272999783e-04
-3.721570580053599228e-04
-7.662270933236653859e-05
-6.087854015822513187e-04
1.706836952685808863e-04
3.186427851790275931e-04
-2.692814445998775968e-04
6.215211979996638526e-04
9.836029001821956362e-05
-4.162328603143443904e-04
-6.942119944249105785e-05
7.799562780369100621e-04
1.813887830871633569e-03
3.920883979183964821e-03
6.747756084760605372e-03
1.066163839297759250e-02
1.606981577771112585e-02
2.343346985882780245e-02
3.312769428074890943e-02
4.555971277728330243e-02
6.092909198803488774e-02
7.967431455790838224e-02
1.025044285755009610e-01
1.319996062359011513e-01
1.766101841126282990e-01
2.673472772895351679e-01
4.058426778618983155e-01
3.661232887641941436e-01
2.927411697423109027e-01
2.100342438039800308e-01
1.451094726876446805e-01
1.020146674581546009e-01
6.912883303356177900e-02
3.955381412194029084e-02
6.018378660280335191e-03
-3.542327823140020010e-02
-9.148190336979021564e-02
-1.556889196145854470e-01
-1.354420057577877534e-01
-1.066597023648462317e-01
-8.930461637316618184e-02
-7.434803509316302572e-02
-6.026262051285823096e-02
-4.738534151661038391e-02
-3.596021584195922827e-02
-2.640579302583172250e-02
-1.872058041442956414e-02
-1.284115801184156427e-02
-8.489427555011920881e-03
-5.371785382002628763e-03
-3.147614195258441327e-03
-1.490822742055438084e-03
5.424809342789634962e-06
-6.252575309259106716e-06
-2.921284130261805911e-04
-4.354035806849945061e-04
-4.772184222086437084e-04
4.129813986531976201e-04
1.804961770571358404e-04
-7.002388463005512580e-05
-3.652697317407475192e-04
9.788099661586365744e-04
4.499698584417323997e-04
3.657150943016283459e-05
1.702584803930987144e-03
3.902507609291919373e-03
6.744566735303536391e-03
1.066106655115024900e-02
1.606971064188505646e-02
2.343344866651281971e-02
3.312769019003499599e-02
4.555971202957948690e-02
6.092909228451180020e-02
7.967431563574463305e-02
1.025044297341901334e-01
1.319996064705884486e-01
1.766101858505470246e-01
2.673472908314175611e-01
4.058427328192713013e-01
3.661232950607582470e-01
2.927411692617057359e-01
2.100342449967831093e-01
1.451094729395597249e-01
1.020146717246430829e-01
6.912883473530542777e-02
3.955381206500181712e-02
6.018375134362649766e-03
-3.542328180132161414e-02
-9.148190357261515304e-02
-1.556888962216243233e-01
-1.354419993332852401e-01
-1.066597025668647863e-01
-8.930461604489414729e-02
-7.434803270707927847e-02
-6.026262066301411868e-02
-4.738534452885306836e-02
-3.596021860457566249e-02
-2.640579387335875022e-02
-1.872059327966739753e-02
-1.284124030879835003e-02
-8.489848689743709556e-03
-5.374068216107073283e-03
-3.160778218189250026e-03
-1.572279301627927490e-03
-5.366271033683987172e-04
4.249821010403133413e-04
-1.685058894740202291e-05
3.688631152671410286e-04
-6.382332400345870822e-05
3.259090242250833376e-05
3.937379321849793419e-04
8.352173635547673145e-04
1.464841797966825935e-05
7.736178313729796449e-05
9.587726789276204101e-05
1.822750418137218632e-04
1.372477778355907273e-03
3.071442136441618603e-03
5.291237774345798270e-03
8.368939859162882050e-03
1.266246093991607591e-02
1.856382679980230627e-02
2.646854380070175899e-02
3.676449920541131205e-02
4.982158469364390829e-02
6.606376671619672292e-02
8.636322530386852936e-02
1.129401364025074822e-01
1.529024789570219978e-01
2.324241441040588163e-01
3.460832653655644964e-01
2.880151651113175837e-01
2.101464088090232163e-01
1.474932074629909107e-01
1.075878099100303492e-01
8.353137051732291429e-02
6.457301643051553686e-02
4.578181233982068360e-02
2.357375095154531919e-02
-8.647095850363731512e-04
-3.119909413027293493e-02
-6.706711231241710425e-02
-6.849707680372803253e-02
-5.998156565147712282e-02
-5.397599708237030280e-02
-4.720959486941032207e-02
-3.953828945286839286e-02
-3.185720905263361713e-02
-2.457549096893174925e-02
-1.828571333175052147e-02
-1.308325870525767383e-02
-9.044265285053471395e-03
-6.013517199939780351e-03
-3.827173941667807652e-03
-2.260584932662055169e-03
-1.098138767184436227e-03
-7.517727768979347086e-05
2.252333063894669421e-04
4.305787296320580425e-04
-4.697730357215011590e-04
-2.148539889103404002e-04
-4.277244439338414965e-04
-2.791132722628896379e-04
3.431493607112606693e-04
1.225020719710844745e-04
2.757290995041991534e-04
5.252965941785277433e-04
2.871689818786221627e-04
1.412959051843173290e-03
3.081621123367444832e-03
5.293454460553299011e-03
8.369395171151693472e-03
1.266255098965423168e-02
1.856384278111658515e-02
2.646854773588901838e-02
3.676450152324603482e-02
4.982158664585119995e-02
6.606376834469868120e-02
8.636322407917661204e-02
1.129401340899531814e-01
1.529024763959835054e-01
2.324241296262341272e-01
3.460831809896607880e-01
2.880151413638638025e-01
2.101464066655278906e-01
1.474932087701524008e-01
1.075878079663220438e-01
8.353136776813026299e-02
6.457301909030813136e-02
4.578181279650327118e-02
2.357375058711327215e-02
-8.647048485739698741e-04
-3.119909468023025420e-02
-6.706711904529155666e-02
-6.849707668263997629e-02
-5.998156396143344143e-02
-5.397599673922497815e-02
-4.720959702951435522e-02
-3.953829131964321092e-02
-3.185720861000002069e-02
-2.457548886824910753e-02
-1.828570895844954317e-02
-1.308324257876412877e-02
-9.044190881530795104e-03
-6.013160407106140498e-03
-3.825560239554819976e-03
-2.253847665043597678e-03
-1.074582530526691729e-03
-3.556659905100981813e-05
-2.953534775804682712e-04
-4.562384264246189007e-04
-3.859055227246801362e-04
-6.735301191375363814e-05
-8.333881922273743826e-05
-3.543693630394189969e-04
-6.225574654750544792e-05
3.539368476831774571e-04
2.023555537833324333e-04
5.925271391213096607e-04
4.209157377767162297e-05
1.349231799818384914e-03
3.067123305412529193e-03
5.290413709612343598e-03
8.368786187598639334e-03
1.266243300967880361e-02
1.856382046225186697e-02
2.646854525950290138e-02
3.676450224974767839e-02
4.982158683688029527e-02
6.606376739565529566e-02
8.636322222079254041e-02
1.129401311659957302e-01
1.529024743121061292e-01
2.324241376673018278e-01
3.460832314798554799e-01
2.880151477804235860e-01
2.101464078927347545e-01
1.474932089767517218e-01
1.075878081900068922e-01
8.353137200737241475e-02
6.457302195926362121e-02
4.578181106272062595e-02
2.357374856966793289e-02
-8.647058126729223471e-04
-3.119909149488420824e-02
-6.706709838219182540e-02
-6.849707792368729675e-02
-5.998156791764239215e-02
-5.397599685924870522e-02
-4.720959380734950778e-02
-3.953829111373095839e-02
-3.185721037720840726e-02
-2.457548952282379712e-02
-1.828570980294039888e-02
-1.308325884407246682e-02
-9.044279382880425835e-03
-6.013565702389502693e-03
-3.827342481731995944e-03
-2.260853354453727388e-03
-1.094228321380202656e-03
-7.715152139437154947e-06
-2.747746599627079456e-05
2.817457718870410130e-04
-5.444820580267032296e-04
7.521056762649819304e-04
-7.397953351259376755e-05
-2.529352434266542442e-04
5.465005082703419410e-04
-7.732191927917994633e-05
-1.742632628924080059e-04
-7.330574660934995013e-05
3.758265589119574629e-04
1.005314685226708265e-03
2.120012118880183587e-03
3.622644119495557497e-03
5.730137201031381376e-03
8.712890438897740245e-03
1.287371726012531692e-02
1.858478708906279031e-02
2.620343148535411726e-02
3.621716550411897134e-02
4.905240005534181741e-02
6.570350204614910927e-02
8.791127381729287038e-02
1.212412571912970943e-01
1.854891138049473143e-01
2.690555331564288832e-01
2.085667280437530358e-01
1.469908366932338173e-01
1.073564217745738847e-01
8.558992620507563376e-02
7.305294785306805372e-02
6.237400427094511729e-02
5.185313073911863857e-02
4.062524894260853559e-02
3.102618401920873015e-02
2.312612298845370326e-02
1.598227700613782248e-02
-1.277438090559144266e-03
-1.125092555908298667e-02
-1.612609574501846013e-02
-1.759074930784803453e-02
-1.674225579303641187e-02
-1.464805296995106559e-02
-1.194185151501361668e-02
-9.240397917544346945e-03
-6.796235641019625698e-03
-4.793846038038578408e-03
-3.234578333132962294e-03
-2.085245481566808459e-03
-1.255212815592606163e-03
-6.566609758557383301e-04
-2.362378628368712687e-04
-4.924546245262844454e-04
1.884987763057153728e-04
-5.461741068422963684e-04
4.553289798733925649e-05
2.973378078553374788e-04
-2.250487209285400279e-04
3.731640347260201216e-04
-3.806979120013128390e-04
-1.202100332160177889e-04
1.059490390106933148e-04
7.046328808456252387e-04
1.068398692162790976e-03
2.132566398063209800e-03
3.625114478719568354e-03
5.730618987451678407e-03
8.712983333005236766e-03
1.287373451447798925e-02
1.858479219349503525e-02
2.620343420595614217e-02
3.621716613630454606e-02
4.905239908933798493e-02
6.570349819325417562e-02
8.791127000779802581e-02
1.212412560794703109e-01
1.854891066556957901e-01
2.690554823158396447e-01
2.085667138506393514e-01
1.469908340816289960e-01
1.073564240169693068e-01
8.558992413730277804e-02
7.305294234340961590e-02
6.237400428312167566e-02
5.185313184928214830e-02
4.062525202700344173e-02
3.102619132000595734e-02
2.312612513701305453e-02
1.598227269399911041e-02
-1.277441193933338392e-03
-1.125092700823379990e-02
-1.612609766414365223e-02
-1.759075225354536642e-02
-1.674225696682466250e-02
-1.464805055615332578e-02
-1.194184777051531671e-02
-9.240393912140817262e-03
-6.796219697935437787e-03
-4.793761954350435166e-03
-3.234153137448436775e-03
-2.083135726583628614e-03
-1.244759053674901776e-03
-6.048636510672112917e-04
2.031258710383959223e-05
-1.356719033896221921e-04
-4.244543448538979865e-04
-2.432442653664830914e-04
7.571076739933413086e-04
2.078158083808435486e-04
-2.050505821718206492e-04
2.283808103980652828e-04
-6.211663908190231216e-04
4.098547655129119403e-05
1.000011031527093359e-04
1.633253637851433385e-04
9.711236291619963247e-04
2.114248974184741552e-03
3.621662840786562653e-03
5.729971901497461252e-03
8.712863332317957385e-03
1.287371257436946241e-02
1.858478854409975622e-02
2.620343151828794306e-02
3.621716259628824514e-02
4.905239688620116612e-02
6.570349886885705482e-02
8.791127133151610540e-02
1.212412567220972487e-01
1.854891117975699666e-01
2.690555107080926378e-01
2.085667183527196711e-01
1.469908360966165062e-01
1.073564245307359194e-01
8.558992350588509601e-02
7.305294221779823349e-02
6.237400341917111873e-02
5.185312702490011555e-02
4.062524977279891036e-02
3.102619316982190012e-02
2.312612859963540310e-02
1.598227509048111630e-02
-1.277443215663834515e-03
-1.125093080241713894e-02
-1.612609834368546741e-02
-1.759075152568150349e-02
-1.674225962322293051e-02
-1.464805314005404938e-02
-1.194184828161284212e-02
-9.240396411764873613e-03
-6.796239579491205815e-03
-4.793869699916877142e-03
-3.234710170800197352e-03
-2.086030104671285530e-03
-1.259865025581937813e-03
-6.842584213260137710e-04
-4.029763203403868518e-04
6.807740340112576616e-04
-2.029052630124154183e-04
-4.829040970588390305e-04
-4.914191768273352100e-04
-2.006487145154862680e-04
1.804241277053830446e-04
9.707465954473699379e-05
5.930874843618086454e-04
1.179775051269435542e-04
-3.546236456445611262e-04
-1.053982737089772593e-04
4.775834864368159690e-04
1.065937681451129774e-03
1.811843216103559357e-03
2.865237618091692490e-03
4.395759242211007278e-03
6.604649439230069613e-03
9.784087752552118183e-03
1.425121645716614406e-02
2.050978116980057761e-02
2.903412822354001568e-02
4.081555401671727035e-02
5.718986884106422308e-02
8.208146627631537906e-02
1.284438696557497761e-01
1.836479071793442885e-01
1.378423679618963060e-01
9.965480568112734805e-02
7.935295357800260796e-02
7.074687201387931668e-02
6.702409783651676334e-02
6.381134707428388897e-02
6.037524326495252031e-02
5.828451867410022746e-02
6.262469844170436006e-02
7.721510563356188961e-02
9.826589422003464969e-02
6.487829816970290542e-02
3.691378890137592128e-02
2.169755068086983915e-02
1.237543389173425233e-02
6.552614544016685007e-03
3.099419225375479956e-03
1.167026293442270310e-03
2.033864698218859114e-04
-2.026477650196577024e-04
-3.139944714856838311e-04
-2.936935540757000702e-04
-2.330214116768442837e-04
-1.761990612467980908e-04
-1.369207045880134325e-04
-8.681784726669681683e-05
2.459809794228231985e-04
5.031674900946746302e-05
-3.991556066016574097e-05
-2.096640172607107681e-04
-3.390335344948061126e-05
4.638817845795941905e-05
6.332564374915362806e-05
3.769129529437450447e-04
5.721884392229687095e-04
1.501076313876671567e-04
4.062942459861012493e-04
5.590649816489357080e-04
1.079618838653424989e-03
1.814177257355823435e-03
2.865642414996739940e-03
4.395830233067426346e-03
6.604661247569500009e-03
9.784090679486960249e-03
1.425121686367549455e-02
2.050977871220954069e-02
2.903412405242293201e-02
4.081554812989430375e-02
5.718986627097638609e-02
8.208147071401068751e-02
1.284438758566584238e-01
1.836479074439643366e-01
1.378423698244488904e-01
9.965480490237096922e-02
7.935295386536987683e-02
7.074686909806092439e-02
6.702409109430920719e-02
6.381134459346478327e-02
6.037524294313383055e-02
5.828452062644039200e-02
6.262470376664958094e-02
7.721510875387563311e-02
9.826589363394144794e-02
6.487829690803743887e-02
3.691378960701027778e-02
2.169755022152566881e-02
1.237543201032378221e-02
6.552614316088427142e-03
3.099421975557232426e-03
1.167029069392056971e-03
2.033880315118701920e-04
-2.026338375385608806e-04
-3.139087999255033901e-04
-2.932353354156487946e-04
-2.305466588125233186e-04
-1.624675674113542994e-04
-5.842200891734483973e-05
3.743230947796561021e-04
-2.190868079058539883e-04
1.054545748357934914e-04
-8.065283707962801144e-05
-5.977106048416005188e-04
-3.152274225037362165e-04
-1.362322637503809845e-04
-4.837064256951677352e-04
5.131532042940747376e-04
4.073285944379813556e-04
4.142598944753047977e-04
-1.614885247823883308e-04
4.679768559173030093e-04
1.064198338078543166e-03
1.811524189117329989e-03
2.865181935430602834e-03
4.395751125960831868e-03
6.604648713054366710e-03
9.784089061052362105e-03
1.425121351221727423e-02
2.050977476078516201e-02
2.903412344557821864e-02
4.081555031737899714e-02
5.718986662695746404e-02
8.208146810806915550e-02
1.284438763100313463e-01
1.836479177062117774e-01
1.378423711180247480e-01
9.965480242734116312e-02
7.935295066333539205e-02
7.074686749593847579e-02
6.702409187714285232e-02
6.381134734045416923e-02
6.037524117177003879e-02
5.828451995469947911e-02
6.262470705317871311e-02
7.721511045288848019e-02
9.826588989377292582e-02
6.487829047672320770e-02
3.691378314909909281e-02
2.169754922291448201e-02
1.237543357034627187e-02
6.552613678158509050e-03
3.099421649559890024e-03
1.167028768916056987e-03
2.033846435506395664e-04
-2.026507926220868269e-04
-3.140074773589808391e-04
-2.937950236939962704e-04
-2.337258912445189165e-04
-1.808258073972303902e-04
-1.660771939081676150e-04
-2.659349601627794221e-04
-1.279776583581804022e-04
3.470054073497637315e-04
-6.904366828172989060e-04
3.495504353827735204e-04
-1.211037582967894105e-04
3.214820713660207822e-04
3.459522465611663514e-04
-2.076678895073874476e-05
-2.439485756567851959e-04
1.014189524401243786e-04
9.527121882180180029e-05
4.390660969259486859e-05
-1.933905787276497125e-06
-5.407564502078021613e-05
-1.009450796199501356e-04
-1.046014717328381188e-04
2.027924380508716915e-05
4.329591018395458697e-04
1.394978486297291558e-03
3.318278160971423717e-03
6.759609996279080692e-03
1.257380608133386313e-02
2.190306007350416306e-02
3.715741564747462866e-02
6.523698047327093630e-02
9.875399300631169941e-02
7.760411556788449072e-02
6.289288283102803523e-02
5.848482439149131629e-02
6.049126817507944481e-02
6.385761500298543780e-02
6.698230528941552520e-02
7.063518565046320030e-02
7.915350049205249761e-02
9.937967791800871031e-02
1.374501414657221532e-01
1.831984923659745468e-01
1.281275029763046802e-01
8.186652213334229267e-02
5.699757071489523763e-02
4.061899207165713815e-02
2.882005820610452143e-02
2.027962172402592023e-02
1.400989948706940318e-02
9.542255292392670327e-03
6.371951606376745521e-03
4.181408011175563252e-03
2.673798542425944239e-03
1.642006175475886533e-03
9.072736632587231160e-04
3.124994580303315354e-04
-3.555162056124466677e-04
1.137984828776914833e-04
-3.575552707136414056e-04
6.221463857632501902e-04
5.800847069880415941e-04
1.473385987977894370e-05
-6.836850624440059775e-04
-6.405852548544075362e-05
-5.782456848418934987e-04
4.610422891250164036e-04
4.081250452217025353e-04
1.674114110723402165e-04
5.378351073867197317e-05
-7.751476958217433021e-07
-5.398435879264598100e-05
-1.009473078919915460e-04
-1.046044997530224291e-04
2.027734649290712941e-05
4.329589174996008685e-04
1.394978198064166040e-03
3.318276795956964179e-03
6.759608109648380068e-03
1.257380331113095405e-02
2.190306083776685439e-02
3.715742025855246072e-02
6.523698345861285441e-02
9.875400196465883296e-02
7.760411761622242055e-02
6.289288210536697621e-02
5.848482643806830056e-02
6.049126971742655595e-02
6.385761088444071032e-02
6.698230279196207282e-02
7.063518597771310803e-02
7.915350237518430088e-02
9.937968092622057048e-02
1.374501445279626144e-01
1.831984909407201600e-01
1.281275045973582216e-01
8.186652304913839828e-02
5.699756798423645521e-02
4.061898781657729413e-02
2.882005682046125811e-02
2.027962373507647895e-02
1.400990170188963144e-02
9.542256418556297956e-03
6.371962505477761322e-03
4.181464823776697218e-03
2.674066487400622583e-03
1.643300258849224489e-03
9.136361060871108896e-04
3.451132484144010565e-04
-1.751828857758682258e-04
-2.400009299675510521e-04
5.719849439397951476e-05
-1.023706649137841313e-04
2.911040965778477528e-04
-4.813327799358128791e-04
-2.853713708292227730e-04
2.330963904962770434e-04
3.010460007735868328e-04
3.571034506116447312e-04
-3.862331577780962793e-05
2.370262171518025247e-04
6.538267761180255712e-05
1.387087901320260270e-06
-5.357035000471568431e-05
-1.008652737776692812e-04
-1.045858960342451355e-04
2.028297125702576065e-05
4.329606374763306492e-04
1.394975036232188378e-03
3.318272775017522529e-03
6.759607710096491098e-03
1.257380441082457841e-02
2.190305909386112623e-02
3.715741615127748920e-02
6.523698088987787969e-02
9.875399667205064791e-02
7.760411577811188177e-02
6.289287961624981382e-02
5.848482545019924317e-02
6.049126866381013268e-02
6.385760992166371330e-02
6.698230627556531203e-02
7.063518834912610456e-02
7.915350429108827801e-02
9.937968260725719982e-02
1.374501377819589976e-01
1.831984802216126140e-01
1.281274945395643738e-01
8.186651785783694013e-02
5.699757050269286390e-02
4.061899217192470324e-02
2.882005868056626216e-02
2.027962496758449126e-02
1.400990112776625759e-02
9.542254308049521669e-03
6.371957369856481521e-03
4.181427511939715159e-03
2.673866620337668389e-03
1.642286524711731709e-03
9.083294875700950125e-04
3.161053239845919858e-04
-3.445457358383025915e-04
1.871162756739926146e-04
1.328906888043771526e-04
-8.002848237165424141e-04
-4.349878264308843531e-04
2.907456405157443614e-04
-3.914290403074100204e-04
-8.075339474939172092e-05
5.738746660498347937e-04
4.706280316099660630e-04
3.052497210352325013e-04
1.300884079843279810e-04
-4.035805132011108481e-04
-1.055268870618323142e-03
-1.895806488529172074e-03
-3.039642021067565179e-03
-4.588285979292512640e-03
-6.581425963429445719e-03
-9.022448753067501340e-03
-1.172724432183504598e-02
-1.444340423109012096e-02
-1.654692054683876146e-02
-1.739935932845497121e-02
-1.591760584191817887e-02
-1.099199358277567866e-02
-8.867155980185613710e-04
1.651006953720067505e-02
2.353427074306646549e-02
3.130540344379675183e-02
4.083264137343119160e-02
5.197670141203322713e-02
6.242427060904302827e-02
7.301066815215120909e-02
8.546867284500711537e-02
1.071360394517778258e-01
1.466877517181912616e-01
2.081636131620485386e-01
2.686588751014125087e-01
1.852255018953087307e-01
1.210618704552613722e-01
8.773748790031341005e-02
6.551408189691300399e-02
4.883509117191686677e-02
3.597877375328933924e-02
2.594980833344349633e-02
1.833100700471890915e-02
1.263056267517156592e-02
8.493245586651409704e-03
5.540726643306434322e-03
3.465831344953301980e-03
1.984505278438253046e-03
8.450756507089326281e-04
-1.766022425834665123e-04
3.112715875810148311e-04
1.829982408549273910e-04
3.091151988827625782e-04
1.478547759257664530e-04
-2.742075386121848538e-04
-2.037048864688410950e-04
-3.070820670592207778e-04
1.584135709900646538e-04
2.976332402177194153e-04
-2.132953816973840778e-04
-3.172316383768648915e-04
-4.858281703947185150e-04
-1.070665080752578177e-03
-1.898654850875522004e-03
-3.040163384065160991e-03
-4.588380658973776130e-03
-6.581444545179810680e-03
-9.022452599563475506e-03
-1.172724489207133125e-02
-1.444340392508046932e-02
-1.654692084002320346e-02
-1.739936189955416934e-02
-1.591760672777819269e-02
-1.099199325518986428e-02
-8.867164357420125259e-04
1.651007837424267599e-02
2.353427582613114299e-02
3.130540525155421638e-02
4.083264230213274476e-02
5.197670333608310489e-02
6.242426839734496052e-02
7.301066663551181168e-02
8.546867437203971296e-02
1.071360404133804012e-01
1.466877524325645166e-01
2.081636167221634082e-01
2.686588742747889058e-01
1.852255020702625876e-01
1.210618686071748690e-01
8.773748413353092690e-02
6.551407929090338755e-02
4.883509209178774069e-02
3.597877663386456204e-02
2.594981031263442553e-02
1.833100809067572320e-02
1.263057095007093754e-02
8.493275613071882973e-03
5.540815495715382087e-03
3.465904960401675842e-03
1.982118834893626617e-03
8.122454372681752952e-04
-5.041613989260804694e-04
-1.393257579549902060e-04
-3.650334204252982670e-04
-3.283149867312871876e-04
1.386524699525551018e-04
-4.326711256015000986e-04
2.945445237098521141e-04
2.816881071773949877e-04
1.795841973486102120e-04
1.109324146860308324e-05
5.063965367776448968e-04
2.739405212339564646e-04
-3.813417218311692660e-04
-1.051843080842470961e-03
-1.895294714207915090e-03
-3.039563050827596372e-03
-4.588271650689194903e-03
-6.581425092408691932e-03
-9.022451129144534385e-03
-1.172724955018375481e-02
-1.444340762875047542e-02
-1.654691950991733773e-02
-1.739935877688958757e-02
-1.591760598512340780e-02
-1.099199410256158048e-02
-8.867176318326241719e-04
1.651007491695040408e-02
2.353427276153561079e-02
3.130540053144520440e-02
4.083264206805001240e-02
5.197670231542093899e-02
6.242426562853882477e-02
7.301066756862870100e-02
8.546867339477841330e-02
1.071360379470782248e-01
1.466877521850231125e-01
2.081636118707821947e-01
2.686588635246014434e-01
1.852255010252620571e-01
1.210618693534681461e-01
8.773748794371166726e-02
6.551408140601659713e-02
4.883509094546613361e-02
3.597877499423862702e-02
2.594980775522959943e-02
1.833100729375910370e-02
1.263057584909612133e-02
8.493294475225659362e-03
5.540980652588122467e-03
3.467267673295360442e-03
1.992464105018190972e-03
8.878960717267622227e-04
3.758787114298436607e-05
-2.742231374335417945e-04
1.243014302100210104e-04
-5.687336508086657250e-04
1.376603712997452155e-04
-8.436891026684082860e-05
3.373838643525994959e-04
-2.165543045162038793e-04
-5.306687271883157300e-04
1.038619548096822199e-04
-3.801258853513630066e-04
2.850824294399767218e-04
-8.043529213192689631e-04
-2.039228714200563841e-03
-3.627578647562830407e-03
-5.815376781090030901e-03
-8.840868204838604402e-03
-1.287402315381625841e-02
-1.807759771342071914e-02
-2.437283714915852370e-02
-3.166857482594715584e-02
-3.935895213848864677e-02
-4.703575002390822379e-02
-5.377921866318530197e-02
-5.972673496375894425e-02
-6.808482218520885143e-02
-6.646850773730397788e-02
-3.072831697165887346e-02
-5.406702126318283083e-04
2.382576862781578958e-02
4.593910019436690112e-02
6.463362478240447517e-02
8.348649361230887911e-02
1.074491490884785377e-01
1.472490768886708934e-01
2.098280830356265836e-01
2.876491593939968228e-01
3.457923693308112001e-01
2.322224631272709061e-01
1.527578159427304128e-01
1.127829613942396003e-01
8.618088474554465306e-02
6.584370508904205388e-02
4.957605743935129816e-02
3.649879502249297331e-02
2.620273248215103032e-02
1.830943790683207603e-02
1.243703988711061283e-02
8.182659579089727672e-03
5.155887779196692035e-03
2.996452477730479451e-03
1.363000206487756209e-03
-1.824784927512986639e-04
-4.889004852614958199e-04
-1.865965415312894021e-04
-4.015609693958760418e-04
-5.595616544962097021e-04
3.928317079228469777e-04
5.112788216103407359e-04
1.553654271864613086e-04
-2.712643315521594896e-04
2.701257018116125881e-04
5.734171161240229431e-04
-6.527811135741436437e-04
-9.555259493297572036e-04
-2.065103482080203438e-03
-3.632098459982955642e-03
-5.816177089340351589e-03
-8.841011957048384301e-03
-1.287405134317107236e-02
-1.807760443243566773e-02
-2.437283925170011245e-02
-3.166857609101231957e-02
-3.935895441054663296e-02
-4.703575361418811662e-02
-5.377921902297060075e-02
-5.972673256078857296e-02
-6.808481550999913312e-02
-6.646847479827829031e-02
-3.072830391739859654e-02
-5.406656158779938551e-04
2.382576720075626694e-02
4.593909676868510733e-02
6.463361745580591122e-02
8.348648735359484596e-02
1.074491507243539867e-01
1.472490803641152424e-01
2.098280898457053345e-01
2.876491888323306489e-01
3.457924568602467330e-01
2.322224759915561543e-01
1.527578190988763407e-01
1.127829620446505893e-01
8.618088457555625470e-02
6.584370512232112782e-02
4.957605748964825920e-02
3.649879449380025176e-02
2.620273309086893973e-02
1.830944809508126478e-02
1.243708841124944314e-02
8.182919923497284156e-03
5.157389874514715054e-03
3.005791337764541875e-03
1.426400899890624668e-03
2.822075867903148824e-04
3.839942782014805936e-04
1.075023521551859680e-04
1.378727567753822256e-04
3.246022520232975830e-04
1.838520486682623735e-04
4.992880978290543134e-05
-2.559280241098338599e-04
4.798070771153110535e-04
3.108944237463821488e-04
1.350938147555888719e-04
2.858503573612920161e-04
-8.097860845423094072e-04
-2.040893175174965466e-03
-3.627957759982721082e-03
-5.815449312706975210e-03
-8.840880249380728487e-03
-1.287402813448975877e-02
-1.807760278106304921e-02
-2.437284310462340536e-02
-3.166857842669761752e-02
-3.935895310727942353e-02
-4.703575219606460911e-02
-5.377922012438942495e-02
-5.972673345845313370e-02
-6.808481448767239597e-02
-6.646846762011236753e-02
-3.072830484548178323e-02
-5.406700681480810762e-04
2.382577007026150800e-02
4.593909767031464225e-02
6.463361495529454381e-02
8.348648809529431170e-02
1.074491504123840369e-01
1.472490773974489964e-01
2.098280842390157774e-01
2.876491720180922584e-01
3.457924096919247070e-01
2.322224764911162975e-01
1.527578216583128090e-01
1.127829661331208461e-01
8.618088587633182529e-02
6.584370251070295610e-02
4.957605474843417709e-02
3.649879230698950539e-02
2.620273373289333171e-02
1.830945128930872717e-02
1.243708733340069365e-02
8.182940639096237395e-03
5.157653718946618275e-03
3.007974604414305995e-03
1.442369372653734896e-03
3.913956882892015692e-04
1.750813651815476529e-04
-1.376651043403472659e-04
-4.077112736224963513e-04
1.077227021938728413e-04
4.302240893871178717e-04
4.565084764383485179e-04
-2.209977085731898807e-04
1.113880529258575288e-04
-2.675782691799855713e-04
2.531986990173520216e-05
2.390292790516672491e-04
-1.174026315454281943e-03
-2.909047491248835989e-03
-5.163227960530951920e-03
-8.287411816531078598e-03
-1.263812528678084218e-02
-1.851406932413393602e-02
-2.620488816174800645e-02
-3.576719097685999299e-02
-4.721288890894412976e-02
-6.010246036963883681e-02
-7.420157980547993637e-02
-8.913679173060533312e-02
-1.064361349984273980e-01
-1.350331761969426059e-01
-1.549930222498685783e-01
-9.087713602728859918e-02
-3.499545286927793070e-02
6.337038782821759371e-03
3.975060236614194609e-02
6.920613243565260086e-02
1.019671369402066208e-01
1.449467093447959487e-01
2.097590427862189577e-01
2.924230284546427971e-01
3.658302284628615064e-01
4.056488605227284716e-01
2.671945044599147723e-01
1.764903969674486428e-01
1.318535918300708654e-01
1.023262369427518498e-01
7.945114225270522024e-02
6.067669599798020119e-02
4.528256558939283000e-02
3.284995736737680166e-02
2.316750562683225420e-02
1.583738993081078641e-02
1.047544396066705900e-02
6.624269333257994455e-03
3.871267461768818779e-03
1.829462406255365952e-03
2.776360610338330943e-04
-1.257791380682981035e-04
1.872056434688618875e-05
4.405103400438737239e-04
7.581710581070584196e-04
-7.086471725569625001e-04
-6.343790160674672544e-04
4.286693583788766084e-04
-7.138722995415155861e-05
2.104729136826409531e-04
5.680689365101461484e-04
-7.395965927244130061e-05
-1.238528127474942736e-03
-2.922515736670278693e-03
-5.165978927108947662e-03
-8.287963794736940074e-03
-1.263823544456641433e-02
-1.851409306331512974e-02
-2.620489401443341915e-02
-3.576719233954628319e-02
-4.721288941655783777e-02
-6.010246149712118041e-02
-7.420158109056093632e-02
-8.913678996821192135e-02
-1.064361304970817962e-01
-1.350331587193006333e-01
-1.549929348947599872e-01
-9.087711751038331232e-02
-3.499544491268632984e-02
6.337041000870320163e-03
3.975060253191035897e-02
6.920612794332633988e-02
1.019671297956745853e-01
1.449467089611048698e-01
2.097590441927324745e-01
2.924230416689524437e-01
3.658302868711144629e-01
4.056490835961407138e-01
2.671945322616403606e-01
1.764904022214197066e-01
1.318535915979345274e-01
1.023262345963288217e-01
7.945114003588343854e-02
6.067669495907507260e-02
4.528256596889657787e-02
3.284996042324436066e-02
2.316751775610078473e-02
1.583743878547438921e-02
1.047567640408761380e-02
6.625308593100833095e-03
3.875333464179009802e-03
1.840095955274656395e-03
2.462815045368545652e-04
-4.569261190278666872e-04
6.995334627834929632e-05
-4.254044766352361708e-05
5.413106236791228112e-04
3.654680286870008862e-04
-8.211853496394029529e-05
-2.210402051783476849e-04
-3.314399833277208943e-04
-5.922886285810864243e-05
6.067211413962563102e-04
-1.821274648931514269e-04
-1.235280043135464009e-03
-2.918500586490173788e-03
-5.164712294047017760e-03
-8.287643109398105945e-03
-1.263816034998917551e-02
-1.851407703066405494e-02
-2.620489272534870864e-02
-3.576719558839564633e-02
-4.721289234447899330e-02
-6.010246204443785156e-02
-7.420158086710540446e-02
-8.913679059810514227e-02
-1.064361306130557072e-01
-1.350331613564949851e-01
-1.549929545521019358e-01
-9.087712940383838034e-02
-3.499545600700716685e-02
6.337043465650611489e-03
3.975060484234362035e-02
6.920612790638051848e-02
1.019671324471780050e-01
1.449467115620279301e-01
2.097590430248381654e-01
2.924230372898868890e-01
3.658303055094238587e-01
4.056492188972354862e-01
2.671945558392694875e-01
1.764904060658855078e-01
1.318535950038060289e-01
1.023262372119484870e-01
7.945113990370329671e-02
6.067669545031873640e-02
4.528256726618375833e-02
3.284996304223736230e-02
2.316751486160181436e-02
1.583739306932183816e-02
1.047540403906331054e-02
6.623605812941604949e-03
3.864300809495212381e-03
1.766876955235699908e-03
-2.504974194928088409e-04
4.807236412229920334e-04
2.850068928855661854e-04
1.415127579367347465e-04
-3.158453404314357903e-04
1.598011122081460377e-04
1.736733033024650955e-04
-3.072166067050769865e-04
-2.485698400419938362e-04
-7.553422140984850271e-05
1.150454974894802961e-04
3.308955216595971878e-05
-1.498445564887547921e-03
-3.621009786656336545e-03
-6.416314507990254247e-03
-1.031070770102067782e-02
-1.574904586216869032e-02
-2.314879355720700013e-02
-3.287444485301523056e-02
-4.514567849302943137e-02
-5.997831462323702234e-02
-7.727523591290916261e-02
-9.682546263875164982e-02
-1.193401543368926565e-01
-1.478284335190487020e-01
-1.985769482965662192e-01
-2.522480684565523990e-01
-1.659159228359163851e-01
-8.194507364666314686e-02
-1.680590060357664561e-02
3.743089561736655940e-02
8.484300793244285710e-02
1.372427740878862934e-01
2.075275419926485010e-01
2.974284518388273790e-01
3.770417007379613938e-01
4.243804106380480445e-01
4.452210277753822498e-01
2.904592003662272437e-01
1.928743411299333188e-01
1.453912179746779387e-01
1.141202027170838268e-01
8.960201270796115669e-02
6.910578780428801304e-02
5.206441399486909372e-02
3.804404278656327992e-02
2.700570767872806713e-02
1.854133835768296060e-02
1.230780144452805168e-02
7.795644362661278623e-03
4.551499015524419073e-03
2.098348852538751280e-03
-2.801929550055538485e-05
-3.292831004223006138e-04
1.261386377058674459e-04
5.871834774098237154e-04
7.937548747612265118e-05
-1.692380785850675930e-04
2.169582487924369613e-04
-1.113095890254654718e-05
-1.623044295392974106e-04
6.952946010986812476e-05
5.804952144994207121e-04
1.884185183004415305e-04
-1.494787024163233289e-03
-3.623897873801289627e-03
-6.417390254212570512e-03
-1.031099385657698216e-02
-1.574911488105915428e-02
-2.314881124095351933e-02
-3.287444939150446083e-02
-4.514567848781053661e-02
-5.997831335813212650e-02
-7.727523531946983715e-02
-9.682546209918364843e-02
-1.193401513152622107e-01
-1.478284234272469466e-01
-1.985768952358575312e-01
-2.522477350767370341e-01
-1.659158658902962491e-01
-8.194505428095864852e-02
-1.680589103209339380e-02
3.743090177452713246e-02
8.484300852705471685e-02
1.372427680042223042e-01
2.075275378767524326e-01
2.974284476292483603e-01
3.770417079032027940e-01
4.243804273663041027e-01
4.452211114362946698e-01
2.904592096358473707e-01
1.928743440266939002e-01
1.453912183560295834e-01
1.141202014997028391e-01
8.960201193841477174e-02
6.910578816279290548e-02
5.206441567936818948e-02
3.804404677795379663e-02
2.700572176355927126e-02
1.854140237609780764e-02
1.230812846302006998e-02
7.797271955575711157e-03
4.559530140266486800e-03
2.138031516274409814e-03
1.713558292735403146e-04
2.440092159343976695e-04
-3.687975184689640772e-04
-2.538167817912477032e-04
-6.077947611994199723e-05
-4.851462736259581476e-04
5.165221731981845801e-04
3.973221877485781607e-04
9.808106325734029568e-05
1.804549210884127399e-04
4.540118341755045375e-04
-8.719325694884647062e-06
-1.512504182976819695e-03
-3.624045356497597719e-03
-6.416869915188906821e-03
-1.031079972594813911e-02
-1.574906183687646219e-02
-2.314880050383415211e-02
-3.287444950460281096e-02
-4.514568116690842459e-02
-5.997831585784350189e-02
-7.727523513320462556e-02
-9.682546085809962122e-02
-1.193401519310644532e-01
-1.478284300020484554e-01
-1.985769229558911886e-01
-2.522479530569803896e-01
-1.659159082505779481e-01
-8.194506905622424286e-02
-1.680588984257646787e-02
3.743090090730451930e-02
8.484300581030060351e-02
1.372427693780463864e-01
2.075275412912587769e-01
2.974284452445200566e-01
3.770417064642546112e-01
4.243805029951172592e-01
4.452216545603717712e-01
2.904592879681554551e-01
1.928743563364642422e-01
1.453912213584934165e-01
1.141202021713803860e-01
8.960201072562874736e-02
6.910578838307417093e-02
5.206441623869601659e-02
3.804404759075995235e-02
2.700571623318121298e-02
1.854135804765013468e-02
1.230790248947959652e-02
7.796097443267676133e-03
4.553468585487472492e-03
2.107963244321931634e-03
3.616720141604199502e-05
1.641327827490813109e-04
2.270992022105616651e-04
-2.105151836468984827e-04
-1.390678762393682429e-04
4.585870273573559018e-04
1.076305604687069923e-04
3.481857032994047042e-04
-1.366326508266915971e-05
-2.562474377852516551e-04
-2.076437441369866803e-04
-1.595085072867396932e-06
-1.741449759976945472e-03
-4.132873577165283897e-03
-7.307256564217491993e-03
-1.175049750940821390e-02
-1.796307052513578320e-02
-2.645635360515912263e-02
-3.762431764334910056e-02
-5.184734014054324935e-02
-6.907391040232740975e-02
-8.964708051599905303e-02
-1.132483032078624441e-01
-1.420848028508625849e-01
-1.806512566711758194e-01
-2.546090925454606579e-01
-3.582859781019873679e-01
-2.718492156626910461e-01
-1.556408897263678315e-01
-4.983621231818904929e-02
3.888308706997221920e-02
1.208302314654240983e-01
2.129225831579093786e-01
3.128800341537461005e-01
3.938448155650564608e-01
4.386295447065373110e-01
4.595260044623897255e-01
4.695508763166382771e-01
3.045115964978746814e-01
2.030011257719072926e-01
1.539534388334894421e-01
1.217664514615149768e-01
9.629206402104367735e-02
7.474366331955098475e-02
5.665836589655402072e-02
4.159670065149786294e-02
2.965289974617417446e-02
2.041552584395295647e-02
1.358215343290065762e-02
8.609097599272249463e-03
5.018174360556121663e-03
2.268317284953487618e-03
-2.499200616587000565e-04
-2.802673606933272620e-04
1.448088919682812589e-04
-1.958278049009385508e-04
-2.961131567699559872e-04
-4.704489437916008535e-04
7.477622959804758199e-04
-4.300966491448784588e-04
2.625526597279483672e-04
-5.145429149389839450e-05
1.058618976577292443e-04
-4.473650651590848574e-04
-1.802492125031724714e-03
-4.142471849463085810e-03
-7.308950621131941709e-03
-1.175082716791185297e-02
-1.796314065341385324e-02
-2.645637139739324961e-02
-3.762432264367539247e-02
-5.184734021936486525e-02
-6.907390896304710370e-02
-8.964708033990394231e-02
-1.132483031265318352e-01
-1.420847992350776079e-01
-1.806512377557733806e-01
-2.546089779721280033e-01
-3.582851235222549446e-01
-2.718491141222523777e-01
-1.556408626261211181e-01
-4.983620278243438423e-02
3.888308681442694675e-02
1.208302244335895392e-01
2.129225709727947113e-01
3.128800254417468119e-01
3.938448124528866612e-01
4.386295493373656429e-01
4.595259805594382185e-01
4.695507625292923981e-01
3.045115808065821383e-01
2.030011231748408418e-01
1.539534368576915557e-01
1.217664489838813646e-01
9.629206292335924788e-02
7.474366368877895239e-02
5.665836730542209848e-02
4.159670363738671856e-02
2.965291421181017600e-02
2.041560335799345524e-02
1.358257021387251559e-02
8.611312117221107260e-03
5.030061579831535817e-03
2.333183869267980472e-03
1.134276869274136973e-04
1.433295505152913760e-04
-4.184643209735924960e-04
-2.372599507860638664e-04
4.689159803104235818e-04
-4.510170012286476041e-05
3.672771512633729758e-04
3.309075943436491879e-04
3.232191024711465006e-04
-3.644797164840421987e-04
1.961513603560369613e-04
-8.214199453909446912e-05
-1.738696862967626256e-03
-4.130554338226297487e-03
-7.306657087681664269e-03
-1.175037410544303024e-02
-1.796305061505053605e-02
-2.645635579268890841e-02
-3.762432072234474234e-02
-5.184734008924815618e-02
-6.907391005902191461e-02
-8.964707991426366929e-02
-1.132483025232151191e-01
-1.420848005624926191e-01
-1.806512439471466558e-01
-2.546089838265024330e-01
-3.582850519792920019e-01
-2.718491187381376628e-01
-1.556408719821749664e-01
-4.983620100039583972e-02
3.888308709483307563e-02
1.208302238033364673e-01
2.129225724226123384e-01
3.128800281832609942e-01
3.938448088008401626e-01
4.386295536836933295e-01
4.595260938941947981e-01
4.695516940404033668e-01
3.045117033963792297e-01
2.030011428893131187e-01
1.539534415691005131e-01
1.217664497694102704e-01
9.629206232307999103e-02
7.474366439891172442e-02
5.665836707499108393e-02
4.159670272052456985e-02
2.965290890482751365e-02
2.041557403818128683e-02
1.358245498771133361e-02
8.610924575650677135e-03
5.029135874923542152e-03
2.333284755119737711e-03
1.276812792311074062e-04
3.591986748802145914e-05
2.474395223822033717e-04
-7.142105212717792754e-04
2.501478624357862408e-04
-4.984776809242126225e-05
-4.121684418474053042e-05
-4.182848608088447187e-04
-5.939765800578200339e-05
-1.922230101893528515e-06
2.355389827942440514e-04
-2.627926242013025986e-04
-1.884326811379382705e-03
-4.399131834198165107e-03
-7.767429123971837310e-03
-1.249507665322109433e-02
-1.910817842477283493e-02
-2.817262968111304902e-02
-4.008424106243480001e-02
-5.533295224365511467e-02
-7.378981649133616039e-02
-9.614315442596667316e-02
-1.219353247685216607e-01
-1.546184252265101755e-01
-1.997826871426256479e-01
-2.910436369824365155e-01
-4.458086731003839676e-01
-3.973532763214978614e-01
-2.967556326706284886e-01
-1.296911535580237418e-01
6.713877996525503822e-02
2.364072513707827505e-01
3.576268961314593153e-01
4.257610535059955237e-01
4.571618645691591931e-01
4.716798566806481019e-01
4.802837774633988976e-01
4.881275422738617920e-01
3.119046811844590206e-01
2.078853507823297531e-01
1.580781704630003781e-01
1.255010847919371952e-01
9.960200899394129614e-02
7.755582762033463862e-02
5.896799156061068026e-02
4.339057124302720531e-02
3.099492059155619511e-02
2.136658689034550557e-02
1.422889664278204069e-02
9.021027074141473381e-03
5.256695311518930040e-03
2.377903679445713455e-03
-2.187464445327437816e-04
-3.977503331798521347e-04
-1.446072634266370505e-04
1.130510396904321058e-04
4.833085521486902691e-04
-1.449269655516075887e-05
9.873817933700931577e-05
4.849380283071086351e-04
3.053172614126316580e-04
1.139458575522468183e-04
3.398091164321331392e-04
-1.285445006583584612e-04
-1.881470702333602838e-03
-4.401810652871012385e-03
-7.768427848099650028e-03
-1.249534686242582439e-02
-1.910824489761044423e-02
-2.817264631749493570e-02
-4.008424517653641495e-02
-5.533295178146412086e-02
-7.378981509969603780e-02
-9.614315577506708788e-02
-1.219353274496873807e-01
-1.546184246681208407e-01
-1.997826687494322628e-01
-2.910434958243995895e-01
-4.458074294618988853e-01
-3.973531291024653411e-01
-2.967555939461839487e-01
-1.296911480358063362e-01
6.713877732046588664e-02
2.364072443934075174e-01
3.576268864768176181e-01
4.257610447466314008e-01
4.571618613053758384e-01
4.716798557156310912e-01
4.802837431513570787e-01
4.881274139492874364e-01
3.119046496647395195e-01
2.078853439799963343e-01
1.580781669625335450e-01
1.255010818299243935e-01
9.960200755608200618e-02
7.755582810078956446e-02
5.896799340341964818e-02
4.339057396661297888e-02
3.099493272030187652e-02
2.136665341811587460e-02
1.422925196951626593e-02
9.022895375238450949e-03
5.266331589897740861e-03
2.425503159326857124e-03
-4.332134131504418104e-06
1.800544831247046244e-04
-6.436847866267784437e-05
3.593247319069072096e-04
3.729354128075002797e-04
-9.079540265049923346e-05
3.309512254325604327e-04
1.682107477388619752e-04
-1.531303331594982184e-04
-5.907963036505547733e-04
5.038676237664726023e-05
5.600318569091703629e-04
-1.771802379834691316e-03
-4.382826608660769611e-03
-7.765008301536057735e-03
-1.249471197947456431e-02
-1.910812574899984143e-02
-2.817262572139472843e-02
-4.008424132033612530e-02
-5.533295022632742088e-02
-7.378981627395195253e-02
-9.614315705489991093e-02
-1.219353292233750496e-01
-1.546184276145710079e-01
-1.997826775710727643e-01
-2.910435349686192885e-01
-4.458075879033461808e-01
-3.973531615578043130e-01
-2.967556050237593612e-01
-1.296911414035433197e-01
6.713878095114710065e-02
2.364072555535599029e-01
3.576268977284195461e-01
4.257610522911526307e-01
4.571618622156615186e-01
4.716798697013986352e-01
4.802838719864589989e-01
4.881282143206360224e-01
3.119047571268387387e-01
2.078853622294632164e-01
1.580781723711472964e-01
1.255010833745450194e-01
9.960200837449099953e-02
7.755582988302860137e-02
5.896799316313702105e-02
4.339057201527897478e-02
3.099492479822157226e-02
2.136661341257667726e-02
1.422909039131325243e-02
9.022400760961874974e-03
5.266189805908071293e-03
2.442966120648575306e-03
2.306868272836085814e-04
3.029375818180329101e-04
4.159925106772946793e-04
4.074473252120256752e-04
2.546346305628297631e-04
6.086187000779600190e-04
3.993189126730974851e-04
-4.127481607439638205e-04
-2.531383676487471948e-04
8.512696261745026683e-05
3.919105029527585222e-04
-2.899314773483421142e-04
-1.912215489438423479e-03
-4.404834033878098076e-03
-7.761763132304319059e-03
-1.248308876937537573e-02
-1.909194604736860756e-02
-2.815358304974186279e-02
-4.006373414051076637e-02
-5.531252878809760770e-02
-7.377085503763644581e-02
-9.612678912844170587e-02
-1.219221835497762280e-01
-1.546083796292977708e-01
-1.997756453538894195e-01
-2.910368405541674530e-01
-4.457945853612031994e-01
-3.973455646624253768e-01
-2.967636252536668962e-01
-1.296746100672480362e-01
6.719968788927391246e-02
2.363914896093186335e-01
3.574005183078770576e-01
4.254727165788528831e-01
4.569538079113169005e-01
4.715479093250191100e-01
4.802008943872870805e-01
4.880655144454512095e-01
3.118728369780623400e-01
2.078642948496130238e-01
1.580585264925304934e-01
1.254792721304436309e-01
9.957709486120802644e-02
7.752834818764940683e-02
5.893918677255391425e-02
4.336216525416002054e-02
3.096848028009600851e-02
2.134326477493550533e-02
1.420926700771303446e-02
9.005733172199263670e-03
5.250070200838484642e-03
2.409345418176985464e-03
3.128669740427459381e-05
-2.956206883085414215e-04
-3.604725888561780391e-04
-6.370745837760396135e-04
-5.342339127591737508e-04
-2.028266186547444299e-04
6.237045007604871032e-04
-3.350206664651697824e-04
2.434940685401416308e-04
5.262391668407998978e-05
1.672683947878589371e-04
-4.992776571314846545e-04
-1.961737021939859073e-03
-4.415997172740281779e-03
-7.764158425278192173e-03
-1.248359140814231903e-02
-1.909205109268194769e-02
-2.815360470901590723e-02
-4.006373803609290796e-02
-5.531252745964757023e-02
-7.377085269133085155e-02
-9.612678998020852961e-02
-1.219221842397774508e-01
-1.546083794411981793e-01
-1.997756468293315768e-01
-2.910368609380210025e-01
-4.457949136109279897e-01
-3.973455986176828714e-01
-2.967636245042974408e-01
-1.296746089248598244e-01
6.719968777283548411e-02
2.363914873691920215e-01
3.574005201146595589e-01
4.254727175162464348e-01
4.569538079951411813e-01
4.715478984169413912e-01
4.802007716664992154e-01
4.880643587329084876e-01
3.118726978018526164e-01
2.078642744126545927e-01
1.580585228458740443e-01
1.254792707681421648e-01
9.957709380581904191e-02
7.752834791820846505e-02
5.893918761355090158e-02
4.336216615304968464e-02
3.096848485462298795e-02
2.134329510556700130e-02
1.420944997867605759e-02
9.006867790690950212e-03
5.257437107987024058e-03
2.459852745413977290e-03
3.992128362398305545e-04
-2.422756353194423934e-04
-9.789749360564995329e-05
3.656680027029314485e-04
3.017582570373064849e-04
-8.129104371107679586e-06
-2.497709330435418044e-04
-1.964001281672026031e-04
5.462775199465302357e-04
3.435950104767520404e-04
-1.082813016863540927e-05
-4.565401164307480346e-04
-1.926534539842433055e-03
-4.405536531580507738e-03
-7.761655543311339611e-03
-1.248304473660365524e-02
-1.909193899905056030e-02
-2.815358403179222396e-02
-4.006373344416894189e-02
-5.531252481025042411e-02
-7.377085231807725685e-02
-9.612679009798121010e-02
-1.219221847155013971e-01
-1.546083811512082573e-01
-1.997756694662449484e-01
-2.910370503614558291e-01
-4.457965482970512872e-01
-3.973457740150589945e-01
-2.967636516773284883e-01
-1.296746147164790641e-01
6.719968530596681644e-02
2.363914930489698363e-01
3.574005264078102817e-01
4.254727201588642815e-01
4.569538101263483365e-01
4.715479086585287472e-01
4.802008528058706038e-01
4.880648780652428464e-01
3.118727707705437058e-01
2.078642874583989109e-01
1.580585269090904743e-01
1.254792710661891131e-01
9.957709310679740966e-02
7.752834802054404950e-02
5.893918593380501753e-02
4.336216302465666084e-02
3.096847040915025676e-02
2.134320909400646074e-02
1.420897193530210913e-02
9.004111352151426481e-03
5.240554685502398467e-03
2.349399611474096029e-03
-3.738207106782897855e-04
4.369635116564103933e-04
9.024959113633936830e-07
-2.464661882629400492e-04
-3.626950098261675585e-04
1.014137835974920399e-06
1.716550934660586187e-04
-1.378479931027882881e-04
6.220489250736655016e-04
7.046714571635770983e-05
5.661710174701495377e-04
4.431669039797226663e-04
-1.678769631536902295e-03
-4.115502678653785128e-03
-7.282634767534692556e-03
-1.171272660908966728e-02
-1.791367923366496417e-02
-2.639858275362448256e-02
-3.756192433655416302e-02
-5.178489787084392809e-02
-6.901550027518886521e-02
-8.959627470302695962e-02
-1.132070781572971363e-01
-1.420531187913034732e-01
-1.806294665247488718e-01
-2.545917599123496688e-01
-3.582641606350608354e-01
-2.718691939900287347e-01
-1.557005704781827538e-01
-4.982201633428321591e-02
3.902892378935550466e-02
1.211074191508510756e-01
2.131054584734235757e-01
3.127093458758580802e-01
3.934151380485755856e-01
4.382232114582015337e-01
4.592331955876661764e-01
4.693276501361460240e-01
3.044063900705414327e-01
2.029353720037995745e-01
1.538915329146604005e-01
1.216991173461009768e-01
9.621472117558763082e-02
7.465929183443173467e-02
5.657012593271214945e-02
4.151029769918594681e-02
2.957273980113522827e-02
2.034510424967975878e-02
1.352287880251608343e-02
8.561874151246810782e-03
4.989783237939047177e-03
2.308078188053428598e-03
1.606455974116647385e-04
-1.585580374487168659e-04
1.755346638480669073e-04
-4.872884462860484277e-04
9.607627277851590571e-04
2.027882487852551436e-04
-2.294505788292001134e-04
-1.593614254568577135e-04
-2.298506175946967681e-04
2.727158823044992979e-04
-1.708417180259189409e-04
-4.838061117285266948e-04
-1.825330552461095542e-03
-4.140670578506439742e-03
-7.287116857406526586e-03
-1.171354865622967548e-02
-1.791383393086060441e-02
-2.639861164575673866e-02
-3.756192995977650911e-02
-5.178489795415776309e-02
-6.901549919910687780e-02
-8.959627670978480285e-02
-1.132070767323770794e-01
-1.420531157321662241e-01
-1.806294650556547476e-01
-2.545917615503201503e-01
-3.582641922003440005e-01
-2.718692058252300536e-01
-1.557005714560245335e-01
-4.982201840580677971e-02
3.902892049461522544e-02
1.211074154729176733e-01
2.131054580816328092e-01
3.127093518199423605e-01
3.934151435594258617e-01
4.382232117508252922e-01
4.592331418908242591e-01
4.693268633735852569e-01
3.044062898332287048e-01
2.029353560949967439e-01
1.538915293313525834e-01
1.216991166258835771e-01
9.621472090832411395e-02
7.465929189244982500e-02
5.657012698114905619e-02
4.151029759207593151e-02
2.957273349328263037e-02
2.034506727586456523e-02
1.352266643854292336e-02
8.560563390014236385e-03
4.981032584442278248e-03
2.245341655943258134e-03
-3.172829862399895260e-04
4.222168465000956570e-04
-1.421451577429607446e-04
1.320420051740570587e-04
2.557932666073585676e-04
3.663172813669772531e-04
1.917696264181097934e-04
-1.451132219269832106e-04
-1.097294758403530882e-04
-1.099170293316545146e-05
7.613310941488604395e-04
7.556651051648600656e-05
-1.729294093870516105e-03
-4.122670569929664380e-03
-7.283642878372613254e-03
-1.171287083902536157e-02
-1.791370277917870776e-02
-2.639858664816532516e-02
-3.756192319227760062e-02
-5.178489355734201133e-02
-6.901549777019516663e-02
-8.959627734459878201e-02
-1.132070792173289625e-01
-1.420531188827124647e-01
-1.806294818126354951e-01
-2.545918898185005053e-01
-3.582650843214019720e-01
-2.718692950803851538e-01
-1.557005860965385569e-01
-4.982202124273504840e-02
3.902892142844286566e-02
1.211074201256480132e-01
2.131054627108481814e-01
3.127093518886627233e-01
3.934151442561867884e-01
4.382232109625855410e-01
4.592331731801203021e-01
4.693272268322682961e-01
3.044063424979835397e-01
2.029353672932975861e-01
1.538915344489326376e-01
1.216991177652072958e-01
9.621472054890202463e-02
7.465929142582937439e-02
5.657012451765636163e-02
4.151029521969959446e-02
2.957272087923515716e-02
2.034498906464381196e-02
1.352227990643324780e-02
8.558797210837857522e-03
4.974109654262778499e-03
2.230167186638845785e-03
-2.066420158826927486e-04
-1.756145024156392190e-04
-4.858397112066546665e-04
-4.420526776856599374e-04
-9.183436638845518106e-05
1.700796439177266233e-05
-2.591873077142532451e-04
-1.173378373862569930e-04
1.807233971123027691e-04
2.805441690421655492e-04
-7.631845250287309977e-05
-8.684621647879206075e-05
-1.520876341242557647e-03
-3.608305818414880590e-03
-6.376153197880232888e-03
-1.024701899897054701e-02
-1.566576580618393028e-02
-2.305122340073449683e-02
-3.276855975027773843e-02
-4.503912103835441827e-02
-5.987779319011451995e-02
-7.718735464025872073e-02
-9.675372944460554347e-02
-1.192861867490903754e-01
-1.477936739082242601e-01
-1.985590148997846138e-01
-2.522591394078030902e-01
-1.659885984483306931e-01
-8.203576660935142650e-02
-1.679725118776092402e-02
3.758668887078555482e-02
8.518799561628355443e-02
1.376727994607543637e-01
2.078168066867101260e-01
2.972466845186510498e-01
3.765058438229443305e-01
4.238505227621852667e-01
4.447932651523094916e-01
2.902555034097940023e-01
1.927505153447234276e-01
1.452791201868791349e-01
1.140003071035431415e-01
8.946683052674339609e-02
6.895946330755653442e-02
5.191313128625637402e-02
3.789695294230547434e-02
2.687033590006327952e-02
1.842306532214058393e-02
1.220867766755127058e-02
7.715964295534829751e-03
4.497396757182096395e-03
2.119645791743655309e-03
3.307609874570377256e-04
2.825904674364926599e-04
3.393524548556229740e-05
5.102376853481063648e-04
3.436401573778874517e-04
2.314053638556700515e-04
2.262538671439831008e-04
-2.615269836813289271e-04
-2.861767124510076056e-04
-2.955655353069885352e-04
2.356675881965508246e-04
-3.616035106998972482e-04
-1.596899942653662524e-03
-3.625853301418939783e-03
-6.379855816991199767e-03
-1.024777055064794024e-02
-1.566591544999589025e-02
-2.305125108786227825e-02
-3.276856487611240487e-02
-4.503912097763936029e-02
-5.987779216455845627e-02
-7.718735669818416190e-02
-9.675372663205120127e-02
-1.192861831527319422e-01
-1.477936742814222326e-01
-1.985590068441685230e-01
-2.522590886747244632e-01
-1.659885918307144048e-01
-8.203576427528232184e-02
-1.679725430969297717e-02
3.758668442543117855e-02
8.518799150656268526e-02
1.376727978089972992e-01
2.078168110824284709e-01
2.972466886339181213e-01
3.765058488603340026e-01
4.238505869165829498e-01
4.447936431537523050e-01
2.902555315530787605e-01
1.927505159035944604e-01
1.452791170096068285e-01
1.140003049325624546e-01
8.946682933018104689e-02
6.895946304797058446e-02
5.191313291393472723e-02
3.789695332389953625e-02
2.687032433623513447e-02
1.842299684658693301e-02
1.220834828911140230e-02
7.714493416972523568e-03
4.491788028354370965e-03
2.108485242248177901e-03
4.324102971158440148e-04
-1.553574304639189691e-04
4.151101248730910899e-04
6.084661352498473442e-04
-5.325367865185976586e-04
-2.331209843426195307e-04
2.593317843496484505e-04
-3.914978766184145590e-04
1.090154773863811978e-04
1.145877917948571301e-04
2.114181027345398160e-04
1.306078217662622477e-04
-1.503300763288709097e-03
-3.607383432368433188e-03
-6.376216597253641163e-03
-1.024705866791211610e-02
-1.566577916364518541e-02
-2.305122534477671917e-02
-3.276855740061151989e-02
-4.503911568583456038e-02
-5.987779132761088252e-02
-7.718735942283196094e-02
-9.675373133502188083e-02
-1.192861879066325625e-01
-1.477936831034490084e-01
-1.985590671989472256e-01
-2.522594441452166159e-01
-1.659886397952387016e-01
-8.203577070916835690e-02
-1.679725057797119489e-02
3.758668929463378910e-02
8.518799828457751522e-02
1.376728005695161128e-01
2.078168075234693990e-01
2.972466874564103634e-01
3.765058489568450795e-01
4.238506054365930864e-01
4.447937371388136496e-01
2.902555527510594646e-01
1.927505220155679710e-01
1.452791208619070296e-01
1.140003053353837170e-01
8.946683026569514363e-02
6.895946458191620776e-02
5.191313317252876230e-02
3.789695394382993493e-02
2.687031326463916459e-02
1.842291703455349941e-02
1.220790078597670802e-02
7.711915713986679417e-03
4.476152450016099640e-03
2.007022346840317984e-03
-2.789130648615732971e-04
-2.281885979813549621e-04
1.514132215265864985e-04
-1.697489317881819063e-04
-1.076686296063416036e-04
6.740078822522764567e-04
4.021293087564551750e-04
-3.670796521351212135e-04
3.808917075747385024e-04
1.180416036406344298e-04
1.731316194849940703e-04
3.118860640503426547e-04
-1.178977190947971300e-03
-2.884577819564357933e-03
-5.103995813966318018e-03
-8.196353855803032579e-03
-1.251959277627496918e-02
-1.837488084662948842e-02
-2.605296625067840890e-02
-3.561323290162692057e-02
-4.706640833583312922e-02
-5.997385897709446578e-02
-7.409700821174555752e-02
-8.906158594491550562e-02
-1.063956392015515812e-01
-1.350370192416568971e-01
-1.550760068339112341e-01
-9.100962286073246976e-02
-3.512003182044353550e-02
6.327514831606954535e-03
3.989495173183281451e-02
6.955669845706519139e-02
1.024605897290759432e-01
1.454740188045162419e-01
2.100223700956176942e-01
2.921642360004143568e-01
3.652041092864565797e-01
4.050072683284653974e-01
2.668904337942109573e-01
1.763038000814314832e-01
1.316824971793882637e-01
1.021445653510825446e-01
7.924839002660735710e-02
6.045996829899263209e-02
4.506149137827836909e-02
3.263753382395011282e-02
2.297411243743769510e-02
1.566987782029172910e-02
1.033573511603215651e-02
6.509203059637971508e-03
3.773626272697568496e-03
1.745768056166918745e-03
2.288668830519162715e-04
-2.177399695135929668e-04
-1.866685405338034222e-04
1.585835111768194971e-04
8.445104467335104578e-04
1.528477713708084368e-04
2.633726521844114549e-04
-5.822504595165261523e-04
2.046949887714692988e-04
6.236099862110683345e-04
-1.927963690737599862e-04
-4.877796769497614172e-04
-1.298964605317046595e-03
-2.904900126643938148e-03
-5.107671930799476817e-03
-8.197049598221022720e-03
-1.251972681977229877e-02
-1.837490352674084337e-02
-2.605296924299432826e-02
-3.561323153659888552e-02
-4.706640652175823891e-02
-5.997386129726268306e-02
-7.409700706098304446e-02
-8.906158495946132903e-02
-1.063956436029095953e-01
-1.350370170752937526e-01
-1.550759959929298437e-01
-9.100962072259091706e-02
-3.512003118460244738e-02
6.327514551446581335e-03
3.989495136289159666e-02
6.955669856143870122e-02
1.024605895759041901e-01
1.454740214765426753e-01
2.100223718989841781e-01
2.921642307490051604e-01
3.652041028867039629e-01
4.050072728824689605e-01
2.668904370966367345e-01
1.763038007168791221e-01
1.316824949703533365e-01
1.021445626331283912e-01
7.924838775799927792e-02
6.045996562763084753e-02
4.506148931085216663e-02
3.263753006794064410e-02
2.297409245002100808e-02
1.566977236291067221e-02
1.033516808834916527e-02
6.506034563268037196e-03
3.755167376280984463e-03
1.632895328027109474e-03
-5.000620109120384278e-04
-6.683182541118189287e-05
6.539738250601928767e-05
-1.949706764122792273e-04
-1.189542178475729072e-04
-7.145044059229349966e-05
1.599269803399111240e-04
3.172427411784377121e-04
-1.157133551624668275e-04
2.986581836588702698e-04
1.136962719989937070e-03
-6.791225512425640674e-05
-1.217633517025063254e-03
-2.888310530359808424e-03
-5.104301496741282113e-03
-8.196375227281411241e-03
-1.251959539059025427e-02
-1.837487836219861559e-02
-2.605296192004041139e-02
-3.561322628885447983e-02
-4.706640642594366736e-02
-5.997386404525860415e-02
-7.409700931428461756e-02
-8.906158610374366458e-02
-1.063956418725490460e-01
-1.350370293357221196e-01
-1.550760419980568849e-01
-9.100963218061490501e-02
-3.512003097396851348e-02
6.327516976842254698e-03
3.989495174179116116e-02
6.955669914021637978e-02
1.024605866786595376e-01
1.454740177058841955e-01
2.100223746377861966e-01
2.921642381312649084e-01
3.652041560609790016e-01
4.050075161541533686e-01
2.668904695453452325e-01
1.763038080032184873e-01
1.316824989057687467e-01
1.021445627720844879e-01
7.924838820154166130e-02
6.045996528382571733e-02
4.506148860830398728e-02
3.263753080332374573e-02
2.297408434793081142e-02
1.566972947575343000e-02
1.033498601516269835e-02
6.505396765968766808e-03
3.754488897767761443e-03
1.651687902973943438e-03
-2.144215101346972198e-04
3.721797215992988031e-04
-3.335494717306248868e-05
-3.346351189942845970e-04
-3.173476235252709618e-04
3.977767996415224527e-04
4.868247921242626263e-04
3.556781219213442282e-04
-4.050797833920805101e-04
-4.779833285283188824e-04
4.053753453892188809e-04
-2.974528160496985973e-04
-8.676551368800583400e-04
-2.008305708157317234e-03
-3.549005260056113404e-03
-5.696107555944571361e-03
-8.685841028358306723e-03
-1.269142765811072208e-02
-1.787727335063129044e-02
-2.416851671539091070e-02
-3.147306557450457731e-02
-3.918716533486432674e-02
-4.689811304221942062e-02
-5.368630571375274801e-02
-5.968919122101730423e-02
-6.812265369507594648e-02
-6.662616789252030769e-02
-3.090589284533030653e-02
-6.891062108494590797e-04
2.379638154184096632e-02
4.606317576485563503e-02
6.496389522205080203e-02
8.397861617488372454e-02
1.080412027080375897e-01
1.477348510189117614e-01
2.099624564765991963e-01
2.872396381422955836e-01
3.451017746479758674e-01
2.318538999329150252e-01
1.525117615245248914e-01
1.125471230426012270e-01
8.592627404874798869e-02
6.556236415387899086e-02
4.927845510368011883e-02
3.620020823475385285e-02
2.591955280451210819e-02
1.805506488213574554e-02
1.221929008768743094e-02
8.003970635235618455e-03
5.012707177740200089e-03
2.882443642420192721e-03
1.297835572864074758e-03
9.650966821197061278e-05
-1.365683530693112253e-04
-1.583287957295541944e-04
-1.616738201790772240e-04
-6.134543628302692323e-04
-2.873373433392426468e-04
-3.713640740574643208e-04
5.608524714798000831e-05
3.985108920262728119e-04
2.176006590805291160e-04
-4.102960134965466976e-04
6.380793819691601054e-05
-8.533397615023263078e-04
-2.012023850529758972e-03
-3.550513809443820931e-03
-5.696501733740535860e-03
-8.685929644909176628e-03
-1.269144344707745335e-02
-1.787727784804416312e-02
-2.416851930821305866e-02
-3.147306681029934938e-02
-3.918716791049343257e-02
-4.689811074526343410e-02
-5.368630246120000699e-02
-5.968919256555138553e-02
-6.812265001340352122e-02
-6.662614247608535101e-02
-3.090588952167925771e-02
-6.891084359742492317e-04
2.379637652185283628e-02
4.606317331868519521e-02
6.496389733675365930e-02
8.397862032846624414e-02
1.080412077986937919e-01
1.477348531764666739e-01
2.099624507652235461e-01
2.872396170928340209e-01
3.451017025799079652e-01
2.318538943089667459e-01
1.525117631328092027e-01
1.125471211825127132e-01
8.592626895338351112e-02
6.556235961936528189e-02
4.927845212363264615e-02
3.620020713673430951e-02
2.591955096610740195e-02
1.805504706254361727e-02
1.221920181529161965e-02
8.003547914570939559e-03
5.010659941141952338e-03
2.872639464175978652e-03
1.251831613004961152e-03
-1.111002274877981202e-04
-1.647203535463260941e-04
1.610876471047314237e-04
-4.353602442427295899e-04
8.758886593860634511e-05
3.802066136896039747e-04
-4.920771462579906887e-04
-2.847627623154236649e-05
4.271455491104728347e-04
1.843849739157918193e-04
-9.106799417813665287e-05
3.304106106236015983e-04
-7.857593573915611388e-04
-1.996697633900725716e-03
-3.547268421815946877e-03
-5.695840251446484051e-03
-8.685797501104375318e-03
-1.269141650532235217e-02
-1.787726920647526516e-02
-2.416851232322546339e-02
-3.147306532478931496e-02
-3.918717023153719253e-02
-4.689811382501454795e-02
-5.368630501125797039e-02
-5.968919182302904330e-02
-6.812265321786628580e-02
-6.662615394999395202e-02
-3.090589400114859484e-02
-6.891061655981769746e-04
2.379637885399412539e-02
4.606317270526422841e-02
6.496389640866084836e-02
8.397861761933574087e-02
1.080412080355688809e-01
1.477348596618935361e-01
2.099624576379691132e-01
2.872396414511939056e-01
3.451018125079503562e-01
2.318539121874653441e-01
1.525117674485468588e-01
1.125471228338096319e-01
8.592626835643712990e-02
6.556235959497121180e-02
4.927845072249128350e-02
3.620020579328257077e-02
2.591955018189018994e-02
1.805503789941033041e-02
1.221916323158449107e-02
8.003338512564229373e-03
5.009427609333028802e-03
2.865068473018691619e-03
1.202293449620447756e-03
-4.599655108993640521e-04
1.997617660287655261e-04
1.115741847001451109e-04
-2.751474461021000844e-04
-6.523587358701256485e-05
6.986108451697130859e-04
4.991076426752267745e-04
4.028939576821884139e-04
-6.928138815073079802e-05
-3.079675389170362284e-05
3.107132788963027042e-04
4.230512668303446295e-04
-3.748776781377364717e-04
-1.007298627653440293e-03
-1.798172571784799638e-03
-2.891880635330986923e-03
-4.395707717456565078e-03
-6.353773935169501792e-03
-8.771766783669617332e-03
-1.147038616690914531e-02
-1.419727568407035817e-02
-1.633154578428811995e-02
-1.723118970855812976e-02
-1.581335013003794601e-02
-1.096903398773454823e-02
-9.760877425190063982e-04
1.626400379580257224e-02
2.330530326995240362e-02
3.112860081852942412e-02
4.078443679167886166e-02
5.208540766715615694e-02
6.274601378916683236e-02
7.350638931743910809e-02
8.609420457474439847e-02
1.077413419361392954e-01
1.470945579176206885e-01
2.081197483130639847e-01
2.681853170004696585e-01
1.848890636366502527e-01
1.207851599253367686e-01
8.743908654300790173e-02
6.517769493370874356e-02
4.846309832852625094e-02
3.558906063599322905e-02
2.556513763222100638e-02
1.797144993054409015e-02
1.231218516395288579e-02
8.224438684409559122e-03
5.324899918378311892e-03
3.301691888532910703e-03
1.870541054347523748e-03
7.790919901250943115e-04
-2.957639763333149156e-04
-4.215546473696250114e-04
4.156233557814266195e-04
4.080718889552784681e-06
1.770451467063185308e-04
4.805706089850932984e-04
2.895907969173187532e-04
-3.545030687691070985e-04
2.902436456036225701e-04
3.910446031076934576e-04
7.049689009517238602e-04
-5.984451057126144100e-04
-5.072667421412057264e-04
-1.026370081705716168e-03
-1.801169563179760456e-03
-2.892393705975511171e-03
-4.395799886020322796e-03
-6.353788154247674499e-03
-8.771771139937165410e-03
-1.147038908887618343e-02
-1.419727665486317757e-02
-1.633154707430376634e-02
-1.723118749043310236e-02
-1.581334786605703355e-02
-1.096903531028361675e-02
-9.760874758549975983e-04
1.626401095196766677e-02
2.330530746138373063e-02
3.112860219741252904e-02
4.078443481999301234e-02
5.208540567262325699e-02
6.274601460829545840e-02
7.350639209822920628e-02
8.609420708851861503e-02
1.077413407071640128e-01
1.470945525198254777e-01
2.081197424914819905e-01
2.681853033573073364e-01
1.848890626904675094e-01
1.207851612583893258e-01
8.743908669619562812e-02
6.517769307994022987e-02
4.846309759696856845e-02
3.558906139433947596e-02
2.556513868206886433e-02
1.797144956753690681e-02
1.231217066518625405e-02
8.224369816256365054e-03
5.324602552646671809e-03
3.300536333955136729e-03
1.867300572176708480e-03
7.815352924710975563e-04
-1.487086334814168183e-04
1.225193988332047134e-04
-5.009723851396396090e-04
3.814807046066746150e-04
-6.919859783599410178e-04
-2.310303118357439017e-04
-1.790143299083680301e-04
-7.502133186113407151e-05
4.943986872421825198e-05
1.454004067445374487e-04
4.291265995694654167e-04
2.912081594458562519e-04
-3.740999834504337980e-04
-1.004426053859505067e-03
-1.797335931699673090e-03
-2.891693376025555179e-03
-4.395666976812830605e-03
-6.353761104902791619e-03
-8.771763847651114360e-03
-1.147038527308279383e-02
-1.419727887700318082e-02
-1.633155165772949211e-02
-1.723118993282465178e-02
-1.581334705546373967e-02
-1.096903336538731025e-02
-9.760884623712778310e-04
1.626400311126210974e-02
2.330530568139601438e-02
3.112860749458661383e-02
4.078443756065558423e-02
5.208540485185889080e-02
6.274601360999472466e-02
7.350638920575672253e-02
8.609420713141882620e-02
1.077413461083628343e-01
1.470945594651173749e-01
2.081197624431212478e-01
2.681853684057489140e-01
1.848890723882137543e-01
1.207851614513393151e-01
8.743908303983952135e-02
6.517768926053076062e-02
4.846309643951490082e-02
3.558906225755666813e-02
2.556514254658301052e-02
1.797145198273419550e-02
1.231216587588294942e-02
8.224354176398938551e-03
5.324522236274795671e-03
3.300069884055098317e-03
1.864609590083715976e-03
7.661513201553912019e-04
-2.305589660195706350e-04
3.830400759484900290e-04
-3.543490832059715775e-04
-1.685828881752592166e-04
5.148503823049494898e-04
-4.400941237839122431e-04
2.818188445541483273e-04
4.218236542693365606e-04
2.472879054153642167e-04
-2.530508807119964394e-04
1.968165082304519596e-05
-4.709456145018751775e-04
-3.718102605016324920e-05
3.683423203355999561e-05
5.893159009878892680e-05
7.521914130147319341e-05
1.262040113227326412e-04
2.940230884466067283e-04
7.349458039946863428e-04
1.705130654293549692e-03
3.614699845426947930e-03
7.017048257638738157e-03
1.276884301291131459e-02
2.201329394559672914e-02
3.715904491902917439e-02
6.509420121272152526e-02
9.843287347770850182e-02
7.733525549151072653e-02
6.269375570621273097e-02
5.841890626053462821e-02
6.058762614149719450e-02
6.417439410819789081e-02
6.749039728399926219e-02
7.128266898833048038e-02
7.980372482540892820e-02
9.991541760067609856e-02
1.376662026912393866e-01
1.830352384229516627e-01
1.278903604703098829e-01
8.158540320933706236e-02
5.664166848439556451e-02
4.019353523584413834e-02
2.834697636042088353e-02
1.978800378495035317e-02
1.353211602692497989e-02
9.102069836348633536e-03
5.987611531824632398e-03
3.861084699896764113e-03
2.421096171716602494e-03
1.457707216145856348e-03
8.028942688420406034e-04
3.594572091506502876e-04
2.258447420261411082e-04
-2.858378828365841051e-04
4.751980184651152870e-05
3.169725788265112445e-04
-5.998997136205501141e-04
5.962541983634732715e-04
-1.209720376138336987e-04
3.051736097846225360e-04
3.327499074593631007e-04
5.055639551721494889e-04
-2.778414679012006119e-04
1.365690959671185154e-04
1.681144174405778830e-05
4.002242893991022661e-05
5.867086266671651620e-05
7.505763469443013365e-05
1.261603049383030410e-04
2.940174678037048316e-04
7.349450494940002387e-04
1.705130156870573186e-03
3.614699142460736214e-03
7.017045378260275933e-03
1.276884120997961655e-02
2.201329240561530898e-02
3.715904400102873484e-02
6.509420282111057221e-02
9.843288149346261784e-02
7.733525902054864953e-02
6.269375682649078185e-02
5.841890572663648723e-02
6.058762616644092214e-02
6.417439550082285060e-02
6.749039857450103708e-02
7.128266879264347211e-02
7.980372118595267794e-02
9.991541421572140702e-02
1.376662065810169699e-01
1.830352412618592994e-01
1.278903607330321712e-01
8.158540358652177638e-02
5.664166863960359150e-02
4.019353575270052242e-02
2.834697772636613974e-02
1.978800457839668264e-02
1.353211513172445681e-02
9.102066083943330388e-03
5.987592792180967440e-03
3.860994583499524277e-03
2.420605317684010761e-03
1.455029766594157989e-03
7.882871731363018820e-04
2.790526174978547264e-04
-2.202403386568710115e-04
-5.714302769282010830e-05
2.826747720982422316e-04
2.119327654085076417e-04
1.729157776483952161e-04
-2.862712389130327465e-04
-5.518677183642820613e-04
1.410380644291189280e-04
1.412335776693820230e-04
-2.535498350142900746e-05
-3.923536210536987187e-05
-2.597340866419672455e-05
1.560422605349290201e-05
4.392153547528241644e-05
6.002595979928456712e-05
7.540957107102923306e-05
1.262422440177929123e-04
2.940371079175703103e-04
7.349503428187108669e-04
1.705133002973016751e-03
3.614698898649148107e-03
7.017043937864765601e-03
1.276884141779403500e-02
2.201329552741803502e-02
3.715904674867345076e-02
6.509420271600395436e-02
9.843287367181192959e-02
7.733525705016676410e-02
6.269375948723687753e-02
5.841890356913109067e-02
6.058762270097937941e-02
6.417439495677956796e-02
6.749039630015470081e-02
7.128266852843251344e-02
7.980372645505358353e-02
9.991542121769408924e-02
1.376662131098606578e-01
1.830352563298427992e-01
1.278903626625944867e-01
8.158540372561798315e-02
5.664166567445218237e-02
4.019353389464833115e-02
2.834697994617778674e-02
1.978800707304950030e-02
1.353211678188082773e-02
9.102064337645454986e-03
5.987589883043999660e-03
3.861006707331015968e-03
2.420704878808832648e-03
1.455693003089506823e-03
7.924587288617612095e-04
3.035118691849770459e-04
-8.922998183706534053e-05
2.417464647294805240e-04
3.817406516808089672e-04
-6.540957431977977281e-05
-1.116717052633660964e-06
-9.185839762508307422e-05
2.803453755772604677e-04
4.362546221725598246e-05
-5.829342037183014505e-05
-6.178363503451396162e-05
4.371853111817596504e-04
5.497789518507621709e-04
5.487895941090037942e-04
1.131774356107880268e-03
1.946014391340545723e-03
3.071099147619207534e-03
4.665224590581544539e-03
6.924758053342142811e-03
1.013718765814313090e-02
1.461395914030442882e-02
2.085453261385027818e-02
2.933079488952233110e-02
4.103358305090691605e-02
5.730177087757473003e-02
8.205414226990812021e-02
1.282271196539702118e-01
1.831979395363695362e-01
1.375071743233416410e-01
9.942890148761959757e-02
7.927249763007321315e-02
7.083438105329964429e-02
6.735159992749158164e-02
6.436121585319434790e-02
6.110348927269173419e-02
5.904550264265272241e-02
6.328532050173212020e-02
7.763989097756536506e-02
9.843016927611494826e-02
6.478387004082196421e-02
3.664755753820343048e-02
2.128509431958557074e-02
1.185451098921630302e-02
5.970123606203990574e-03
2.499754835849359209e-03
5.923360589495021283e-04
-3.187429945391766044e-04
-6.528265357814391941e-04
-6.851109273077174346e-04
-5.840164898481563140e-04
-4.458138225772256629e-04
-3.132413225519147752e-04
-1.814418308307636028e-04
1.306888050531676906e-04
-1.928016920996468929e-04
2.395373064047682100e-04
1.509283049707703600e-04
7.308434912038756792e-05
4.036278958531930501e-05
-1.870568548614744478e-04
-9.423836266673450842e-05
2.305432916449257845e-04
8.026814919247260731e-04
-9.947096683476763627e-05
-7.165756705448124680e-05
4.669549127644320730e-04
1.119850785459795871e-03
1.944136269530811253e-03
3.070779930629496252e-03
4.665168777355484589e-03
6.924751233013807725e-03
1.013718502943304449e-02
1.461395561449992282e-02
2.085452913845812703e-02
2.933079367898784595e-02
4.103358663427641995e-02
5.730177487439438305e-02
8.205414360511896488e-02
1.282271179934122984e-01
1.831979356667300107e-01
1.375071722154560805e-01
9.942889912467151037e-02
7.927249629434604539e-02
7.083438389341092933e-02
6.735160411052408536e-02
6.436121778269313087e-02
6.110349006585048814e-02
5.904549945338286726e-02
6.328531728640600373e-02
7.763989608320209790e-02
9.843017427909003803e-02
6.478387043656490263e-02
3.664755686768552539e-02
2.128509055097031061e-02
1.185451039670738435e-02
5.970124449937884090e-03
2.499753838956314533e-03
5.923353797998708471e-04
-3.187456243726996454e-04
-6.528429456270863412e-04
-6.851979813791199154e-04
-5.845253614617503066e-04
-4.488079207356813973e-04
-3.313751727816777637e-04
-2.960364847161458656e-04
-6.289650438804501561e-04
1.431135706055113781e-04
-5.981118275518740529e-04
4.195133024232001909e-04
-2.424921565208121754e-04
5.827381100398752864e-04
5.757607613910702311e-04
-2.219864793085595835e-04
9.679093140201557228e-05
3.365761726870113353e-04
1.929628141901673806e-04
-4.257975593832384630e-05
4.835682584321208391e-04
1.125330145735243224e-03
1.945611988215824144e-03
3.071137676561774745e-03
4.665250587814715431e-03
6.924771752378547189e-03
1.013719017968372875e-02
1.461395763474274134e-02
2.085453037876067520e-02
2.933079411785523630e-02
4.103358748918552873e-02
5.730177632504018098e-02
8.205414282578260554e-02
1.282271174999025376e-01
1.831979401874776481e-01
1.375071744325422618e-01
9.942890540696280866e-02
7.927249966116584057e-02
7.083438381121412442e-02
6.735160164938897021e-02
6.436121243140419113e-02
6.110348878480780649e-02
5.904550425487765930e-02
6.328532290399330185e-02
7.763989723417406841e-02
9.843016939147984645e-02
6.478386538400077166e-02
3.664755696908954946e-02
2.128509223200249906e-02
1.185451221093261967e-02
5.970128727141506622e-03
2.499757668489347665e-03
5.923355268035239126e-04
-3.187503671521286011e-04
-6.528460969923353908e-04
-6.851774990180198614e-04
-5.843683674268515711e-04
-4.477098150221851770e-04
-3.237180989900802046e-04
-2.415773221133108047e-04
-2.281516186597485436e-04
1.284396622612924311e-04
-2.072255434814824018e-04
-5.923343008238312560e-04
2.220764550377168770e-04
6.176486598156830403e-04
2.130950345194846068e-04
-5.260124940653901397e-05
2.882292669986553707e-04
-1.394799329568665171e-04
1.750615886156546474e-05
-1.778934871730513160e-04
8.938913040951117868e-04
2.167124514406685090e-03
3.772616698608709414e-03
5.965125394533876864e-03
9.020497501308368665e-03
1.323945975798747690e-02
1.898774503627241941e-02
2.661712600630670653e-02
3.660791717968879533e-02
4.938620784390099216e-02
6.594349813202723953e-02
8.802558627219453369e-02
1.211853307036576122e-01
1.851869961337001547e-01
2.684032293194631991e-01
2.081137738809369642e-01
1.467420018909613988e-01
1.072858667158173990e-01
8.569111508923457632e-02
7.340966905871711135e-02
6.299343574554557013e-02
5.267013875880979801e-02
4.149427021836405577e-02
3.182468382257863659e-02
2.374138613463111155e-02
1.644858162113987249e-02
-1.235312917091713463e-03
-1.151266890474983429e-02
-1.660721281812744740e-02
-1.821664735284617143e-02
-1.743949829363754950e-02
-1.535693716217251086e-02
-1.261223619625988397e-02
-9.841549736750066987e-03
-7.308875762690527321e-03
-5.212347743230555212e-03
-3.559535342118136294e-03
-2.322426178872061091e-03
-1.411267694656381799e-03
-7.429385445326038570e-04
-3.301619393458631231e-04
-2.666989672774532842e-04
3.706374309634912346e-05
2.043235183317651115e-04
-4.831982444668265608e-04
-4.175538898118287843e-05
8.328774999795106348e-05
1.856252318031083098e-05
1.506857161838221746e-06
8.000049625768806093e-04
-3.543564090331837954e-04
-2.769951335976543016e-04
8.723168809961827320e-04
2.162653478894739027e-03
3.771723277287194771e-03
5.964948894375094249e-03
9.020463477586622425e-03
1.323945467490343988e-02
1.898774251876771818e-02
2.661712312830526520e-02
3.660791566363195970e-02
4.938621119532739939e-02
6.594350404235055363e-02
8.802558851357691894e-02
1.211853281215838907e-01
1.851869885172443275e-01
2.684032001638436693e-01
2.081137675099112294e-01
1.467419996227009027e-01
1.072858634071711392e-01
8.569111429825573834e-02
7.340966997195806643e-02
6.299343906495091794e-02
5.267014250658040575e-02
4.149426732065370632e-02
3.182467712016555372e-02
2.374138684949726741e-02
1.644858509707531474e-02
-1.235312649805201746e-03
-1.151266917351447157e-02
-1.660721602665905794e-02
-1.821664323008746408e-02
-1.743949092064003489e-02
-1.535693440877474066e-02
-1.261223719611400361e-02
-9.841553866470962100e-03
-7.308884298271371011e-03
-5.212380559526421687e-03
-3.559656056319552772e-03
-2.322607259235183637e-03
-1.408686614809527213e-03
-7.011866223719225716e-04
1.186719653361537622e-04
1.270987532950108910e-04
1.523496625655994187e-04
2.147293135199704935e-04
-2.614724469201156138e-04
2.831745037744249770e-04
-6.109147156187787252e-05
2.006792676611052152e-04
-2.790391943269479186e-07
1.521411106875215457e-04
-2.049312481411293011e-04
2.102699665024985196e-04
9.609663736091897564e-04
2.179704912805496310e-03
3.775043452646201399e-03
5.965599918728046146e-03
9.020591709232909927e-03
1.323948262349458962e-02
1.898774700451400302e-02
2.661712114406840357e-02
3.660791544372908601e-02
4.938621243389420407e-02
6.594350440243727796e-02
8.802558879594891972e-02
1.211853292327748910e-01
1.851869960990285557e-01
2.684032403773079500e-01
2.081137833766393830e-01
1.467420093375472467e-01
1.072858663229220716e-01
8.569111193472575549e-02
7.340966524340385158e-02
6.299343492905486175e-02
5.267014238573577284e-02
4.149426974234522031e-02
3.182467955508371665e-02
2.374138906319648093e-02
1.644858727749238386e-02
-1.235314053549798436e-03
-1.151266754069078975e-02
-1.660721434967133911e-02
-1.821664118699796442e-02
-1.743948990997373077e-02
-1.535693397733991876e-02
-1.261223570299133297e-02
-9.841554362574713929e-03
-7.308885379517976282e-03
-5.212378691632078148e-03
-3.559681007202695341e-03
-2.323024702085906695e-03
-1.413353715881878522e-03
-7.461206699091007047e-04
-2.820430457430019933e-04
4.018459883625610909e-05
2.698441944557768255e-04
1.363423358813529128e-04
-4.184299796721705367e-04
3.670530041449514150e-04
7.391485184437883253e-05
1.914311213466743443e-04
3.389331326268548946e-04
3.249392694373953554e-04
-1.766198631647060766e-05
-3.220346556437261734e-04
1.307256266972423031e-03
3.147257984607323283e-03
5.467168454133908111e-03
8.634456293151812276e-03
1.300718854921710174e-02
1.897352905068584727e-02
2.691938716823633407e-02
3.722724847615262872e-02
5.025685086050894756e-02
6.643455796216822529e-02
8.662806373130793602e-02
1.130636026564724173e-01
1.528283083940318310e-01
2.320342222839041624e-01
3.451209188609332679e-01
2.872332203461004929e-01
2.097540535125238803e-01
1.474040171099362251e-01
1.076994564170995206e-01
8.392799193230837673e-02
6.530052693663547514e-02
4.683746666127566044e-02
2.473069751333760793e-02
1.630922562719422418e-04
-3.031494992649993309e-02
-6.623035391919390724e-02
-6.835046867217257904e-02
-6.028259419369505490e-02
-5.455431431311119628e-02
-4.795213260737365285e-02
-4.035030501192795466e-02
-3.266877174987706939e-02
-2.533307728173869386e-02
-1.895688039053461740e-02
-1.365040448237660707e-02
-9.503498896696785381e-03
-6.368287165401901630e-03
-4.085048924117346859e-03
-2.427890725411290754e-03
-1.173167411018380488e-03
9.910569408252085919e-06
-5.452395446931428732e-05
3.355654822455492290e-04
1.204897679520647373e-04
1.613395428080333929e-04
-2.982882308474221929e-04
3.206553341241034243e-04
-4.647026991347531595e-06
4.457630536154914488e-04
2.030489951980148696e-04
3.593357637053855671e-04
-6.472489367615758416e-05
1.334217795384587141e-03
3.149756301238293942e-03
5.467312369139784058e-03
8.634441558541164352e-03
1.300718167602995558e-02
1.897352972577953656e-02
2.691938780909134549e-02
3.722724685508418951e-02
5.025684988283404819e-02
6.643456213947368516e-02
8.662806639305091483e-02
1.130636008796803427e-01
1.528283025047942334e-01
2.320341941235375682e-01
3.451207623437948513e-01
2.872331903090714622e-01
2.097540467543380638e-01
1.474040097852450937e-01
1.076994516653856926e-01
8.392799170518107366e-02
6.530053256754796143e-02
4.683747102438749060e-02
2.473069623214598639e-02
1.630866384124799481e-04
-3.031495395825796121e-02
-6.623033860925954530e-02
-6.835046442257433630e-02
-6.028259228574329304e-02
-5.455431222301661970e-02
-4.795212761130578788e-02
-4.035030484379268506e-02
-3.266877340648951383e-02
-2.533307873956632331e-02
-1.895688269748909902e-02
-1.365040792475741283e-02
-9.503523307228669420e-03
-6.368421405013716986e-03
-4.085808184340233851e-03
-2.432945725172896718e-03
-1.212520828317724658e-03
-3.292453729910545289e-04
-2.301184625977910141e-04
-5.846401058498659677e-04
4.562537596700350453e-04
3.118625340980200325e-04
1.255573411075776400e-04
-1.114182649772856471e-04
-1.044901625257585009e-04
-9.675611896631652745e-05
1.038327224880256690e-03
-8.789570714722563436e-05
6.714745081788602412e-04
1.464384976727111081e-03
3.173917861733320175e-03
5.471828634948580454e-03
8.635289605432427268e-03
1.300734346621744593e-02
1.897356320927017989e-02
2.691939191783043403e-02
3.722724737829737063e-02
5.025685580238242744e-02
6.643456675339068362e-02
8.662806688551848155e-02
1.130636012246021699e-01
1.528283053136778036e-01
2.320342126594705234e-01
3.451208919997986180e-01
2.872332225246641557e-01
2.097540570220254585e-01
1.474040077495084589e-01
1.076994487175329807e-01
8.392798833504241940e-02
6.530052782633558039e-02
4.683746824460346958e-02
2.473069437985938104e-02
1.630894626317729750e-04
-3.031493810740984451e-02
-6.623030616356288813e-02
-6.835045480952711694e-02
-6.028258973545472243e-02
-5.455431701628678937e-02
-4.795212455048650929e-02
-4.035029974353125659e-02
-3.266877254413426412e-02
-2.533307912173262191e-02
-1.895688541492171128e-02
-1.365040717845680991e-02
-9.503502061538937618e-03
-6.368302436801916849e-03
-4.085089647680540358e-03
-2.428356459535047172e-03
-1.181739187745851644e-03
-1.137196269564354575e-04
3.574912525754857370e-04
3.670947330178577763e-04
-5.288725331320713683e-04
3.569262737723343155e-04
-2.514934698553456546e-06
-3.252468059879811725e-04
6.847187186030188454e-04
2.064170000427549426e-04
2.561000450341743514e-04
2.527522107968879967e-04
3.681670394437635500e-04
1.784588757088939864e-03
4.022687062723689574e-03
6.948414532482435728e-03
1.095573701473901568e-02
1.644903743628921972e-02
2.388442382629276869e-02
3.362404385201799711e-02
4.607023927681649922e-02
6.140913655066665422e-02
8.008514893977469740e-02
1.028007265636631529e-01
1.321457036280992703e-01
1.765449744563428458e-01
2.669386905923616382e-01
4.047408469034906586e-01
3.649502378342532327e-01
2.919623463852124012e-01
2.098343461421633971e-01
1.452543664481245611e-01
1.025222263619292445e-01
7.006646388445772478e-02
4.090031688369943214e-02
7.572371816722691697e-03
-3.394166097962971612e-02
-9.014388235391350424e-02
-1.544658403655359280e-01
-1.353204662568908423e-01
-1.070983571210198382e-01
-9.002930731866289060e-02
-7.522228173714097521e-02
-6.118502029482273535e-02
-4.828599733692778145e-02
-3.678945157199842164e-02
-2.713192572690206403e-02
-1.932953013731201000e-02
-1.333114850682397615e-02
-8.867683004071941905e-03
-5.649134202007223549e-03
-3.336310943027467196e-03
-1.625082421261383114e-03
-3.693030808839676800e-04
3.805504008531534663e-04
-2.070574756911695057e-05
-2.065741363316079540e-04
1.191334477902156056e-04
-4.292274684445303605e-04
2.028347135512540431e-04
6.215782594766522048e-04
1.465509931895430979e-04
-1.149610903779845958e-04
-4.844434222881658985e-04
3.372694448234731397e-05
1.744424038983534994e-03
4.017862038378939432e-03
6.947855623933332260e-03
1.095567629846496381e-02
1.644903400790443532e-02
2.388442418015682828e-02
3.362404273962476403e-02
4.607023853022484267e-02
6.140913518498527374e-02
8.008515171795323184e-02
1.028007296596005482e-01
1.321457033816033910e-01
1.765449674755980303e-01
2.669386216617623542e-01
4.047403217900039096e-01
3.649501418623334326e-01
2.919623334834712258e-01
2.098343361308000754e-01
1.452543644747745222e-01
1.025222273169773129e-01
7.006646735497416845e-02
4.090031990874489626e-02
7.572371853482462271e-03
-3.394166739531268712e-02
-9.014390035316961758e-02
-1.544658575130481437e-01
-1.353204676284686658e-01
-1.070983595017258871e-01
-9.002930567660283323e-02
-7.522227250917114250e-02
-6.118502030013739379e-02
-4.828600165677035538e-02
-3.678945229265306177e-02
-2.713192485755647199e-02
-1.932953103911160334e-02
-1.333115610665990165e-02
-8.867704207116225770e-03
-5.649080937597015552e-03
-3.334586354850860128e-03
-1.603054421717553047e-03
-1.338585728979885074e-04
-6.180220729152073730e-04
-3.587105632657389956e-04
7.022928455932361423e-04
3.539965095197249449e-04
-9.462069897974249302e-05
-5.095782103905363786e-04
-6.530922392095023319e-04
2.937141067049284492e-05
3.704015219455007832e-04
-1.217852429659650829e-04
6.057498823447330207e-04
1.851674384448532022e-03
4.038268088809813909e-03
6.951703916489276013e-03
1.095640455641788691e-02
1.644917403788298885e-02
2.388445182763796609e-02
3.362404797257978473e-02
4.607024275861745094e-02
6.140914096237841402e-02
8.008515388328996121e-02
1.028007304392020010e-01
1.321457044086962740e-01
1.765449730495073644e-01
2.669386656290292370e-01
4.047406789958143403e-01
3.649502179881507491e-01
2.919623466098854592e-01
2.098343392413851427e-01
1.452543682521434676e-01
1.025222266450596664e-01
7.006646578907632650e-02
4.090031988731160362e-02
7.572371623563025483e-03
-3.394165779014907819e-02
-9.014386742468291636e-02
-1.544657372899961578e-01
-1.353204450012163718e-01
-1.070983501345056099e-01
-9.002931159589194765e-02
-7.522227599189028335e-02
-6.118502068238011043e-02
-4.828599871121504877e-02
-3.678944855638089512e-02
-2.713192788658114196e-02
-1.932953272844123091e-02
-1.333113487391348294e-02
-8.867572525169405140e-03
-5.648242111735634133e-03
-3.328701294450010697e-03
-1.558878839056527686e-03
2.129827835704402913e-04
1.420209318229622689e-04
-5.548734863425086898e-05
-2.961599938470310341e-04
-4.320878005727203110e-04
-2.365529799091071122e-05
2.555650041101106590e-04
2.607257607163930438e-04
-3.501862419255980419e-05
3.295301297827809553e-04
4.979969373800778630e-04
2.698393306313887050e-05
2.040758167238560395e-03
4.707000572459665855e-03
8.135506179556863116e-03
1.281650617420552335e-02
1.919281051782318476e-02
2.777353505884138166e-02
3.887475769732005870e-02
5.291287713705408735e-02
6.989509206484185999e-02
9.028929235781883722e-02
1.146378837927005262e-01
1.457191496823314059e-01
1.929534322277737246e-01
2.902218096564916916e-01
4.443194006988793743e-01
4.232704900709998719e-01
3.759607183143222064e-01
2.969418459594224124e-01
2.076763635640888894e-01
1.378459381800050121e-01
8.596174174735737861e-02
3.925630143317027781e-02
-1.473564320619558630e-02
-8.028226571666022271e-02
-1.647381594369901614e-01
-2.516342714607205377e-01
-1.990892989100098986e-01
-1.486921711988737627e-01
-1.203828286113471230e-01
-9.794832083760632302e-02
-7.843380947929311231e-02
-6.110318881655527057e-02
-4.621008156979366371e-02
-3.383120054298563439e-02
-2.398881660384636141e-02
-1.646067063090371138e-02
-1.090950156566829025e-02
-6.924190124288594379e-03
-4.074251546391866735e-03
-1.910982521575394508e-03
3.010620327758922960e-04
-5.925408146026333830e-05
4.896432771347341076e-04
-5.638204082331649161e-05
-1.852400902529007562e-04
6.450871635848094612e-04
4.844271476936217661e-04
-1.555494585440896592e-04
4.318495540067712225e-04
6.228124105276116197e-04
-2.134526660052590147e-04
8.901167574088771669e-05
2.057892471621882140e-03
4.710907731689971054e-03
8.136308348410135893e-03
1.281666476230524689e-02
1.919284127935746986e-02
2.777353883985137287e-02
3.887475651985307368e-02
5.291287746719070678e-02
6.989509240919851429e-02
9.028929420642886616e-02
1.146378865550942289e-01
1.457191493037632568e-01
1.929534282349157082e-01
2.902217569700111799e-01
4.443190129460203308e-01
4.232704390851777521e-01
3.759607078407482539e-01
2.969418384558611401e-01
2.076763644380379692e-01
1.378459409257538903e-01
8.596174267002135161e-02
3.925630248632289154e-02
-1.473564725461128620e-02
-8.028227966188210274e-02
-1.647382108340952611e-01
-2.516344548531954661e-01
-1.990893194456035409e-01
-1.486921674571440311e-01
-1.203828235383134632e-01
-9.794831043015626848e-02
-7.843380448482403788e-02
-6.110319063047232185e-02
-4.621008153566215360e-02
-3.383120138758523993e-02
-2.398882126089784197e-02
-1.646067987318219905e-02
-1.090956516774685935e-02
-6.924728953171081780e-03
-4.078912191936319778e-03
-1.951792160007891205e-03
-5.397145036187303400e-05
-1.403244606211312916e-04
-4.150968274214356189e-04
1.839814597869507808e-04
3.582357908094403807e-04
-1.003377236867814654e-04
-2.433073861119911549e-04
7.731136204557173715e-04
-8.310488982634370780e-05
1.391696995481206520e-04
3.345724889822108365e-04
5.821634972997089159e-04
2.123450545934198273e-03
4.721034357441611720e-03
8.138073300188586670e-03
1.281700476838546453e-02
1.919291126150301716e-02
2.777355339787229704e-02
3.887475737638246276e-02
5.291287802766109910e-02
6.989509540320813785e-02
9.028929555653701644e-02
1.146378879201624817e-01
1.457191485096171191e-01
1.929534290311839817e-01
2.902217654925927093e-01
4.443189713539935637e-01
4.232704314894671360e-01
3.759607128719091862e-01
2.969418391515296074e-01
2.076763648818006625e-01
1.378459405464951271e-01
8.596174223114418089e-02
3.925630623793800733e-02
-1.473564326880686011e-02
-8.028226220528714152e-02
-1.647381414379563980e-01
-2.516341053036925124e-01
-1.990892620123202728e-01
-1.486921521475172703e-01
-1.203828261440219316e-01
-9.794831700686430775e-02
-7.843381044591057893e-02
-6.110318967885775693e-02
-4.621007723915453169e-02
-3.383120155915857880e-02
-2.398882113292818280e-02
-1.646067640523644904e-02
-1.090961773399398878e-02
-6.925493983220039687e-03
-4.086553299413600397e-03
-2.020439297578416511e-03
-6.459005446827675639e-04
2.664603015196353704e-04
-6.295626480358125531e-05
5.582878904348186283e-04
-3.149459085956233953e-04
-5.387212810813857408e-04
2.194053393419694725e-04
3.146768942357356519e-04
2.807653255827683597e-04
9.959536227994481049e-05
1.297243249026362147e-04
1.445442008437167430e-04
2.264353309948973804e-03
5.193089688012813947e-03
8.968205852639877032e-03
1.411823067194425789e-02
2.110417119269549988e-02
3.046893949295400791e-02
4.248372166328954341e-02
5.757086814304018113e-02
7.559875563858441117e-02
9.704745075476747806e-02
1.223481913818007666e-01
1.543439103789273070e-01
2.031404635910564194e-01
3.043573768588291872e-01
4.687989231656241595e-01
4.585401533356893711e-01
4.373892608807146698e-01
3.925892748961880563e-01
3.122686452935486412e-01
2.134979482124900185e-01
1.226445478930456023e-01
4.204038741631799941e-02
-4.599490523468688363e-02
-1.527362780452891089e-01
-2.708634680828187480e-01
-3.588957611265698455e-01
-2.557938462195046281e-01
-1.818465310707275684e-01
-1.433078771631418336e-01
-1.144601157517347173e-01
-9.085680372191487497e-02
-7.022157893220751235e-02
-5.292660507774590156e-02
-3.858720486873386951e-02
-2.730131968648673302e-02
-1.867767170159126064e-02
-1.235529261410064049e-02
-7.829239142225458831e-03
-4.629219031357478635e-03
-2.336769329431784194e-03
-8.233985613586095867e-04
4.132388157326771696e-04
-8.186536037538067660e-05
4.052768719776105467e-04
2.746802029346918027e-04
-4.928061067499235007e-04
5.917794911398343687e-05
3.063832154865224759e-04
-1.134531493403784962e-04
2.525641883845502447e-04
3.131991552940132793e-04
8.630982347742409237e-04
2.364536892613765436e-03
5.207848414753117432e-03
8.970430693491375160e-03
1.411857809917147800e-02
2.110422360918631779e-02
3.046894571931805379e-02
4.248372470232658626e-02
5.757086766958181834e-02
7.559875620591573198e-02
9.704745402569302237e-02
1.223481913480046618e-01
1.543439073960299890e-01
2.031404649161442921e-01
3.043573552752023570e-01
4.687987027241017901e-01
4.585401339389815201e-01
4.373892558293607791e-01
3.925892677539025155e-01
3.122686485878207741e-01
2.134979533282451991e-01
1.226445475313609340e-01
4.204038427130878802e-02
-4.599490856560965041e-02
-1.527362896540053472e-01
-2.708635493117025339e-01
-3.588962418698959933e-01
-2.557939228637279849e-01
-1.818465349344118576e-01
-1.433078760431888421e-01
-1.144601189916448353e-01
-9.085680556641581584e-02
-7.022157646761112426e-02
-5.292660153850101135e-02
-3.858720536997733291e-02
-2.730131898097268653e-02
-1.867765854625597077e-02
-1.235519488026506213e-02
-7.828416602808687882e-03
-4.622882483990658348e-03
-2.290042801124731169e-03
-4.824183617106433454e-04
-2.019321272004800927e-04
1.370039745367644267e-04
5.893460218904622940e-05
-5.209236321484627666e-04
-7.196117832464003197e-05
-3.994905618282096728e-04
4.831574453078158046e-04
1.332415252950397866e-04
8.848623105628377478e-04
-2.234931362296325107e-04
-2.047523285459226393e-04
2.235912499941998879e-03
5.192275033296253443e-03
8.968659054995789526e-03
1.411841191186744351e-02
2.110421825121179193e-02
3.046894954776277822e-02
4.248372553740604324e-02
5.757086615168601623e-02
7.559876124948024245e-02
9.704745783384449709e-02
1.223481895670301550e-01
1.543439105531131672e-01
2.031404762232086603e-01
3.043573857982275754e-01
4.687988848947036713e-01
4.585401297172547741e-01
4.373892496951248821e-01
3.925892644115526187e-01
3.122686452791325618e-01
2.134979546331768063e-01
1.226445526482966425e-01
4.204038705730019782e-02
-4.599490402089397023e-02
-1.527362677275907465e-01
-2.708634475757822901e-01
-3.588954772234123070e-01
-2.557937950968743324e-01
-1.818465006932106776e-01
-1.433078686075535402e-01
-1.144601220039455636e-01
-9.085680767627124510e-02
-7.022157750913106400e-02
-5.292660440309435860e-02
-3.858720681829191229e-02
-2.730130820047911924e-02
-1.867760881165826670e-02
-1.235495781806677205e-02
-7.827052690718932712e-03
-4.613948896840096639e-03
-2.224043584186392170e-03
5.187862826377227180e-05
-3.015298501819285801e-04
3.183186862933375322e-04
6.289889312462857351e-04
1.518514400029763759e-04
6.170335204599774288e-04
1.562610900355920057e-04
-2.412804025678149332e-04
-6.272114958374713377e-05
5.313263161636824078e-04
2.558436477550217773e-04
2.517320922283642227e-04
2.408827284339254502e-03
5.452967196574395187e-03
9.399861570689763482e-03
1.479007468271826588e-02
2.208902578412420825e-02
3.185634168344674000e-02
4.433425789930715843e-02
5.994979349415741066e-02
7.848898561685285769e-02
1.004450121482673292e-01
1.261731532259233179e-01
1.585620101828874862e-01
2.081171690780903860e-01
3.118593917841653851e-01
4.875382540818327115e-01
4.794943762691444844e-01
4.706028207278461495e-01
4.556757249564389878e-01
4.240224299360592086e-01
3.569039529748962436e-01
2.393005475469544008e-01
7.497749332093506247e-02
-1.213907636130686363e-01
-2.949102396222327838e-01
-3.998704092483396644e-01
-4.490045688245047906e-01
-2.932213938302916656e-01
-2.013582241924334049e-01
-1.560049095205743863e-01
-1.231965643317311093e-01
-9.736328322462824147e-02
-7.492258766118400914e-02
-5.639344960674875368e-02
-4.102565836603402905e-02
-2.899955582535111709e-02
-1.980745794612219501e-02
-1.308925780752134664e-02
-8.283418156444944530e-03
-4.892438709862684948e-03
-2.442808121885050535e-03
-5.664068683714966555e-04
4.598724939153505721e-04
-2.333799733624985692e-04
6.529800454201206803e-05
-1.643796620288622381e-04
2.002620476328780441e-04
-3.227602887629461240e-04
2.286599043934128416e-04
1.645441201080861309e-04
1.451859937796213249e-04
-1.168210994444468433e-04
1.047751106557001915e-04
2.394967480787442860e-03
5.451917520076059176e-03
9.399837411337987406e-03
1.479009034595506721e-02
2.208902692278514809e-02
3.185633574961491826e-02
4.433425796547411923e-02
5.994979515374111029e-02
7.848898707325691060e-02
1.004450127041021240e-01
1.261731438134003069e-01
1.585619987200027337e-01
2.081171706605547123e-01
3.118594310063932951e-01
4.875386315318122055e-01
4.794943851942914392e-01
4.706028120546738025e-01
4.556757157157486082e-01
4.240224260754152930e-01
3.569039515009750918e-01
2.393005405044092981e-01
7.497748590320776896e-02
-1.213907718830978394e-01
-2.949102856413092222e-01
-3.998706138259608411e-01
-4.490063187995337324e-01
-2.932216345999710261e-01
-2.013582655533344146e-01
-1.560049038011309119e-01
-1.231965642990759113e-01
-9.736328790283749202e-02
-7.492259080791935366e-02
-5.639345205841088393e-02
-4.102565942020175438e-02
-2.899956309248045289e-02
-1.980748100553929997e-02
-1.308931824184361714e-02
-8.283388365651369462e-03
-4.890071554587300737e-03
-2.416146605796901884e-03
-3.349308210072444417e-04
2.904825955762785090e-04
-6.714816671504383048e-05
-1.824121778001623303e-04
1.313288128339773962e-05
6.438493947195980931e-04
-5.206292877382350318e-04
3.652496726042960972e-04
1.387283533022991094e-04
-1.071784835847692976e-04
9.130729551760562125e-04
7.239275845226833712e-04
2.467141310118170245e-03
5.461059097691597745e-03
9.401115288975940218e-03
1.479029892485835343e-02
2.208906234779759933e-02
3.185634226185207751e-02
4.433426561402297600e-02
5.994979338386034751e-02
7.848898259073217032e-02
1.004450125983269854e-01
1.261731435082929786e-01
1.585620014359171437e-01
2.081171734222138636e-01
3.118594738373605124e-01
4.875391736933344378e-01
4.794944315436933113e-01
4.706028188778770827e-01
4.556757212450471273e-01
4.240224302975824089e-01
3.569039520816886246e-01
2.393005445584297508e-01
7.497748628022178619e-02
-1.213907754139246231e-01
-2.949102585672172538e-01
-3.998704277162135057e-01
-4.490047504522117761e-01
-2.932214397182351662e-01
-2.013582364178859718e-01
-1.560048994891367335e-01
-1.231965667634253858e-01
-9.736328803833117773e-02
-7.492259418213158273e-02
-5.639345464648243961e-02
-4.102565887405729833e-02
-2.899955179852851603e-02
-1.980741251999420041e-02
-1.308900168944600838e-02
-8.282085294760431135e-03
-4.886157307422356148e-03
-2.420128936342065638e-03
-5.660193276297999882e-04
-6.895331017905879890e-04
